image_location,class
imagenet_c/jpeg_compression/1/ILSVRC2012_val_00028158.JPEG,default
imagenet_c/jpeg_compression/1/ILSVRC2012_val_00037861.JPEG,default
imagenet_c/gaussian_noise/5/ILSVRC2012_val_00025129.JPEG,default
imagenet_c/motion_blur/2/ILSVRC2012_val_00003014.JPEG,default
imagenet_c/fog/5/ILSVRC2012_val_00009346.JPEG,default
imagenet_c/elastic_transform/2/ILSVRC2012_val_00023559.JPEG,default
imagenet_c/jpeg_compression/4/ILSVRC2012_val_00026064.JPEG,default
imagenet_c/shot_noise/2/ILSVRC2012_val_00009379.JPEG,default
imagenet_c/jpeg_compression/1/ILSVRC2012_val_00039905.JPEG,default
imagenet_c/contrast/4/ILSVRC2012_val_00029930.JPEG,default
imagenet_c/zoom_blur/4/ILSVRC2012_val_00023869.JPEG,default
imagenet_c/motion_blur/5/ILSVRC2012_val_00010509.JPEG,default
imagenet_c/glass_blur/1/ILSVRC2012_val_00012880.JPEG,default
imagenet_c/impulse_noise/2/ILSVRC2012_val_00037846.JPEG,default
imagenet_c/pixelate/4/ILSVRC2012_val_00000994.JPEG,default
imagenet_c/contrast/4/ILSVRC2012_val_00049712.JPEG,default
imagenet_c/brightness/5/ILSVRC2012_val_00030217.JPEG,default
imagenet_c/defocus_blur/2/ILSVRC2012_val_00005870.JPEG,default
imagenet_c/fog/4/ILSVRC2012_val_00020436.JPEG,default
imagenet_c/frost/2/ILSVRC2012_val_00019459.JPEG,default
imagenet_c/glass_blur/2/ILSVRC2012_val_00035223.JPEG,default
imagenet_c/defocus_blur/5/ILSVRC2012_val_00016859.JPEG,default
imagenet_c/defocus_blur/4/ILSVRC2012_val_00032417.JPEG,default
imagenet_c/brightness/4/ILSVRC2012_val_00015157.JPEG,default
imagenet_c/shot_noise/3/ILSVRC2012_val_00037135.JPEG,default
imagenet_c/snow/4/ILSVRC2012_val_00017105.JPEG,default
imagenet_c/contrast/2/ILSVRC2012_val_00031466.JPEG,default
imagenet_c/brightness/2/ILSVRC2012_val_00006491.JPEG,default
imagenet_c/elastic_transform/1/ILSVRC2012_val_00039534.JPEG,default
imagenet_c/snow/2/ILSVRC2012_val_00034950.JPEG,default
imagenet_c/glass_blur/2/ILSVRC2012_val_00003204.JPEG,default
imagenet_c/fog/4/ILSVRC2012_val_00040388.JPEG,default
imagenet_c/defocus_blur/5/ILSVRC2012_val_00012328.JPEG,default
imagenet_c/snow/1/ILSVRC2012_val_00048890.JPEG,default
imagenet_c/frost/5/ILSVRC2012_val_00031243.JPEG,default
imagenet_c/impulse_noise/4/ILSVRC2012_val_00002922.JPEG,default
imagenet_c/elastic_transform/4/ILSVRC2012_val_00007875.JPEG,default
imagenet_c/glass_blur/4/ILSVRC2012_val_00046159.JPEG,default
imagenet_c/defocus_blur/1/ILSVRC2012_val_00034038.JPEG,default
imagenet_c/gaussian_noise/1/ILSVRC2012_val_00018466.JPEG,default
imagenet_c/brightness/2/ILSVRC2012_val_00045133.JPEG,default
imagenet_c/impulse_noise/2/ILSVRC2012_val_00041400.JPEG,default
imagenet_c/snow/2/ILSVRC2012_val_00003558.JPEG,default
imagenet_c/gaussian_noise/2/ILSVRC2012_val_00029886.JPEG,default
imagenet_c/fog/3/ILSVRC2012_val_00027283.JPEG,default
imagenet_c/jpeg_compression/3/ILSVRC2012_val_00024015.JPEG,default
imagenet_c/fog/1/ILSVRC2012_val_00039588.JPEG,default
imagenet_c/zoom_blur/3/ILSVRC2012_val_00034115.JPEG,default
imagenet_c/snow/5/ILSVRC2012_val_00004417.JPEG,default
imagenet_c/glass_blur/1/ILSVRC2012_val_00040843.JPEG,default
imagenet_c/elastic_transform/5/ILSVRC2012_val_00048119.JPEG,default
imagenet_c/elastic_transform/3/ILSVRC2012_val_00014741.JPEG,default
imagenet_c/brightness/3/ILSVRC2012_val_00019531.JPEG,default
imagenet_c/impulse_noise/3/ILSVRC2012_val_00006251.JPEG,default
imagenet_c/pixelate/4/ILSVRC2012_val_00017440.JPEG,default
imagenet_c/defocus_blur/1/ILSVRC2012_val_00009208.JPEG,default
imagenet_c/contrast/1/ILSVRC2012_val_00042751.JPEG,default
imagenet_c/fog/3/ILSVRC2012_val_00034971.JPEG,default
imagenet_c/impulse_noise/5/ILSVRC2012_val_00016331.JPEG,default
imagenet_c/contrast/3/ILSVRC2012_val_00004969.JPEG,default
imagenet_c/glass_blur/4/ILSVRC2012_val_00004873.JPEG,default
imagenet_c/defocus_blur/3/ILSVRC2012_val_00001935.JPEG,default
imagenet_c/frost/1/ILSVRC2012_val_00015045.JPEG,default
imagenet_c/pixelate/4/ILSVRC2012_val_00012259.JPEG,default
imagenet_c/fog/3/ILSVRC2012_val_00023239.JPEG,default
imagenet_c/zoom_blur/4/ILSVRC2012_val_00013655.JPEG,default
imagenet_c/contrast/3/ILSVRC2012_val_00027005.JPEG,default
imagenet_c/shot_noise/2/ILSVRC2012_val_00006402.JPEG,default
imagenet_c/contrast/1/ILSVRC2012_val_00032394.JPEG,default
imagenet_c/jpeg_compression/1/ILSVRC2012_val_00005642.JPEG,default
imagenet_c/fog/2/ILSVRC2012_val_00003606.JPEG,default
imagenet_c/jpeg_compression/5/ILSVRC2012_val_00020451.JPEG,default
imagenet_c/fog/1/ILSVRC2012_val_00035104.JPEG,default
imagenet_c/fog/3/ILSVRC2012_val_00046393.JPEG,default
imagenet_c/impulse_noise/1/ILSVRC2012_val_00036368.JPEG,default
imagenet_c/elastic_transform/1/ILSVRC2012_val_00046524.JPEG,default
imagenet_c/gaussian_noise/3/ILSVRC2012_val_00022025.JPEG,default
imagenet_c/frost/4/ILSVRC2012_val_00027207.JPEG,default
imagenet_c/zoom_blur/4/ILSVRC2012_val_00037070.JPEG,default
imagenet_c/glass_blur/1/ILSVRC2012_val_00009510.JPEG,default
imagenet_c/defocus_blur/3/ILSVRC2012_val_00009615.JPEG,default
imagenet_c/jpeg_compression/4/ILSVRC2012_val_00032930.JPEG,default
imagenet_c/fog/1/ILSVRC2012_val_00027762.JPEG,default
imagenet_c/jpeg_compression/3/ILSVRC2012_val_00001368.JPEG,default
imagenet_c/zoom_blur/2/ILSVRC2012_val_00049833.JPEG,default
imagenet_c/fog/2/ILSVRC2012_val_00037013.JPEG,default
imagenet_c/contrast/1/ILSVRC2012_val_00037719.JPEG,default
imagenet_c/frost/2/ILSVRC2012_val_00031481.JPEG,default
imagenet_c/snow/4/ILSVRC2012_val_00026508.JPEG,default
imagenet_c/impulse_noise/5/ILSVRC2012_val_00006195.JPEG,default
imagenet_c/fog/2/ILSVRC2012_val_00014328.JPEG,default
imagenet_c/shot_noise/2/ILSVRC2012_val_00019184.JPEG,default
imagenet_c/gaussian_noise/1/ILSVRC2012_val_00037941.JPEG,default
imagenet_c/elastic_transform/2/ILSVRC2012_val_00004756.JPEG,default
imagenet_c/zoom_blur/3/ILSVRC2012_val_00047400.JPEG,default
imagenet_c/frost/2/ILSVRC2012_val_00003297.JPEG,default
imagenet_c/glass_blur/2/ILSVRC2012_val_00010763.JPEG,default
imagenet_c/glass_blur/4/ILSVRC2012_val_00005427.JPEG,default
imagenet_c/gaussian_noise/1/ILSVRC2012_val_00045402.JPEG,default
imagenet_c/glass_blur/5/ILSVRC2012_val_00015266.JPEG,default
imagenet_c/impulse_noise/4/ILSVRC2012_val_00015223.JPEG,default
imagenet_c/snow/4/ILSVRC2012_val_00012814.JPEG,default
imagenet_c/glass_blur/3/ILSVRC2012_val_00046833.JPEG,default
imagenet_c/gaussian_noise/4/ILSVRC2012_val_00025347.JPEG,default
imagenet_c/brightness/5/ILSVRC2012_val_00006526.JPEG,default
imagenet_c/jpeg_compression/4/ILSVRC2012_val_00045415.JPEG,default
imagenet_c/elastic_transform/1/ILSVRC2012_val_00045172.JPEG,default
imagenet_c/glass_blur/1/ILSVRC2012_val_00013512.JPEG,default
imagenet_c/fog/5/ILSVRC2012_val_00030224.JPEG,default
imagenet_c/motion_blur/2/ILSVRC2012_val_00010999.JPEG,default
imagenet_c/gaussian_noise/4/ILSVRC2012_val_00032855.JPEG,default
imagenet_c/zoom_blur/2/ILSVRC2012_val_00016538.JPEG,default
imagenet_c/defocus_blur/1/ILSVRC2012_val_00019236.JPEG,default
imagenet_c/defocus_blur/5/ILSVRC2012_val_00047029.JPEG,default
imagenet_c/contrast/4/ILSVRC2012_val_00035833.JPEG,default
imagenet_c/impulse_noise/2/ILSVRC2012_val_00037611.JPEG,default
imagenet_c/defocus_blur/5/ILSVRC2012_val_00015863.JPEG,default
imagenet_c/contrast/3/ILSVRC2012_val_00013998.JPEG,default
imagenet_c/zoom_blur/1/ILSVRC2012_val_00000570.JPEG,default
imagenet_c/contrast/3/ILSVRC2012_val_00016252.JPEG,default
imagenet_c/gaussian_noise/5/ILSVRC2012_val_00013367.JPEG,default
imagenet_c/defocus_blur/5/ILSVRC2012_val_00047688.JPEG,default
imagenet_c/zoom_blur/3/ILSVRC2012_val_00021523.JPEG,default
imagenet_c/brightness/4/ILSVRC2012_val_00015830.JPEG,default
imagenet_c/gaussian_noise/1/ILSVRC2012_val_00001556.JPEG,default
imagenet_c/motion_blur/1/ILSVRC2012_val_00026755.JPEG,default
imagenet_c/contrast/4/ILSVRC2012_val_00048642.JPEG,default
imagenet_c/zoom_blur/5/ILSVRC2012_val_00022889.JPEG,default
imagenet_c/frost/4/ILSVRC2012_val_00045623.JPEG,default
imagenet_c/fog/1/ILSVRC2012_val_00026123.JPEG,default
imagenet_c/elastic_transform/5/ILSVRC2012_val_00035389.JPEG,default
imagenet_c/gaussian_noise/1/ILSVRC2012_val_00036008.JPEG,default
imagenet_c/snow/3/ILSVRC2012_val_00032025.JPEG,default
imagenet_c/elastic_transform/3/ILSVRC2012_val_00038794.JPEG,default
imagenet_c/fog/3/ILSVRC2012_val_00011841.JPEG,default
imagenet_c/elastic_transform/2/ILSVRC2012_val_00007872.JPEG,default
imagenet_c/contrast/4/ILSVRC2012_val_00040606.JPEG,default
imagenet_c/frost/2/ILSVRC2012_val_00030657.JPEG,default
imagenet_c/motion_blur/5/ILSVRC2012_val_00045480.JPEG,default
imagenet_c/elastic_transform/2/ILSVRC2012_val_00004577.JPEG,default
imagenet_c/shot_noise/3/ILSVRC2012_val_00039571.JPEG,default
imagenet_c/snow/2/ILSVRC2012_val_00037454.JPEG,default
imagenet_c/pixelate/1/ILSVRC2012_val_00005156.JPEG,default
imagenet_c/shot_noise/2/ILSVRC2012_val_00006328.JPEG,default
imagenet_c/glass_blur/2/ILSVRC2012_val_00041595.JPEG,default
imagenet_c/impulse_noise/2/ILSVRC2012_val_00025428.JPEG,default
imagenet_c/impulse_noise/1/ILSVRC2012_val_00028024.JPEG,default
imagenet_c/impulse_noise/2/ILSVRC2012_val_00031987.JPEG,default
imagenet_c/contrast/4/ILSVRC2012_val_00043965.JPEG,default
imagenet_c/snow/4/ILSVRC2012_val_00020178.JPEG,default
imagenet_c/elastic_transform/2/ILSVRC2012_val_00009092.JPEG,default
imagenet_c/brightness/4/ILSVRC2012_val_00025035.JPEG,default
imagenet_c/shot_noise/1/ILSVRC2012_val_00041944.JPEG,default
imagenet_c/contrast/4/ILSVRC2012_val_00040426.JPEG,default
imagenet_c/contrast/5/ILSVRC2012_val_00005594.JPEG,default
imagenet_c/impulse_noise/3/ILSVRC2012_val_00002825.JPEG,default
imagenet_c/zoom_blur/2/ILSVRC2012_val_00014362.JPEG,default
imagenet_c/frost/2/ILSVRC2012_val_00041152.JPEG,default
imagenet_c/zoom_blur/3/ILSVRC2012_val_00029627.JPEG,default
imagenet_c/motion_blur/4/ILSVRC2012_val_00028607.JPEG,default
imagenet_c/impulse_noise/2/ILSVRC2012_val_00026929.JPEG,default
imagenet_c/shot_noise/4/ILSVRC2012_val_00000217.JPEG,default
imagenet_c/frost/3/ILSVRC2012_val_00011267.JPEG,default
imagenet_c/jpeg_compression/1/ILSVRC2012_val_00009807.JPEG,default
imagenet_c/frost/3/ILSVRC2012_val_00016840.JPEG,default
imagenet_c/snow/1/ILSVRC2012_val_00036999.JPEG,default
imagenet_c/defocus_blur/5/ILSVRC2012_val_00018145.JPEG,default
imagenet_c/impulse_noise/2/ILSVRC2012_val_00029835.JPEG,default
imagenet_c/pixelate/1/ILSVRC2012_val_00045785.JPEG,default
imagenet_c/elastic_transform/4/ILSVRC2012_val_00014046.JPEG,default
imagenet_c/glass_blur/3/ILSVRC2012_val_00001508.JPEG,default
imagenet_c/frost/5/ILSVRC2012_val_00006851.JPEG,default
imagenet_c/defocus_blur/2/ILSVRC2012_val_00011446.JPEG,default
imagenet_c/shot_noise/3/ILSVRC2012_val_00022106.JPEG,default
imagenet_c/zoom_blur/2/ILSVRC2012_val_00028524.JPEG,default
imagenet_c/contrast/2/ILSVRC2012_val_00033307.JPEG,default
imagenet_c/zoom_blur/3/ILSVRC2012_val_00046280.JPEG,default
imagenet_c/jpeg_compression/3/ILSVRC2012_val_00025361.JPEG,default
imagenet_c/elastic_transform/1/ILSVRC2012_val_00034552.JPEG,default
imagenet_c/snow/2/ILSVRC2012_val_00034144.JPEG,default
imagenet_c/elastic_transform/3/ILSVRC2012_val_00008347.JPEG,default
imagenet_c/defocus_blur/2/ILSVRC2012_val_00011501.JPEG,default
imagenet_c/shot_noise/1/ILSVRC2012_val_00039219.JPEG,default
imagenet_c/brightness/5/ILSVRC2012_val_00047827.JPEG,default
imagenet_c/glass_blur/3/ILSVRC2012_val_00024025.JPEG,default
imagenet_c/defocus_blur/5/ILSVRC2012_val_00004559.JPEG,default
imagenet_c/snow/5/ILSVRC2012_val_00030073.JPEG,default
imagenet_c/glass_blur/5/ILSVRC2012_val_00004518.JPEG,default
imagenet_c/snow/5/ILSVRC2012_val_00032667.JPEG,default
imagenet_c/snow/1/ILSVRC2012_val_00009981.JPEG,default
imagenet_c/contrast/1/ILSVRC2012_val_00049141.JPEG,default
imagenet_c/shot_noise/1/ILSVRC2012_val_00025692.JPEG,default
imagenet_c/shot_noise/4/ILSVRC2012_val_00012836.JPEG,default
imagenet_c/defocus_blur/1/ILSVRC2012_val_00025577.JPEG,default
imagenet_c/brightness/4/ILSVRC2012_val_00018280.JPEG,default
imagenet_c/elastic_transform/1/ILSVRC2012_val_00017916.JPEG,default
imagenet_c/contrast/5/ILSVRC2012_val_00024353.JPEG,default
imagenet_c/fog/5/ILSVRC2012_val_00036812.JPEG,default
imagenet_c/elastic_transform/2/ILSVRC2012_val_00017017.JPEG,default
imagenet_c/motion_blur/1/ILSVRC2012_val_00033372.JPEG,default
imagenet_c/motion_blur/3/ILSVRC2012_val_00016909.JPEG,default
imagenet_c/snow/1/ILSVRC2012_val_00038159.JPEG,default
imagenet_c/zoom_blur/3/ILSVRC2012_val_00017028.JPEG,default
imagenet_c/fog/2/ILSVRC2012_val_00011519.JPEG,default
imagenet_c/contrast/4/ILSVRC2012_val_00020730.JPEG,default
imagenet_c/jpeg_compression/4/ILSVRC2012_val_00024643.JPEG,default
imagenet_c/brightness/1/ILSVRC2012_val_00010880.JPEG,default
imagenet_c/elastic_transform/1/ILSVRC2012_val_00012797.JPEG,default
imagenet_c/brightness/1/ILSVRC2012_val_00006907.JPEG,default
imagenet_c/brightness/3/ILSVRC2012_val_00029430.JPEG,default
imagenet_c/jpeg_compression/4/ILSVRC2012_val_00013095.JPEG,default
imagenet_c/elastic_transform/2/ILSVRC2012_val_00046308.JPEG,default
imagenet_c/shot_noise/1/ILSVRC2012_val_00020694.JPEG,default
imagenet_c/jpeg_compression/3/ILSVRC2012_val_00028139.JPEG,default
imagenet_c/elastic_transform/2/ILSVRC2012_val_00033214.JPEG,default
imagenet_c/shot_noise/4/ILSVRC2012_val_00047191.JPEG,default
imagenet_c/snow/5/ILSVRC2012_val_00006203.JPEG,default
imagenet_c/gaussian_noise/4/ILSVRC2012_val_00015040.JPEG,default
imagenet_c/fog/2/ILSVRC2012_val_00013166.JPEG,default
imagenet_c/frost/5/ILSVRC2012_val_00028521.JPEG,default
imagenet_c/elastic_transform/4/ILSVRC2012_val_00045612.JPEG,default
imagenet_c/motion_blur/4/ILSVRC2012_val_00040158.JPEG,default
imagenet_c/zoom_blur/3/ILSVRC2012_val_00013265.JPEG,default
imagenet_c/defocus_blur/4/ILSVRC2012_val_00046564.JPEG,default
imagenet_c/gaussian_noise/3/ILSVRC2012_val_00014082.JPEG,default
imagenet_c/pixelate/3/ILSVRC2012_val_00007712.JPEG,default
imagenet_c/snow/2/ILSVRC2012_val_00037795.JPEG,default
imagenet_c/glass_blur/3/ILSVRC2012_val_00008481.JPEG,default
imagenet_c/contrast/3/ILSVRC2012_val_00027079.JPEG,default
imagenet_c/frost/3/ILSVRC2012_val_00039859.JPEG,default
imagenet_c/impulse_noise/5/ILSVRC2012_val_00009119.JPEG,default
imagenet_c/elastic_transform/2/ILSVRC2012_val_00043801.JPEG,default
imagenet_c/frost/4/ILSVRC2012_val_00044797.JPEG,default
imagenet_c/fog/5/ILSVRC2012_val_00020743.JPEG,default
imagenet_c/gaussian_noise/2/ILSVRC2012_val_00000018.JPEG,default
imagenet_c/glass_blur/1/ILSVRC2012_val_00014220.JPEG,default
imagenet_c/fog/4/ILSVRC2012_val_00006213.JPEG,default
imagenet_c/shot_noise/1/ILSVRC2012_val_00031653.JPEG,default
imagenet_c/fog/4/ILSVRC2012_val_00030090.JPEG,default
imagenet_c/elastic_transform/5/ILSVRC2012_val_00040117.JPEG,default
imagenet_c/frost/2/ILSVRC2012_val_00026579.JPEG,default
imagenet_c/pixelate/1/ILSVRC2012_val_00035098.JPEG,default
imagenet_c/defocus_blur/4/ILSVRC2012_val_00015913.JPEG,default
imagenet_c/jpeg_compression/4/ILSVRC2012_val_00008209.JPEG,default
imagenet_c/zoom_blur/2/ILSVRC2012_val_00021335.JPEG,default
imagenet_c/motion_blur/3/ILSVRC2012_val_00010022.JPEG,default
imagenet_c/contrast/4/ILSVRC2012_val_00031144.JPEG,default
imagenet_c/pixelate/4/ILSVRC2012_val_00003892.JPEG,default
imagenet_c/impulse_noise/3/ILSVRC2012_val_00010457.JPEG,default
imagenet_c/impulse_noise/4/ILSVRC2012_val_00032875.JPEG,default
imagenet_c/motion_blur/1/ILSVRC2012_val_00046162.JPEG,default
imagenet_c/glass_blur/3/ILSVRC2012_val_00045120.JPEG,default
imagenet_c/contrast/1/ILSVRC2012_val_00028565.JPEG,default
imagenet_c/zoom_blur/2/ILSVRC2012_val_00029763.JPEG,default
imagenet_c/impulse_noise/2/ILSVRC2012_val_00014232.JPEG,default
imagenet_c/gaussian_noise/1/ILSVRC2012_val_00046119.JPEG,default
imagenet_c/motion_blur/2/ILSVRC2012_val_00039753.JPEG,default
imagenet_c/pixelate/5/ILSVRC2012_val_00001816.JPEG,default
imagenet_c/frost/5/ILSVRC2012_val_00016747.JPEG,default
imagenet_c/frost/4/ILSVRC2012_val_00034499.JPEG,default
imagenet_c/fog/1/ILSVRC2012_val_00031919.JPEG,default
imagenet_c/impulse_noise/5/ILSVRC2012_val_00011650.JPEG,default
imagenet_c/jpeg_compression/4/ILSVRC2012_val_00005868.JPEG,default
imagenet_c/glass_blur/5/ILSVRC2012_val_00009670.JPEG,default
imagenet_c/snow/5/ILSVRC2012_val_00016422.JPEG,default
imagenet_c/jpeg_compression/2/ILSVRC2012_val_00021017.JPEG,default
imagenet_c/frost/5/ILSVRC2012_val_00007257.JPEG,default
imagenet_c/shot_noise/3/ILSVRC2012_val_00045451.JPEG,default
imagenet_c/gaussian_noise/3/ILSVRC2012_val_00029854.JPEG,default
imagenet_c/defocus_blur/5/ILSVRC2012_val_00020393.JPEG,default
imagenet_c/impulse_noise/2/ILSVRC2012_val_00000807.JPEG,default
imagenet_c/frost/2/ILSVRC2012_val_00041540.JPEG,default
imagenet_c/glass_blur/3/ILSVRC2012_val_00002746.JPEG,default
imagenet_c/brightness/5/ILSVRC2012_val_00033492.JPEG,default
imagenet_c/elastic_transform/3/ILSVRC2012_val_00017185.JPEG,default
imagenet_c/frost/1/ILSVRC2012_val_00007998.JPEG,default
imagenet_c/zoom_blur/3/ILSVRC2012_val_00000258.JPEG,default
imagenet_c/gaussian_noise/2/ILSVRC2012_val_00028601.JPEG,default
imagenet_c/glass_blur/3/ILSVRC2012_val_00026016.JPEG,default
imagenet_c/fog/4/ILSVRC2012_val_00035305.JPEG,default
imagenet_c/impulse_noise/1/ILSVRC2012_val_00007050.JPEG,default
imagenet_c/brightness/3/ILSVRC2012_val_00003350.JPEG,default
imagenet_c/jpeg_compression/3/ILSVRC2012_val_00015709.JPEG,default
imagenet_c/shot_noise/3/ILSVRC2012_val_00041418.JPEG,default
imagenet_c/elastic_transform/1/ILSVRC2012_val_00042125.JPEG,default
imagenet_c/snow/3/ILSVRC2012_val_00021906.JPEG,default
imagenet_c/fog/2/ILSVRC2012_val_00047089.JPEG,default
imagenet_c/impulse_noise/1/ILSVRC2012_val_00046616.JPEG,default
imagenet_c/brightness/3/ILSVRC2012_val_00029732.JPEG,default
imagenet_c/shot_noise/2/ILSVRC2012_val_00021024.JPEG,default
imagenet_c/zoom_blur/4/ILSVRC2012_val_00048148.JPEG,default
imagenet_c/fog/4/ILSVRC2012_val_00034583.JPEG,default
imagenet_c/pixelate/4/ILSVRC2012_val_00008686.JPEG,default
imagenet_c/gaussian_noise/4/ILSVRC2012_val_00016514.JPEG,default
imagenet_c/contrast/1/ILSVRC2012_val_00029500.JPEG,default
imagenet_c/snow/4/ILSVRC2012_val_00020772.JPEG,default
imagenet_c/jpeg_compression/2/ILSVRC2012_val_00027929.JPEG,default
imagenet_c/motion_blur/1/ILSVRC2012_val_00045553.JPEG,default
imagenet_c/contrast/1/ILSVRC2012_val_00042302.JPEG,default
imagenet_c/impulse_noise/5/ILSVRC2012_val_00001138.JPEG,default
imagenet_c/defocus_blur/4/ILSVRC2012_val_00032916.JPEG,default
imagenet_c/brightness/2/ILSVRC2012_val_00025633.JPEG,default
imagenet_c/contrast/5/ILSVRC2012_val_00032061.JPEG,default
imagenet_c/shot_noise/4/ILSVRC2012_val_00024938.JPEG,default
imagenet_c/motion_blur/2/ILSVRC2012_val_00004613.JPEG,default
imagenet_c/pixelate/5/ILSVRC2012_val_00018512.JPEG,default
imagenet_c/contrast/3/ILSVRC2012_val_00011664.JPEG,default
imagenet_c/defocus_blur/5/ILSVRC2012_val_00009563.JPEG,default
imagenet_c/snow/5/ILSVRC2012_val_00033960.JPEG,default
imagenet_c/elastic_transform/2/ILSVRC2012_val_00036102.JPEG,default
imagenet_c/impulse_noise/2/ILSVRC2012_val_00041279.JPEG,default
imagenet_c/jpeg_compression/4/ILSVRC2012_val_00036066.JPEG,default
imagenet_c/zoom_blur/4/ILSVRC2012_val_00033838.JPEG,default
imagenet_c/contrast/5/ILSVRC2012_val_00033084.JPEG,default
imagenet_c/glass_blur/5/ILSVRC2012_val_00023855.JPEG,default
imagenet_c/shot_noise/5/ILSVRC2012_val_00001739.JPEG,default
imagenet_c/motion_blur/3/ILSVRC2012_val_00006987.JPEG,default
imagenet_c/elastic_transform/3/ILSVRC2012_val_00027451.JPEG,default
imagenet_c/impulse_noise/1/ILSVRC2012_val_00017505.JPEG,default
imagenet_c/defocus_blur/3/ILSVRC2012_val_00020059.JPEG,default
imagenet_c/glass_blur/3/ILSVRC2012_val_00032966.JPEG,default
imagenet_c/impulse_noise/3/ILSVRC2012_val_00044262.JPEG,default
imagenet_c/pixelate/5/ILSVRC2012_val_00039996.JPEG,default
imagenet_c/gaussian_noise/3/ILSVRC2012_val_00040420.JPEG,default
imagenet_c/brightness/2/ILSVRC2012_val_00047623.JPEG,default
imagenet_c/shot_noise/2/ILSVRC2012_val_00004724.JPEG,default
imagenet_c/glass_blur/3/ILSVRC2012_val_00006830.JPEG,default
imagenet_c/frost/4/ILSVRC2012_val_00023255.JPEG,default
imagenet_c/defocus_blur/3/ILSVRC2012_val_00024102.JPEG,default
imagenet_c/glass_blur/2/ILSVRC2012_val_00016934.JPEG,default
imagenet_c/elastic_transform/5/ILSVRC2012_val_00031389.JPEG,default
imagenet_c/contrast/1/ILSVRC2012_val_00031829.JPEG,default
imagenet_c/zoom_blur/3/ILSVRC2012_val_00015924.JPEG,default
imagenet_c/jpeg_compression/3/ILSVRC2012_val_00011444.JPEG,default
imagenet_c/motion_blur/4/ILSVRC2012_val_00041641.JPEG,default
imagenet_c/jpeg_compression/4/ILSVRC2012_val_00030736.JPEG,default
imagenet_c/frost/2/ILSVRC2012_val_00049773.JPEG,default
imagenet_c/fog/1/ILSVRC2012_val_00043247.JPEG,default
imagenet_c/snow/5/ILSVRC2012_val_00002817.JPEG,default
imagenet_c/shot_noise/2/ILSVRC2012_val_00020141.JPEG,default
imagenet_c/defocus_blur/3/ILSVRC2012_val_00006305.JPEG,default
imagenet_c/defocus_blur/3/ILSVRC2012_val_00016700.JPEG,default
imagenet_c/frost/5/ILSVRC2012_val_00029324.JPEG,default
imagenet_c/frost/2/ILSVRC2012_val_00047746.JPEG,default
imagenet_c/snow/1/ILSVRC2012_val_00012746.JPEG,default
imagenet_c/snow/1/ILSVRC2012_val_00047546.JPEG,default
imagenet_c/fog/1/ILSVRC2012_val_00002163.JPEG,default
imagenet_c/motion_blur/4/ILSVRC2012_val_00031275.JPEG,default
imagenet_c/elastic_transform/5/ILSVRC2012_val_00007044.JPEG,default
imagenet_c/shot_noise/5/ILSVRC2012_val_00042049.JPEG,default
imagenet_c/fog/5/ILSVRC2012_val_00019547.JPEG,default
imagenet_c/contrast/3/ILSVRC2012_val_00009231.JPEG,default
imagenet_c/contrast/5/ILSVRC2012_val_00027877.JPEG,default
imagenet_c/pixelate/2/ILSVRC2012_val_00048991.JPEG,default
imagenet_c/elastic_transform/3/ILSVRC2012_val_00036815.JPEG,default
imagenet_c/elastic_transform/2/ILSVRC2012_val_00022841.JPEG,default
imagenet_c/brightness/4/ILSVRC2012_val_00023686.JPEG,default
imagenet_c/glass_blur/2/ILSVRC2012_val_00024666.JPEG,default
imagenet_c/zoom_blur/1/ILSVRC2012_val_00034840.JPEG,default
imagenet_c/snow/3/ILSVRC2012_val_00036271.JPEG,default
imagenet_c/defocus_blur/5/ILSVRC2012_val_00002832.JPEG,default
imagenet_c/defocus_blur/4/ILSVRC2012_val_00009819.JPEG,default
imagenet_c/brightness/2/ILSVRC2012_val_00032805.JPEG,default
imagenet_c/snow/4/ILSVRC2012_val_00046149.JPEG,default
imagenet_c/elastic_transform/3/ILSVRC2012_val_00008333.JPEG,default
imagenet_c/frost/1/ILSVRC2012_val_00008921.JPEG,default
imagenet_c/gaussian_noise/1/ILSVRC2012_val_00010915.JPEG,default
imagenet_c/pixelate/5/ILSVRC2012_val_00027859.JPEG,default
imagenet_c/contrast/1/ILSVRC2012_val_00028599.JPEG,default
imagenet_c/shot_noise/4/ILSVRC2012_val_00013301.JPEG,default
imagenet_c/frost/4/ILSVRC2012_val_00018414.JPEG,default
imagenet_c/snow/2/ILSVRC2012_val_00009376.JPEG,default
imagenet_c/impulse_noise/4/ILSVRC2012_val_00010145.JPEG,default
imagenet_c/contrast/1/ILSVRC2012_val_00037560.JPEG,default
imagenet_c/brightness/3/ILSVRC2012_val_00043444.JPEG,default
imagenet_c/contrast/2/ILSVRC2012_val_00040287.JPEG,default
imagenet_c/motion_blur/2/ILSVRC2012_val_00019068.JPEG,default
imagenet_c/snow/1/ILSVRC2012_val_00010386.JPEG,default
imagenet_c/jpeg_compression/1/ILSVRC2012_val_00028162.JPEG,default
imagenet_c/impulse_noise/2/ILSVRC2012_val_00040771.JPEG,default
imagenet_c/frost/3/ILSVRC2012_val_00004638.JPEG,default
imagenet_c/gaussian_noise/5/ILSVRC2012_val_00011294.JPEG,default
imagenet_c/contrast/2/ILSVRC2012_val_00040077.JPEG,default
imagenet_c/defocus_blur/3/ILSVRC2012_val_00003904.JPEG,default
imagenet_c/frost/5/ILSVRC2012_val_00005416.JPEG,default
imagenet_c/contrast/2/ILSVRC2012_val_00038644.JPEG,default
imagenet_c/pixelate/3/ILSVRC2012_val_00037688.JPEG,default
imagenet_c/fog/3/ILSVRC2012_val_00013582.JPEG,default
imagenet_c/glass_blur/5/ILSVRC2012_val_00016807.JPEG,default
imagenet_c/fog/5/ILSVRC2012_val_00009966.JPEG,default
imagenet_c/gaussian_noise/3/ILSVRC2012_val_00046346.JPEG,default
imagenet_c/frost/4/ILSVRC2012_val_00028764.JPEG,default
imagenet_c/glass_blur/5/ILSVRC2012_val_00003319.JPEG,default
imagenet_c/fog/2/ILSVRC2012_val_00033698.JPEG,default
imagenet_c/gaussian_noise/3/ILSVRC2012_val_00043012.JPEG,default
imagenet_c/pixelate/2/ILSVRC2012_val_00027206.JPEG,default
imagenet_c/impulse_noise/3/ILSVRC2012_val_00033058.JPEG,default
imagenet_c/jpeg_compression/1/ILSVRC2012_val_00006717.JPEG,default
imagenet_c/frost/3/ILSVRC2012_val_00023146.JPEG,default
imagenet_c/impulse_noise/1/ILSVRC2012_val_00000523.JPEG,default
imagenet_c/shot_noise/3/ILSVRC2012_val_00039282.JPEG,default
imagenet_c/jpeg_compression/2/ILSVRC2012_val_00037273.JPEG,default
imagenet_c/impulse_noise/2/ILSVRC2012_val_00030865.JPEG,default
imagenet_c/zoom_blur/2/ILSVRC2012_val_00014768.JPEG,default
imagenet_c/defocus_blur/5/ILSVRC2012_val_00032129.JPEG,default
imagenet_c/snow/5/ILSVRC2012_val_00011702.JPEG,default
imagenet_c/gaussian_noise/3/ILSVRC2012_val_00041164.JPEG,default
imagenet_c/snow/4/ILSVRC2012_val_00023676.JPEG,default
imagenet_c/glass_blur/5/ILSVRC2012_val_00034086.JPEG,default
imagenet_c/frost/2/ILSVRC2012_val_00007258.JPEG,default
imagenet_c/contrast/3/ILSVRC2012_val_00022003.JPEG,default
imagenet_c/snow/2/ILSVRC2012_val_00026901.JPEG,default
imagenet_c/zoom_blur/5/ILSVRC2012_val_00017067.JPEG,default
imagenet_c/fog/2/ILSVRC2012_val_00022731.JPEG,default
imagenet_c/fog/2/ILSVRC2012_val_00034655.JPEG,default
imagenet_c/zoom_blur/4/ILSVRC2012_val_00023363.JPEG,default
imagenet_c/contrast/1/ILSVRC2012_val_00008407.JPEG,default
imagenet_c/defocus_blur/5/ILSVRC2012_val_00019797.JPEG,default
imagenet_c/gaussian_noise/1/ILSVRC2012_val_00016379.JPEG,default
imagenet_c/frost/1/ILSVRC2012_val_00046000.JPEG,default
imagenet_c/impulse_noise/1/ILSVRC2012_val_00041710.JPEG,default
imagenet_c/defocus_blur/2/ILSVRC2012_val_00012120.JPEG,default
imagenet_c/shot_noise/1/ILSVRC2012_val_00037200.JPEG,default
imagenet_c/shot_noise/2/ILSVRC2012_val_00026948.JPEG,default
imagenet_c/motion_blur/5/ILSVRC2012_val_00022247.JPEG,default
imagenet_c/jpeg_compression/3/ILSVRC2012_val_00046277.JPEG,default
imagenet_c/elastic_transform/3/ILSVRC2012_val_00003821.JPEG,default
imagenet_c/elastic_transform/4/ILSVRC2012_val_00011158.JPEG,default
imagenet_c/frost/4/ILSVRC2012_val_00028397.JPEG,default
imagenet_c/contrast/1/ILSVRC2012_val_00042029.JPEG,default
imagenet_c/elastic_transform/4/ILSVRC2012_val_00015753.JPEG,default
imagenet_c/snow/2/ILSVRC2012_val_00021646.JPEG,default
imagenet_c/jpeg_compression/5/ILSVRC2012_val_00046548.JPEG,default
imagenet_c/glass_blur/3/ILSVRC2012_val_00008011.JPEG,default
imagenet_c/fog/3/ILSVRC2012_val_00043802.JPEG,default
imagenet_c/defocus_blur/2/ILSVRC2012_val_00044980.JPEG,default
imagenet_c/jpeg_compression/3/ILSVRC2012_val_00025025.JPEG,default
imagenet_c/snow/3/ILSVRC2012_val_00017338.JPEG,default
imagenet_c/pixelate/4/ILSVRC2012_val_00039831.JPEG,default
imagenet_c/impulse_noise/2/ILSVRC2012_val_00002295.JPEG,default
imagenet_c/zoom_blur/2/ILSVRC2012_val_00001645.JPEG,default
imagenet_c/gaussian_noise/2/ILSVRC2012_val_00041330.JPEG,default
imagenet_c/shot_noise/5/ILSVRC2012_val_00038308.JPEG,default
imagenet_c/snow/2/ILSVRC2012_val_00020598.JPEG,default
imagenet_c/pixelate/3/ILSVRC2012_val_00016357.JPEG,default
imagenet_c/elastic_transform/5/ILSVRC2012_val_00033382.JPEG,default
imagenet_c/jpeg_compression/1/ILSVRC2012_val_00025909.JPEG,default
imagenet_c/gaussian_noise/1/ILSVRC2012_val_00044822.JPEG,default
imagenet_c/impulse_noise/3/ILSVRC2012_val_00009907.JPEG,default
imagenet_c/defocus_blur/1/ILSVRC2012_val_00049987.JPEG,default
imagenet_c/impulse_noise/2/ILSVRC2012_val_00005227.JPEG,default
imagenet_c/shot_noise/3/ILSVRC2012_val_00015224.JPEG,default
imagenet_c/motion_blur/3/ILSVRC2012_val_00039533.JPEG,default
imagenet_c/zoom_blur/5/ILSVRC2012_val_00022063.JPEG,default
imagenet_c/motion_blur/4/ILSVRC2012_val_00039708.JPEG,default
imagenet_c/brightness/3/ILSVRC2012_val_00047675.JPEG,default
imagenet_c/gaussian_noise/2/ILSVRC2012_val_00007579.JPEG,default
imagenet_c/motion_blur/4/ILSVRC2012_val_00004505.JPEG,default
imagenet_c/frost/2/ILSVRC2012_val_00044987.JPEG,default
imagenet_c/impulse_noise/3/ILSVRC2012_val_00010322.JPEG,default
imagenet_c/glass_blur/4/ILSVRC2012_val_00047908.JPEG,default
imagenet_c/shot_noise/1/ILSVRC2012_val_00000683.JPEG,default
imagenet_c/brightness/2/ILSVRC2012_val_00023246.JPEG,default
imagenet_c/brightness/4/ILSVRC2012_val_00025809.JPEG,default
imagenet_c/defocus_blur/1/ILSVRC2012_val_00022937.JPEG,default
imagenet_c/elastic_transform/4/ILSVRC2012_val_00026648.JPEG,default
imagenet_c/pixelate/4/ILSVRC2012_val_00005332.JPEG,default
imagenet_c/snow/3/ILSVRC2012_val_00016778.JPEG,default
imagenet_c/zoom_blur/4/ILSVRC2012_val_00021927.JPEG,default
imagenet_c/brightness/5/ILSVRC2012_val_00014282.JPEG,default
imagenet_c/snow/1/ILSVRC2012_val_00025018.JPEG,default
imagenet_c/zoom_blur/2/ILSVRC2012_val_00015667.JPEG,default
imagenet_c/gaussian_noise/1/ILSVRC2012_val_00006244.JPEG,default
imagenet_c/brightness/4/ILSVRC2012_val_00017254.JPEG,default
imagenet_c/impulse_noise/5/ILSVRC2012_val_00032934.JPEG,default
imagenet_c/frost/4/ILSVRC2012_val_00023707.JPEG,default
imagenet_c/shot_noise/4/ILSVRC2012_val_00011262.JPEG,default
imagenet_c/contrast/4/ILSVRC2012_val_00003560.JPEG,default
imagenet_c/motion_blur/4/ILSVRC2012_val_00017926.JPEG,default
imagenet_c/snow/3/ILSVRC2012_val_00048675.JPEG,default
imagenet_c/defocus_blur/3/ILSVRC2012_val_00014794.JPEG,default
imagenet_c/elastic_transform/2/ILSVRC2012_val_00039578.JPEG,default
imagenet_c/shot_noise/2/ILSVRC2012_val_00036512.JPEG,default
imagenet_c/gaussian_noise/5/ILSVRC2012_val_00017497.JPEG,default
imagenet_c/gaussian_noise/1/ILSVRC2012_val_00008086.JPEG,default
imagenet_c/brightness/5/ILSVRC2012_val_00026418.JPEG,default
imagenet_c/snow/2/ILSVRC2012_val_00049420.JPEG,default
imagenet_c/motion_blur/3/ILSVRC2012_val_00019652.JPEG,default
imagenet_c/brightness/3/ILSVRC2012_val_00006301.JPEG,default
imagenet_c/jpeg_compression/3/ILSVRC2012_val_00024095.JPEG,default
imagenet_c/gaussian_noise/2/ILSVRC2012_val_00049373.JPEG,default
imagenet_c/gaussian_noise/1/ILSVRC2012_val_00022812.JPEG,default
imagenet_c/snow/4/ILSVRC2012_val_00025463.JPEG,default
imagenet_c/zoom_blur/3/ILSVRC2012_val_00031586.JPEG,default
imagenet_c/zoom_blur/4/ILSVRC2012_val_00007266.JPEG,default
imagenet_c/snow/5/ILSVRC2012_val_00045077.JPEG,default
imagenet_c/fog/2/ILSVRC2012_val_00019257.JPEG,default
imagenet_c/jpeg_compression/5/ILSVRC2012_val_00035286.JPEG,default
imagenet_c/defocus_blur/2/ILSVRC2012_val_00041980.JPEG,default
imagenet_c/fog/3/ILSVRC2012_val_00021109.JPEG,default
imagenet_c/shot_noise/5/ILSVRC2012_val_00007750.JPEG,default
imagenet_c/gaussian_noise/2/ILSVRC2012_val_00046615.JPEG,default
imagenet_c/jpeg_compression/2/ILSVRC2012_val_00006151.JPEG,default
imagenet_c/pixelate/5/ILSVRC2012_val_00021236.JPEG,default
imagenet_c/impulse_noise/3/ILSVRC2012_val_00039475.JPEG,default
imagenet_c/frost/3/ILSVRC2012_val_00048828.JPEG,default
imagenet_c/impulse_noise/4/ILSVRC2012_val_00009083.JPEG,default
imagenet_c/contrast/3/ILSVRC2012_val_00041665.JPEG,default
imagenet_c/motion_blur/3/ILSVRC2012_val_00010395.JPEG,default
imagenet_c/fog/3/ILSVRC2012_val_00018666.JPEG,default
imagenet_c/gaussian_noise/5/ILSVRC2012_val_00048548.JPEG,default
imagenet_c/glass_blur/2/ILSVRC2012_val_00009035.JPEG,default
imagenet_c/elastic_transform/5/ILSVRC2012_val_00020061.JPEG,default
imagenet_c/frost/1/ILSVRC2012_val_00048509.JPEG,default
imagenet_c/motion_blur/2/ILSVRC2012_val_00018983.JPEG,default
imagenet_c/impulse_noise/2/ILSVRC2012_val_00021164.JPEG,default
imagenet_c/fog/5/ILSVRC2012_val_00038815.JPEG,default
imagenet_c/elastic_transform/3/ILSVRC2012_val_00019894.JPEG,default
imagenet_c/frost/4/ILSVRC2012_val_00024753.JPEG,default
imagenet_c/impulse_noise/5/ILSVRC2012_val_00019587.JPEG,default
imagenet_c/defocus_blur/1/ILSVRC2012_val_00004927.JPEG,default
imagenet_c/shot_noise/1/ILSVRC2012_val_00027680.JPEG,default
imagenet_c/elastic_transform/4/ILSVRC2012_val_00032556.JPEG,default
imagenet_c/contrast/3/ILSVRC2012_val_00040658.JPEG,default
imagenet_c/contrast/5/ILSVRC2012_val_00042100.JPEG,default
imagenet_c/zoom_blur/5/ILSVRC2012_val_00022901.JPEG,default
imagenet_c/pixelate/3/ILSVRC2012_val_00035167.JPEG,default
imagenet_c/brightness/4/ILSVRC2012_val_00018775.JPEG,default
imagenet_c/frost/4/ILSVRC2012_val_00018168.JPEG,default
imagenet_c/impulse_noise/3/ILSVRC2012_val_00007114.JPEG,default
imagenet_c/motion_blur/3/ILSVRC2012_val_00047852.JPEG,default
imagenet_c/pixelate/3/ILSVRC2012_val_00007795.JPEG,default
imagenet_c/snow/5/ILSVRC2012_val_00027773.JPEG,default
imagenet_c/jpeg_compression/1/ILSVRC2012_val_00026018.JPEG,default
imagenet_c/defocus_blur/4/ILSVRC2012_val_00032086.JPEG,default
imagenet_c/elastic_transform/1/ILSVRC2012_val_00019966.JPEG,default
imagenet_c/motion_blur/2/ILSVRC2012_val_00041669.JPEG,default
imagenet_c/glass_blur/5/ILSVRC2012_val_00007719.JPEG,default
imagenet_c/elastic_transform/3/ILSVRC2012_val_00042082.JPEG,default
imagenet_c/gaussian_noise/4/ILSVRC2012_val_00024599.JPEG,default
imagenet_c/glass_blur/3/ILSVRC2012_val_00037553.JPEG,default
imagenet_c/pixelate/4/ILSVRC2012_val_00041300.JPEG,default
imagenet_c/defocus_blur/1/ILSVRC2012_val_00011295.JPEG,default
imagenet_c/snow/1/ILSVRC2012_val_00012275.JPEG,default
imagenet_c/jpeg_compression/1/ILSVRC2012_val_00033305.JPEG,default
imagenet_c/zoom_blur/1/ILSVRC2012_val_00035784.JPEG,default
imagenet_c/glass_blur/1/ILSVRC2012_val_00044480.JPEG,default
imagenet_c/frost/3/ILSVRC2012_val_00004280.JPEG,default
imagenet_c/pixelate/5/ILSVRC2012_val_00032012.JPEG,default
imagenet_c/gaussian_noise/5/ILSVRC2012_val_00008595.JPEG,default
imagenet_c/brightness/3/ILSVRC2012_val_00045349.JPEG,default
imagenet_c/pixelate/1/ILSVRC2012_val_00000029.JPEG,default
imagenet_c/pixelate/2/ILSVRC2012_val_00010545.JPEG,default
imagenet_c/snow/1/ILSVRC2012_val_00030719.JPEG,default
imagenet_c/pixelate/2/ILSVRC2012_val_00009979.JPEG,default
imagenet_c/frost/1/ILSVRC2012_val_00031456.JPEG,default
imagenet_c/impulse_noise/1/ILSVRC2012_val_00044475.JPEG,default
imagenet_c/jpeg_compression/5/ILSVRC2012_val_00026809.JPEG,default
imagenet_c/defocus_blur/1/ILSVRC2012_val_00016712.JPEG,default
imagenet_c/snow/1/ILSVRC2012_val_00005050.JPEG,default
imagenet_c/jpeg_compression/4/ILSVRC2012_val_00007761.JPEG,default
imagenet_c/motion_blur/4/ILSVRC2012_val_00048887.JPEG,default
imagenet_c/elastic_transform/3/ILSVRC2012_val_00031951.JPEG,default
imagenet_c/contrast/2/ILSVRC2012_val_00038915.JPEG,default
imagenet_c/fog/5/ILSVRC2012_val_00022021.JPEG,default
imagenet_c/frost/2/ILSVRC2012_val_00027747.JPEG,default
imagenet_c/shot_noise/2/ILSVRC2012_val_00026589.JPEG,default
imagenet_c/elastic_transform/4/ILSVRC2012_val_00047810.JPEG,default
imagenet_c/zoom_blur/4/ILSVRC2012_val_00020273.JPEG,default
imagenet_c/pixelate/1/ILSVRC2012_val_00004222.JPEG,default
imagenet_c/elastic_transform/1/ILSVRC2012_val_00044086.JPEG,default
imagenet_c/shot_noise/4/ILSVRC2012_val_00000006.JPEG,default
imagenet_c/brightness/1/ILSVRC2012_val_00000806.JPEG,default
imagenet_c/jpeg_compression/4/ILSVRC2012_val_00026122.JPEG,default
imagenet_c/contrast/4/ILSVRC2012_val_00003286.JPEG,default
imagenet_c/brightness/1/ILSVRC2012_val_00018284.JPEG,default
imagenet_c/motion_blur/2/ILSVRC2012_val_00034915.JPEG,default
imagenet_c/snow/4/ILSVRC2012_val_00011210.JPEG,default
imagenet_c/elastic_transform/4/ILSVRC2012_val_00001309.JPEG,default
imagenet_c/snow/1/ILSVRC2012_val_00029712.JPEG,default
imagenet_c/zoom_blur/4/ILSVRC2012_val_00004040.JPEG,default
imagenet_c/glass_blur/1/ILSVRC2012_val_00003268.JPEG,default
imagenet_c/jpeg_compression/2/ILSVRC2012_val_00043245.JPEG,default
imagenet_c/defocus_blur/2/ILSVRC2012_val_00038270.JPEG,default
imagenet_c/impulse_noise/4/ILSVRC2012_val_00010522.JPEG,default
imagenet_c/gaussian_noise/3/ILSVRC2012_val_00025026.JPEG,default
imagenet_c/jpeg_compression/4/ILSVRC2012_val_00013820.JPEG,default
imagenet_c/zoom_blur/4/ILSVRC2012_val_00035379.JPEG,default
imagenet_c/shot_noise/4/ILSVRC2012_val_00028076.JPEG,default
imagenet_c/pixelate/3/ILSVRC2012_val_00037800.JPEG,default
imagenet_c/contrast/1/ILSVRC2012_val_00043354.JPEG,default
imagenet_c/snow/2/ILSVRC2012_val_00008579.JPEG,default
imagenet_c/frost/2/ILSVRC2012_val_00001108.JPEG,default
imagenet_c/contrast/5/ILSVRC2012_val_00017557.JPEG,default
imagenet_c/zoom_blur/3/ILSVRC2012_val_00007478.JPEG,default
imagenet_c/zoom_blur/4/ILSVRC2012_val_00021457.JPEG,default
imagenet_c/gaussian_noise/1/ILSVRC2012_val_00037666.JPEG,default
imagenet_c/snow/2/ILSVRC2012_val_00016124.JPEG,default
imagenet_c/contrast/3/ILSVRC2012_val_00034668.JPEG,default
imagenet_c/brightness/5/ILSVRC2012_val_00045850.JPEG,default
imagenet_c/glass_blur/1/ILSVRC2012_val_00004652.JPEG,default
imagenet_c/pixelate/2/ILSVRC2012_val_00005663.JPEG,default
imagenet_c/contrast/1/ILSVRC2012_val_00030905.JPEG,default
imagenet_c/motion_blur/3/ILSVRC2012_val_00028846.JPEG,default
imagenet_c/contrast/1/ILSVRC2012_val_00037175.JPEG,default
imagenet_c/frost/4/ILSVRC2012_val_00043843.JPEG,default
imagenet_c/fog/1/ILSVRC2012_val_00009329.JPEG,default
imagenet_c/frost/4/ILSVRC2012_val_00038437.JPEG,default
imagenet_c/glass_blur/5/ILSVRC2012_val_00043634.JPEG,default
imagenet_c/motion_blur/4/ILSVRC2012_val_00002928.JPEG,default
imagenet_c/contrast/1/ILSVRC2012_val_00008849.JPEG,default
imagenet_c/fog/3/ILSVRC2012_val_00035425.JPEG,default
imagenet_c/pixelate/2/ILSVRC2012_val_00018907.JPEG,default
imagenet_c/glass_blur/1/ILSVRC2012_val_00045042.JPEG,default
imagenet_c/motion_blur/2/ILSVRC2012_val_00020401.JPEG,default
imagenet_c/defocus_blur/4/ILSVRC2012_val_00001879.JPEG,default
imagenet_c/impulse_noise/5/ILSVRC2012_val_00010230.JPEG,default
imagenet_c/fog/3/ILSVRC2012_val_00039244.JPEG,default
imagenet_c/impulse_noise/3/ILSVRC2012_val_00015643.JPEG,default
imagenet_c/frost/3/ILSVRC2012_val_00039669.JPEG,default
imagenet_c/pixelate/1/ILSVRC2012_val_00046389.JPEG,default
imagenet_c/snow/5/ILSVRC2012_val_00009890.JPEG,default
imagenet_c/frost/2/ILSVRC2012_val_00039489.JPEG,default
imagenet_c/pixelate/1/ILSVRC2012_val_00003468.JPEG,default
imagenet_c/frost/4/ILSVRC2012_val_00049162.JPEG,default
imagenet_c/zoom_blur/2/ILSVRC2012_val_00026406.JPEG,default
imagenet_c/gaussian_noise/5/ILSVRC2012_val_00035023.JPEG,default
imagenet_c/impulse_noise/3/ILSVRC2012_val_00046696.JPEG,default
imagenet_c/frost/2/ILSVRC2012_val_00007220.JPEG,default
imagenet_c/jpeg_compression/1/ILSVRC2012_val_00017381.JPEG,default
imagenet_c/motion_blur/5/ILSVRC2012_val_00042111.JPEG,default
imagenet_c/fog/2/ILSVRC2012_val_00005033.JPEG,default
imagenet_c/snow/5/ILSVRC2012_val_00022956.JPEG,default
imagenet_c/frost/4/ILSVRC2012_val_00029130.JPEG,default
imagenet_c/snow/3/ILSVRC2012_val_00045019.JPEG,default
imagenet_c/fog/1/ILSVRC2012_val_00010194.JPEG,default
imagenet_c/motion_blur/5/ILSVRC2012_val_00024969.JPEG,default
imagenet_c/snow/2/ILSVRC2012_val_00017753.JPEG,default
imagenet_c/glass_blur/4/ILSVRC2012_val_00035976.JPEG,default
imagenet_c/snow/2/ILSVRC2012_val_00015596.JPEG,default
imagenet_c/contrast/1/ILSVRC2012_val_00042383.JPEG,default
imagenet_c/fog/3/ILSVRC2012_val_00003785.JPEG,default
imagenet_c/contrast/4/ILSVRC2012_val_00007877.JPEG,default
imagenet_c/contrast/5/ILSVRC2012_val_00042162.JPEG,default
imagenet_c/snow/1/ILSVRC2012_val_00046039.JPEG,default
imagenet_c/impulse_noise/4/ILSVRC2012_val_00044333.JPEG,default
imagenet_c/brightness/4/ILSVRC2012_val_00021076.JPEG,default
imagenet_c/impulse_noise/5/ILSVRC2012_val_00009059.JPEG,default
imagenet_c/contrast/1/ILSVRC2012_val_00001185.JPEG,default
imagenet_c/snow/1/ILSVRC2012_val_00040948.JPEG,default
imagenet_c/jpeg_compression/3/ILSVRC2012_val_00047044.JPEG,default
imagenet_c/impulse_noise/2/ILSVRC2012_val_00020910.JPEG,default
imagenet_c/impulse_noise/4/ILSVRC2012_val_00021916.JPEG,default
imagenet_c/defocus_blur/1/ILSVRC2012_val_00035914.JPEG,default
imagenet_c/elastic_transform/5/ILSVRC2012_val_00037809.JPEG,default
imagenet_c/glass_blur/5/ILSVRC2012_val_00025367.JPEG,default
imagenet_c/impulse_noise/1/ILSVRC2012_val_00021711.JPEG,default
imagenet_c/defocus_blur/1/ILSVRC2012_val_00006751.JPEG,default
imagenet_c/impulse_noise/3/ILSVRC2012_val_00044384.JPEG,default
imagenet_c/glass_blur/4/ILSVRC2012_val_00032628.JPEG,default
imagenet_c/defocus_blur/3/ILSVRC2012_val_00025598.JPEG,default
imagenet_c/defocus_blur/4/ILSVRC2012_val_00043559.JPEG,default
imagenet_c/gaussian_noise/3/ILSVRC2012_val_00046193.JPEG,default
imagenet_c/pixelate/4/ILSVRC2012_val_00014116.JPEG,default
imagenet_c/frost/1/ILSVRC2012_val_00005479.JPEG,default
imagenet_c/brightness/5/ILSVRC2012_val_00015221.JPEG,default
imagenet_c/motion_blur/2/ILSVRC2012_val_00042749.JPEG,default
imagenet_c/motion_blur/2/ILSVRC2012_val_00040317.JPEG,default
imagenet_c/jpeg_compression/1/ILSVRC2012_val_00033459.JPEG,default
imagenet_c/snow/5/ILSVRC2012_val_00002852.JPEG,default
imagenet_c/zoom_blur/2/ILSVRC2012_val_00024299.JPEG,default
imagenet_c/jpeg_compression/2/ILSVRC2012_val_00012731.JPEG,default
imagenet_c/shot_noise/1/ILSVRC2012_val_00016470.JPEG,default
imagenet_c/impulse_noise/2/ILSVRC2012_val_00026379.JPEG,default
imagenet_c/pixelate/3/ILSVRC2012_val_00009692.JPEG,default
imagenet_c/frost/3/ILSVRC2012_val_00030009.JPEG,default
imagenet_c/impulse_noise/2/ILSVRC2012_val_00020736.JPEG,default
imagenet_c/snow/2/ILSVRC2012_val_00001593.JPEG,default
imagenet_c/shot_noise/1/ILSVRC2012_val_00032036.JPEG,default
imagenet_c/motion_blur/5/ILSVRC2012_val_00022486.JPEG,default
imagenet_c/jpeg_compression/5/ILSVRC2012_val_00036901.JPEG,default
imagenet_c/jpeg_compression/3/ILSVRC2012_val_00026712.JPEG,default
imagenet_c/gaussian_noise/4/ILSVRC2012_val_00020569.JPEG,default
imagenet_c/pixelate/3/ILSVRC2012_val_00013418.JPEG,default
imagenet_c/zoom_blur/2/ILSVRC2012_val_00042225.JPEG,default
imagenet_c/gaussian_noise/4/ILSVRC2012_val_00022529.JPEG,default
imagenet_c/gaussian_noise/4/ILSVRC2012_val_00038102.JPEG,default
imagenet_c/elastic_transform/1/ILSVRC2012_val_00041994.JPEG,default
imagenet_c/brightness/4/ILSVRC2012_val_00001819.JPEG,default
imagenet_c/defocus_blur/3/ILSVRC2012_val_00047000.JPEG,default
imagenet_c/pixelate/5/ILSVRC2012_val_00031572.JPEG,default
imagenet_c/defocus_blur/5/ILSVRC2012_val_00023700.JPEG,default
imagenet_c/snow/4/ILSVRC2012_val_00012521.JPEG,default
imagenet_c/glass_blur/1/ILSVRC2012_val_00015756.JPEG,default
imagenet_c/glass_blur/1/ILSVRC2012_val_00031802.JPEG,default
imagenet_c/fog/4/ILSVRC2012_val_00012358.JPEG,default
imagenet_c/fog/2/ILSVRC2012_val_00013101.JPEG,default
imagenet_c/motion_blur/1/ILSVRC2012_val_00041452.JPEG,default
imagenet_c/gaussian_noise/3/ILSVRC2012_val_00034867.JPEG,default
imagenet_c/defocus_blur/2/ILSVRC2012_val_00016629.JPEG,default
imagenet_c/frost/2/ILSVRC2012_val_00030649.JPEG,default
imagenet_c/elastic_transform/3/ILSVRC2012_val_00029801.JPEG,default
imagenet_c/frost/1/ILSVRC2012_val_00000877.JPEG,default
imagenet_c/zoom_blur/2/ILSVRC2012_val_00014971.JPEG,default
imagenet_c/shot_noise/3/ILSVRC2012_val_00006567.JPEG,default
imagenet_c/gaussian_noise/5/ILSVRC2012_val_00016318.JPEG,default
imagenet_c/frost/4/ILSVRC2012_val_00004146.JPEG,default
imagenet_c/pixelate/4/ILSVRC2012_val_00031952.JPEG,default
imagenet_c/motion_blur/4/ILSVRC2012_val_00006831.JPEG,default
imagenet_c/glass_blur/1/ILSVRC2012_val_00032766.JPEG,default
imagenet_c/snow/2/ILSVRC2012_val_00015957.JPEG,default
imagenet_c/elastic_transform/5/ILSVRC2012_val_00047609.JPEG,default
imagenet_c/jpeg_compression/2/ILSVRC2012_val_00028814.JPEG,default
imagenet_c/fog/4/ILSVRC2012_val_00027788.JPEG,default
imagenet_c/zoom_blur/1/ILSVRC2012_val_00029177.JPEG,default
imagenet_c/motion_blur/1/ILSVRC2012_val_00031540.JPEG,default
imagenet_c/frost/4/ILSVRC2012_val_00031977.JPEG,default
imagenet_c/snow/1/ILSVRC2012_val_00016030.JPEG,default
imagenet_c/zoom_blur/1/ILSVRC2012_val_00020507.JPEG,default
imagenet_c/glass_blur/1/ILSVRC2012_val_00007925.JPEG,default
imagenet_c/defocus_blur/3/ILSVRC2012_val_00006165.JPEG,default
imagenet_c/pixelate/2/ILSVRC2012_val_00032657.JPEG,default
imagenet_c/snow/5/ILSVRC2012_val_00027376.JPEG,default
imagenet_c/motion_blur/5/ILSVRC2012_val_00020726.JPEG,default
imagenet_c/glass_blur/2/ILSVRC2012_val_00020108.JPEG,default
imagenet_c/contrast/4/ILSVRC2012_val_00043063.JPEG,default
imagenet_c/brightness/3/ILSVRC2012_val_00008805.JPEG,default
imagenet_c/zoom_blur/4/ILSVRC2012_val_00023385.JPEG,default
imagenet_c/elastic_transform/3/ILSVRC2012_val_00015141.JPEG,default
imagenet_c/motion_blur/4/ILSVRC2012_val_00001037.JPEG,default
imagenet_c/zoom_blur/3/ILSVRC2012_val_00025818.JPEG,default
imagenet_c/shot_noise/4/ILSVRC2012_val_00035063.JPEG,default
imagenet_c/contrast/3/ILSVRC2012_val_00023989.JPEG,default
imagenet_c/impulse_noise/4/ILSVRC2012_val_00022957.JPEG,default
imagenet_c/gaussian_noise/5/ILSVRC2012_val_00012895.JPEG,default
imagenet_c/impulse_noise/1/ILSVRC2012_val_00011638.JPEG,default
imagenet_c/elastic_transform/5/ILSVRC2012_val_00019972.JPEG,default
imagenet_c/defocus_blur/2/ILSVRC2012_val_00009558.JPEG,default
imagenet_c/brightness/2/ILSVRC2012_val_00011677.JPEG,default
imagenet_c/impulse_noise/2/ILSVRC2012_val_00037282.JPEG,default
imagenet_c/gaussian_noise/1/ILSVRC2012_val_00043600.JPEG,default
imagenet_c/fog/2/ILSVRC2012_val_00020991.JPEG,default
imagenet_c/motion_blur/2/ILSVRC2012_val_00033225.JPEG,default
imagenet_c/defocus_blur/1/ILSVRC2012_val_00027158.JPEG,default
imagenet_c/zoom_blur/1/ILSVRC2012_val_00043646.JPEG,default
imagenet_c/pixelate/1/ILSVRC2012_val_00046931.JPEG,default
imagenet_c/jpeg_compression/2/ILSVRC2012_val_00028779.JPEG,default
imagenet_c/snow/4/ILSVRC2012_val_00001987.JPEG,default
imagenet_c/jpeg_compression/5/ILSVRC2012_val_00018439.JPEG,default
imagenet_c/zoom_blur/2/ILSVRC2012_val_00001493.JPEG,default
imagenet_c/impulse_noise/3/ILSVRC2012_val_00041385.JPEG,default
imagenet_c/glass_blur/4/ILSVRC2012_val_00039661.JPEG,default
imagenet_c/jpeg_compression/5/ILSVRC2012_val_00017909.JPEG,default
imagenet_c/defocus_blur/2/ILSVRC2012_val_00019765.JPEG,default
imagenet_c/fog/3/ILSVRC2012_val_00033546.JPEG,default
imagenet_c/frost/2/ILSVRC2012_val_00047948.JPEG,default
imagenet_c/impulse_noise/4/ILSVRC2012_val_00025455.JPEG,default
imagenet_c/contrast/2/ILSVRC2012_val_00023954.JPEG,default
imagenet_c/elastic_transform/5/ILSVRC2012_val_00008718.JPEG,default
imagenet_c/brightness/2/ILSVRC2012_val_00048068.JPEG,default
imagenet_c/zoom_blur/3/ILSVRC2012_val_00028317.JPEG,default
imagenet_c/contrast/5/ILSVRC2012_val_00011712.JPEG,default
imagenet_c/brightness/2/ILSVRC2012_val_00000396.JPEG,default
imagenet_c/jpeg_compression/1/ILSVRC2012_val_00035994.JPEG,default
imagenet_c/brightness/3/ILSVRC2012_val_00009462.JPEG,default
imagenet_c/brightness/4/ILSVRC2012_val_00003838.JPEG,default
imagenet_c/glass_blur/2/ILSVRC2012_val_00047574.JPEG,default
imagenet_c/impulse_noise/3/ILSVRC2012_val_00029147.JPEG,default
imagenet_c/elastic_transform/2/ILSVRC2012_val_00040775.JPEG,default
imagenet_c/contrast/5/ILSVRC2012_val_00043172.JPEG,default
imagenet_c/brightness/2/ILSVRC2012_val_00006378.JPEG,default
imagenet_c/zoom_blur/4/ILSVRC2012_val_00004021.JPEG,default
imagenet_c/defocus_blur/2/ILSVRC2012_val_00040214.JPEG,default
imagenet_c/contrast/5/ILSVRC2012_val_00036589.JPEG,default
imagenet_c/glass_blur/5/ILSVRC2012_val_00039966.JPEG,default
imagenet_c/motion_blur/1/ILSVRC2012_val_00037348.JPEG,default
imagenet_c/contrast/3/ILSVRC2012_val_00025447.JPEG,default
imagenet_c/shot_noise/5/ILSVRC2012_val_00031053.JPEG,default
imagenet_c/motion_blur/2/ILSVRC2012_val_00037935.JPEG,default
imagenet_c/impulse_noise/1/ILSVRC2012_val_00019561.JPEG,default
imagenet_c/motion_blur/5/ILSVRC2012_val_00004095.JPEG,default
imagenet_c/elastic_transform/3/ILSVRC2012_val_00000679.JPEG,default
imagenet_c/zoom_blur/3/ILSVRC2012_val_00001760.JPEG,default
imagenet_c/pixelate/4/ILSVRC2012_val_00042899.JPEG,default
imagenet_c/impulse_noise/5/ILSVRC2012_val_00049535.JPEG,default
imagenet_c/frost/2/ILSVRC2012_val_00037933.JPEG,default
imagenet_c/brightness/4/ILSVRC2012_val_00004722.JPEG,default
imagenet_c/frost/5/ILSVRC2012_val_00005788.JPEG,default
imagenet_c/snow/4/ILSVRC2012_val_00023564.JPEG,default
imagenet_c/glass_blur/4/ILSVRC2012_val_00013917.JPEG,default
imagenet_c/glass_blur/1/ILSVRC2012_val_00005072.JPEG,default
imagenet_c/motion_blur/4/ILSVRC2012_val_00046006.JPEG,default
imagenet_c/defocus_blur/4/ILSVRC2012_val_00020950.JPEG,default
imagenet_c/contrast/3/ILSVRC2012_val_00023476.JPEG,default
imagenet_c/jpeg_compression/3/ILSVRC2012_val_00033423.JPEG,default
imagenet_c/elastic_transform/1/ILSVRC2012_val_00042932.JPEG,default
imagenet_c/pixelate/1/ILSVRC2012_val_00044649.JPEG,default
imagenet_c/pixelate/5/ILSVRC2012_val_00016872.JPEG,default
imagenet_c/glass_blur/1/ILSVRC2012_val_00034289.JPEG,default
imagenet_c/motion_blur/4/ILSVRC2012_val_00017806.JPEG,default
imagenet_c/contrast/1/ILSVRC2012_val_00007126.JPEG,default
imagenet_c/pixelate/4/ILSVRC2012_val_00020683.JPEG,default
imagenet_c/frost/1/ILSVRC2012_val_00046040.JPEG,default
imagenet_c/defocus_blur/4/ILSVRC2012_val_00028600.JPEG,default
imagenet_c/brightness/4/ILSVRC2012_val_00044393.JPEG,default
imagenet_c/pixelate/2/ILSVRC2012_val_00010507.JPEG,default
imagenet_c/impulse_noise/1/ILSVRC2012_val_00007312.JPEG,default
imagenet_c/motion_blur/4/ILSVRC2012_val_00023344.JPEG,default
imagenet_c/motion_blur/2/ILSVRC2012_val_00043130.JPEG,default
imagenet_c/snow/5/ILSVRC2012_val_00018393.JPEG,default
imagenet_c/impulse_noise/5/ILSVRC2012_val_00024630.JPEG,default
imagenet_c/elastic_transform/2/ILSVRC2012_val_00024098.JPEG,default
imagenet_c/motion_blur/1/ILSVRC2012_val_00027946.JPEG,default
imagenet_c/snow/5/ILSVRC2012_val_00022189.JPEG,default
imagenet_c/contrast/3/ILSVRC2012_val_00026138.JPEG,default
imagenet_c/fog/4/ILSVRC2012_val_00044591.JPEG,default
imagenet_c/pixelate/3/ILSVRC2012_val_00045392.JPEG,default
imagenet_c/gaussian_noise/5/ILSVRC2012_val_00039113.JPEG,default
imagenet_c/contrast/2/ILSVRC2012_val_00002846.JPEG,default
imagenet_c/zoom_blur/4/ILSVRC2012_val_00020587.JPEG,default
imagenet_c/snow/4/ILSVRC2012_val_00028119.JPEG,default
imagenet_c/brightness/1/ILSVRC2012_val_00017454.JPEG,default
imagenet_c/gaussian_noise/1/ILSVRC2012_val_00023338.JPEG,default
imagenet_c/brightness/4/ILSVRC2012_val_00033167.JPEG,default
imagenet_c/jpeg_compression/1/ILSVRC2012_val_00031380.JPEG,default
imagenet_c/impulse_noise/4/ILSVRC2012_val_00040000.JPEG,default
imagenet_c/elastic_transform/5/ILSVRC2012_val_00047230.JPEG,default
imagenet_c/glass_blur/3/ILSVRC2012_val_00042038.JPEG,default
imagenet_c/jpeg_compression/5/ILSVRC2012_val_00002539.JPEG,default
imagenet_c/motion_blur/2/ILSVRC2012_val_00036227.JPEG,default
imagenet_c/elastic_transform/3/ILSVRC2012_val_00001461.JPEG,default
imagenet_c/glass_blur/2/ILSVRC2012_val_00033098.JPEG,default
imagenet_c/fog/1/ILSVRC2012_val_00049056.JPEG,default
imagenet_c/fog/1/ILSVRC2012_val_00010421.JPEG,default
imagenet_c/elastic_transform/5/ILSVRC2012_val_00002395.JPEG,default
imagenet_c/impulse_noise/3/ILSVRC2012_val_00025999.JPEG,default
imagenet_c/contrast/2/ILSVRC2012_val_00046239.JPEG,default
imagenet_c/impulse_noise/1/ILSVRC2012_val_00023097.JPEG,default
imagenet_c/pixelate/3/ILSVRC2012_val_00031932.JPEG,default
imagenet_c/gaussian_noise/3/ILSVRC2012_val_00043823.JPEG,default
imagenet_c/snow/4/ILSVRC2012_val_00042998.JPEG,default
imagenet_c/glass_blur/3/ILSVRC2012_val_00035974.JPEG,default
imagenet_c/pixelate/3/ILSVRC2012_val_00022767.JPEG,default
imagenet_c/shot_noise/5/ILSVRC2012_val_00028208.JPEG,default
imagenet_c/jpeg_compression/1/ILSVRC2012_val_00035287.JPEG,default
imagenet_c/snow/1/ILSVRC2012_val_00039299.JPEG,default
imagenet_c/fog/5/ILSVRC2012_val_00032072.JPEG,default
imagenet_c/brightness/5/ILSVRC2012_val_00008245.JPEG,default
imagenet_c/frost/1/ILSVRC2012_val_00025543.JPEG,default
imagenet_c/gaussian_noise/2/ILSVRC2012_val_00014023.JPEG,default
imagenet_c/contrast/4/ILSVRC2012_val_00035250.JPEG,default
imagenet_c/elastic_transform/1/ILSVRC2012_val_00016887.JPEG,default
imagenet_c/gaussian_noise/4/ILSVRC2012_val_00015987.JPEG,default
imagenet_c/contrast/5/ILSVRC2012_val_00047472.JPEG,default
imagenet_c/gaussian_noise/5/ILSVRC2012_val_00026481.JPEG,default
imagenet_c/fog/5/ILSVRC2012_val_00009852.JPEG,default
imagenet_c/motion_blur/2/ILSVRC2012_val_00018248.JPEG,default
imagenet_c/gaussian_noise/4/ILSVRC2012_val_00036845.JPEG,default
imagenet_c/fog/3/ILSVRC2012_val_00031776.JPEG,default
imagenet_c/elastic_transform/3/ILSVRC2012_val_00035938.JPEG,default
imagenet_c/jpeg_compression/4/ILSVRC2012_val_00011851.JPEG,default
imagenet_c/zoom_blur/5/ILSVRC2012_val_00023021.JPEG,default
imagenet_c/motion_blur/3/ILSVRC2012_val_00022866.JPEG,default
imagenet_c/contrast/1/ILSVRC2012_val_00033708.JPEG,default
imagenet_c/contrast/1/ILSVRC2012_val_00037024.JPEG,default
imagenet_c/fog/4/ILSVRC2012_val_00001563.JPEG,default
imagenet_c/glass_blur/4/ILSVRC2012_val_00048846.JPEG,default
imagenet_c/motion_blur/2/ILSVRC2012_val_00036675.JPEG,default
imagenet_c/glass_blur/4/ILSVRC2012_val_00000576.JPEG,default
imagenet_c/glass_blur/1/ILSVRC2012_val_00042021.JPEG,default
imagenet_c/frost/1/ILSVRC2012_val_00038553.JPEG,default
imagenet_c/brightness/2/ILSVRC2012_val_00007932.JPEG,default
imagenet_c/zoom_blur/2/ILSVRC2012_val_00034652.JPEG,default
imagenet_c/frost/4/ILSVRC2012_val_00026244.JPEG,default
imagenet_c/contrast/4/ILSVRC2012_val_00043062.JPEG,default
imagenet_c/pixelate/3/ILSVRC2012_val_00004503.JPEG,default
imagenet_c/impulse_noise/5/ILSVRC2012_val_00009562.JPEG,default
imagenet_c/pixelate/5/ILSVRC2012_val_00013008.JPEG,default
imagenet_c/zoom_blur/5/ILSVRC2012_val_00018412.JPEG,default
imagenet_c/fog/3/ILSVRC2012_val_00029472.JPEG,default
imagenet_c/brightness/4/ILSVRC2012_val_00007168.JPEG,default
imagenet_c/jpeg_compression/4/ILSVRC2012_val_00040359.JPEG,default
imagenet_c/frost/5/ILSVRC2012_val_00025872.JPEG,default
imagenet_c/pixelate/4/ILSVRC2012_val_00024381.JPEG,default
imagenet_c/impulse_noise/1/ILSVRC2012_val_00003823.JPEG,default
imagenet_c/contrast/3/ILSVRC2012_val_00046534.JPEG,default
imagenet_c/impulse_noise/1/ILSVRC2012_val_00001163.JPEG,default
imagenet_c/brightness/4/ILSVRC2012_val_00048027.JPEG,default
imagenet_c/pixelate/1/ILSVRC2012_val_00042071.JPEG,default
imagenet_c/pixelate/2/ILSVRC2012_val_00029991.JPEG,default
imagenet_c/motion_blur/1/ILSVRC2012_val_00025262.JPEG,default
imagenet_c/zoom_blur/5/ILSVRC2012_val_00034129.JPEG,default
imagenet_c/glass_blur/4/ILSVRC2012_val_00013822.JPEG,default
imagenet_c/frost/3/ILSVRC2012_val_00043395.JPEG,default
imagenet_c/defocus_blur/3/ILSVRC2012_val_00024030.JPEG,default
imagenet_c/zoom_blur/5/ILSVRC2012_val_00023118.JPEG,default
imagenet_c/frost/2/ILSVRC2012_val_00006687.JPEG,default
imagenet_c/impulse_noise/5/ILSVRC2012_val_00045408.JPEG,default
imagenet_c/fog/2/ILSVRC2012_val_00044966.JPEG,default
imagenet_c/gaussian_noise/2/ILSVRC2012_val_00020514.JPEG,default
imagenet_c/contrast/2/ILSVRC2012_val_00028570.JPEG,default
imagenet_c/shot_noise/3/ILSVRC2012_val_00024467.JPEG,default
imagenet_c/fog/4/ILSVRC2012_val_00005800.JPEG,default
imagenet_c/frost/5/ILSVRC2012_val_00037145.JPEG,default
imagenet_c/glass_blur/5/ILSVRC2012_val_00043415.JPEG,default
imagenet_c/defocus_blur/3/ILSVRC2012_val_00018036.JPEG,default
imagenet_c/shot_noise/5/ILSVRC2012_val_00027008.JPEG,default
imagenet_c/contrast/3/ILSVRC2012_val_00020744.JPEG,default
imagenet_c/snow/2/ILSVRC2012_val_00024121.JPEG,default
imagenet_c/jpeg_compression/1/ILSVRC2012_val_00045263.JPEG,default
imagenet_c/zoom_blur/2/ILSVRC2012_val_00046710.JPEG,default
imagenet_c/impulse_noise/4/ILSVRC2012_val_00047094.JPEG,default
imagenet_c/defocus_blur/2/ILSVRC2012_val_00004340.JPEG,default
imagenet_c/shot_noise/5/ILSVRC2012_val_00008008.JPEG,default
imagenet_c/defocus_blur/5/ILSVRC2012_val_00036702.JPEG,default
imagenet_c/gaussian_noise/2/ILSVRC2012_val_00014903.JPEG,default
imagenet_c/impulse_noise/1/ILSVRC2012_val_00015690.JPEG,default
imagenet_c/fog/4/ILSVRC2012_val_00009419.JPEG,default
imagenet_c/impulse_noise/1/ILSVRC2012_val_00033888.JPEG,default
imagenet_c/motion_blur/1/ILSVRC2012_val_00005733.JPEG,default
imagenet_c/brightness/3/ILSVRC2012_val_00008236.JPEG,default
imagenet_c/fog/3/ILSVRC2012_val_00025758.JPEG,default
imagenet_c/glass_blur/5/ILSVRC2012_val_00008221.JPEG,default
imagenet_c/gaussian_noise/1/ILSVRC2012_val_00045393.JPEG,default
imagenet_c/defocus_blur/5/ILSVRC2012_val_00048142.JPEG,default
imagenet_c/jpeg_compression/3/ILSVRC2012_val_00045200.JPEG,default
imagenet_c/defocus_blur/2/ILSVRC2012_val_00046307.JPEG,default
imagenet_c/jpeg_compression/3/ILSVRC2012_val_00017252.JPEG,default
imagenet_c/defocus_blur/1/ILSVRC2012_val_00032617.JPEG,default
imagenet_c/snow/3/ILSVRC2012_val_00024106.JPEG,default
imagenet_c/contrast/4/ILSVRC2012_val_00043635.JPEG,default
imagenet_c/zoom_blur/5/ILSVRC2012_val_00004697.JPEG,default
imagenet_c/frost/3/ILSVRC2012_val_00005908.JPEG,default
imagenet_c/contrast/5/ILSVRC2012_val_00007664.JPEG,default
imagenet_c/frost/4/ILSVRC2012_val_00033259.JPEG,default
imagenet_c/brightness/2/ILSVRC2012_val_00038476.JPEG,default
imagenet_c/impulse_noise/5/ILSVRC2012_val_00044903.JPEG,default
imagenet_c/motion_blur/4/ILSVRC2012_val_00014256.JPEG,default
imagenet_c/fog/4/ILSVRC2012_val_00006457.JPEG,default
imagenet_c/defocus_blur/5/ILSVRC2012_val_00036044.JPEG,default
imagenet_c/contrast/1/ILSVRC2012_val_00005873.JPEG,default
imagenet_c/glass_blur/2/ILSVRC2012_val_00011894.JPEG,default
imagenet_c/contrast/2/ILSVRC2012_val_00032985.JPEG,default
imagenet_c/shot_noise/1/ILSVRC2012_val_00017251.JPEG,default
imagenet_c/defocus_blur/2/ILSVRC2012_val_00015665.JPEG,default
imagenet_c/impulse_noise/5/ILSVRC2012_val_00020443.JPEG,default
imagenet_c/gaussian_noise/2/ILSVRC2012_val_00049966.JPEG,default
imagenet_c/defocus_blur/3/ILSVRC2012_val_00002974.JPEG,default
imagenet_c/brightness/1/ILSVRC2012_val_00013610.JPEG,default
imagenet_c/fog/1/ILSVRC2012_val_00037397.JPEG,default
imagenet_c/brightness/4/ILSVRC2012_val_00038418.JPEG,default
imagenet_c/brightness/4/ILSVRC2012_val_00012508.JPEG,default
imagenet_c/fog/1/ILSVRC2012_val_00008746.JPEG,default
imagenet_c/brightness/1/ILSVRC2012_val_00039463.JPEG,default
imagenet_c/frost/3/ILSVRC2012_val_00024530.JPEG,default
imagenet_c/pixelate/5/ILSVRC2012_val_00045643.JPEG,default
imagenet_c/fog/4/ILSVRC2012_val_00030507.JPEG,default
imagenet_c/impulse_noise/1/ILSVRC2012_val_00019024.JPEG,default
imagenet_c/fog/3/ILSVRC2012_val_00026068.JPEG,default
imagenet_c/defocus_blur/4/ILSVRC2012_val_00015624.JPEG,default
imagenet_c/contrast/2/ILSVRC2012_val_00049553.JPEG,default
imagenet_c/gaussian_noise/2/ILSVRC2012_val_00030629.JPEG,default
imagenet_c/brightness/4/ILSVRC2012_val_00011375.JPEG,default
imagenet_c/jpeg_compression/1/ILSVRC2012_val_00029948.JPEG,default
imagenet_c/impulse_noise/1/ILSVRC2012_val_00008549.JPEG,default
imagenet_c/contrast/5/ILSVRC2012_val_00018780.JPEG,default
imagenet_c/snow/2/ILSVRC2012_val_00005901.JPEG,default
imagenet_c/fog/3/ILSVRC2012_val_00032492.JPEG,default
imagenet_c/snow/2/ILSVRC2012_val_00048203.JPEG,default
imagenet_c/gaussian_noise/2/ILSVRC2012_val_00020749.JPEG,default
imagenet_c/shot_noise/1/ILSVRC2012_val_00036972.JPEG,default
imagenet_c/pixelate/2/ILSVRC2012_val_00018128.JPEG,default
imagenet_c/fog/5/ILSVRC2012_val_00001357.JPEG,default
imagenet_c/fog/1/ILSVRC2012_val_00011778.JPEG,default
imagenet_c/motion_blur/4/ILSVRC2012_val_00000744.JPEG,default
imagenet_c/pixelate/3/ILSVRC2012_val_00017887.JPEG,default
imagenet_c/pixelate/4/ILSVRC2012_val_00041838.JPEG,default
imagenet_c/zoom_blur/5/ILSVRC2012_val_00029070.JPEG,default
imagenet_c/glass_blur/3/ILSVRC2012_val_00000415.JPEG,default
imagenet_c/glass_blur/2/ILSVRC2012_val_00046903.JPEG,default
imagenet_c/motion_blur/4/ILSVRC2012_val_00041850.JPEG,default
imagenet_c/elastic_transform/4/ILSVRC2012_val_00007973.JPEG,default
imagenet_c/zoom_blur/2/ILSVRC2012_val_00037572.JPEG,default
imagenet_c/snow/5/ILSVRC2012_val_00032350.JPEG,default
imagenet_c/defocus_blur/3/ILSVRC2012_val_00044677.JPEG,default
imagenet_c/impulse_noise/2/ILSVRC2012_val_00012488.JPEG,default
imagenet_c/glass_blur/5/ILSVRC2012_val_00043899.JPEG,default
imagenet_c/zoom_blur/2/ILSVRC2012_val_00039907.JPEG,default
imagenet_c/elastic_transform/1/ILSVRC2012_val_00042586.JPEG,default
imagenet_c/frost/3/ILSVRC2012_val_00037337.JPEG,default
imagenet_c/impulse_noise/3/ILSVRC2012_val_00036969.JPEG,default
imagenet_c/pixelate/1/ILSVRC2012_val_00025667.JPEG,default
imagenet_c/brightness/5/ILSVRC2012_val_00016195.JPEG,default
imagenet_c/fog/1/ILSVRC2012_val_00013794.JPEG,default
imagenet_c/frost/2/ILSVRC2012_val_00047073.JPEG,default
imagenet_c/gaussian_noise/2/ILSVRC2012_val_00018602.JPEG,default
imagenet_c/shot_noise/3/ILSVRC2012_val_00020179.JPEG,default
imagenet_c/glass_blur/5/ILSVRC2012_val_00045520.JPEG,default
imagenet_c/frost/3/ILSVRC2012_val_00043927.JPEG,default
imagenet_c/glass_blur/5/ILSVRC2012_val_00026155.JPEG,default
imagenet_c/frost/5/ILSVRC2012_val_00042480.JPEG,default
imagenet_c/defocus_blur/5/ILSVRC2012_val_00030887.JPEG,default
imagenet_c/snow/4/ILSVRC2012_val_00039426.JPEG,default
imagenet_c/glass_blur/2/ILSVRC2012_val_00028395.JPEG,default
imagenet_c/contrast/5/ILSVRC2012_val_00029298.JPEG,default
imagenet_c/jpeg_compression/3/ILSVRC2012_val_00019022.JPEG,default
imagenet_c/jpeg_compression/3/ILSVRC2012_val_00044933.JPEG,default
imagenet_c/contrast/4/ILSVRC2012_val_00025764.JPEG,default
imagenet_c/fog/1/ILSVRC2012_val_00007343.JPEG,default
imagenet_c/frost/3/ILSVRC2012_val_00004627.JPEG,default
imagenet_c/defocus_blur/4/ILSVRC2012_val_00018532.JPEG,default
imagenet_c/shot_noise/3/ILSVRC2012_val_00042661.JPEG,default
imagenet_c/impulse_noise/4/ILSVRC2012_val_00041751.JPEG,default
imagenet_c/motion_blur/1/ILSVRC2012_val_00027274.JPEG,default
imagenet_c/contrast/1/ILSVRC2012_val_00000067.JPEG,default
imagenet_c/contrast/1/ILSVRC2012_val_00011218.JPEG,default
imagenet_c/glass_blur/1/ILSVRC2012_val_00033088.JPEG,default
imagenet_c/snow/1/ILSVRC2012_val_00015958.JPEG,default
imagenet_c/frost/2/ILSVRC2012_val_00033331.JPEG,default
imagenet_c/brightness/1/ILSVRC2012_val_00038663.JPEG,default
imagenet_c/brightness/5/ILSVRC2012_val_00042693.JPEG,default
imagenet_c/snow/2/ILSVRC2012_val_00001329.JPEG,default
imagenet_c/motion_blur/3/ILSVRC2012_val_00011884.JPEG,default
imagenet_c/pixelate/2/ILSVRC2012_val_00049621.JPEG,default
imagenet_c/glass_blur/3/ILSVRC2012_val_00028325.JPEG,default
imagenet_c/shot_noise/5/ILSVRC2012_val_00034301.JPEG,default
imagenet_c/defocus_blur/5/ILSVRC2012_val_00045140.JPEG,default
imagenet_c/gaussian_noise/4/ILSVRC2012_val_00049052.JPEG,default
imagenet_c/snow/1/ILSVRC2012_val_00005805.JPEG,default
imagenet_c/snow/5/ILSVRC2012_val_00009839.JPEG,default
imagenet_c/jpeg_compression/1/ILSVRC2012_val_00008907.JPEG,default
imagenet_c/brightness/2/ILSVRC2012_val_00005301.JPEG,default
imagenet_c/pixelate/1/ILSVRC2012_val_00019085.JPEG,default
imagenet_c/fog/5/ILSVRC2012_val_00016425.JPEG,default
imagenet_c/glass_blur/4/ILSVRC2012_val_00006520.JPEG,default
imagenet_c/snow/5/ILSVRC2012_val_00006999.JPEG,default
imagenet_c/shot_noise/4/ILSVRC2012_val_00000940.JPEG,default
imagenet_c/gaussian_noise/2/ILSVRC2012_val_00028153.JPEG,default
imagenet_c/brightness/4/ILSVRC2012_val_00041827.JPEG,default
imagenet_c/impulse_noise/2/ILSVRC2012_val_00038330.JPEG,default
imagenet_c/defocus_blur/1/ILSVRC2012_val_00022626.JPEG,default
imagenet_c/shot_noise/2/ILSVRC2012_val_00021120.JPEG,default
imagenet_c/elastic_transform/3/ILSVRC2012_val_00014040.JPEG,default
imagenet_c/defocus_blur/3/ILSVRC2012_val_00031435.JPEG,default
imagenet_c/zoom_blur/3/ILSVRC2012_val_00028912.JPEG,default
imagenet_c/contrast/4/ILSVRC2012_val_00008736.JPEG,default
imagenet_c/elastic_transform/3/ILSVRC2012_val_00046362.JPEG,default
imagenet_c/pixelate/1/ILSVRC2012_val_00041445.JPEG,default
imagenet_c/defocus_blur/3/ILSVRC2012_val_00005975.JPEG,default
imagenet_c/contrast/5/ILSVRC2012_val_00026606.JPEG,default
imagenet_c/defocus_blur/4/ILSVRC2012_val_00042930.JPEG,default
imagenet_c/snow/2/ILSVRC2012_val_00010248.JPEG,default
imagenet_c/glass_blur/4/ILSVRC2012_val_00036967.JPEG,default
imagenet_c/defocus_blur/1/ILSVRC2012_val_00036778.JPEG,default
imagenet_c/fog/3/ILSVRC2012_val_00008498.JPEG,default
imagenet_c/elastic_transform/3/ILSVRC2012_val_00010137.JPEG,default
imagenet_c/zoom_blur/5/ILSVRC2012_val_00003551.JPEG,default
imagenet_c/pixelate/5/ILSVRC2012_val_00027599.JPEG,default
imagenet_c/pixelate/3/ILSVRC2012_val_00026297.JPEG,default
imagenet_c/glass_blur/1/ILSVRC2012_val_00032146.JPEG,default
imagenet_c/motion_blur/1/ILSVRC2012_val_00002300.JPEG,default
imagenet_c/pixelate/4/ILSVRC2012_val_00014545.JPEG,default
imagenet_c/impulse_noise/4/ILSVRC2012_val_00036384.JPEG,default
imagenet_c/contrast/1/ILSVRC2012_val_00002570.JPEG,default
imagenet_c/gaussian_noise/2/ILSVRC2012_val_00012898.JPEG,default
imagenet_c/shot_noise/4/ILSVRC2012_val_00022887.JPEG,default
imagenet_c/fog/1/ILSVRC2012_val_00030404.JPEG,default
imagenet_c/fog/4/ILSVRC2012_val_00002030.JPEG,default
imagenet_c/defocus_blur/1/ILSVRC2012_val_00014458.JPEG,default
imagenet_c/fog/5/ILSVRC2012_val_00013845.JPEG,default
imagenet_c/pixelate/3/ILSVRC2012_val_00016200.JPEG,default
imagenet_c/pixelate/4/ILSVRC2012_val_00012499.JPEG,default
imagenet_c/motion_blur/1/ILSVRC2012_val_00041401.JPEG,default
imagenet_c/gaussian_noise/3/ILSVRC2012_val_00034716.JPEG,default
imagenet_c/brightness/3/ILSVRC2012_val_00018952.JPEG,default
imagenet_c/snow/1/ILSVRC2012_val_00003359.JPEG,default
imagenet_c/jpeg_compression/3/ILSVRC2012_val_00044127.JPEG,default
imagenet_c/snow/2/ILSVRC2012_val_00009993.JPEG,default
imagenet_c/shot_noise/3/ILSVRC2012_val_00048269.JPEG,default
imagenet_c/impulse_noise/5/ILSVRC2012_val_00047432.JPEG,default
imagenet_c/defocus_blur/3/ILSVRC2012_val_00038901.JPEG,default
imagenet_c/shot_noise/2/ILSVRC2012_val_00028889.JPEG,default
imagenet_c/frost/3/ILSVRC2012_val_00041675.JPEG,default
imagenet_c/zoom_blur/3/ILSVRC2012_val_00032313.JPEG,default
imagenet_c/contrast/3/ILSVRC2012_val_00027878.JPEG,default
imagenet_c/contrast/2/ILSVRC2012_val_00009141.JPEG,default
imagenet_c/brightness/3/ILSVRC2012_val_00005058.JPEG,default
imagenet_c/snow/3/ILSVRC2012_val_00043560.JPEG,default
imagenet_c/pixelate/3/ILSVRC2012_val_00042456.JPEG,default
imagenet_c/impulse_noise/4/ILSVRC2012_val_00011643.JPEG,default
imagenet_c/glass_blur/1/ILSVRC2012_val_00037660.JPEG,default
imagenet_c/jpeg_compression/1/ILSVRC2012_val_00016836.JPEG,default
imagenet_c/fog/2/ILSVRC2012_val_00047927.JPEG,default
imagenet_c/fog/3/ILSVRC2012_val_00032621.JPEG,default
imagenet_c/elastic_transform/1/ILSVRC2012_val_00039043.JPEG,default
imagenet_c/frost/5/ILSVRC2012_val_00014410.JPEG,default
imagenet_c/frost/5/ILSVRC2012_val_00022239.JPEG,default
imagenet_c/motion_blur/3/ILSVRC2012_val_00037359.JPEG,default
imagenet_c/glass_blur/4/ILSVRC2012_val_00041690.JPEG,default
imagenet_c/shot_noise/2/ILSVRC2012_val_00022983.JPEG,default
imagenet_c/jpeg_compression/4/ILSVRC2012_val_00019425.JPEG,default
imagenet_c/fog/4/ILSVRC2012_val_00018111.JPEG,default
imagenet_c/brightness/1/ILSVRC2012_val_00024457.JPEG,default
imagenet_c/brightness/5/ILSVRC2012_val_00003942.JPEG,default
imagenet_c/glass_blur/5/ILSVRC2012_val_00046894.JPEG,default
imagenet_c/snow/3/ILSVRC2012_val_00042155.JPEG,default
imagenet_c/jpeg_compression/4/ILSVRC2012_val_00027585.JPEG,default
imagenet_c/gaussian_noise/2/ILSVRC2012_val_00041450.JPEG,default
imagenet_c/impulse_noise/5/ILSVRC2012_val_00016705.JPEG,default
imagenet_c/jpeg_compression/5/ILSVRC2012_val_00012303.JPEG,default
imagenet_c/elastic_transform/5/ILSVRC2012_val_00016226.JPEG,default
imagenet_c/jpeg_compression/3/ILSVRC2012_val_00043302.JPEG,default
imagenet_c/contrast/1/ILSVRC2012_val_00026308.JPEG,default
imagenet_c/elastic_transform/4/ILSVRC2012_val_00017022.JPEG,default
imagenet_c/elastic_transform/1/ILSVRC2012_val_00047978.JPEG,default
imagenet_c/brightness/1/ILSVRC2012_val_00026452.JPEG,default
imagenet_c/elastic_transform/1/ILSVRC2012_val_00031105.JPEG,default
imagenet_c/brightness/2/ILSVRC2012_val_00027167.JPEG,default
imagenet_c/pixelate/2/ILSVRC2012_val_00049914.JPEG,default
imagenet_c/frost/3/ILSVRC2012_val_00045061.JPEG,default
imagenet_c/fog/4/ILSVRC2012_val_00010122.JPEG,default
imagenet_c/frost/1/ILSVRC2012_val_00023483.JPEG,default
imagenet_c/motion_blur/1/ILSVRC2012_val_00018485.JPEG,default
imagenet_c/motion_blur/4/ILSVRC2012_val_00009481.JPEG,default
imagenet_c/gaussian_noise/2/ILSVRC2012_val_00034318.JPEG,default
imagenet_c/shot_noise/5/ILSVRC2012_val_00005706.JPEG,default
imagenet_c/glass_blur/3/ILSVRC2012_val_00012480.JPEG,default
imagenet_c/fog/4/ILSVRC2012_val_00012672.JPEG,default
imagenet_c/defocus_blur/4/ILSVRC2012_val_00028615.JPEG,default
imagenet_c/pixelate/4/ILSVRC2012_val_00020298.JPEG,default
imagenet_c/fog/1/ILSVRC2012_val_00049410.JPEG,default
imagenet_c/shot_noise/5/ILSVRC2012_val_00040123.JPEG,default
imagenet_c/pixelate/5/ILSVRC2012_val_00012418.JPEG,default
imagenet_c/glass_blur/5/ILSVRC2012_val_00022381.JPEG,default
imagenet_c/snow/1/ILSVRC2012_val_00025725.JPEG,default
imagenet_c/impulse_noise/4/ILSVRC2012_val_00024410.JPEG,default
imagenet_c/glass_blur/4/ILSVRC2012_val_00039434.JPEG,default
imagenet_c/zoom_blur/5/ILSVRC2012_val_00025840.JPEG,default
imagenet_c/snow/5/ILSVRC2012_val_00025411.JPEG,default
imagenet_c/defocus_blur/4/ILSVRC2012_val_00036200.JPEG,default
imagenet_c/shot_noise/4/ILSVRC2012_val_00036192.JPEG,default
imagenet_c/frost/3/ILSVRC2012_val_00041593.JPEG,default
imagenet_c/defocus_blur/4/ILSVRC2012_val_00042889.JPEG,default
imagenet_c/elastic_transform/1/ILSVRC2012_val_00028852.JPEG,default
imagenet_c/fog/2/ILSVRC2012_val_00035086.JPEG,default
imagenet_c/shot_noise/1/ILSVRC2012_val_00030258.JPEG,default
imagenet_c/contrast/3/ILSVRC2012_val_00034595.JPEG,default
imagenet_c/shot_noise/4/ILSVRC2012_val_00048902.JPEG,default
imagenet_c/snow/5/ILSVRC2012_val_00047674.JPEG,default
imagenet_c/contrast/5/ILSVRC2012_val_00043904.JPEG,default
imagenet_c/glass_blur/4/ILSVRC2012_val_00029162.JPEG,default
imagenet_c/glass_blur/1/ILSVRC2012_val_00011651.JPEG,default
imagenet_c/shot_noise/2/ILSVRC2012_val_00046587.JPEG,default
imagenet_c/motion_blur/1/ILSVRC2012_val_00003875.JPEG,default
imagenet_c/elastic_transform/3/ILSVRC2012_val_00041924.JPEG,default
imagenet_c/shot_noise/3/ILSVRC2012_val_00038633.JPEG,default
imagenet_c/impulse_noise/4/ILSVRC2012_val_00038214.JPEG,default
imagenet_c/contrast/5/ILSVRC2012_val_00048338.JPEG,default
imagenet_c/impulse_noise/5/ILSVRC2012_val_00044708.JPEG,default
imagenet_c/snow/1/ILSVRC2012_val_00016170.JPEG,default
imagenet_c/jpeg_compression/4/ILSVRC2012_val_00024870.JPEG,default
imagenet_c/frost/4/ILSVRC2012_val_00046463.JPEG,default
imagenet_c/defocus_blur/2/ILSVRC2012_val_00049301.JPEG,default
imagenet_c/gaussian_noise/4/ILSVRC2012_val_00015597.JPEG,default
imagenet_c/contrast/1/ILSVRC2012_val_00014350.JPEG,default
imagenet_c/frost/4/ILSVRC2012_val_00029204.JPEG,default
imagenet_c/elastic_transform/3/ILSVRC2012_val_00009532.JPEG,default
imagenet_c/pixelate/4/ILSVRC2012_val_00016517.JPEG,default
imagenet_c/zoom_blur/5/ILSVRC2012_val_00028815.JPEG,default
imagenet_c/pixelate/1/ILSVRC2012_val_00025056.JPEG,default
imagenet_c/contrast/1/ILSVRC2012_val_00003475.JPEG,default
imagenet_c/contrast/5/ILSVRC2012_val_00033183.JPEG,default
imagenet_c/shot_noise/4/ILSVRC2012_val_00024867.JPEG,default
imagenet_c/glass_blur/5/ILSVRC2012_val_00002715.JPEG,default
imagenet_c/zoom_blur/5/ILSVRC2012_val_00032056.JPEG,default
imagenet_c/fog/5/ILSVRC2012_val_00028933.JPEG,default
imagenet_c/gaussian_noise/1/ILSVRC2012_val_00037882.JPEG,default
imagenet_c/jpeg_compression/3/ILSVRC2012_val_00031262.JPEG,default
imagenet_c/contrast/3/ILSVRC2012_val_00045343.JPEG,default
imagenet_c/brightness/5/ILSVRC2012_val_00049763.JPEG,default
imagenet_c/brightness/4/ILSVRC2012_val_00047370.JPEG,default
imagenet_c/gaussian_noise/3/ILSVRC2012_val_00040789.JPEG,default
imagenet_c/defocus_blur/2/ILSVRC2012_val_00031015.JPEG,default
imagenet_c/jpeg_compression/4/ILSVRC2012_val_00048351.JPEG,default
imagenet_c/jpeg_compression/1/ILSVRC2012_val_00034684.JPEG,default
imagenet_c/glass_blur/1/ILSVRC2012_val_00020511.JPEG,default
imagenet_c/elastic_transform/4/ILSVRC2012_val_00008705.JPEG,default
imagenet_c/frost/1/ILSVRC2012_val_00018793.JPEG,default
imagenet_c/zoom_blur/5/ILSVRC2012_val_00019368.JPEG,default
imagenet_c/glass_blur/4/ILSVRC2012_val_00017157.JPEG,default
imagenet_c/impulse_noise/2/ILSVRC2012_val_00033014.JPEG,default
imagenet_c/snow/3/ILSVRC2012_val_00034605.JPEG,default
imagenet_c/fog/2/ILSVRC2012_val_00033808.JPEG,default
imagenet_c/contrast/5/ILSVRC2012_val_00013423.JPEG,default
imagenet_c/frost/3/ILSVRC2012_val_00023601.JPEG,default
imagenet_c/zoom_blur/3/ILSVRC2012_val_00020970.JPEG,default
imagenet_c/glass_blur/1/ILSVRC2012_val_00019859.JPEG,default
imagenet_c/fog/1/ILSVRC2012_val_00026314.JPEG,default
imagenet_c/motion_blur/1/ILSVRC2012_val_00031099.JPEG,default
imagenet_c/gaussian_noise/3/ILSVRC2012_val_00033512.JPEG,default
imagenet_c/impulse_noise/4/ILSVRC2012_val_00010639.JPEG,default
imagenet_c/contrast/5/ILSVRC2012_val_00007370.JPEG,default
imagenet_c/motion_blur/3/ILSVRC2012_val_00026115.JPEG,default
imagenet_c/gaussian_noise/3/ILSVRC2012_val_00023550.JPEG,default
imagenet_c/jpeg_compression/2/ILSVRC2012_val_00012779.JPEG,default
imagenet_c/brightness/3/ILSVRC2012_val_00016554.JPEG,default
imagenet_c/fog/2/ILSVRC2012_val_00035361.JPEG,default
imagenet_c/snow/5/ILSVRC2012_val_00010725.JPEG,default
imagenet_c/contrast/3/ILSVRC2012_val_00038232.JPEG,default
imagenet_c/pixelate/3/ILSVRC2012_val_00013525.JPEG,default
imagenet_c/fog/5/ILSVRC2012_val_00011525.JPEG,default
imagenet_c/pixelate/5/ILSVRC2012_val_00029605.JPEG,default
imagenet_c/elastic_transform/2/ILSVRC2012_val_00001124.JPEG,default
imagenet_c/gaussian_noise/1/ILSVRC2012_val_00025710.JPEG,default
imagenet_c/glass_blur/3/ILSVRC2012_val_00011453.JPEG,default
imagenet_c/glass_blur/2/ILSVRC2012_val_00035711.JPEG,default
imagenet_c/contrast/2/ILSVRC2012_val_00004965.JPEG,default
imagenet_c/fog/3/ILSVRC2012_val_00038639.JPEG,default
imagenet_c/contrast/1/ILSVRC2012_val_00043052.JPEG,default
imagenet_c/shot_noise/3/ILSVRC2012_val_00021080.JPEG,default
imagenet_c/frost/3/ILSVRC2012_val_00016947.JPEG,default
imagenet_c/defocus_blur/1/ILSVRC2012_val_00026193.JPEG,default
imagenet_c/snow/2/ILSVRC2012_val_00003434.JPEG,default
imagenet_c/gaussian_noise/5/ILSVRC2012_val_00015749.JPEG,default
imagenet_c/jpeg_compression/3/ILSVRC2012_val_00039303.JPEG,default
imagenet_c/impulse_noise/1/ILSVRC2012_val_00006727.JPEG,default
imagenet_c/shot_noise/5/ILSVRC2012_val_00000111.JPEG,default
imagenet_c/shot_noise/5/ILSVRC2012_val_00030811.JPEG,default
imagenet_c/elastic_transform/3/ILSVRC2012_val_00019856.JPEG,default
imagenet_c/snow/3/ILSVRC2012_val_00036970.JPEG,default
imagenet_c/frost/3/ILSVRC2012_val_00038635.JPEG,default
imagenet_c/zoom_blur/2/ILSVRC2012_val_00026229.JPEG,default
imagenet_c/motion_blur/4/ILSVRC2012_val_00013815.JPEG,default
imagenet_c/frost/1/ILSVRC2012_val_00004418.JPEG,default
imagenet_c/fog/4/ILSVRC2012_val_00040612.JPEG,default
imagenet_c/elastic_transform/3/ILSVRC2012_val_00040806.JPEG,default
imagenet_c/gaussian_noise/1/ILSVRC2012_val_00015282.JPEG,default
imagenet_c/frost/5/ILSVRC2012_val_00002743.JPEG,default
imagenet_c/impulse_noise/5/ILSVRC2012_val_00042536.JPEG,default
imagenet_c/frost/1/ILSVRC2012_val_00043359.JPEG,default
imagenet_c/impulse_noise/1/ILSVRC2012_val_00010640.JPEG,default
imagenet_c/snow/3/ILSVRC2012_val_00035967.JPEG,default
imagenet_c/elastic_transform/4/ILSVRC2012_val_00013580.JPEG,default
imagenet_c/motion_blur/1/ILSVRC2012_val_00016724.JPEG,default
imagenet_c/zoom_blur/2/ILSVRC2012_val_00007938.JPEG,default
imagenet_c/glass_blur/4/ILSVRC2012_val_00022871.JPEG,default
imagenet_c/jpeg_compression/4/ILSVRC2012_val_00028073.JPEG,default
imagenet_c/contrast/5/ILSVRC2012_val_00013932.JPEG,default
imagenet_c/glass_blur/1/ILSVRC2012_val_00049686.JPEG,default
imagenet_c/glass_blur/3/ILSVRC2012_val_00018291.JPEG,default
imagenet_c/impulse_noise/2/ILSVRC2012_val_00004444.JPEG,default
imagenet_c/pixelate/2/ILSVRC2012_val_00031408.JPEG,default
imagenet_c/contrast/1/ILSVRC2012_val_00005582.JPEG,default
imagenet_c/motion_blur/3/ILSVRC2012_val_00000231.JPEG,default
imagenet_c/zoom_blur/5/ILSVRC2012_val_00031992.JPEG,default
imagenet_c/jpeg_compression/2/ILSVRC2012_val_00041366.JPEG,default
imagenet_c/shot_noise/1/ILSVRC2012_val_00023951.JPEG,default
imagenet_c/brightness/5/ILSVRC2012_val_00025381.JPEG,default
imagenet_c/contrast/5/ILSVRC2012_val_00007757.JPEG,default
imagenet_c/defocus_blur/1/ILSVRC2012_val_00014759.JPEG,default
imagenet_c/defocus_blur/3/ILSVRC2012_val_00029733.JPEG,default
imagenet_c/jpeg_compression/3/ILSVRC2012_val_00001366.JPEG,default
imagenet_c/impulse_noise/2/ILSVRC2012_val_00039404.JPEG,default
imagenet_c/defocus_blur/3/ILSVRC2012_val_00034806.JPEG,default
imagenet_c/defocus_blur/1/ILSVRC2012_val_00015874.JPEG,default
imagenet_c/zoom_blur/4/ILSVRC2012_val_00041213.JPEG,default
imagenet_c/jpeg_compression/3/ILSVRC2012_val_00005954.JPEG,default
imagenet_c/jpeg_compression/1/ILSVRC2012_val_00020769.JPEG,default
imagenet_c/glass_blur/2/ILSVRC2012_val_00009213.JPEG,default
imagenet_c/frost/1/ILSVRC2012_val_00043167.JPEG,default
imagenet_c/brightness/4/ILSVRC2012_val_00026340.JPEG,default
imagenet_c/impulse_noise/4/ILSVRC2012_val_00010426.JPEG,default
imagenet_c/shot_noise/3/ILSVRC2012_val_00011357.JPEG,default
imagenet_c/frost/2/ILSVRC2012_val_00025291.JPEG,default
imagenet_c/pixelate/4/ILSVRC2012_val_00027926.JPEG,default
imagenet_c/elastic_transform/5/ILSVRC2012_val_00038356.JPEG,default
imagenet_c/motion_blur/3/ILSVRC2012_val_00032580.JPEG,default
imagenet_c/gaussian_noise/1/ILSVRC2012_val_00035528.JPEG,default
imagenet_c/shot_noise/3/ILSVRC2012_val_00037678.JPEG,default
imagenet_c/shot_noise/2/ILSVRC2012_val_00046533.JPEG,default
imagenet_c/snow/3/ILSVRC2012_val_00033578.JPEG,default
imagenet_c/shot_noise/4/ILSVRC2012_val_00043307.JPEG,default
imagenet_c/pixelate/1/ILSVRC2012_val_00021252.JPEG,default
imagenet_c/defocus_blur/2/ILSVRC2012_val_00037766.JPEG,default
imagenet_c/elastic_transform/5/ILSVRC2012_val_00012639.JPEG,default
imagenet_c/fog/2/ILSVRC2012_val_00001068.JPEG,default
imagenet_c/motion_blur/4/ILSVRC2012_val_00006116.JPEG,default
imagenet_c/impulse_noise/4/ILSVRC2012_val_00001230.JPEG,default
imagenet_c/shot_noise/4/ILSVRC2012_val_00026104.JPEG,default
imagenet_c/frost/3/ILSVRC2012_val_00029692.JPEG,default
imagenet_c/contrast/1/ILSVRC2012_val_00015505.JPEG,default
imagenet_c/gaussian_noise/3/ILSVRC2012_val_00012618.JPEG,default
imagenet_c/jpeg_compression/1/ILSVRC2012_val_00000774.JPEG,default
imagenet_c/glass_blur/3/ILSVRC2012_val_00000878.JPEG,default
imagenet_c/glass_blur/4/ILSVRC2012_val_00005830.JPEG,default
imagenet_c/shot_noise/3/ILSVRC2012_val_00039784.JPEG,default
imagenet_c/shot_noise/5/ILSVRC2012_val_00017690.JPEG,default
imagenet_c/zoom_blur/5/ILSVRC2012_val_00013110.JPEG,default
imagenet_c/pixelate/5/ILSVRC2012_val_00008555.JPEG,default
imagenet_c/defocus_blur/4/ILSVRC2012_val_00013256.JPEG,default
imagenet_c/impulse_noise/2/ILSVRC2012_val_00039514.JPEG,default
imagenet_c/motion_blur/4/ILSVRC2012_val_00037486.JPEG,default
imagenet_c/contrast/2/ILSVRC2012_val_00027871.JPEG,default
imagenet_c/jpeg_compression/2/ILSVRC2012_val_00014883.JPEG,default
imagenet_c/motion_blur/4/ILSVRC2012_val_00017930.JPEG,default
imagenet_c/snow/2/ILSVRC2012_val_00031931.JPEG,default
imagenet_c/snow/1/ILSVRC2012_val_00047041.JPEG,default
imagenet_c/zoom_blur/1/ILSVRC2012_val_00019951.JPEG,default
imagenet_c/fog/4/ILSVRC2012_val_00008887.JPEG,default
imagenet_c/contrast/5/ILSVRC2012_val_00047052.JPEG,default
imagenet_c/shot_noise/4/ILSVRC2012_val_00000794.JPEG,default
imagenet_c/elastic_transform/1/ILSVRC2012_val_00009731.JPEG,default
imagenet_c/defocus_blur/2/ILSVRC2012_val_00040310.JPEG,default
imagenet_c/impulse_noise/3/ILSVRC2012_val_00034578.JPEG,default
imagenet_c/brightness/2/ILSVRC2012_val_00009501.JPEG,default
imagenet_c/fog/3/ILSVRC2012_val_00018939.JPEG,default
imagenet_c/contrast/5/ILSVRC2012_val_00020582.JPEG,default
imagenet_c/frost/5/ILSVRC2012_val_00002003.JPEG,default
imagenet_c/jpeg_compression/1/ILSVRC2012_val_00049444.JPEG,default
imagenet_c/defocus_blur/2/ILSVRC2012_val_00025421.JPEG,default
imagenet_c/motion_blur/4/ILSVRC2012_val_00037714.JPEG,default
imagenet_c/glass_blur/3/ILSVRC2012_val_00018615.JPEG,default
imagenet_c/pixelate/5/ILSVRC2012_val_00001891.JPEG,default
imagenet_c/gaussian_noise/1/ILSVRC2012_val_00024166.JPEG,default
imagenet_c/contrast/4/ILSVRC2012_val_00006761.JPEG,default
imagenet_c/shot_noise/2/ILSVRC2012_val_00015550.JPEG,default
imagenet_c/defocus_blur/5/ILSVRC2012_val_00023400.JPEG,default
imagenet_c/gaussian_noise/4/ILSVRC2012_val_00025793.JPEG,default
imagenet_c/shot_noise/4/ILSVRC2012_val_00017874.JPEG,default
imagenet_c/contrast/3/ILSVRC2012_val_00040244.JPEG,default
imagenet_c/defocus_blur/1/ILSVRC2012_val_00022706.JPEG,default
imagenet_c/jpeg_compression/4/ILSVRC2012_val_00019810.JPEG,default
imagenet_c/gaussian_noise/3/ILSVRC2012_val_00008929.JPEG,default
imagenet_c/contrast/5/ILSVRC2012_val_00009672.JPEG,default
imagenet_c/glass_blur/2/ILSVRC2012_val_00014103.JPEG,default
imagenet_c/zoom_blur/2/ILSVRC2012_val_00017437.JPEG,default
imagenet_c/fog/3/ILSVRC2012_val_00006339.JPEG,default
imagenet_c/gaussian_noise/3/ILSVRC2012_val_00045951.JPEG,default
imagenet_c/pixelate/4/ILSVRC2012_val_00009894.JPEG,default
imagenet_c/fog/3/ILSVRC2012_val_00042193.JPEG,default
imagenet_c/jpeg_compression/5/ILSVRC2012_val_00030211.JPEG,default
imagenet_c/brightness/2/ILSVRC2012_val_00018966.JPEG,default
imagenet_c/glass_blur/1/ILSVRC2012_val_00032698.JPEG,default
imagenet_c/fog/1/ILSVRC2012_val_00049338.JPEG,default
imagenet_c/contrast/1/ILSVRC2012_val_00048195.JPEG,default
imagenet_c/motion_blur/5/ILSVRC2012_val_00029503.JPEG,default
imagenet_c/shot_noise/5/ILSVRC2012_val_00038886.JPEG,default
imagenet_c/pixelate/2/ILSVRC2012_val_00030578.JPEG,default
imagenet_c/frost/1/ILSVRC2012_val_00011177.JPEG,default
imagenet_c/defocus_blur/2/ILSVRC2012_val_00022463.JPEG,default
imagenet_c/brightness/4/ILSVRC2012_val_00005203.JPEG,default
imagenet_c/brightness/4/ILSVRC2012_val_00003168.JPEG,default
imagenet_c/fog/2/ILSVRC2012_val_00003208.JPEG,default
imagenet_c/fog/3/ILSVRC2012_val_00025929.JPEG,default
imagenet_c/motion_blur/4/ILSVRC2012_val_00047809.JPEG,default
imagenet_c/impulse_noise/4/ILSVRC2012_val_00042703.JPEG,default
imagenet_c/impulse_noise/5/ILSVRC2012_val_00039389.JPEG,default
imagenet_c/contrast/2/ILSVRC2012_val_00048363.JPEG,default
imagenet_c/brightness/2/ILSVRC2012_val_00011298.JPEG,default
imagenet_c/zoom_blur/5/ILSVRC2012_val_00003001.JPEG,default
imagenet_c/fog/1/ILSVRC2012_val_00009554.JPEG,default
imagenet_c/zoom_blur/3/ILSVRC2012_val_00009295.JPEG,default
imagenet_c/frost/4/ILSVRC2012_val_00017004.JPEG,default
imagenet_c/motion_blur/1/ILSVRC2012_val_00035268.JPEG,default
imagenet_c/impulse_noise/2/ILSVRC2012_val_00003399.JPEG,default
imagenet_c/contrast/1/ILSVRC2012_val_00024020.JPEG,default
imagenet_c/impulse_noise/3/ILSVRC2012_val_00048009.JPEG,default
imagenet_c/frost/3/ILSVRC2012_val_00018068.JPEG,default
imagenet_c/pixelate/5/ILSVRC2012_val_00030662.JPEG,default
imagenet_c/fog/2/ILSVRC2012_val_00042332.JPEG,default
imagenet_c/fog/4/ILSVRC2012_val_00021851.JPEG,default
imagenet_c/defocus_blur/3/ILSVRC2012_val_00022931.JPEG,default
imagenet_c/defocus_blur/4/ILSVRC2012_val_00022926.JPEG,default
imagenet_c/motion_blur/1/ILSVRC2012_val_00039603.JPEG,default
imagenet_c/jpeg_compression/5/ILSVRC2012_val_00000825.JPEG,default
imagenet_c/snow/1/ILSVRC2012_val_00012309.JPEG,default
imagenet_c/frost/5/ILSVRC2012_val_00021459.JPEG,default
imagenet_c/fog/4/ILSVRC2012_val_00008842.JPEG,default
imagenet_c/frost/2/ILSVRC2012_val_00008951.JPEG,default
imagenet_c/glass_blur/4/ILSVRC2012_val_00012435.JPEG,default
imagenet_c/shot_noise/3/ILSVRC2012_val_00039802.JPEG,default
imagenet_c/frost/2/ILSVRC2012_val_00027708.JPEG,default
imagenet_c/fog/3/ILSVRC2012_val_00026355.JPEG,default
imagenet_c/pixelate/4/ILSVRC2012_val_00001073.JPEG,default
imagenet_c/motion_blur/1/ILSVRC2012_val_00006613.JPEG,default
imagenet_c/pixelate/2/ILSVRC2012_val_00018570.JPEG,default
imagenet_c/shot_noise/5/ILSVRC2012_val_00012436.JPEG,default
imagenet_c/motion_blur/4/ILSVRC2012_val_00001586.JPEG,default
imagenet_c/shot_noise/5/ILSVRC2012_val_00040285.JPEG,default
imagenet_c/gaussian_noise/1/ILSVRC2012_val_00029551.JPEG,default
imagenet_c/defocus_blur/1/ILSVRC2012_val_00039962.JPEG,default
imagenet_c/zoom_blur/5/ILSVRC2012_val_00026462.JPEG,default
imagenet_c/motion_blur/3/ILSVRC2012_val_00029092.JPEG,default
imagenet_c/zoom_blur/5/ILSVRC2012_val_00046323.JPEG,default
imagenet_c/impulse_noise/3/ILSVRC2012_val_00038431.JPEG,default
imagenet_c/glass_blur/4/ILSVRC2012_val_00012518.JPEG,default
imagenet_c/frost/5/ILSVRC2012_val_00042705.JPEG,default
imagenet_c/frost/2/ILSVRC2012_val_00027731.JPEG,default
imagenet_c/motion_blur/2/ILSVRC2012_val_00033421.JPEG,default
imagenet_c/brightness/5/ILSVRC2012_val_00016164.JPEG,default
imagenet_c/fog/2/ILSVRC2012_val_00042938.JPEG,default
imagenet_c/pixelate/4/ILSVRC2012_val_00026820.JPEG,default
imagenet_c/shot_noise/1/ILSVRC2012_val_00015557.JPEG,default
imagenet_c/defocus_blur/3/ILSVRC2012_val_00001643.JPEG,default
imagenet_c/contrast/1/ILSVRC2012_val_00001162.JPEG,default
imagenet_c/zoom_blur/2/ILSVRC2012_val_00010176.JPEG,default
imagenet_c/snow/5/ILSVRC2012_val_00009744.JPEG,default
imagenet_c/glass_blur/1/ILSVRC2012_val_00042858.JPEG,default
imagenet_c/frost/4/ILSVRC2012_val_00040919.JPEG,default
imagenet_c/shot_noise/1/ILSVRC2012_val_00045323.JPEG,default
imagenet_c/elastic_transform/1/ILSVRC2012_val_00030102.JPEG,default
imagenet_c/pixelate/5/ILSVRC2012_val_00002965.JPEG,default
imagenet_c/snow/5/ILSVRC2012_val_00013192.JPEG,default
imagenet_c/glass_blur/5/ILSVRC2012_val_00033216.JPEG,default
imagenet_c/zoom_blur/5/ILSVRC2012_val_00000470.JPEG,default
imagenet_c/snow/1/ILSVRC2012_val_00047784.JPEG,default
imagenet_c/shot_noise/1/ILSVRC2012_val_00030672.JPEG,default
imagenet_c/jpeg_compression/4/ILSVRC2012_val_00006580.JPEG,default
imagenet_c/snow/2/ILSVRC2012_val_00020680.JPEG,default
imagenet_c/gaussian_noise/3/ILSVRC2012_val_00015392.JPEG,default
imagenet_c/brightness/5/ILSVRC2012_val_00030125.JPEG,default
imagenet_c/fog/1/ILSVRC2012_val_00007172.JPEG,default
imagenet_c/pixelate/3/ILSVRC2012_val_00030590.JPEG,default
imagenet_c/contrast/1/ILSVRC2012_val_00027674.JPEG,default
imagenet_c/gaussian_noise/1/ILSVRC2012_val_00016100.JPEG,default
imagenet_c/contrast/4/ILSVRC2012_val_00025027.JPEG,default
imagenet_c/glass_blur/5/ILSVRC2012_val_00047765.JPEG,default
imagenet_c/zoom_blur/4/ILSVRC2012_val_00014712.JPEG,default
imagenet_c/brightness/5/ILSVRC2012_val_00029913.JPEG,default
imagenet_c/gaussian_noise/4/ILSVRC2012_val_00029782.JPEG,default
imagenet_c/zoom_blur/2/ILSVRC2012_val_00026476.JPEG,default
imagenet_c/shot_noise/3/ILSVRC2012_val_00005178.JPEG,default
imagenet_c/fog/2/ILSVRC2012_val_00029089.JPEG,default
imagenet_c/fog/3/ILSVRC2012_val_00010845.JPEG,default
imagenet_c/snow/2/ILSVRC2012_val_00023947.JPEG,default
imagenet_c/contrast/4/ILSVRC2012_val_00029910.JPEG,default
imagenet_c/gaussian_noise/2/ILSVRC2012_val_00008737.JPEG,default
imagenet_c/zoom_blur/3/ILSVRC2012_val_00045300.JPEG,default
imagenet_c/fog/1/ILSVRC2012_val_00035489.JPEG,default
imagenet_c/defocus_blur/3/ILSVRC2012_val_00009923.JPEG,default
imagenet_c/glass_blur/1/ILSVRC2012_val_00041754.JPEG,default
imagenet_c/pixelate/5/ILSVRC2012_val_00036344.JPEG,default
imagenet_c/pixelate/4/ILSVRC2012_val_00021709.JPEG,default
imagenet_c/defocus_blur/2/ILSVRC2012_val_00025528.JPEG,default
imagenet_c/impulse_noise/2/ILSVRC2012_val_00020326.JPEG,default
imagenet_c/fog/4/ILSVRC2012_val_00018800.JPEG,default
imagenet_c/fog/1/ILSVRC2012_val_00006087.JPEG,default
imagenet_c/snow/1/ILSVRC2012_val_00043841.JPEG,default
imagenet_c/gaussian_noise/5/ILSVRC2012_val_00022335.JPEG,default
imagenet_c/impulse_noise/1/ILSVRC2012_val_00038981.JPEG,default
imagenet_c/frost/4/ILSVRC2012_val_00004780.JPEG,default
imagenet_c/shot_noise/2/ILSVRC2012_val_00043795.JPEG,default
imagenet_c/pixelate/2/ILSVRC2012_val_00012523.JPEG,default
imagenet_c/impulse_noise/5/ILSVRC2012_val_00027559.JPEG,default
imagenet_c/impulse_noise/4/ILSVRC2012_val_00016262.JPEG,default
imagenet_c/contrast/3/ILSVRC2012_val_00043717.JPEG,default
imagenet_c/glass_blur/2/ILSVRC2012_val_00037825.JPEG,default
imagenet_c/impulse_noise/4/ILSVRC2012_val_00015660.JPEG,default
imagenet_c/motion_blur/3/ILSVRC2012_val_00017789.JPEG,default
imagenet_c/frost/5/ILSVRC2012_val_00020888.JPEG,default
imagenet_c/gaussian_noise/4/ILSVRC2012_val_00043108.JPEG,default
imagenet_c/motion_blur/2/ILSVRC2012_val_00016571.JPEG,default
imagenet_c/gaussian_noise/5/ILSVRC2012_val_00010446.JPEG,default
imagenet_c/brightness/5/ILSVRC2012_val_00048172.JPEG,default
imagenet_c/gaussian_noise/1/ILSVRC2012_val_00018662.JPEG,default
imagenet_c/snow/2/ILSVRC2012_val_00009908.JPEG,default
imagenet_c/brightness/1/ILSVRC2012_val_00008056.JPEG,default
imagenet_c/snow/1/ILSVRC2012_val_00038725.JPEG,default
imagenet_c/motion_blur/4/ILSVRC2012_val_00032575.JPEG,default
imagenet_c/brightness/3/ILSVRC2012_val_00046647.JPEG,default
imagenet_c/gaussian_noise/1/ILSVRC2012_val_00002678.JPEG,default
imagenet_c/glass_blur/4/ILSVRC2012_val_00004755.JPEG,default
imagenet_c/shot_noise/5/ILSVRC2012_val_00025825.JPEG,default
imagenet_c/zoom_blur/3/ILSVRC2012_val_00019629.JPEG,default
imagenet_c/frost/3/ILSVRC2012_val_00020707.JPEG,default
imagenet_c/pixelate/1/ILSVRC2012_val_00031226.JPEG,default
imagenet_c/brightness/4/ILSVRC2012_val_00011468.JPEG,default
imagenet_c/elastic_transform/3/ILSVRC2012_val_00012511.JPEG,default
imagenet_c/shot_noise/3/ILSVRC2012_val_00018578.JPEG,default
imagenet_c/contrast/4/ILSVRC2012_val_00033901.JPEG,default
imagenet_c/defocus_blur/2/ILSVRC2012_val_00039369.JPEG,default
imagenet_c/motion_blur/3/ILSVRC2012_val_00048861.JPEG,default
imagenet_c/elastic_transform/2/ILSVRC2012_val_00030956.JPEG,default
imagenet_c/shot_noise/4/ILSVRC2012_val_00019118.JPEG,default
imagenet_c/contrast/5/ILSVRC2012_val_00044061.JPEG,default
imagenet_c/snow/3/ILSVRC2012_val_00015842.JPEG,default
imagenet_c/shot_noise/4/ILSVRC2012_val_00033122.JPEG,default
imagenet_c/frost/3/ILSVRC2012_val_00012977.JPEG,default
imagenet_c/impulse_noise/3/ILSVRC2012_val_00026936.JPEG,default
imagenet_c/gaussian_noise/1/ILSVRC2012_val_00035115.JPEG,default
imagenet_c/glass_blur/2/ILSVRC2012_val_00014550.JPEG,default
imagenet_c/elastic_transform/4/ILSVRC2012_val_00002000.JPEG,default
imagenet_c/elastic_transform/4/ILSVRC2012_val_00001544.JPEG,default
imagenet_c/glass_blur/5/ILSVRC2012_val_00040083.JPEG,default
imagenet_c/zoom_blur/5/ILSVRC2012_val_00039561.JPEG,default
imagenet_c/elastic_transform/4/ILSVRC2012_val_00013333.JPEG,default
imagenet_c/frost/3/ILSVRC2012_val_00008263.JPEG,default
imagenet_c/gaussian_noise/5/ILSVRC2012_val_00037642.JPEG,default
imagenet_c/gaussian_noise/5/ILSVRC2012_val_00040724.JPEG,default
imagenet_c/zoom_blur/5/ILSVRC2012_val_00038110.JPEG,default
imagenet_c/contrast/3/ILSVRC2012_val_00000033.JPEG,default
imagenet_c/snow/4/ILSVRC2012_val_00032540.JPEG,default
imagenet_c/contrast/5/ILSVRC2012_val_00048240.JPEG,default
imagenet_c/defocus_blur/2/ILSVRC2012_val_00022358.JPEG,default
imagenet_c/jpeg_compression/3/ILSVRC2012_val_00030365.JPEG,default
imagenet_c/pixelate/3/ILSVRC2012_val_00046767.JPEG,default
imagenet_c/defocus_blur/2/ILSVRC2012_val_00032816.JPEG,default
imagenet_c/pixelate/3/ILSVRC2012_val_00041773.JPEG,default
imagenet_c/brightness/3/ILSVRC2012_val_00038371.JPEG,default
imagenet_c/contrast/3/ILSVRC2012_val_00023081.JPEG,default
imagenet_c/snow/2/ILSVRC2012_val_00043872.JPEG,default
imagenet_c/motion_blur/4/ILSVRC2012_val_00022609.JPEG,default
imagenet_c/snow/3/ILSVRC2012_val_00045358.JPEG,default
imagenet_c/impulse_noise/4/ILSVRC2012_val_00011555.JPEG,default
imagenet_c/gaussian_noise/2/ILSVRC2012_val_00021266.JPEG,default
imagenet_c/gaussian_noise/1/ILSVRC2012_val_00037791.JPEG,default
imagenet_c/elastic_transform/4/ILSVRC2012_val_00027452.JPEG,default
imagenet_c/elastic_transform/4/ILSVRC2012_val_00017702.JPEG,default
imagenet_c/gaussian_noise/5/ILSVRC2012_val_00031634.JPEG,default
imagenet_c/impulse_noise/2/ILSVRC2012_val_00046450.JPEG,default
imagenet_c/shot_noise/4/ILSVRC2012_val_00047276.JPEG,default
imagenet_c/zoom_blur/5/ILSVRC2012_val_00034040.JPEG,default
imagenet_c/defocus_blur/2/ILSVRC2012_val_00015082.JPEG,default
imagenet_c/defocus_blur/4/ILSVRC2012_val_00036267.JPEG,default
imagenet_c/impulse_noise/1/ILSVRC2012_val_00012298.JPEG,default
imagenet_c/glass_blur/2/ILSVRC2012_val_00016603.JPEG,default
imagenet_c/shot_noise/5/ILSVRC2012_val_00028706.JPEG,default
imagenet_c/glass_blur/5/ILSVRC2012_val_00022438.JPEG,default
imagenet_c/defocus_blur/4/ILSVRC2012_val_00006146.JPEG,default
imagenet_c/jpeg_compression/3/ILSVRC2012_val_00043201.JPEG,default
imagenet_c/contrast/1/ILSVRC2012_val_00018695.JPEG,default
imagenet_c/jpeg_compression/4/ILSVRC2012_val_00011768.JPEG,default
imagenet_c/glass_blur/5/ILSVRC2012_val_00040150.JPEG,default
imagenet_c/snow/1/ILSVRC2012_val_00016841.JPEG,default
imagenet_c/pixelate/3/ILSVRC2012_val_00008811.JPEG,default
imagenet_c/defocus_blur/1/ILSVRC2012_val_00000457.JPEG,default
imagenet_c/motion_blur/3/ILSVRC2012_val_00039695.JPEG,default
imagenet_c/zoom_blur/4/ILSVRC2012_val_00030135.JPEG,default
imagenet_c/zoom_blur/3/ILSVRC2012_val_00045134.JPEG,default
imagenet_c/shot_noise/3/ILSVRC2012_val_00012291.JPEG,default
imagenet_c/gaussian_noise/2/ILSVRC2012_val_00045155.JPEG,default
imagenet_c/snow/3/ILSVRC2012_val_00009576.JPEG,default
imagenet_c/snow/1/ILSVRC2012_val_00007057.JPEG,default
imagenet_c/jpeg_compression/3/ILSVRC2012_val_00043457.JPEG,default
imagenet_c/elastic_transform/3/ILSVRC2012_val_00043851.JPEG,default
imagenet_c/frost/5/ILSVRC2012_val_00031721.JPEG,default
imagenet_c/impulse_noise/2/ILSVRC2012_val_00020926.JPEG,default
imagenet_c/impulse_noise/2/ILSVRC2012_val_00015742.JPEG,default
imagenet_c/motion_blur/1/ILSVRC2012_val_00036703.JPEG,default
imagenet_c/elastic_transform/4/ILSVRC2012_val_00017744.JPEG,default
imagenet_c/brightness/2/ILSVRC2012_val_00011754.JPEG,default
imagenet_c/impulse_noise/3/ILSVRC2012_val_00020379.JPEG,default
imagenet_c/impulse_noise/2/ILSVRC2012_val_00012394.JPEG,default
imagenet_c/motion_blur/1/ILSVRC2012_val_00040864.JPEG,default
imagenet_c/zoom_blur/1/ILSVRC2012_val_00026421.JPEG,default
imagenet_c/fog/5/ILSVRC2012_val_00004557.JPEG,default
imagenet_c/contrast/3/ILSVRC2012_val_00008206.JPEG,default
imagenet_c/contrast/1/ILSVRC2012_val_00002769.JPEG,default
imagenet_c/fog/3/ILSVRC2012_val_00000907.JPEG,default
imagenet_c/snow/2/ILSVRC2012_val_00003841.JPEG,default
imagenet_c/zoom_blur/3/ILSVRC2012_val_00009439.JPEG,default
imagenet_c/gaussian_noise/1/ILSVRC2012_val_00045711.JPEG,default
imagenet_c/jpeg_compression/1/ILSVRC2012_val_00001164.JPEG,default
imagenet_c/gaussian_noise/1/ILSVRC2012_val_00026969.JPEG,default
imagenet_c/fog/5/ILSVRC2012_val_00026199.JPEG,default
imagenet_c/contrast/4/ILSVRC2012_val_00025911.JPEG,default
imagenet_c/motion_blur/2/ILSVRC2012_val_00010098.JPEG,default
imagenet_c/brightness/4/ILSVRC2012_val_00031378.JPEG,default
imagenet_c/zoom_blur/4/ILSVRC2012_val_00018584.JPEG,default
imagenet_c/gaussian_noise/3/ILSVRC2012_val_00027837.JPEG,default
imagenet_c/brightness/4/ILSVRC2012_val_00001389.JPEG,default
imagenet_c/snow/5/ILSVRC2012_val_00024758.JPEG,default
imagenet_c/frost/5/ILSVRC2012_val_00032120.JPEG,default
imagenet_c/glass_blur/3/ILSVRC2012_val_00028429.JPEG,default
imagenet_c/frost/3/ILSVRC2012_val_00036440.JPEG,default
imagenet_c/zoom_blur/4/ILSVRC2012_val_00047202.JPEG,default
imagenet_c/fog/1/ILSVRC2012_val_00014099.JPEG,default
imagenet_c/motion_blur/5/ILSVRC2012_val_00033773.JPEG,default
imagenet_c/fog/1/ILSVRC2012_val_00039062.JPEG,default
imagenet_c/shot_noise/1/ILSVRC2012_val_00007253.JPEG,default
imagenet_c/fog/5/ILSVRC2012_val_00017869.JPEG,default
imagenet_c/fog/2/ILSVRC2012_val_00004717.JPEG,default
imagenet_c/glass_blur/5/ILSVRC2012_val_00019883.JPEG,default
imagenet_c/brightness/1/ILSVRC2012_val_00049421.JPEG,default
imagenet_c/defocus_blur/3/ILSVRC2012_val_00005639.JPEG,default
imagenet_c/gaussian_noise/4/ILSVRC2012_val_00015110.JPEG,default
imagenet_c/zoom_blur/4/ILSVRC2012_val_00019124.JPEG,default
imagenet_c/defocus_blur/1/ILSVRC2012_val_00038335.JPEG,default
imagenet_c/pixelate/1/ILSVRC2012_val_00004325.JPEG,default
imagenet_c/defocus_blur/5/ILSVRC2012_val_00031402.JPEG,default
imagenet_c/contrast/1/ILSVRC2012_val_00018933.JPEG,default
imagenet_c/jpeg_compression/5/ILSVRC2012_val_00001047.JPEG,default
imagenet_c/zoom_blur/3/ILSVRC2012_val_00010385.JPEG,default
imagenet_c/contrast/3/ILSVRC2012_val_00036907.JPEG,default
imagenet_c/motion_blur/2/ILSVRC2012_val_00021365.JPEG,default
imagenet_c/glass_blur/2/ILSVRC2012_val_00005364.JPEG,default
imagenet_c/gaussian_noise/5/ILSVRC2012_val_00047173.JPEG,default
imagenet_c/glass_blur/1/ILSVRC2012_val_00038227.JPEG,default
imagenet_c/motion_blur/1/ILSVRC2012_val_00034160.JPEG,default
imagenet_c/shot_noise/4/ILSVRC2012_val_00005215.JPEG,default
imagenet_c/contrast/3/ILSVRC2012_val_00042097.JPEG,default
imagenet_c/elastic_transform/4/ILSVRC2012_val_00009294.JPEG,default
imagenet_c/brightness/4/ILSVRC2012_val_00031345.JPEG,default
imagenet_c/shot_noise/2/ILSVRC2012_val_00031439.JPEG,default
imagenet_c/defocus_blur/4/ILSVRC2012_val_00029191.JPEG,default
imagenet_c/elastic_transform/3/ILSVRC2012_val_00010902.JPEG,default
imagenet_c/zoom_blur/4/ILSVRC2012_val_00049756.JPEG,default
imagenet_c/jpeg_compression/1/ILSVRC2012_val_00046996.JPEG,default
imagenet_c/glass_blur/3/ILSVRC2012_val_00017625.JPEG,default
imagenet_c/fog/4/ILSVRC2012_val_00040396.JPEG,default
imagenet_c/glass_blur/2/ILSVRC2012_val_00013260.JPEG,default
imagenet_c/elastic_transform/2/ILSVRC2012_val_00003922.JPEG,default
imagenet_c/zoom_blur/5/ILSVRC2012_val_00049931.JPEG,default
imagenet_c/defocus_blur/4/ILSVRC2012_val_00015217.JPEG,default
imagenet_c/pixelate/2/ILSVRC2012_val_00017935.JPEG,default
imagenet_c/contrast/5/ILSVRC2012_val_00020535.JPEG,default
imagenet_c/gaussian_noise/5/ILSVRC2012_val_00004403.JPEG,default
imagenet_c/fog/4/ILSVRC2012_val_00026622.JPEG,default
imagenet_c/jpeg_compression/4/ILSVRC2012_val_00014030.JPEG,default
imagenet_c/contrast/4/ILSVRC2012_val_00027114.JPEG,default
imagenet_c/shot_noise/3/ILSVRC2012_val_00020553.JPEG,default
imagenet_c/pixelate/5/ILSVRC2012_val_00005922.JPEG,default
imagenet_c/jpeg_compression/2/ILSVRC2012_val_00008435.JPEG,default
imagenet_c/motion_blur/2/ILSVRC2012_val_00019283.JPEG,default
imagenet_c/brightness/5/ILSVRC2012_val_00035414.JPEG,default
imagenet_c/frost/2/ILSVRC2012_val_00020762.JPEG,default
imagenet_c/impulse_noise/3/ILSVRC2012_val_00025613.JPEG,default
imagenet_c/contrast/1/ILSVRC2012_val_00031220.JPEG,default
imagenet_c/jpeg_compression/1/ILSVRC2012_val_00017873.JPEG,default
imagenet_c/frost/1/ILSVRC2012_val_00002079.JPEG,default
imagenet_c/impulse_noise/5/ILSVRC2012_val_00015244.JPEG,default
imagenet_c/defocus_blur/1/ILSVRC2012_val_00024090.JPEG,default
imagenet_c/impulse_noise/2/ILSVRC2012_val_00008375.JPEG,default
imagenet_c/shot_noise/4/ILSVRC2012_val_00024505.JPEG,default
imagenet_c/frost/5/ILSVRC2012_val_00019241.JPEG,default
imagenet_c/frost/5/ILSVRC2012_val_00034356.JPEG,default
imagenet_c/zoom_blur/4/ILSVRC2012_val_00029326.JPEG,default
imagenet_c/contrast/5/ILSVRC2012_val_00043153.JPEG,default
imagenet_c/snow/2/ILSVRC2012_val_00044716.JPEG,default
imagenet_c/zoom_blur/4/ILSVRC2012_val_00009963.JPEG,default
imagenet_c/motion_blur/2/ILSVRC2012_val_00030757.JPEG,default
imagenet_c/snow/4/ILSVRC2012_val_00017259.JPEG,default
imagenet_c/zoom_blur/2/ILSVRC2012_val_00007966.JPEG,default
imagenet_c/shot_noise/4/ILSVRC2012_val_00018028.JPEG,default
imagenet_c/contrast/5/ILSVRC2012_val_00049779.JPEG,default
imagenet_c/shot_noise/3/ILSVRC2012_val_00046158.JPEG,default
imagenet_c/pixelate/5/ILSVRC2012_val_00022785.JPEG,default
imagenet_c/gaussian_noise/4/ILSVRC2012_val_00036002.JPEG,default
imagenet_c/defocus_blur/5/ILSVRC2012_val_00040590.JPEG,default
imagenet_c/motion_blur/5/ILSVRC2012_val_00037797.JPEG,default
imagenet_c/frost/4/ILSVRC2012_val_00015252.JPEG,default
imagenet_c/frost/3/ILSVRC2012_val_00033531.JPEG,default
imagenet_c/brightness/1/ILSVRC2012_val_00045968.JPEG,default
imagenet_c/motion_blur/1/ILSVRC2012_val_00029648.JPEG,default
imagenet_c/impulse_noise/3/ILSVRC2012_val_00030326.JPEG,default
imagenet_c/fog/2/ILSVRC2012_val_00008152.JPEG,default
imagenet_c/gaussian_noise/2/ILSVRC2012_val_00023203.JPEG,default
imagenet_c/motion_blur/2/ILSVRC2012_val_00043206.JPEG,default
imagenet_c/zoom_blur/2/ILSVRC2012_val_00039934.JPEG,default
imagenet_c/fog/4/ILSVRC2012_val_00021831.JPEG,default
imagenet_c/impulse_noise/4/ILSVRC2012_val_00025773.JPEG,default
imagenet_c/jpeg_compression/5/ILSVRC2012_val_00046997.JPEG,default
imagenet_c/glass_blur/4/ILSVRC2012_val_00020442.JPEG,default
imagenet_c/frost/4/ILSVRC2012_val_00038779.JPEG,default
imagenet_c/fog/2/ILSVRC2012_val_00009220.JPEG,default
imagenet_c/gaussian_noise/5/ILSVRC2012_val_00039788.JPEG,default
imagenet_c/defocus_blur/5/ILSVRC2012_val_00010249.JPEG,default
imagenet_c/snow/3/ILSVRC2012_val_00025562.JPEG,default
imagenet_c/frost/2/ILSVRC2012_val_00048592.JPEG,default
imagenet_c/frost/5/ILSVRC2012_val_00034382.JPEG,default
imagenet_c/jpeg_compression/4/ILSVRC2012_val_00033666.JPEG,default
imagenet_c/defocus_blur/5/ILSVRC2012_val_00018202.JPEG,default
imagenet_c/jpeg_compression/1/ILSVRC2012_val_00039528.JPEG,default
imagenet_c/frost/4/ILSVRC2012_val_00036728.JPEG,default
imagenet_c/shot_noise/4/ILSVRC2012_val_00043341.JPEG,default
imagenet_c/frost/3/ILSVRC2012_val_00001128.JPEG,default
imagenet_c/defocus_blur/5/ILSVRC2012_val_00000237.JPEG,default
imagenet_c/impulse_noise/5/ILSVRC2012_val_00037826.JPEG,default
imagenet_c/zoom_blur/2/ILSVRC2012_val_00033378.JPEG,default
imagenet_c/gaussian_noise/2/ILSVRC2012_val_00038944.JPEG,default
imagenet_c/shot_noise/4/ILSVRC2012_val_00031821.JPEG,default
imagenet_c/shot_noise/5/ILSVRC2012_val_00033094.JPEG,default
imagenet_c/impulse_noise/2/ILSVRC2012_val_00005808.JPEG,default
imagenet_c/glass_blur/2/ILSVRC2012_val_00044444.JPEG,default
imagenet_c/zoom_blur/5/ILSVRC2012_val_00049766.JPEG,default
imagenet_c/snow/3/ILSVRC2012_val_00008166.JPEG,default
imagenet_c/defocus_blur/2/ILSVRC2012_val_00006396.JPEG,default
imagenet_c/zoom_blur/4/ILSVRC2012_val_00031949.JPEG,default
imagenet_c/pixelate/1/ILSVRC2012_val_00008272.JPEG,default
imagenet_c/elastic_transform/3/ILSVRC2012_val_00018327.JPEG,default
imagenet_c/brightness/1/ILSVRC2012_val_00036266.JPEG,default
imagenet_c/impulse_noise/3/ILSVRC2012_val_00024351.JPEG,default
imagenet_c/shot_noise/3/ILSVRC2012_val_00005718.JPEG,default
imagenet_c/impulse_noise/5/ILSVRC2012_val_00031672.JPEG,default
imagenet_c/contrast/3/ILSVRC2012_val_00005021.JPEG,default
imagenet_c/elastic_transform/3/ILSVRC2012_val_00003164.JPEG,default
imagenet_c/jpeg_compression/2/ILSVRC2012_val_00047707.JPEG,default
imagenet_c/pixelate/3/ILSVRC2012_val_00029814.JPEG,default
imagenet_c/elastic_transform/3/ILSVRC2012_val_00032423.JPEG,default
imagenet_c/zoom_blur/3/ILSVRC2012_val_00018654.JPEG,default
imagenet_c/pixelate/4/ILSVRC2012_val_00037137.JPEG,default
imagenet_c/defocus_blur/2/ILSVRC2012_val_00013817.JPEG,default
imagenet_c/brightness/3/ILSVRC2012_val_00008739.JPEG,default
imagenet_c/elastic_transform/5/ILSVRC2012_val_00005946.JPEG,default
imagenet_c/contrast/2/ILSVRC2012_val_00019719.JPEG,default
imagenet_c/snow/5/ILSVRC2012_val_00023327.JPEG,default
imagenet_c/elastic_transform/5/ILSVRC2012_val_00011311.JPEG,default
imagenet_c/contrast/2/ILSVRC2012_val_00042118.JPEG,default
imagenet_c/brightness/1/ILSVRC2012_val_00022022.JPEG,default
imagenet_c/zoom_blur/4/ILSVRC2012_val_00047950.JPEG,default
imagenet_c/motion_blur/1/ILSVRC2012_val_00018326.JPEG,default
imagenet_c/fog/2/ILSVRC2012_val_00033015.JPEG,default
imagenet_c/impulse_noise/1/ILSVRC2012_val_00045382.JPEG,default
imagenet_c/jpeg_compression/2/ILSVRC2012_val_00034184.JPEG,default
imagenet_c/glass_blur/1/ILSVRC2012_val_00001825.JPEG,default
imagenet_c/glass_blur/2/ILSVRC2012_val_00002024.JPEG,default
imagenet_c/shot_noise/2/ILSVRC2012_val_00019545.JPEG,default
imagenet_c/gaussian_noise/5/ILSVRC2012_val_00049324.JPEG,default
imagenet_c/elastic_transform/1/ILSVRC2012_val_00046154.JPEG,default
imagenet_c/contrast/3/ILSVRC2012_val_00026310.JPEG,default
imagenet_c/defocus_blur/2/ILSVRC2012_val_00047492.JPEG,default
imagenet_c/glass_blur/5/ILSVRC2012_val_00035997.JPEG,default
imagenet_c/fog/2/ILSVRC2012_val_00036700.JPEG,default
imagenet_c/pixelate/1/ILSVRC2012_val_00017871.JPEG,default
imagenet_c/fog/3/ILSVRC2012_val_00001846.JPEG,default
imagenet_c/pixelate/2/ILSVRC2012_val_00019922.JPEG,default
imagenet_c/shot_noise/1/ILSVRC2012_val_00043009.JPEG,default
imagenet_c/impulse_noise/3/ILSVRC2012_val_00023877.JPEG,default
imagenet_c/pixelate/4/ILSVRC2012_val_00002648.JPEG,default
imagenet_c/contrast/2/ILSVRC2012_val_00031544.JPEG,default
imagenet_c/jpeg_compression/5/ILSVRC2012_val_00017915.JPEG,default
imagenet_c/fog/3/ILSVRC2012_val_00001137.JPEG,default
imagenet_c/frost/3/ILSVRC2012_val_00001548.JPEG,default
imagenet_c/pixelate/5/ILSVRC2012_val_00019955.JPEG,default
imagenet_c/gaussian_noise/1/ILSVRC2012_val_00019020.JPEG,default
imagenet_c/gaussian_noise/4/ILSVRC2012_val_00008687.JPEG,default
imagenet_c/shot_noise/1/ILSVRC2012_val_00010072.JPEG,default
imagenet_c/shot_noise/2/ILSVRC2012_val_00041436.JPEG,default
imagenet_c/contrast/5/ILSVRC2012_val_00017684.JPEG,default
imagenet_c/brightness/3/ILSVRC2012_val_00019356.JPEG,default
imagenet_c/snow/1/ILSVRC2012_val_00030433.JPEG,default
imagenet_c/elastic_transform/3/ILSVRC2012_val_00037676.JPEG,default
imagenet_c/pixelate/1/ILSVRC2012_val_00038933.JPEG,default
imagenet_c/brightness/5/ILSVRC2012_val_00024649.JPEG,default
imagenet_c/brightness/2/ILSVRC2012_val_00049263.JPEG,default
imagenet_c/impulse_noise/4/ILSVRC2012_val_00037185.JPEG,default
imagenet_c/motion_blur/5/ILSVRC2012_val_00028021.JPEG,default
imagenet_c/motion_blur/1/ILSVRC2012_val_00036618.JPEG,default
imagenet_c/jpeg_compression/3/ILSVRC2012_val_00013860.JPEG,default
imagenet_c/frost/4/ILSVRC2012_val_00030088.JPEG,default
imagenet_c/contrast/5/ILSVRC2012_val_00041735.JPEG,default
imagenet_c/shot_noise/2/ILSVRC2012_val_00010062.JPEG,default
imagenet_c/gaussian_noise/2/ILSVRC2012_val_00018989.JPEG,default
imagenet_c/defocus_blur/5/ILSVRC2012_val_00000500.JPEG,default
imagenet_c/shot_noise/3/ILSVRC2012_val_00024169.JPEG,default
imagenet_c/gaussian_noise/1/ILSVRC2012_val_00006093.JPEG,default
imagenet_c/defocus_blur/3/ILSVRC2012_val_00042053.JPEG,default
imagenet_c/zoom_blur/5/ILSVRC2012_val_00014357.JPEG,default
imagenet_c/snow/5/ILSVRC2012_val_00018912.JPEG,default
imagenet_c/zoom_blur/3/ILSVRC2012_val_00007446.JPEG,default
imagenet_c/fog/5/ILSVRC2012_val_00047617.JPEG,default
imagenet_c/brightness/3/ILSVRC2012_val_00015632.JPEG,default
imagenet_c/snow/4/ILSVRC2012_val_00022920.JPEG,default
imagenet_c/fog/1/ILSVRC2012_val_00000300.JPEG,default
imagenet_c/fog/3/ILSVRC2012_val_00047324.JPEG,default
imagenet_c/jpeg_compression/4/ILSVRC2012_val_00009666.JPEG,default
imagenet_c/glass_blur/5/ILSVRC2012_val_00000263.JPEG,default
imagenet_c/elastic_transform/3/ILSVRC2012_val_00048421.JPEG,default
imagenet_c/defocus_blur/2/ILSVRC2012_val_00034334.JPEG,default
imagenet_c/snow/4/ILSVRC2012_val_00043901.JPEG,default
imagenet_c/contrast/3/ILSVRC2012_val_00024208.JPEG,default
imagenet_c/frost/1/ILSVRC2012_val_00020058.JPEG,default
imagenet_c/zoom_blur/4/ILSVRC2012_val_00024989.JPEG,default
imagenet_c/contrast/1/ILSVRC2012_val_00010398.JPEG,default
imagenet_c/jpeg_compression/3/ILSVRC2012_val_00021145.JPEG,default
imagenet_c/fog/2/ILSVRC2012_val_00024335.JPEG,default
imagenet_c/snow/4/ILSVRC2012_val_00044039.JPEG,default
imagenet_c/snow/4/ILSVRC2012_val_00008297.JPEG,default
imagenet_c/contrast/3/ILSVRC2012_val_00010896.JPEG,default
imagenet_c/impulse_noise/5/ILSVRC2012_val_00019010.JPEG,default
imagenet_c/jpeg_compression/3/ILSVRC2012_val_00021315.JPEG,default
imagenet_c/defocus_blur/5/ILSVRC2012_val_00022824.JPEG,default
imagenet_c/jpeg_compression/1/ILSVRC2012_val_00001485.JPEG,default
imagenet_c/impulse_noise/4/ILSVRC2012_val_00042745.JPEG,default
imagenet_c/jpeg_compression/4/ILSVRC2012_val_00049374.JPEG,default
imagenet_c/defocus_blur/5/ILSVRC2012_val_00025015.JPEG,default
imagenet_c/snow/4/ILSVRC2012_val_00004974.JPEG,default
imagenet_c/impulse_noise/5/ILSVRC2012_val_00047244.JPEG,default
imagenet_c/gaussian_noise/5/ILSVRC2012_val_00020010.JPEG,default
imagenet_c/impulse_noise/5/ILSVRC2012_val_00001486.JPEG,default
imagenet_c/contrast/4/ILSVRC2012_val_00019931.JPEG,default
imagenet_c/pixelate/4/ILSVRC2012_val_00041620.JPEG,default
imagenet_c/pixelate/2/ILSVRC2012_val_00016494.JPEG,default
imagenet_c/defocus_blur/4/ILSVRC2012_val_00037318.JPEG,default
imagenet_c/impulse_noise/4/ILSVRC2012_val_00011583.JPEG,default
imagenet_c/brightness/4/ILSVRC2012_val_00040678.JPEG,default
imagenet_c/zoom_blur/1/ILSVRC2012_val_00011925.JPEG,default
imagenet_c/fog/1/ILSVRC2012_val_00044717.JPEG,default
imagenet_c/elastic_transform/5/ILSVRC2012_val_00001844.JPEG,default
imagenet_c/defocus_blur/3/ILSVRC2012_val_00030399.JPEG,default
imagenet_c/impulse_noise/5/ILSVRC2012_val_00008303.JPEG,default
imagenet_c/contrast/1/ILSVRC2012_val_00017823.JPEG,default
imagenet_c/brightness/5/ILSVRC2012_val_00002417.JPEG,default
imagenet_c/shot_noise/4/ILSVRC2012_val_00040673.JPEG,default
imagenet_c/motion_blur/4/ILSVRC2012_val_00026978.JPEG,default
imagenet_c/pixelate/1/ILSVRC2012_val_00015076.JPEG,default
imagenet_c/defocus_blur/4/ILSVRC2012_val_00043556.JPEG,default
imagenet_c/snow/3/ILSVRC2012_val_00011381.JPEG,default
imagenet_c/zoom_blur/4/ILSVRC2012_val_00004926.JPEG,default
imagenet_c/motion_blur/2/ILSVRC2012_val_00023528.JPEG,default
imagenet_c/gaussian_noise/4/ILSVRC2012_val_00011055.JPEG,default
imagenet_c/shot_noise/4/ILSVRC2012_val_00032132.JPEG,default
imagenet_c/elastic_transform/3/ILSVRC2012_val_00004342.JPEG,default
imagenet_c/defocus_blur/2/ILSVRC2012_val_00041771.JPEG,default
imagenet_c/shot_noise/3/ILSVRC2012_val_00005189.JPEG,default
imagenet_c/motion_blur/5/ILSVRC2012_val_00034155.JPEG,default
imagenet_c/impulse_noise/3/ILSVRC2012_val_00037459.JPEG,default
imagenet_c/elastic_transform/3/ILSVRC2012_val_00036152.JPEG,default
imagenet_c/zoom_blur/4/ILSVRC2012_val_00024072.JPEG,default
imagenet_c/pixelate/1/ILSVRC2012_val_00022164.JPEG,default
imagenet_c/gaussian_noise/3/ILSVRC2012_val_00011385.JPEG,default
imagenet_c/defocus_blur/1/ILSVRC2012_val_00031249.JPEG,default
imagenet_c/gaussian_noise/2/ILSVRC2012_val_00035173.JPEG,default
imagenet_c/impulse_noise/2/ILSVRC2012_val_00014318.JPEG,default
imagenet_c/zoom_blur/1/ILSVRC2012_val_00040004.JPEG,default
imagenet_c/defocus_blur/2/ILSVRC2012_val_00030770.JPEG,default
imagenet_c/snow/5/ILSVRC2012_val_00038167.JPEG,default
imagenet_c/pixelate/3/ILSVRC2012_val_00047445.JPEG,default
imagenet_c/fog/4/ILSVRC2012_val_00004511.JPEG,default
imagenet_c/motion_blur/5/ILSVRC2012_val_00004053.JPEG,default
imagenet_c/fog/3/ILSVRC2012_val_00000429.JPEG,default
imagenet_c/gaussian_noise/3/ILSVRC2012_val_00046296.JPEG,default
imagenet_c/jpeg_compression/4/ILSVRC2012_val_00015685.JPEG,default
imagenet_c/defocus_blur/3/ILSVRC2012_val_00033311.JPEG,default
imagenet_c/zoom_blur/1/ILSVRC2012_val_00040773.JPEG,default
imagenet_c/fog/3/ILSVRC2012_val_00019231.JPEG,default
imagenet_c/brightness/4/ILSVRC2012_val_00041776.JPEG,default
imagenet_c/shot_noise/5/ILSVRC2012_val_00007109.JPEG,default
imagenet_c/shot_noise/4/ILSVRC2012_val_00015358.JPEG,default
imagenet_c/frost/5/ILSVRC2012_val_00014809.JPEG,default
imagenet_c/pixelate/1/ILSVRC2012_val_00006531.JPEG,default
imagenet_c/jpeg_compression/4/ILSVRC2012_val_00015173.JPEG,default
imagenet_c/defocus_blur/5/ILSVRC2012_val_00046443.JPEG,default
imagenet_c/snow/1/ILSVRC2012_val_00037891.JPEG,default
imagenet_c/pixelate/5/ILSVRC2012_val_00023340.JPEG,default
imagenet_c/impulse_noise/2/ILSVRC2012_val_00005867.JPEG,default
imagenet_c/motion_blur/1/ILSVRC2012_val_00016711.JPEG,default
imagenet_c/brightness/4/ILSVRC2012_val_00037339.JPEG,default
imagenet_c/fog/3/ILSVRC2012_val_00004687.JPEG,default
imagenet_c/pixelate/1/ILSVRC2012_val_00021206.JPEG,default
imagenet_c/pixelate/5/ILSVRC2012_val_00023513.JPEG,default
imagenet_c/zoom_blur/2/ILSVRC2012_val_00010976.JPEG,default
imagenet_c/defocus_blur/3/ILSVRC2012_val_00049926.JPEG,default
imagenet_c/impulse_noise/1/ILSVRC2012_val_00001997.JPEG,default
imagenet_c/shot_noise/5/ILSVRC2012_val_00015028.JPEG,default
imagenet_c/elastic_transform/3/ILSVRC2012_val_00001555.JPEG,default
imagenet_c/jpeg_compression/1/ILSVRC2012_val_00020783.JPEG,default
imagenet_c/impulse_noise/3/ILSVRC2012_val_00011404.JPEG,default
imagenet_c/pixelate/1/ILSVRC2012_val_00000391.JPEG,default
imagenet_c/pixelate/4/ILSVRC2012_val_00006035.JPEG,default
imagenet_c/elastic_transform/2/ILSVRC2012_val_00024731.JPEG,default
imagenet_c/contrast/1/ILSVRC2012_val_00016976.JPEG,default
imagenet_c/zoom_blur/1/ILSVRC2012_val_00023558.JPEG,default
imagenet_c/jpeg_compression/2/ILSVRC2012_val_00038911.JPEG,default
imagenet_c/jpeg_compression/2/ILSVRC2012_val_00040058.JPEG,default
imagenet_c/contrast/2/ILSVRC2012_val_00047449.JPEG,default
imagenet_c/impulse_noise/5/ILSVRC2012_val_00030005.JPEG,default
imagenet_c/snow/4/ILSVRC2012_val_00007880.JPEG,default
imagenet_c/elastic_transform/1/ILSVRC2012_val_00009009.JPEG,default
imagenet_c/zoom_blur/2/ILSVRC2012_val_00030822.JPEG,default
imagenet_c/pixelate/1/ILSVRC2012_val_00012611.JPEG,default
imagenet_c/frost/5/ILSVRC2012_val_00037838.JPEG,default
imagenet_c/motion_blur/3/ILSVRC2012_val_00008956.JPEG,default
imagenet_c/jpeg_compression/4/ILSVRC2012_val_00044200.JPEG,default
imagenet_c/brightness/4/ILSVRC2012_val_00034009.JPEG,default
imagenet_c/pixelate/3/ILSVRC2012_val_00045818.JPEG,default
imagenet_c/shot_noise/3/ILSVRC2012_val_00045790.JPEG,default
imagenet_c/glass_blur/4/ILSVRC2012_val_00008324.JPEG,default
imagenet_c/brightness/1/ILSVRC2012_val_00017328.JPEG,default
imagenet_c/zoom_blur/1/ILSVRC2012_val_00016973.JPEG,default
imagenet_c/snow/1/ILSVRC2012_val_00019175.JPEG,default
imagenet_c/zoom_blur/2/ILSVRC2012_val_00041718.JPEG,default
imagenet_c/snow/5/ILSVRC2012_val_00011082.JPEG,default
imagenet_c/pixelate/4/ILSVRC2012_val_00039386.JPEG,default
imagenet_c/jpeg_compression/4/ILSVRC2012_val_00010722.JPEG,default
imagenet_c/pixelate/5/ILSVRC2012_val_00034470.JPEG,default
imagenet_c/glass_blur/5/ILSVRC2012_val_00025983.JPEG,default
imagenet_c/frost/3/ILSVRC2012_val_00027245.JPEG,default
imagenet_c/contrast/1/ILSVRC2012_val_00037195.JPEG,default
imagenet_c/motion_blur/1/ILSVRC2012_val_00039505.JPEG,default
imagenet_c/snow/1/ILSVRC2012_val_00005060.JPEG,default
imagenet_c/jpeg_compression/4/ILSVRC2012_val_00036454.JPEG,default
imagenet_c/snow/5/ILSVRC2012_val_00042120.JPEG,default
imagenet_c/glass_blur/2/ILSVRC2012_val_00015434.JPEG,default
imagenet_c/fog/2/ILSVRC2012_val_00020156.JPEG,default
imagenet_c/glass_blur/5/ILSVRC2012_val_00020065.JPEG,default
imagenet_c/impulse_noise/1/ILSVRC2012_val_00048370.JPEG,default
imagenet_c/snow/4/ILSVRC2012_val_00003789.JPEG,default
imagenet_c/zoom_blur/4/ILSVRC2012_val_00043375.JPEG,default
imagenet_c/fog/5/ILSVRC2012_val_00046999.JPEG,default
imagenet_c/brightness/1/ILSVRC2012_val_00027256.JPEG,default
imagenet_c/defocus_blur/5/ILSVRC2012_val_00048607.JPEG,default
imagenet_c/shot_noise/2/ILSVRC2012_val_00022642.JPEG,default
imagenet_c/defocus_blur/2/ILSVRC2012_val_00042005.JPEG,default
imagenet_c/motion_blur/4/ILSVRC2012_val_00030339.JPEG,default
imagenet_c/motion_blur/4/ILSVRC2012_val_00028632.JPEG,default
imagenet_c/brightness/4/ILSVRC2012_val_00040335.JPEG,default
imagenet_c/defocus_blur/3/ILSVRC2012_val_00004611.JPEG,default
imagenet_c/fog/5/ILSVRC2012_val_00019054.JPEG,default
imagenet_c/impulse_noise/5/ILSVRC2012_val_00020637.JPEG,default
imagenet_c/shot_noise/1/ILSVRC2012_val_00004542.JPEG,default
imagenet_c/impulse_noise/2/ILSVRC2012_val_00009644.JPEG,default
imagenet_c/gaussian_noise/5/ILSVRC2012_val_00039927.JPEG,default
imagenet_c/contrast/2/ILSVRC2012_val_00009703.JPEG,default
imagenet_c/defocus_blur/2/ILSVRC2012_val_00043132.JPEG,default
imagenet_c/pixelate/5/ILSVRC2012_val_00024827.JPEG,default
imagenet_c/glass_blur/3/ILSVRC2012_val_00013463.JPEG,default
imagenet_c/jpeg_compression/2/ILSVRC2012_val_00010070.JPEG,default
imagenet_c/impulse_noise/3/ILSVRC2012_val_00024960.JPEG,default
imagenet_c/contrast/1/ILSVRC2012_val_00024400.JPEG,default
imagenet_c/impulse_noise/1/ILSVRC2012_val_00034049.JPEG,default
imagenet_c/shot_noise/5/ILSVRC2012_val_00013538.JPEG,default
imagenet_c/brightness/4/ILSVRC2012_val_00000379.JPEG,default
imagenet_c/snow/3/ILSVRC2012_val_00017195.JPEG,default
imagenet_c/zoom_blur/2/ILSVRC2012_val_00016484.JPEG,default
imagenet_c/elastic_transform/2/ILSVRC2012_val_00023783.JPEG,default
imagenet_c/jpeg_compression/1/ILSVRC2012_val_00035473.JPEG,default
imagenet_c/fog/5/ILSVRC2012_val_00018642.JPEG,default
imagenet_c/zoom_blur/5/ILSVRC2012_val_00014020.JPEG,default
imagenet_c/glass_blur/4/ILSVRC2012_val_00007255.JPEG,default
imagenet_c/contrast/2/ILSVRC2012_val_00035298.JPEG,default
imagenet_c/frost/4/ILSVRC2012_val_00026427.JPEG,default
imagenet_c/gaussian_noise/3/ILSVRC2012_val_00018045.JPEG,default
imagenet_c/defocus_blur/5/ILSVRC2012_val_00037999.JPEG,default
imagenet_c/pixelate/1/ILSVRC2012_val_00039692.JPEG,default
imagenet_c/glass_blur/4/ILSVRC2012_val_00037134.JPEG,default
imagenet_c/shot_noise/2/ILSVRC2012_val_00042181.JPEG,default
imagenet_c/pixelate/5/ILSVRC2012_val_00002549.JPEG,default
imagenet_c/glass_blur/4/ILSVRC2012_val_00024326.JPEG,default
imagenet_c/motion_blur/5/ILSVRC2012_val_00004605.JPEG,default
imagenet_c/elastic_transform/2/ILSVRC2012_val_00015182.JPEG,default
imagenet_c/snow/2/ILSVRC2012_val_00026675.JPEG,default
imagenet_c/fog/1/ILSVRC2012_val_00016056.JPEG,default
imagenet_c/motion_blur/5/ILSVRC2012_val_00047757.JPEG,default
imagenet_c/impulse_noise/1/ILSVRC2012_val_00030746.JPEG,default
imagenet_c/defocus_blur/4/ILSVRC2012_val_00030910.JPEG,default
imagenet_c/contrast/1/ILSVRC2012_val_00048737.JPEG,default
imagenet_c/impulse_noise/5/ILSVRC2012_val_00046762.JPEG,default
imagenet_c/frost/4/ILSVRC2012_val_00016136.JPEG,default
imagenet_c/gaussian_noise/5/ILSVRC2012_val_00046705.JPEG,default
imagenet_c/zoom_blur/4/ILSVRC2012_val_00028307.JPEG,default
imagenet_c/frost/3/ILSVRC2012_val_00044773.JPEG,default
imagenet_c/elastic_transform/2/ILSVRC2012_val_00012196.JPEG,default
imagenet_c/zoom_blur/2/ILSVRC2012_val_00015723.JPEG,default
imagenet_c/glass_blur/2/ILSVRC2012_val_00021638.JPEG,default
imagenet_c/snow/1/ILSVRC2012_val_00011673.JPEG,default
imagenet_c/brightness/3/ILSVRC2012_val_00006314.JPEG,default
imagenet_c/motion_blur/3/ILSVRC2012_val_00039852.JPEG,default
imagenet_c/gaussian_noise/2/ILSVRC2012_val_00015204.JPEG,default
imagenet_c/fog/3/ILSVRC2012_val_00037256.JPEG,default
imagenet_c/elastic_transform/5/ILSVRC2012_val_00037277.JPEG,default
imagenet_c/contrast/3/ILSVRC2012_val_00002994.JPEG,default
imagenet_c/shot_noise/1/ILSVRC2012_val_00035480.JPEG,default
imagenet_c/motion_blur/3/ILSVRC2012_val_00034951.JPEG,default
imagenet_c/motion_blur/1/ILSVRC2012_val_00021485.JPEG,default
imagenet_c/defocus_blur/5/ILSVRC2012_val_00047084.JPEG,default
imagenet_c/jpeg_compression/4/ILSVRC2012_val_00015427.JPEG,default
imagenet_c/motion_blur/2/ILSVRC2012_val_00009941.JPEG,default
imagenet_c/brightness/1/ILSVRC2012_val_00020018.JPEG,default
imagenet_c/glass_blur/4/ILSVRC2012_val_00032445.JPEG,default
imagenet_c/impulse_noise/4/ILSVRC2012_val_00045665.JPEG,default
imagenet_c/jpeg_compression/4/ILSVRC2012_val_00021599.JPEG,default
imagenet_c/gaussian_noise/3/ILSVRC2012_val_00033958.JPEG,default
imagenet_c/contrast/4/ILSVRC2012_val_00009030.JPEG,default
imagenet_c/impulse_noise/4/ILSVRC2012_val_00005896.JPEG,default
imagenet_c/zoom_blur/3/ILSVRC2012_val_00014157.JPEG,default
imagenet_c/zoom_blur/5/ILSVRC2012_val_00006744.JPEG,default
imagenet_c/elastic_transform/5/ILSVRC2012_val_00011340.JPEG,default
imagenet_c/brightness/2/ILSVRC2012_val_00044820.JPEG,default
imagenet_c/impulse_noise/3/ILSVRC2012_val_00033856.JPEG,default
imagenet_c/contrast/3/ILSVRC2012_val_00040565.JPEG,default
imagenet_c/pixelate/2/ILSVRC2012_val_00022856.JPEG,default
imagenet_c/pixelate/5/ILSVRC2012_val_00036919.JPEG,default
imagenet_c/shot_noise/1/ILSVRC2012_val_00012157.JPEG,default
imagenet_c/shot_noise/4/ILSVRC2012_val_00033454.JPEG,default
imagenet_c/elastic_transform/3/ILSVRC2012_val_00036876.JPEG,default
imagenet_c/zoom_blur/5/ILSVRC2012_val_00038680.JPEG,default
imagenet_c/jpeg_compression/4/ILSVRC2012_val_00004287.JPEG,default
imagenet_c/glass_blur/1/ILSVRC2012_val_00010718.JPEG,default
imagenet_c/brightness/4/ILSVRC2012_val_00027855.JPEG,default
imagenet_c/glass_blur/1/ILSVRC2012_val_00027601.JPEG,default
imagenet_c/impulse_noise/2/ILSVRC2012_val_00031084.JPEG,default
imagenet_c/frost/4/ILSVRC2012_val_00000440.JPEG,default
imagenet_c/frost/4/ILSVRC2012_val_00003584.JPEG,default
imagenet_c/glass_blur/4/ILSVRC2012_val_00019057.JPEG,default
imagenet_c/zoom_blur/3/ILSVRC2012_val_00032291.JPEG,default
imagenet_c/impulse_noise/2/ILSVRC2012_val_00017537.JPEG,default
imagenet_c/jpeg_compression/3/ILSVRC2012_val_00001445.JPEG,default
imagenet_c/shot_noise/5/ILSVRC2012_val_00015164.JPEG,default
imagenet_c/glass_blur/5/ILSVRC2012_val_00022922.JPEG,default
imagenet_c/jpeg_compression/5/ILSVRC2012_val_00023596.JPEG,default
imagenet_c/elastic_transform/5/ILSVRC2012_val_00001284.JPEG,default
imagenet_c/brightness/3/ILSVRC2012_val_00023486.JPEG,default
imagenet_c/elastic_transform/2/ILSVRC2012_val_00002630.JPEG,default
imagenet_c/elastic_transform/2/ILSVRC2012_val_00043598.JPEG,default
imagenet_c/elastic_transform/4/ILSVRC2012_val_00038294.JPEG,default
imagenet_c/pixelate/4/ILSVRC2012_val_00025261.JPEG,default
imagenet_c/gaussian_noise/1/ILSVRC2012_val_00003485.JPEG,default
imagenet_c/zoom_blur/4/ILSVRC2012_val_00011240.JPEG,default
imagenet_c/shot_noise/2/ILSVRC2012_val_00015950.JPEG,default
imagenet_c/pixelate/2/ILSVRC2012_val_00020815.JPEG,default
imagenet_c/zoom_blur/2/ILSVRC2012_val_00002222.JPEG,default
imagenet_c/elastic_transform/1/ILSVRC2012_val_00031646.JPEG,default
imagenet_c/impulse_noise/1/ILSVRC2012_val_00040109.JPEG,default
imagenet_c/jpeg_compression/3/ILSVRC2012_val_00010125.JPEG,default
imagenet_c/snow/2/ILSVRC2012_val_00005758.JPEG,default
imagenet_c/shot_noise/3/ILSVRC2012_val_00017158.JPEG,default
imagenet_c/contrast/3/ILSVRC2012_val_00028192.JPEG,default
imagenet_c/contrast/5/ILSVRC2012_val_00009488.JPEG,default
imagenet_c/glass_blur/5/ILSVRC2012_val_00015119.JPEG,default
imagenet_c/frost/4/ILSVRC2012_val_00035398.JPEG,default
imagenet_c/snow/2/ILSVRC2012_val_00008926.JPEG,default
imagenet_c/shot_noise/2/ILSVRC2012_val_00032049.JPEG,default
imagenet_c/glass_blur/1/ILSVRC2012_val_00029834.JPEG,default
imagenet_c/contrast/2/ILSVRC2012_val_00031905.JPEG,default
imagenet_c/frost/3/ILSVRC2012_val_00008201.JPEG,default
imagenet_c/fog/5/ILSVRC2012_val_00021058.JPEG,default
imagenet_c/jpeg_compression/3/ILSVRC2012_val_00006133.JPEG,default
imagenet_c/frost/1/ILSVRC2012_val_00016860.JPEG,default
imagenet_c/frost/1/ILSVRC2012_val_00022576.JPEG,default
imagenet_c/elastic_transform/1/ILSVRC2012_val_00041157.JPEG,default
imagenet_c/jpeg_compression/5/ILSVRC2012_val_00038999.JPEG,default
imagenet_c/contrast/4/ILSVRC2012_val_00008945.JPEG,default
imagenet_c/zoom_blur/4/ILSVRC2012_val_00048420.JPEG,default
imagenet_c/snow/4/ILSVRC2012_val_00002784.JPEG,default
imagenet_c/motion_blur/4/ILSVRC2012_val_00040114.JPEG,default
imagenet_c/defocus_blur/2/ILSVRC2012_val_00028945.JPEG,default
imagenet_c/fog/5/ILSVRC2012_val_00044696.JPEG,default
imagenet_c/snow/1/ILSVRC2012_val_00030138.JPEG,default
imagenet_c/snow/3/ILSVRC2012_val_00047721.JPEG,default
imagenet_c/motion_blur/5/ILSVRC2012_val_00003377.JPEG,default
imagenet_c/glass_blur/3/ILSVRC2012_val_00045094.JPEG,default
imagenet_c/jpeg_compression/4/ILSVRC2012_val_00025423.JPEG,default
imagenet_c/fog/2/ILSVRC2012_val_00008639.JPEG,default
imagenet_c/fog/5/ILSVRC2012_val_00044357.JPEG,default
imagenet_c/elastic_transform/2/ILSVRC2012_val_00015063.JPEG,default
imagenet_c/defocus_blur/1/ILSVRC2012_val_00008859.JPEG,default
imagenet_c/shot_noise/2/ILSVRC2012_val_00033577.JPEG,default
imagenet_c/glass_blur/4/ILSVRC2012_val_00005255.JPEG,default
imagenet_c/fog/3/ILSVRC2012_val_00033308.JPEG,default
imagenet_c/pixelate/1/ILSVRC2012_val_00004228.JPEG,default
imagenet_c/impulse_noise/4/ILSVRC2012_val_00048874.JPEG,default
imagenet_c/fog/3/ILSVRC2012_val_00044501.JPEG,default
imagenet_c/snow/5/ILSVRC2012_val_00013712.JPEG,default
imagenet_c/gaussian_noise/4/ILSVRC2012_val_00003898.JPEG,default
imagenet_c/elastic_transform/1/ILSVRC2012_val_00019226.JPEG,default
imagenet_c/contrast/2/ILSVRC2012_val_00029888.JPEG,default
imagenet_c/zoom_blur/5/ILSVRC2012_val_00034556.JPEG,default
imagenet_c/snow/2/ILSVRC2012_val_00020892.JPEG,default
imagenet_c/brightness/2/ILSVRC2012_val_00012007.JPEG,default
imagenet_c/defocus_blur/2/ILSVRC2012_val_00036467.JPEG,default
imagenet_c/zoom_blur/4/ILSVRC2012_val_00030579.JPEG,default
imagenet_c/elastic_transform/5/ILSVRC2012_val_00003061.JPEG,default
imagenet_c/snow/4/ILSVRC2012_val_00027322.JPEG,default
imagenet_c/contrast/1/ILSVRC2012_val_00031534.JPEG,default
imagenet_c/elastic_transform/3/ILSVRC2012_val_00005699.JPEG,default
imagenet_c/gaussian_noise/3/ILSVRC2012_val_00048141.JPEG,default
imagenet_c/frost/2/ILSVRC2012_val_00011061.JPEG,default
imagenet_c/motion_blur/2/ILSVRC2012_val_00028965.JPEG,default
imagenet_c/motion_blur/1/ILSVRC2012_val_00019607.JPEG,default
imagenet_c/defocus_blur/3/ILSVRC2012_val_00028946.JPEG,default
imagenet_c/shot_noise/3/ILSVRC2012_val_00029751.JPEG,default
imagenet_c/gaussian_noise/4/ILSVRC2012_val_00046220.JPEG,default
imagenet_c/impulse_noise/5/ILSVRC2012_val_00034584.JPEG,default
imagenet_c/defocus_blur/3/ILSVRC2012_val_00017672.JPEG,default
imagenet_c/impulse_noise/3/ILSVRC2012_val_00047737.JPEG,default
imagenet_c/pixelate/1/ILSVRC2012_val_00028411.JPEG,default
imagenet_c/glass_blur/1/ILSVRC2012_val_00039993.JPEG,default
imagenet_c/frost/5/ILSVRC2012_val_00021654.JPEG,default
imagenet_c/fog/3/ILSVRC2012_val_00008772.JPEG,default
imagenet_c/impulse_noise/4/ILSVRC2012_val_00030939.JPEG,default
imagenet_c/elastic_transform/4/ILSVRC2012_val_00002485.JPEG,default
imagenet_c/impulse_noise/3/ILSVRC2012_val_00039893.JPEG,default
imagenet_c/frost/2/ILSVRC2012_val_00027534.JPEG,default
imagenet_c/motion_blur/4/ILSVRC2012_val_00043072.JPEG,default
imagenet_c/frost/1/ILSVRC2012_val_00049959.JPEG,default
imagenet_c/shot_noise/3/ILSVRC2012_val_00019169.JPEG,default
imagenet_c/fog/5/ILSVRC2012_val_00038361.JPEG,default
imagenet_c/elastic_transform/2/ILSVRC2012_val_00048301.JPEG,default
imagenet_c/snow/4/ILSVRC2012_val_00011807.JPEG,default
imagenet_c/jpeg_compression/3/ILSVRC2012_val_00040961.JPEG,default
imagenet_c/contrast/5/ILSVRC2012_val_00021369.JPEG,default
imagenet_c/pixelate/2/ILSVRC2012_val_00012302.JPEG,default
imagenet_c/jpeg_compression/3/ILSVRC2012_val_00011423.JPEG,default
imagenet_c/impulse_noise/3/ILSVRC2012_val_00040639.JPEG,default
imagenet_c/snow/2/ILSVRC2012_val_00041137.JPEG,default
imagenet_c/snow/5/ILSVRC2012_val_00021296.JPEG,default
imagenet_c/gaussian_noise/2/ILSVRC2012_val_00040622.JPEG,default
imagenet_c/snow/3/ILSVRC2012_val_00028702.JPEG,default
imagenet_c/jpeg_compression/4/ILSVRC2012_val_00048972.JPEG,default
imagenet_c/impulse_noise/1/ILSVRC2012_val_00008928.JPEG,default
imagenet_c/elastic_transform/4/ILSVRC2012_val_00019138.JPEG,default
imagenet_c/defocus_blur/3/ILSVRC2012_val_00024019.JPEG,default
imagenet_c/pixelate/2/ILSVRC2012_val_00016029.JPEG,default
imagenet_c/fog/5/ILSVRC2012_val_00048834.JPEG,default
imagenet_c/snow/2/ILSVRC2012_val_00006065.JPEG,default
imagenet_c/glass_blur/4/ILSVRC2012_val_00023577.JPEG,default
imagenet_c/motion_blur/1/ILSVRC2012_val_00011689.JPEG,default
imagenet_c/frost/1/ILSVRC2012_val_00048694.JPEG,default
imagenet_c/jpeg_compression/5/ILSVRC2012_val_00010956.JPEG,default
imagenet_c/brightness/4/ILSVRC2012_val_00013094.JPEG,default
imagenet_c/glass_blur/3/ILSVRC2012_val_00013398.JPEG,default
imagenet_c/frost/2/ILSVRC2012_val_00041393.JPEG,default
imagenet_c/snow/4/ILSVRC2012_val_00038738.JPEG,default
imagenet_c/snow/4/ILSVRC2012_val_00013971.JPEG,default
imagenet_c/elastic_transform/5/ILSVRC2012_val_00045217.JPEG,default
imagenet_c/glass_blur/5/ILSVRC2012_val_00005923.JPEG,default
imagenet_c/contrast/1/ILSVRC2012_val_00047728.JPEG,default
imagenet_c/pixelate/4/ILSVRC2012_val_00018982.JPEG,default
imagenet_c/defocus_blur/1/ILSVRC2012_val_00047990.JPEG,default
imagenet_c/impulse_noise/1/ILSVRC2012_val_00048761.JPEG,default
imagenet_c/jpeg_compression/2/ILSVRC2012_val_00004797.JPEG,default
imagenet_c/snow/3/ILSVRC2012_val_00034436.JPEG,default
imagenet_c/zoom_blur/5/ILSVRC2012_val_00049586.JPEG,default
imagenet_c/motion_blur/5/ILSVRC2012_val_00014446.JPEG,default
imagenet_c/snow/5/ILSVRC2012_val_00006445.JPEG,default
imagenet_c/fog/3/ILSVRC2012_val_00032017.JPEG,default
imagenet_c/impulse_noise/3/ILSVRC2012_val_00016187.JPEG,default
imagenet_c/pixelate/2/ILSVRC2012_val_00043577.JPEG,default
imagenet_c/zoom_blur/4/ILSVRC2012_val_00037842.JPEG,default
imagenet_c/zoom_blur/2/ILSVRC2012_val_00029353.JPEG,default
imagenet_c/zoom_blur/4/ILSVRC2012_val_00041364.JPEG,default
imagenet_c/contrast/5/ILSVRC2012_val_00030663.JPEG,default
imagenet_c/fog/3/ILSVRC2012_val_00023270.JPEG,default
imagenet_c/contrast/3/ILSVRC2012_val_00032186.JPEG,default
imagenet_c/frost/5/ILSVRC2012_val_00041746.JPEG,default
imagenet_c/defocus_blur/5/ILSVRC2012_val_00038122.JPEG,default
imagenet_c/fog/4/ILSVRC2012_val_00011706.JPEG,default
imagenet_c/gaussian_noise/3/ILSVRC2012_val_00034732.JPEG,default
imagenet_c/motion_blur/5/ILSVRC2012_val_00023533.JPEG,default
imagenet_c/brightness/3/ILSVRC2012_val_00025554.JPEG,default
imagenet_c/fog/4/ILSVRC2012_val_00021473.JPEG,default
imagenet_c/pixelate/3/ILSVRC2012_val_00016804.JPEG,default
imagenet_c/brightness/2/ILSVRC2012_val_00014744.JPEG,default
imagenet_c/motion_blur/4/ILSVRC2012_val_00020268.JPEG,default
imagenet_c/motion_blur/2/ILSVRC2012_val_00005206.JPEG,default
imagenet_c/motion_blur/4/ILSVRC2012_val_00029512.JPEG,default
imagenet_c/snow/5/ILSVRC2012_val_00034485.JPEG,default
imagenet_c/zoom_blur/4/ILSVRC2012_val_00029333.JPEG,default
imagenet_c/elastic_transform/1/ILSVRC2012_val_00023025.JPEG,default
imagenet_c/glass_blur/3/ILSVRC2012_val_00022344.JPEG,default
imagenet_c/snow/2/ILSVRC2012_val_00042810.JPEG,default
imagenet_c/brightness/2/ILSVRC2012_val_00011777.JPEG,default
imagenet_c/pixelate/5/ILSVRC2012_val_00024686.JPEG,default
imagenet_c/defocus_blur/3/ILSVRC2012_val_00012883.JPEG,default
imagenet_c/pixelate/1/ILSVRC2012_val_00047340.JPEG,default
imagenet_c/gaussian_noise/3/ILSVRC2012_val_00027526.JPEG,default
imagenet_c/fog/1/ILSVRC2012_val_00043880.JPEG,default
imagenet_c/impulse_noise/4/ILSVRC2012_val_00013927.JPEG,default
imagenet_c/fog/2/ILSVRC2012_val_00017676.JPEG,default
imagenet_c/zoom_blur/5/ILSVRC2012_val_00023735.JPEG,default
imagenet_c/frost/2/ILSVRC2012_val_00049805.JPEG,default
imagenet_c/zoom_blur/5/ILSVRC2012_val_00040308.JPEG,default
imagenet_c/gaussian_noise/1/ILSVRC2012_val_00040291.JPEG,default
imagenet_c/zoom_blur/2/ILSVRC2012_val_00008527.JPEG,default
imagenet_c/defocus_blur/5/ILSVRC2012_val_00008368.JPEG,default
imagenet_c/contrast/2/ILSVRC2012_val_00025471.JPEG,default
imagenet_c/gaussian_noise/3/ILSVRC2012_val_00036977.JPEG,default
imagenet_c/impulse_noise/2/ILSVRC2012_val_00026353.JPEG,default
imagenet_c/motion_blur/2/ILSVRC2012_val_00045011.JPEG,default
imagenet_c/impulse_noise/5/ILSVRC2012_val_00007032.JPEG,default
imagenet_c/glass_blur/3/ILSVRC2012_val_00046295.JPEG,default
imagenet_c/contrast/5/ILSVRC2012_val_00043994.JPEG,default
imagenet_c/contrast/3/ILSVRC2012_val_00001968.JPEG,default
imagenet_c/brightness/3/ILSVRC2012_val_00002315.JPEG,default
imagenet_c/motion_blur/4/ILSVRC2012_val_00007568.JPEG,default
imagenet_c/contrast/4/ILSVRC2012_val_00017370.JPEG,default
imagenet_c/fog/5/ILSVRC2012_val_00002294.JPEG,default
imagenet_c/shot_noise/5/ILSVRC2012_val_00004548.JPEG,default
imagenet_c/impulse_noise/3/ILSVRC2012_val_00038569.JPEG,default
imagenet_c/impulse_noise/4/ILSVRC2012_val_00012288.JPEG,default
imagenet_c/gaussian_noise/1/ILSVRC2012_val_00018556.JPEG,default
imagenet_c/impulse_noise/4/ILSVRC2012_val_00024075.JPEG,default
imagenet_c/glass_blur/4/ILSVRC2012_val_00032784.JPEG,default
imagenet_c/glass_blur/3/ILSVRC2012_val_00047049.JPEG,default
imagenet_c/shot_noise/2/ILSVRC2012_val_00018942.JPEG,default
imagenet_c/gaussian_noise/4/ILSVRC2012_val_00022501.JPEG,default
imagenet_c/contrast/1/ILSVRC2012_val_00010758.JPEG,default
imagenet_c/snow/3/ILSVRC2012_val_00020837.JPEG,default
imagenet_c/zoom_blur/1/ILSVRC2012_val_00007149.JPEG,default
imagenet_c/elastic_transform/4/ILSVRC2012_val_00013682.JPEG,default
imagenet_c/fog/4/ILSVRC2012_val_00040898.JPEG,default
imagenet_c/fog/4/ILSVRC2012_val_00007164.JPEG,default
imagenet_c/brightness/2/ILSVRC2012_val_00024691.JPEG,default
imagenet_c/motion_blur/4/ILSVRC2012_val_00016445.JPEG,default
imagenet_c/fog/2/ILSVRC2012_val_00028661.JPEG,default
imagenet_c/impulse_noise/2/ILSVRC2012_val_00019914.JPEG,default
imagenet_c/frost/5/ILSVRC2012_val_00016093.JPEG,default
imagenet_c/snow/1/ILSVRC2012_val_00003530.JPEG,default
imagenet_c/elastic_transform/1/ILSVRC2012_val_00049326.JPEG,default
imagenet_c/frost/5/ILSVRC2012_val_00017499.JPEG,default
imagenet_c/pixelate/1/ILSVRC2012_val_00013126.JPEG,default
imagenet_c/pixelate/2/ILSVRC2012_val_00048974.JPEG,default
imagenet_c/gaussian_noise/4/ILSVRC2012_val_00041060.JPEG,default
imagenet_c/jpeg_compression/1/ILSVRC2012_val_00000539.JPEG,default
imagenet_c/jpeg_compression/5/ILSVRC2012_val_00008713.JPEG,default
imagenet_c/snow/3/ILSVRC2012_val_00030113.JPEG,default
imagenet_c/snow/3/ILSVRC2012_val_00035319.JPEG,default
imagenet_c/pixelate/2/ILSVRC2012_val_00009777.JPEG,default
imagenet_c/frost/5/ILSVRC2012_val_00030059.JPEG,default
imagenet_c/frost/5/ILSVRC2012_val_00013563.JPEG,default
imagenet_c/fog/4/ILSVRC2012_val_00047150.JPEG,default
imagenet_c/zoom_blur/2/ILSVRC2012_val_00034993.JPEG,default
imagenet_c/elastic_transform/2/ILSVRC2012_val_00042733.JPEG,default
imagenet_c/jpeg_compression/5/ILSVRC2012_val_00030888.JPEG,default
imagenet_c/defocus_blur/2/ILSVRC2012_val_00013236.JPEG,default
imagenet_c/brightness/1/ILSVRC2012_val_00044387.JPEG,default
imagenet_c/motion_blur/1/ILSVRC2012_val_00031049.JPEG,default
imagenet_c/frost/4/ILSVRC2012_val_00018530.JPEG,default
imagenet_c/brightness/3/ILSVRC2012_val_00049189.JPEG,default
imagenet_c/shot_noise/3/ILSVRC2012_val_00036264.JPEG,default
imagenet_c/gaussian_noise/3/ILSVRC2012_val_00033303.JPEG,default
imagenet_c/fog/3/ILSVRC2012_val_00045545.JPEG,default
imagenet_c/pixelate/4/ILSVRC2012_val_00027086.JPEG,default
imagenet_c/pixelate/3/ILSVRC2012_val_00011746.JPEG,default
imagenet_c/frost/3/ILSVRC2012_val_00041493.JPEG,default
imagenet_c/frost/4/ILSVRC2012_val_00020132.JPEG,default
imagenet_c/snow/2/ILSVRC2012_val_00002260.JPEG,default
imagenet_c/jpeg_compression/4/ILSVRC2012_val_00041264.JPEG,default
imagenet_c/contrast/4/ILSVRC2012_val_00047356.JPEG,default
imagenet_c/elastic_transform/3/ILSVRC2012_val_00035571.JPEG,default
imagenet_c/brightness/2/ILSVRC2012_val_00043873.JPEG,default
imagenet_c/gaussian_noise/3/ILSVRC2012_val_00046683.JPEG,default
imagenet_c/elastic_transform/4/ILSVRC2012_val_00023554.JPEG,default
imagenet_c/shot_noise/4/ILSVRC2012_val_00048801.JPEG,default
imagenet_c/shot_noise/5/ILSVRC2012_val_00037330.JPEG,default
imagenet_c/impulse_noise/4/ILSVRC2012_val_00008979.JPEG,default
imagenet_c/shot_noise/3/ILSVRC2012_val_00046795.JPEG,default
imagenet_c/fog/4/ILSVRC2012_val_00014101.JPEG,default
imagenet_c/brightness/3/ILSVRC2012_val_00029418.JPEG,default
imagenet_c/shot_noise/3/ILSVRC2012_val_00016420.JPEG,default
imagenet_c/elastic_transform/4/ILSVRC2012_val_00032837.JPEG,default
imagenet_c/brightness/2/ILSVRC2012_val_00039696.JPEG,default
imagenet_c/frost/3/ILSVRC2012_val_00012577.JPEG,default
imagenet_c/gaussian_noise/1/ILSVRC2012_val_00015878.JPEG,default
imagenet_c/shot_noise/4/ILSVRC2012_val_00043154.JPEG,default
imagenet_c/zoom_blur/1/ILSVRC2012_val_00005648.JPEG,default
imagenet_c/pixelate/3/ILSVRC2012_val_00004274.JPEG,default
imagenet_c/gaussian_noise/5/ILSVRC2012_val_00049719.JPEG,default
imagenet_c/contrast/1/ILSVRC2012_val_00049815.JPEG,default
imagenet_c/glass_blur/5/ILSVRC2012_val_00016977.JPEG,default
imagenet_c/contrast/1/ILSVRC2012_val_00034305.JPEG,default
imagenet_c/zoom_blur/5/ILSVRC2012_val_00037351.JPEG,default
imagenet_c/motion_blur/5/ILSVRC2012_val_00035189.JPEG,default
imagenet_c/shot_noise/5/ILSVRC2012_val_00012708.JPEG,default
imagenet_c/motion_blur/2/ILSVRC2012_val_00030061.JPEG,default
imagenet_c/fog/5/ILSVRC2012_val_00011989.JPEG,default
imagenet_c/frost/1/ILSVRC2012_val_00025720.JPEG,default
imagenet_c/glass_blur/5/ILSVRC2012_val_00030239.JPEG,default
imagenet_c/brightness/2/ILSVRC2012_val_00030963.JPEG,default
imagenet_c/elastic_transform/5/ILSVRC2012_val_00048530.JPEG,default
imagenet_c/contrast/4/ILSVRC2012_val_00025394.JPEG,default
imagenet_c/zoom_blur/5/ILSVRC2012_val_00048194.JPEG,default
imagenet_c/motion_blur/5/ILSVRC2012_val_00040618.JPEG,default
imagenet_c/pixelate/5/ILSVRC2012_val_00032847.JPEG,default
imagenet_c/snow/1/ILSVRC2012_val_00021946.JPEG,default
imagenet_c/fog/1/ILSVRC2012_val_00022566.JPEG,default
imagenet_c/jpeg_compression/2/ILSVRC2012_val_00045720.JPEG,default
imagenet_c/fog/4/ILSVRC2012_val_00041178.JPEG,default
imagenet_c/gaussian_noise/2/ILSVRC2012_val_00012486.JPEG,default
imagenet_c/contrast/2/ILSVRC2012_val_00021424.JPEG,default
imagenet_c/brightness/3/ILSVRC2012_val_00033644.JPEG,default
imagenet_c/defocus_blur/4/ILSVRC2012_val_00020380.JPEG,default
imagenet_c/defocus_blur/5/ILSVRC2012_val_00041416.JPEG,default
imagenet_c/gaussian_noise/1/ILSVRC2012_val_00021923.JPEG,default
imagenet_c/defocus_blur/1/ILSVRC2012_val_00011465.JPEG,default
imagenet_c/defocus_blur/2/ILSVRC2012_val_00017056.JPEG,default
imagenet_c/glass_blur/2/ILSVRC2012_val_00013303.JPEG,default
imagenet_c/gaussian_noise/3/ILSVRC2012_val_00030065.JPEG,default
imagenet_c/glass_blur/4/ILSVRC2012_val_00027895.JPEG,default
imagenet_c/brightness/5/ILSVRC2012_val_00008124.JPEG,default
imagenet_c/gaussian_noise/3/ILSVRC2012_val_00000383.JPEG,default
imagenet_c/contrast/2/ILSVRC2012_val_00045248.JPEG,default
imagenet_c/fog/5/ILSVRC2012_val_00008044.JPEG,default
imagenet_c/elastic_transform/1/ILSVRC2012_val_00029820.JPEG,default
imagenet_c/glass_blur/2/ILSVRC2012_val_00043511.JPEG,default
imagenet_c/motion_blur/1/ILSVRC2012_val_00041147.JPEG,default
imagenet_c/contrast/1/ILSVRC2012_val_00014973.JPEG,default
imagenet_c/pixelate/2/ILSVRC2012_val_00043538.JPEG,default
imagenet_c/elastic_transform/2/ILSVRC2012_val_00029960.JPEG,default
imagenet_c/shot_noise/2/ILSVRC2012_val_00045477.JPEG,default
imagenet_c/shot_noise/5/ILSVRC2012_val_00049064.JPEG,default
imagenet_c/elastic_transform/3/ILSVRC2012_val_00030876.JPEG,default
imagenet_c/fog/5/ILSVRC2012_val_00032027.JPEG,default
imagenet_c/gaussian_noise/5/ILSVRC2012_val_00046310.JPEG,default
imagenet_c/motion_blur/3/ILSVRC2012_val_00033501.JPEG,default
imagenet_c/glass_blur/3/ILSVRC2012_val_00030831.JPEG,default
imagenet_c/impulse_noise/5/ILSVRC2012_val_00030200.JPEG,default
imagenet_c/shot_noise/2/ILSVRC2012_val_00030240.JPEG,default
imagenet_c/glass_blur/5/ILSVRC2012_val_00008885.JPEG,default
imagenet_c/shot_noise/2/ILSVRC2012_val_00048650.JPEG,default
imagenet_c/frost/3/ILSVRC2012_val_00000003.JPEG,default
imagenet_c/elastic_transform/5/ILSVRC2012_val_00006114.JPEG,default
imagenet_c/defocus_blur/2/ILSVRC2012_val_00027579.JPEG,default
imagenet_c/impulse_noise/3/ILSVRC2012_val_00031994.JPEG,default
imagenet_c/impulse_noise/2/ILSVRC2012_val_00015329.JPEG,default
imagenet_c/gaussian_noise/2/ILSVRC2012_val_00004631.JPEG,default
imagenet_c/brightness/4/ILSVRC2012_val_00003196.JPEG,default
imagenet_c/zoom_blur/5/ILSVRC2012_val_00021061.JPEG,default
imagenet_c/frost/2/ILSVRC2012_val_00009660.JPEG,default
imagenet_c/snow/4/ILSVRC2012_val_00024292.JPEG,default
imagenet_c/elastic_transform/1/ILSVRC2012_val_00023702.JPEG,default
imagenet_c/impulse_noise/1/ILSVRC2012_val_00040015.JPEG,default
imagenet_c/jpeg_compression/5/ILSVRC2012_val_00016572.JPEG,default
imagenet_c/frost/1/ILSVRC2012_val_00018126.JPEG,default
imagenet_c/elastic_transform/4/ILSVRC2012_val_00036371.JPEG,default
imagenet_c/jpeg_compression/4/ILSVRC2012_val_00027165.JPEG,default
imagenet_c/defocus_blur/1/ILSVRC2012_val_00014342.JPEG,default
imagenet_c/snow/2/ILSVRC2012_val_00041929.JPEG,default
imagenet_c/gaussian_noise/1/ILSVRC2012_val_00003862.JPEG,default
imagenet_c/pixelate/4/ILSVRC2012_val_00026448.JPEG,default
imagenet_c/glass_blur/1/ILSVRC2012_val_00034821.JPEG,default
imagenet_c/snow/1/ILSVRC2012_val_00045261.JPEG,default
imagenet_c/brightness/5/ILSVRC2012_val_00000672.JPEG,default
imagenet_c/glass_blur/3/ILSVRC2012_val_00017551.JPEG,default
imagenet_c/contrast/2/ILSVRC2012_val_00005395.JPEG,default
imagenet_c/defocus_blur/2/ILSVRC2012_val_00031198.JPEG,default
imagenet_c/brightness/4/ILSVRC2012_val_00007632.JPEG,default
imagenet_c/fog/5/ILSVRC2012_val_00048578.JPEG,default
imagenet_c/impulse_noise/5/ILSVRC2012_val_00043367.JPEG,default
imagenet_c/shot_noise/3/ILSVRC2012_val_00019671.JPEG,default
imagenet_c/shot_noise/1/ILSVRC2012_val_00000203.JPEG,default
imagenet_c/motion_blur/4/ILSVRC2012_val_00028103.JPEG,default
imagenet_c/fog/1/ILSVRC2012_val_00007367.JPEG,default
imagenet_c/motion_blur/1/ILSVRC2012_val_00035562.JPEG,default
imagenet_c/elastic_transform/5/ILSVRC2012_val_00038479.JPEG,default
imagenet_c/zoom_blur/4/ILSVRC2012_val_00001074.JPEG,default
imagenet_c/elastic_transform/2/ILSVRC2012_val_00022843.JPEG,default
imagenet_c/gaussian_noise/1/ILSVRC2012_val_00000847.JPEG,default
imagenet_c/pixelate/5/ILSVRC2012_val_00015858.JPEG,default
imagenet_c/frost/4/ILSVRC2012_val_00035656.JPEG,default
imagenet_c/gaussian_noise/1/ILSVRC2012_val_00018972.JPEG,default
imagenet_c/zoom_blur/5/ILSVRC2012_val_00019518.JPEG,default
imagenet_c/defocus_blur/3/ILSVRC2012_val_00047499.JPEG,default
imagenet_c/defocus_blur/4/ILSVRC2012_val_00012085.JPEG,default
imagenet_c/snow/5/ILSVRC2012_val_00015333.JPEG,default
imagenet_c/jpeg_compression/5/ILSVRC2012_val_00017940.JPEG,default
imagenet_c/jpeg_compression/4/ILSVRC2012_val_00018357.JPEG,default
imagenet_c/frost/3/ILSVRC2012_val_00036964.JPEG,default
imagenet_c/motion_blur/2/ILSVRC2012_val_00028736.JPEG,default
imagenet_c/motion_blur/1/ILSVRC2012_val_00034224.JPEG,default
imagenet_c/frost/5/ILSVRC2012_val_00012203.JPEG,default
imagenet_c/brightness/5/ILSVRC2012_val_00032995.JPEG,default
imagenet_c/frost/1/ILSVRC2012_val_00033519.JPEG,default
imagenet_c/frost/3/ILSVRC2012_val_00024896.JPEG,default
imagenet_c/pixelate/4/ILSVRC2012_val_00019267.JPEG,default
imagenet_c/jpeg_compression/3/ILSVRC2012_val_00045684.JPEG,default
imagenet_c/brightness/2/ILSVRC2012_val_00028009.JPEG,default
imagenet_c/brightness/5/ILSVRC2012_val_00031718.JPEG,default
imagenet_c/contrast/4/ILSVRC2012_val_00038218.JPEG,default
imagenet_c/brightness/3/ILSVRC2012_val_00021052.JPEG,default
imagenet_c/pixelate/1/ILSVRC2012_val_00030698.JPEG,default
imagenet_c/contrast/4/ILSVRC2012_val_00043074.JPEG,default
imagenet_c/snow/3/ILSVRC2012_val_00030370.JPEG,default
imagenet_c/gaussian_noise/3/ILSVRC2012_val_00000134.JPEG,default
imagenet_c/jpeg_compression/5/ILSVRC2012_val_00014378.JPEG,default
imagenet_c/motion_blur/3/ILSVRC2012_val_00036945.JPEG,default
imagenet_c/contrast/2/ILSVRC2012_val_00016581.JPEG,default
imagenet_c/frost/3/ILSVRC2012_val_00033067.JPEG,default
imagenet_c/elastic_transform/4/ILSVRC2012_val_00008343.JPEG,default
imagenet_c/impulse_noise/4/ILSVRC2012_val_00030852.JPEG,default
imagenet_c/contrast/2/ILSVRC2012_val_00041031.JPEG,default
imagenet_c/elastic_transform/4/ILSVRC2012_val_00040747.JPEG,default
imagenet_c/jpeg_compression/2/ILSVRC2012_val_00005242.JPEG,default
imagenet_c/fog/2/ILSVRC2012_val_00022240.JPEG,default
imagenet_c/zoom_blur/5/ILSVRC2012_val_00010082.JPEG,default
imagenet_c/frost/1/ILSVRC2012_val_00034324.JPEG,default
imagenet_c/jpeg_compression/3/ILSVRC2012_val_00005902.JPEG,default
imagenet_c/glass_blur/4/ILSVRC2012_val_00039020.JPEG,default
imagenet_c/shot_noise/2/ILSVRC2012_val_00004386.JPEG,default
imagenet_c/contrast/4/ILSVRC2012_val_00034266.JPEG,default
imagenet_c/shot_noise/1/ILSVRC2012_val_00021642.JPEG,default
imagenet_c/elastic_transform/1/ILSVRC2012_val_00031343.JPEG,default
imagenet_c/motion_blur/1/ILSVRC2012_val_00019535.JPEG,default
imagenet_c/contrast/4/ILSVRC2012_val_00005587.JPEG,default
imagenet_c/defocus_blur/1/ILSVRC2012_val_00046704.JPEG,default
imagenet_c/brightness/3/ILSVRC2012_val_00002794.JPEG,default
imagenet_c/zoom_blur/2/ILSVRC2012_val_00026650.JPEG,default
imagenet_c/glass_blur/1/ILSVRC2012_val_00045995.JPEG,default
imagenet_c/shot_noise/2/ILSVRC2012_val_00011198.JPEG,default
imagenet_c/frost/1/ILSVRC2012_val_00035391.JPEG,default
imagenet_c/motion_blur/5/ILSVRC2012_val_00043605.JPEG,default
imagenet_c/elastic_transform/3/ILSVRC2012_val_00007086.JPEG,default
imagenet_c/zoom_blur/1/ILSVRC2012_val_00020589.JPEG,default
imagenet_c/brightness/2/ILSVRC2012_val_00004763.JPEG,default
imagenet_c/jpeg_compression/5/ILSVRC2012_val_00034495.JPEG,default
imagenet_c/impulse_noise/3/ILSVRC2012_val_00040427.JPEG,default
imagenet_c/jpeg_compression/1/ILSVRC2012_val_00016125.JPEG,default
imagenet_c/gaussian_noise/2/ILSVRC2012_val_00045305.JPEG,default
imagenet_c/contrast/2/ILSVRC2012_val_00006673.JPEG,default
imagenet_c/impulse_noise/2/ILSVRC2012_val_00046552.JPEG,default
imagenet_c/snow/3/ILSVRC2012_val_00039086.JPEG,default
imagenet_c/gaussian_noise/4/ILSVRC2012_val_00044380.JPEG,default
imagenet_c/fog/5/ILSVRC2012_val_00009877.JPEG,default
imagenet_c/snow/5/ILSVRC2012_val_00035437.JPEG,default
imagenet_c/jpeg_compression/1/ILSVRC2012_val_00025496.JPEG,default
imagenet_c/snow/5/ILSVRC2012_val_00044462.JPEG,default
imagenet_c/fog/2/ILSVRC2012_val_00000758.JPEG,default
imagenet_c/defocus_blur/4/ILSVRC2012_val_00041844.JPEG,default
imagenet_c/elastic_transform/3/ILSVRC2012_val_00034608.JPEG,default
imagenet_c/frost/4/ILSVRC2012_val_00037858.JPEG,default
imagenet_c/impulse_noise/2/ILSVRC2012_val_00004818.JPEG,default
imagenet_c/fog/3/ILSVRC2012_val_00033690.JPEG,default
imagenet_c/frost/5/ILSVRC2012_val_00044430.JPEG,default
imagenet_c/frost/5/ILSVRC2012_val_00031461.JPEG,default
imagenet_c/elastic_transform/1/ILSVRC2012_val_00010617.JPEG,default
imagenet_c/elastic_transform/4/ILSVRC2012_val_00032659.JPEG,default
imagenet_c/fog/3/ILSVRC2012_val_00001872.JPEG,default
imagenet_c/defocus_blur/1/ILSVRC2012_val_00028922.JPEG,default
imagenet_c/zoom_blur/2/ILSVRC2012_val_00041306.JPEG,default
imagenet_c/fog/1/ILSVRC2012_val_00038626.JPEG,default
imagenet_c/contrast/2/ILSVRC2012_val_00018604.JPEG,default
imagenet_c/shot_noise/2/ILSVRC2012_val_00013419.JPEG,default
imagenet_c/zoom_blur/4/ILSVRC2012_val_00007001.JPEG,default
imagenet_c/defocus_blur/2/ILSVRC2012_val_00025897.JPEG,default
imagenet_c/glass_blur/3/ILSVRC2012_val_00007295.JPEG,default
imagenet_c/gaussian_noise/1/ILSVRC2012_val_00037916.JPEG,default
imagenet_c/contrast/5/ILSVRC2012_val_00045933.JPEG,default
imagenet_c/fog/4/ILSVRC2012_val_00024675.JPEG,default
imagenet_c/elastic_transform/5/ILSVRC2012_val_00010648.JPEG,default
imagenet_c/frost/2/ILSVRC2012_val_00043641.JPEG,default
imagenet_c/elastic_transform/5/ILSVRC2012_val_00002317.JPEG,default
imagenet_c/impulse_noise/4/ILSVRC2012_val_00041422.JPEG,default
imagenet_c/fog/4/ILSVRC2012_val_00007319.JPEG,default
imagenet_c/gaussian_noise/3/ILSVRC2012_val_00010709.JPEG,default
imagenet_c/glass_blur/3/ILSVRC2012_val_00020989.JPEG,default
imagenet_c/brightness/3/ILSVRC2012_val_00044535.JPEG,default
imagenet_c/contrast/1/ILSVRC2012_val_00007190.JPEG,default
imagenet_c/zoom_blur/3/ILSVRC2012_val_00017599.JPEG,default
imagenet_c/pixelate/1/ILSVRC2012_val_00022201.JPEG,default
imagenet_c/zoom_blur/4/ILSVRC2012_val_00043216.JPEG,default
imagenet_c/shot_noise/5/ILSVRC2012_val_00025852.JPEG,default
imagenet_c/gaussian_noise/1/ILSVRC2012_val_00045734.JPEG,default
imagenet_c/brightness/3/ILSVRC2012_val_00039115.JPEG,default
imagenet_c/contrast/4/ILSVRC2012_val_00023750.JPEG,default
imagenet_c/defocus_blur/4/ILSVRC2012_val_00017006.JPEG,default
imagenet_c/glass_blur/3/ILSVRC2012_val_00008967.JPEG,default
imagenet_c/contrast/4/ILSVRC2012_val_00048128.JPEG,default
imagenet_c/gaussian_noise/2/ILSVRC2012_val_00045160.JPEG,default
imagenet_c/pixelate/4/ILSVRC2012_val_00034797.JPEG,default
imagenet_c/defocus_blur/2/ILSVRC2012_val_00003855.JPEG,default
imagenet_c/gaussian_noise/3/ILSVRC2012_val_00009585.JPEG,default
imagenet_c/elastic_transform/4/ILSVRC2012_val_00037117.JPEG,default
imagenet_c/shot_noise/2/ILSVRC2012_val_00010491.JPEG,default
imagenet_c/impulse_noise/1/ILSVRC2012_val_00008194.JPEG,default
imagenet_c/glass_blur/5/ILSVRC2012_val_00005126.JPEG,default
imagenet_c/impulse_noise/5/ILSVRC2012_val_00026976.JPEG,default
imagenet_c/pixelate/3/ILSVRC2012_val_00026582.JPEG,default
imagenet_c/glass_blur/1/ILSVRC2012_val_00020761.JPEG,default
imagenet_c/pixelate/4/ILSVRC2012_val_00036932.JPEG,default
imagenet_c/impulse_noise/5/ILSVRC2012_val_00024275.JPEG,default
imagenet_c/glass_blur/5/ILSVRC2012_val_00036235.JPEG,default
imagenet_c/pixelate/3/ILSVRC2012_val_00045195.JPEG,default
imagenet_c/motion_blur/5/ILSVRC2012_val_00042206.JPEG,default
imagenet_c/impulse_noise/5/ILSVRC2012_val_00034748.JPEG,default
imagenet_c/pixelate/3/ILSVRC2012_val_00033721.JPEG,default
imagenet_c/fog/2/ILSVRC2012_val_00048145.JPEG,default
imagenet_c/elastic_transform/1/ILSVRC2012_val_00022808.JPEG,default
imagenet_c/zoom_blur/1/ILSVRC2012_val_00047438.JPEG,default
imagenet_c/elastic_transform/1/ILSVRC2012_val_00023076.JPEG,default
imagenet_c/pixelate/3/ILSVRC2012_val_00002706.JPEG,default
imagenet_c/contrast/5/ILSVRC2012_val_00010245.JPEG,default
imagenet_c/fog/3/ILSVRC2012_val_00001937.JPEG,default
imagenet_c/fog/2/ILSVRC2012_val_00006849.JPEG,default
imagenet_c/shot_noise/2/ILSVRC2012_val_00024222.JPEG,default
imagenet_c/zoom_blur/5/ILSVRC2012_val_00027277.JPEG,default
imagenet_c/defocus_blur/3/ILSVRC2012_val_00025620.JPEG,default
imagenet_c/glass_blur/1/ILSVRC2012_val_00043281.JPEG,default
imagenet_c/gaussian_noise/2/ILSVRC2012_val_00035820.JPEG,default
imagenet_c/pixelate/5/ILSVRC2012_val_00042860.JPEG,default
imagenet_c/gaussian_noise/1/ILSVRC2012_val_00039381.JPEG,default
imagenet_c/zoom_blur/4/ILSVRC2012_val_00014246.JPEG,default
imagenet_c/elastic_transform/1/ILSVRC2012_val_00040410.JPEG,default
imagenet_c/glass_blur/3/ILSVRC2012_val_00045291.JPEG,default
imagenet_c/contrast/2/ILSVRC2012_val_00017529.JPEG,default
imagenet_c/pixelate/4/ILSVRC2012_val_00032304.JPEG,default
imagenet_c/zoom_blur/5/ILSVRC2012_val_00032591.JPEG,default
imagenet_c/elastic_transform/2/ILSVRC2012_val_00022133.JPEG,default
imagenet_c/gaussian_noise/4/ILSVRC2012_val_00029190.JPEG,default
imagenet_c/glass_blur/1/ILSVRC2012_val_00035036.JPEG,default
imagenet_c/fog/1/ILSVRC2012_val_00026645.JPEG,default
imagenet_c/elastic_transform/5/ILSVRC2012_val_00024218.JPEG,default
imagenet_c/shot_noise/4/ILSVRC2012_val_00039359.JPEG,default
imagenet_c/jpeg_compression/2/ILSVRC2012_val_00034036.JPEG,default
imagenet_c/zoom_blur/2/ILSVRC2012_val_00046768.JPEG,default
imagenet_c/fog/1/ILSVRC2012_val_00009014.JPEG,default
imagenet_c/impulse_noise/1/ILSVRC2012_val_00027875.JPEG,default
imagenet_c/contrast/2/ILSVRC2012_val_00019519.JPEG,default
imagenet_c/jpeg_compression/4/ILSVRC2012_val_00047148.JPEG,default
imagenet_c/brightness/5/ILSVRC2012_val_00040249.JPEG,default
imagenet_c/glass_blur/5/ILSVRC2012_val_00033039.JPEG,default
imagenet_c/zoom_blur/4/ILSVRC2012_val_00040200.JPEG,default
imagenet_c/elastic_transform/4/ILSVRC2012_val_00000269.JPEG,default
imagenet_c/pixelate/1/ILSVRC2012_val_00004192.JPEG,default
imagenet_c/impulse_noise/1/ILSVRC2012_val_00000993.JPEG,default
imagenet_c/snow/2/ILSVRC2012_val_00016669.JPEG,default
imagenet_c/snow/2/ILSVRC2012_val_00021736.JPEG,default
imagenet_c/jpeg_compression/5/ILSVRC2012_val_00034263.JPEG,default
imagenet_c/motion_blur/2/ILSVRC2012_val_00020169.JPEG,default
imagenet_c/zoom_blur/5/ILSVRC2012_val_00024432.JPEG,default
imagenet_c/pixelate/4/ILSVRC2012_val_00023913.JPEG,default
imagenet_c/pixelate/2/ILSVRC2012_val_00014430.JPEG,default
imagenet_c/gaussian_noise/5/ILSVRC2012_val_00048427.JPEG,default
imagenet_c/frost/2/ILSVRC2012_val_00032904.JPEG,default
imagenet_c/snow/5/ILSVRC2012_val_00048779.JPEG,default
imagenet_c/jpeg_compression/1/ILSVRC2012_val_00025903.JPEG,default
imagenet_c/impulse_noise/2/ILSVRC2012_val_00003355.JPEG,default
imagenet_c/pixelate/3/ILSVRC2012_val_00013848.JPEG,default
imagenet_c/impulse_noise/2/ILSVRC2012_val_00031688.JPEG,default
imagenet_c/zoom_blur/4/ILSVRC2012_val_00018815.JPEG,default
imagenet_c/shot_noise/4/ILSVRC2012_val_00040979.JPEG,default
imagenet_c/fog/2/ILSVRC2012_val_00029382.JPEG,default
imagenet_c/contrast/3/ILSVRC2012_val_00006545.JPEG,default
imagenet_c/gaussian_noise/5/ILSVRC2012_val_00044949.JPEG,default
imagenet_c/snow/1/ILSVRC2012_val_00032948.JPEG,default
imagenet_c/defocus_blur/4/ILSVRC2012_val_00025949.JPEG,default
imagenet_c/glass_blur/2/ILSVRC2012_val_00029923.JPEG,default
imagenet_c/contrast/1/ILSVRC2012_val_00022578.JPEG,default
imagenet_c/brightness/5/ILSVRC2012_val_00002267.JPEG,default
imagenet_c/elastic_transform/2/ILSVRC2012_val_00012437.JPEG,default
imagenet_c/fog/2/ILSVRC2012_val_00021214.JPEG,default
imagenet_c/frost/5/ILSVRC2012_val_00025245.JPEG,default
imagenet_c/gaussian_noise/3/ILSVRC2012_val_00049334.JPEG,default
imagenet_c/fog/1/ILSVRC2012_val_00032209.JPEG,default
imagenet_c/jpeg_compression/2/ILSVRC2012_val_00012171.JPEG,default
imagenet_c/impulse_noise/5/ILSVRC2012_val_00018009.JPEG,default
imagenet_c/gaussian_noise/3/ILSVRC2012_val_00043464.JPEG,default
imagenet_c/elastic_transform/5/ILSVRC2012_val_00020392.JPEG,default
imagenet_c/shot_noise/3/ILSVRC2012_val_00009224.JPEG,default
imagenet_c/contrast/4/ILSVRC2012_val_00046134.JPEG,default
imagenet_c/pixelate/1/ILSVRC2012_val_00000220.JPEG,default
imagenet_c/pixelate/5/ILSVRC2012_val_00017965.JPEG,default
imagenet_c/fog/1/ILSVRC2012_val_00013622.JPEG,default
imagenet_c/zoom_blur/5/ILSVRC2012_val_00036072.JPEG,default
imagenet_c/frost/2/ILSVRC2012_val_00031219.JPEG,default
imagenet_c/defocus_blur/3/ILSVRC2012_val_00000333.JPEG,default
imagenet_c/brightness/1/ILSVRC2012_val_00047583.JPEG,default
imagenet_c/brightness/1/ILSVRC2012_val_00025501.JPEG,default
imagenet_c/contrast/4/ILSVRC2012_val_00024642.JPEG,default
imagenet_c/snow/3/ILSVRC2012_val_00042922.JPEG,default
imagenet_c/fog/5/ILSVRC2012_val_00035530.JPEG,default
imagenet_c/impulse_noise/1/ILSVRC2012_val_00048310.JPEG,default
imagenet_c/gaussian_noise/3/ILSVRC2012_val_00033449.JPEG,default
imagenet_c/glass_blur/5/ILSVRC2012_val_00009163.JPEG,default
imagenet_c/gaussian_noise/1/ILSVRC2012_val_00028913.JPEG,default
imagenet_c/snow/2/ILSVRC2012_val_00001203.JPEG,default
imagenet_c/elastic_transform/5/ILSVRC2012_val_00040802.JPEG,default
imagenet_c/frost/2/ILSVRC2012_val_00042400.JPEG,default
imagenet_c/impulse_noise/2/ILSVRC2012_val_00008496.JPEG,default
imagenet_c/elastic_transform/5/ILSVRC2012_val_00014863.JPEG,default
imagenet_c/contrast/1/ILSVRC2012_val_00042909.JPEG,default
imagenet_c/pixelate/4/ILSVRC2012_val_00027699.JPEG,default
imagenet_c/brightness/4/ILSVRC2012_val_00021436.JPEG,default
imagenet_c/contrast/1/ILSVRC2012_val_00003242.JPEG,default
imagenet_c/motion_blur/4/ILSVRC2012_val_00016890.JPEG,default
imagenet_c/gaussian_noise/4/ILSVRC2012_val_00019325.JPEG,default
imagenet_c/fog/2/ILSVRC2012_val_00015197.JPEG,default
imagenet_c/brightness/3/ILSVRC2012_val_00035095.JPEG,default
imagenet_c/defocus_blur/2/ILSVRC2012_val_00023569.JPEG,default
imagenet_c/snow/2/ILSVRC2012_val_00049327.JPEG,default
imagenet_c/jpeg_compression/4/ILSVRC2012_val_00037038.JPEG,default
imagenet_c/elastic_transform/1/ILSVRC2012_val_00037456.JPEG,default
imagenet_c/elastic_transform/1/ILSVRC2012_val_00036918.JPEG,default
imagenet_c/contrast/2/ILSVRC2012_val_00022990.JPEG,default
imagenet_c/jpeg_compression/1/ILSVRC2012_val_00023003.JPEG,default
imagenet_c/gaussian_noise/1/ILSVRC2012_val_00038589.JPEG,default
imagenet_c/brightness/1/ILSVRC2012_val_00043940.JPEG,default
imagenet_c/motion_blur/1/ILSVRC2012_val_00037648.JPEG,default
imagenet_c/zoom_blur/1/ILSVRC2012_val_00024785.JPEG,default
imagenet_c/fog/5/ILSVRC2012_val_00041406.JPEG,default
imagenet_c/impulse_noise/2/ILSVRC2012_val_00034581.JPEG,default
imagenet_c/zoom_blur/1/ILSVRC2012_val_00027184.JPEG,default
imagenet_c/brightness/1/ILSVRC2012_val_00013501.JPEG,default
imagenet_c/fog/5/ILSVRC2012_val_00024330.JPEG,default
imagenet_c/shot_noise/2/ILSVRC2012_val_00029610.JPEG,default
imagenet_c/glass_blur/5/ILSVRC2012_val_00043209.JPEG,default
imagenet_c/frost/3/ILSVRC2012_val_00022266.JPEG,default
imagenet_c/jpeg_compression/5/ILSVRC2012_val_00032819.JPEG,default
imagenet_c/frost/4/ILSVRC2012_val_00018007.JPEG,default
imagenet_c/defocus_blur/4/ILSVRC2012_val_00041480.JPEG,default
imagenet_c/fog/4/ILSVRC2012_val_00021540.JPEG,default
imagenet_c/elastic_transform/1/ILSVRC2012_val_00014710.JPEG,default
imagenet_c/snow/3/ILSVRC2012_val_00023731.JPEG,default
imagenet_c/brightness/3/ILSVRC2012_val_00044585.JPEG,default
imagenet_c/jpeg_compression/1/ILSVRC2012_val_00039951.JPEG,default
imagenet_c/glass_blur/1/ILSVRC2012_val_00009775.JPEG,default
imagenet_c/elastic_transform/4/ILSVRC2012_val_00025608.JPEG,default
imagenet_c/jpeg_compression/4/ILSVRC2012_val_00019876.JPEG,default
imagenet_c/glass_blur/4/ILSVRC2012_val_00024277.JPEG,default
imagenet_c/glass_blur/5/ILSVRC2012_val_00025388.JPEG,default
imagenet_c/brightness/4/ILSVRC2012_val_00015350.JPEG,default
imagenet_c/contrast/1/ILSVRC2012_val_00015920.JPEG,default
imagenet_c/contrast/1/ILSVRC2012_val_00006416.JPEG,default
imagenet_c/impulse_noise/1/ILSVRC2012_val_00028497.JPEG,default
imagenet_c/gaussian_noise/5/ILSVRC2012_val_00042887.JPEG,default
imagenet_c/fog/3/ILSVRC2012_val_00020626.JPEG,default
imagenet_c/jpeg_compression/1/ILSVRC2012_val_00028420.JPEG,default
imagenet_c/fog/3/ILSVRC2012_val_00006664.JPEG,default
imagenet_c/glass_blur/3/ILSVRC2012_val_00033672.JPEG,default
imagenet_c/defocus_blur/5/ILSVRC2012_val_00021526.JPEG,default
imagenet_c/contrast/1/ILSVRC2012_val_00005209.JPEG,default
imagenet_c/zoom_blur/4/ILSVRC2012_val_00043417.JPEG,default
imagenet_c/glass_blur/1/ILSVRC2012_val_00001404.JPEG,default
imagenet_c/contrast/5/ILSVRC2012_val_00036055.JPEG,default
imagenet_c/frost/3/ILSVRC2012_val_00040313.JPEG,default
imagenet_c/gaussian_noise/4/ILSVRC2012_val_00018521.JPEG,default
imagenet_c/zoom_blur/2/ILSVRC2012_val_00039240.JPEG,default
imagenet_c/frost/4/ILSVRC2012_val_00001698.JPEG,default
imagenet_c/elastic_transform/5/ILSVRC2012_val_00044811.JPEG,default
imagenet_c/motion_blur/3/ILSVRC2012_val_00013279.JPEG,default
imagenet_c/shot_noise/1/ILSVRC2012_val_00029157.JPEG,default
imagenet_c/elastic_transform/2/ILSVRC2012_val_00003327.JPEG,default
imagenet_c/brightness/5/ILSVRC2012_val_00009435.JPEG,default
imagenet_c/frost/4/ILSVRC2012_val_00021608.JPEG,default
imagenet_c/fog/3/ILSVRC2012_val_00048760.JPEG,default
imagenet_c/impulse_noise/1/ILSVRC2012_val_00048436.JPEG,default
imagenet_c/elastic_transform/4/ILSVRC2012_val_00042912.JPEG,default
imagenet_c/fog/5/ILSVRC2012_val_00025884.JPEG,default
imagenet_c/zoom_blur/2/ILSVRC2012_val_00012899.JPEG,default
imagenet_c/fog/4/ILSVRC2012_val_00027862.JPEG,default
imagenet_c/snow/4/ILSVRC2012_val_00034928.JPEG,default
imagenet_c/snow/2/ILSVRC2012_val_00005746.JPEG,default
imagenet_c/motion_blur/2/ILSVRC2012_val_00006484.JPEG,default
imagenet_c/motion_blur/3/ILSVRC2012_val_00033737.JPEG,default
imagenet_c/shot_noise/4/ILSVRC2012_val_00045340.JPEG,default
imagenet_c/impulse_noise/1/ILSVRC2012_val_00009452.JPEG,default
imagenet_c/fog/3/ILSVRC2012_val_00002484.JPEG,default
imagenet_c/elastic_transform/1/ILSVRC2012_val_00044435.JPEG,default
imagenet_c/glass_blur/3/ILSVRC2012_val_00031121.JPEG,default
imagenet_c/elastic_transform/3/ILSVRC2012_val_00042294.JPEG,default
imagenet_c/jpeg_compression/2/ILSVRC2012_val_00003910.JPEG,default
imagenet_c/motion_blur/5/ILSVRC2012_val_00017715.JPEG,default
imagenet_c/pixelate/3/ILSVRC2012_val_00031156.JPEG,default
imagenet_c/elastic_transform/1/ILSVRC2012_val_00020260.JPEG,default
imagenet_c/shot_noise/4/ILSVRC2012_val_00008973.JPEG,default
imagenet_c/brightness/1/ILSVRC2012_val_00044971.JPEG,default
imagenet_c/zoom_blur/2/ILSVRC2012_val_00003931.JPEG,default
imagenet_c/gaussian_noise/2/ILSVRC2012_val_00003368.JPEG,default
imagenet_c/impulse_noise/3/ILSVRC2012_val_00040018.JPEG,default
imagenet_c/gaussian_noise/5/ILSVRC2012_val_00028146.JPEG,default
imagenet_c/motion_blur/2/ILSVRC2012_val_00036458.JPEG,default
imagenet_c/elastic_transform/1/ILSVRC2012_val_00046823.JPEG,default
imagenet_c/brightness/2/ILSVRC2012_val_00044727.JPEG,default
imagenet_c/impulse_noise/2/ILSVRC2012_val_00020474.JPEG,default
imagenet_c/shot_noise/4/ILSVRC2012_val_00033017.JPEG,default
imagenet_c/gaussian_noise/2/ILSVRC2012_val_00044709.JPEG,default
imagenet_c/elastic_transform/5/ILSVRC2012_val_00022911.JPEG,default
imagenet_c/frost/2/ILSVRC2012_val_00045956.JPEG,default
imagenet_c/fog/4/ILSVRC2012_val_00027962.JPEG,default
imagenet_c/fog/1/ILSVRC2012_val_00006209.JPEG,default
imagenet_c/motion_blur/2/ILSVRC2012_val_00009464.JPEG,default
imagenet_c/snow/2/ILSVRC2012_val_00041346.JPEG,default
imagenet_c/gaussian_noise/1/ILSVRC2012_val_00007261.JPEG,default
imagenet_c/brightness/1/ILSVRC2012_val_00032529.JPEG,default
imagenet_c/zoom_blur/2/ILSVRC2012_val_00047119.JPEG,default
imagenet_c/elastic_transform/5/ILSVRC2012_val_00002827.JPEG,default
imagenet_c/motion_blur/5/ILSVRC2012_val_00010575.JPEG,default
imagenet_c/brightness/1/ILSVRC2012_val_00029675.JPEG,default
imagenet_c/pixelate/5/ILSVRC2012_val_00001234.JPEG,default
imagenet_c/snow/3/ILSVRC2012_val_00026000.JPEG,default
imagenet_c/impulse_noise/5/ILSVRC2012_val_00039393.JPEG,default
imagenet_c/glass_blur/5/ILSVRC2012_val_00026130.JPEG,default
imagenet_c/fog/2/ILSVRC2012_val_00021171.JPEG,default
imagenet_c/contrast/1/ILSVRC2012_val_00004278.JPEG,default
imagenet_c/elastic_transform/2/ILSVRC2012_val_00029984.JPEG,default
imagenet_c/defocus_blur/5/ILSVRC2012_val_00038194.JPEG,default
imagenet_c/shot_noise/1/ILSVRC2012_val_00000800.JPEG,default
imagenet_c/contrast/5/ILSVRC2012_val_00047597.JPEG,default
imagenet_c/shot_noise/4/ILSVRC2012_val_00045628.JPEG,default
imagenet_c/jpeg_compression/3/ILSVRC2012_val_00027366.JPEG,default
imagenet_c/contrast/2/ILSVRC2012_val_00033581.JPEG,default
imagenet_c/impulse_noise/4/ILSVRC2012_val_00011009.JPEG,default
imagenet_c/defocus_blur/1/ILSVRC2012_val_00026509.JPEG,default
imagenet_c/gaussian_noise/2/ILSVRC2012_val_00040556.JPEG,default
imagenet_c/fog/3/ILSVRC2012_val_00019665.JPEG,default
imagenet_c/snow/3/ILSVRC2012_val_00046981.JPEG,default
imagenet_c/snow/5/ILSVRC2012_val_00001917.JPEG,default
imagenet_c/frost/1/ILSVRC2012_val_00034516.JPEG,default
imagenet_c/fog/5/ILSVRC2012_val_00036709.JPEG,default
imagenet_c/fog/5/ILSVRC2012_val_00028425.JPEG,default
imagenet_c/contrast/5/ILSVRC2012_val_00015625.JPEG,default
imagenet_c/jpeg_compression/3/ILSVRC2012_val_00032749.JPEG,default
imagenet_c/elastic_transform/1/ILSVRC2012_val_00041991.JPEG,default
imagenet_c/zoom_blur/2/ILSVRC2012_val_00017773.JPEG,default
imagenet_c/gaussian_noise/1/ILSVRC2012_val_00012840.JPEG,default
imagenet_c/motion_blur/3/ILSVRC2012_val_00033884.JPEG,default
imagenet_c/contrast/3/ILSVRC2012_val_00001172.JPEG,default
imagenet_c/brightness/1/ILSVRC2012_val_00043363.JPEG,default
imagenet_c/motion_blur/4/ILSVRC2012_val_00027951.JPEG,default
imagenet_c/jpeg_compression/4/ILSVRC2012_val_00015030.JPEG,default
imagenet_c/pixelate/3/ILSVRC2012_val_00009539.JPEG,default
imagenet_c/contrast/2/ILSVRC2012_val_00042098.JPEG,default
imagenet_c/impulse_noise/5/ILSVRC2012_val_00002063.JPEG,default
imagenet_c/brightness/1/ILSVRC2012_val_00030270.JPEG,default
imagenet_c/glass_blur/5/ILSVRC2012_val_00000501.JPEG,default
imagenet_c/glass_blur/3/ILSVRC2012_val_00015446.JPEG,default
imagenet_c/jpeg_compression/1/ILSVRC2012_val_00013911.JPEG,default
imagenet_c/gaussian_noise/5/ILSVRC2012_val_00016319.JPEG,default
imagenet_c/fog/4/ILSVRC2012_val_00016243.JPEG,default
imagenet_c/contrast/1/ILSVRC2012_val_00017957.JPEG,default
imagenet_c/motion_blur/2/ILSVRC2012_val_00037617.JPEG,default
imagenet_c/elastic_transform/4/ILSVRC2012_val_00025448.JPEG,default
imagenet_c/brightness/2/ILSVRC2012_val_00044842.JPEG,default
imagenet_c/fog/3/ILSVRC2012_val_00015766.JPEG,default
imagenet_c/shot_noise/2/ILSVRC2012_val_00039939.JPEG,default
imagenet_c/jpeg_compression/4/ILSVRC2012_val_00017643.JPEG,default
imagenet_c/contrast/3/ILSVRC2012_val_00030561.JPEG,default
imagenet_c/glass_blur/4/ILSVRC2012_val_00042834.JPEG,default
imagenet_c/fog/1/ILSVRC2012_val_00041286.JPEG,default
imagenet_c/glass_blur/5/ILSVRC2012_val_00025845.JPEG,default
imagenet_c/fog/5/ILSVRC2012_val_00016443.JPEG,default
imagenet_c/snow/5/ILSVRC2012_val_00044600.JPEG,default
imagenet_c/contrast/4/ILSVRC2012_val_00000156.JPEG,default
imagenet_c/shot_noise/5/ILSVRC2012_val_00031197.JPEG,default
imagenet_c/glass_blur/1/ILSVRC2012_val_00004178.JPEG,default
imagenet_c/frost/4/ILSVRC2012_val_00000188.JPEG,default
imagenet_c/frost/5/ILSVRC2012_val_00044732.JPEG,default
imagenet_c/snow/1/ILSVRC2012_val_00039555.JPEG,default
imagenet_c/gaussian_noise/5/ILSVRC2012_val_00028916.JPEG,default
imagenet_c/zoom_blur/2/ILSVRC2012_val_00048693.JPEG,default
imagenet_c/pixelate/4/ILSVRC2012_val_00000604.JPEG,default
imagenet_c/gaussian_noise/2/ILSVRC2012_val_00034729.JPEG,default
imagenet_c/shot_noise/1/ILSVRC2012_val_00021767.JPEG,default
imagenet_c/frost/1/ILSVRC2012_val_00030055.JPEG,default
imagenet_c/pixelate/1/ILSVRC2012_val_00035768.JPEG,default
imagenet_c/glass_blur/4/ILSVRC2012_val_00021318.JPEG,default
imagenet_c/pixelate/1/ILSVRC2012_val_00048498.JPEG,default
imagenet_c/gaussian_noise/4/ILSVRC2012_val_00017313.JPEG,default
imagenet_c/jpeg_compression/1/ILSVRC2012_val_00036908.JPEG,default
imagenet_c/fog/5/ILSVRC2012_val_00042614.JPEG,default
imagenet_c/frost/4/ILSVRC2012_val_00007526.JPEG,default
imagenet_c/defocus_blur/3/ILSVRC2012_val_00043707.JPEG,default
imagenet_c/snow/5/ILSVRC2012_val_00047112.JPEG,default
imagenet_c/fog/5/ILSVRC2012_val_00044553.JPEG,default
imagenet_c/frost/3/ILSVRC2012_val_00035289.JPEG,default
imagenet_c/snow/1/ILSVRC2012_val_00031865.JPEG,default
imagenet_c/brightness/1/ILSVRC2012_val_00015330.JPEG,default
imagenet_c/shot_noise/3/ILSVRC2012_val_00036414.JPEG,default
imagenet_c/glass_blur/5/ILSVRC2012_val_00008362.JPEG,default
imagenet_c/motion_blur/2/ILSVRC2012_val_00011623.JPEG,default
imagenet_c/contrast/5/ILSVRC2012_val_00039573.JPEG,default
imagenet_c/brightness/4/ILSVRC2012_val_00023748.JPEG,default
imagenet_c/motion_blur/3/ILSVRC2012_val_00013740.JPEG,default
imagenet_c/pixelate/4/ILSVRC2012_val_00047535.JPEG,default
imagenet_c/glass_blur/3/ILSVRC2012_val_00008357.JPEG,default
imagenet_c/elastic_transform/4/ILSVRC2012_val_00026167.JPEG,default
imagenet_c/jpeg_compression/3/ILSVRC2012_val_00022569.JPEG,default
imagenet_c/zoom_blur/1/ILSVRC2012_val_00004276.JPEG,default
imagenet_c/pixelate/4/ILSVRC2012_val_00019324.JPEG,default
imagenet_c/brightness/2/ILSVRC2012_val_00013368.JPEG,default
imagenet_c/gaussian_noise/1/ILSVRC2012_val_00034379.JPEG,default
imagenet_c/fog/3/ILSVRC2012_val_00044496.JPEG,default
imagenet_c/glass_blur/1/ILSVRC2012_val_00023004.JPEG,default
imagenet_c/impulse_noise/2/ILSVRC2012_val_00012833.JPEG,default
imagenet_c/frost/5/ILSVRC2012_val_00016830.JPEG,default
imagenet_c/snow/3/ILSVRC2012_val_00022947.JPEG,default
imagenet_c/snow/1/ILSVRC2012_val_00019942.JPEG,default
imagenet_c/brightness/1/ILSVRC2012_val_00004940.JPEG,default
imagenet_c/fog/2/ILSVRC2012_val_00025662.JPEG,default
imagenet_c/defocus_blur/5/ILSVRC2012_val_00048181.JPEG,default
imagenet_c/zoom_blur/1/ILSVRC2012_val_00026288.JPEG,default
imagenet_c/brightness/3/ILSVRC2012_val_00033177.JPEG,default
imagenet_c/gaussian_noise/2/ILSVRC2012_val_00018381.JPEG,default
imagenet_c/brightness/3/ILSVRC2012_val_00006668.JPEG,default
imagenet_c/frost/2/ILSVRC2012_val_00029361.JPEG,default
imagenet_c/frost/4/ILSVRC2012_val_00020790.JPEG,default
imagenet_c/defocus_blur/1/ILSVRC2012_val_00034084.JPEG,default
imagenet_c/impulse_noise/4/ILSVRC2012_val_00005979.JPEG,default
imagenet_c/glass_blur/5/ILSVRC2012_val_00008113.JPEG,default
imagenet_c/snow/3/ILSVRC2012_val_00011084.JPEG,default
imagenet_c/defocus_blur/4/ILSVRC2012_val_00009336.JPEG,default
imagenet_c/frost/2/ILSVRC2012_val_00011624.JPEG,default
imagenet_c/zoom_blur/1/ILSVRC2012_val_00002147.JPEG,default
imagenet_c/contrast/3/ILSVRC2012_val_00008726.JPEG,default
imagenet_c/brightness/3/ILSVRC2012_val_00027842.JPEG,default
imagenet_c/defocus_blur/1/ILSVRC2012_val_00039454.JPEG,default
imagenet_c/pixelate/3/ILSVRC2012_val_00009128.JPEG,default
imagenet_c/shot_noise/1/ILSVRC2012_val_00042670.JPEG,default
imagenet_c/zoom_blur/1/ILSVRC2012_val_00030573.JPEG,default
imagenet_c/frost/2/ILSVRC2012_val_00048440.JPEG,default
imagenet_c/shot_noise/5/ILSVRC2012_val_00027233.JPEG,default
imagenet_c/fog/2/ILSVRC2012_val_00011211.JPEG,default
imagenet_c/zoom_blur/1/ILSVRC2012_val_00024465.JPEG,default
imagenet_c/contrast/2/ILSVRC2012_val_00045175.JPEG,default
imagenet_c/contrast/4/ILSVRC2012_val_00020302.JPEG,default
imagenet_c/snow/1/ILSVRC2012_val_00031178.JPEG,default
imagenet_c/fog/4/ILSVRC2012_val_00034065.JPEG,default
imagenet_c/jpeg_compression/1/ILSVRC2012_val_00019937.JPEG,default
imagenet_c/contrast/4/ILSVRC2012_val_00031530.JPEG,default
imagenet_c/zoom_blur/4/ILSVRC2012_val_00029068.JPEG,default
imagenet_c/jpeg_compression/5/ILSVRC2012_val_00036004.JPEG,default
imagenet_c/shot_noise/3/ILSVRC2012_val_00019252.JPEG,default
imagenet_c/frost/2/ILSVRC2012_val_00019480.JPEG,default
imagenet_c/brightness/2/ILSVRC2012_val_00016027.JPEG,default
imagenet_c/snow/1/ILSVRC2012_val_00034848.JPEG,default
imagenet_c/brightness/4/ILSVRC2012_val_00044748.JPEG,default
imagenet_c/defocus_blur/3/ILSVRC2012_val_00013158.JPEG,default
imagenet_c/gaussian_noise/4/ILSVRC2012_val_00043918.JPEG,default
imagenet_c/gaussian_noise/4/ILSVRC2012_val_00003984.JPEG,default
imagenet_c/snow/2/ILSVRC2012_val_00039937.JPEG,default
imagenet_c/pixelate/4/ILSVRC2012_val_00038661.JPEG,default
imagenet_c/snow/4/ILSVRC2012_val_00035163.JPEG,default
imagenet_c/elastic_transform/4/ILSVRC2012_val_00040745.JPEG,default
imagenet_c/contrast/4/ILSVRC2012_val_00034676.JPEG,default
imagenet_c/brightness/2/ILSVRC2012_val_00027013.JPEG,default
imagenet_c/zoom_blur/1/ILSVRC2012_val_00012975.JPEG,default
imagenet_c/elastic_transform/4/ILSVRC2012_val_00027695.JPEG,default
imagenet_c/gaussian_noise/1/ILSVRC2012_val_00045239.JPEG,default
imagenet_c/pixelate/2/ILSVRC2012_val_00036661.JPEG,default
imagenet_c/gaussian_noise/1/ILSVRC2012_val_00025650.JPEG,default
imagenet_c/motion_blur/5/ILSVRC2012_val_00040611.JPEG,default
imagenet_c/brightness/2/ILSVRC2012_val_00014815.JPEG,default
imagenet_c/snow/3/ILSVRC2012_val_00042803.JPEG,default
imagenet_c/motion_blur/3/ILSVRC2012_val_00003295.JPEG,default
imagenet_c/contrast/4/ILSVRC2012_val_00049279.JPEG,default
imagenet_c/gaussian_noise/1/ILSVRC2012_val_00031361.JPEG,default
imagenet_c/frost/4/ILSVRC2012_val_00020140.JPEG,default
imagenet_c/defocus_blur/4/ILSVRC2012_val_00029397.JPEG,default
imagenet_c/frost/1/ILSVRC2012_val_00036268.JPEG,default
imagenet_c/fog/3/ILSVRC2012_val_00019303.JPEG,default
imagenet_c/brightness/5/ILSVRC2012_val_00032609.JPEG,default
imagenet_c/impulse_noise/5/ILSVRC2012_val_00001040.JPEG,default
imagenet_c/frost/5/ILSVRC2012_val_00000130.JPEG,default
imagenet_c/gaussian_noise/5/ILSVRC2012_val_00016598.JPEG,default
imagenet_c/gaussian_noise/3/ILSVRC2012_val_00024427.JPEG,default
imagenet_c/frost/1/ILSVRC2012_val_00016194.JPEG,default
imagenet_c/defocus_blur/3/ILSVRC2012_val_00013785.JPEG,default
imagenet_c/zoom_blur/5/ILSVRC2012_val_00020765.JPEG,default
imagenet_c/glass_blur/4/ILSVRC2012_val_00021703.JPEG,default
imagenet_c/frost/5/ILSVRC2012_val_00009899.JPEG,default
imagenet_c/glass_blur/3/ILSVRC2012_val_00010436.JPEG,default
imagenet_c/elastic_transform/2/ILSVRC2012_val_00028213.JPEG,default
imagenet_c/gaussian_noise/4/ILSVRC2012_val_00017186.JPEG,default
imagenet_c/zoom_blur/5/ILSVRC2012_val_00034254.JPEG,default
imagenet_c/pixelate/2/ILSVRC2012_val_00047103.JPEG,default
imagenet_c/frost/5/ILSVRC2012_val_00043891.JPEG,default
imagenet_c/zoom_blur/3/ILSVRC2012_val_00005466.JPEG,default
imagenet_c/jpeg_compression/4/ILSVRC2012_val_00034421.JPEG,default
imagenet_c/impulse_noise/2/ILSVRC2012_val_00010389.JPEG,default
imagenet_c/defocus_blur/1/ILSVRC2012_val_00036961.JPEG,default
imagenet_c/pixelate/1/ILSVRC2012_val_00023393.JPEG,default
imagenet_c/snow/3/ILSVRC2012_val_00023786.JPEG,default
imagenet_c/snow/2/ILSVRC2012_val_00009683.JPEG,default
imagenet_c/jpeg_compression/5/ILSVRC2012_val_00001496.JPEG,default
imagenet_c/pixelate/5/ILSVRC2012_val_00049735.JPEG,default
imagenet_c/defocus_blur/4/ILSVRC2012_val_00037997.JPEG,default
imagenet_c/fog/1/ILSVRC2012_val_00004719.JPEG,default
imagenet_c/gaussian_noise/5/ILSVRC2012_val_00041579.JPEG,default
imagenet_c/impulse_noise/4/ILSVRC2012_val_00024000.JPEG,default
imagenet_c/defocus_blur/2/ILSVRC2012_val_00028628.JPEG,default
imagenet_c/gaussian_noise/5/ILSVRC2012_val_00025629.JPEG,default
imagenet_c/gaussian_noise/4/ILSVRC2012_val_00010823.JPEG,default
imagenet_c/gaussian_noise/5/ILSVRC2012_val_00029306.JPEG,default
imagenet_c/elastic_transform/3/ILSVRC2012_val_00035464.JPEG,default
imagenet_c/impulse_noise/5/ILSVRC2012_val_00006400.JPEG,default
imagenet_c/jpeg_compression/5/ILSVRC2012_val_00010047.JPEG,default
imagenet_c/motion_blur/1/ILSVRC2012_val_00030787.JPEG,default
imagenet_c/shot_noise/5/ILSVRC2012_val_00005004.JPEG,default
imagenet_c/gaussian_noise/1/ILSVRC2012_val_00032090.JPEG,default
imagenet_c/jpeg_compression/4/ILSVRC2012_val_00048368.JPEG,default
imagenet_c/gaussian_noise/5/ILSVRC2012_val_00028583.JPEG,default
imagenet_c/motion_blur/2/ILSVRC2012_val_00006056.JPEG,default
imagenet_c/gaussian_noise/1/ILSVRC2012_val_00013812.JPEG,default
imagenet_c/gaussian_noise/2/ILSVRC2012_val_00025942.JPEG,default
imagenet_c/jpeg_compression/4/ILSVRC2012_val_00046297.JPEG,default
imagenet_c/contrast/2/ILSVRC2012_val_00047955.JPEG,default
imagenet_c/brightness/5/ILSVRC2012_val_00038913.JPEG,default
imagenet_c/pixelate/4/ILSVRC2012_val_00017717.JPEG,default
imagenet_c/impulse_noise/2/ILSVRC2012_val_00035577.JPEG,default
imagenet_c/contrast/3/ILSVRC2012_val_00020716.JPEG,default
imagenet_c/shot_noise/5/ILSVRC2012_val_00024214.JPEG,default
imagenet_c/fog/4/ILSVRC2012_val_00037779.JPEG,default
imagenet_c/frost/5/ILSVRC2012_val_00041521.JPEG,default
imagenet_c/jpeg_compression/4/ILSVRC2012_val_00009418.JPEG,default
imagenet_c/impulse_noise/3/ILSVRC2012_val_00021212.JPEG,default
imagenet_c/motion_blur/3/ILSVRC2012_val_00040100.JPEG,default
imagenet_c/defocus_blur/5/ILSVRC2012_val_00027464.JPEG,default
imagenet_c/glass_blur/5/ILSVRC2012_val_00026060.JPEG,default
imagenet_c/glass_blur/4/ILSVRC2012_val_00032718.JPEG,default
imagenet_c/glass_blur/4/ILSVRC2012_val_00036527.JPEG,default
imagenet_c/gaussian_noise/5/ILSVRC2012_val_00002572.JPEG,default
imagenet_c/frost/5/ILSVRC2012_val_00006556.JPEG,default
imagenet_c/snow/1/ILSVRC2012_val_00016720.JPEG,default
imagenet_c/snow/3/ILSVRC2012_val_00033934.JPEG,default
imagenet_c/gaussian_noise/5/ILSVRC2012_val_00045606.JPEG,default
imagenet_c/pixelate/2/ILSVRC2012_val_00024910.JPEG,default
imagenet_c/jpeg_compression/2/ILSVRC2012_val_00007548.JPEG,default
imagenet_c/snow/3/ILSVRC2012_val_00040632.JPEG,default
imagenet_c/motion_blur/1/ILSVRC2012_val_00019816.JPEG,default
imagenet_c/shot_noise/1/ILSVRC2012_val_00012404.JPEG,default
imagenet_c/snow/1/ILSVRC2012_val_00009209.JPEG,default
imagenet_c/pixelate/5/ILSVRC2012_val_00021064.JPEG,default
imagenet_c/glass_blur/3/ILSVRC2012_val_00029126.JPEG,default
imagenet_c/elastic_transform/4/ILSVRC2012_val_00009297.JPEG,default
imagenet_c/pixelate/2/ILSVRC2012_val_00029007.JPEG,default
imagenet_c/defocus_blur/2/ILSVRC2012_val_00029684.JPEG,default
imagenet_c/frost/5/ILSVRC2012_val_00040784.JPEG,default
imagenet_c/zoom_blur/5/ILSVRC2012_val_00002931.JPEG,default
imagenet_c/elastic_transform/1/ILSVRC2012_val_00018859.JPEG,default
imagenet_c/elastic_transform/5/ILSVRC2012_val_00042570.JPEG,default
imagenet_c/elastic_transform/1/ILSVRC2012_val_00008553.JPEG,default
imagenet_c/defocus_blur/1/ILSVRC2012_val_00006345.JPEG,default
imagenet_c/shot_noise/1/ILSVRC2012_val_00040647.JPEG,default
imagenet_c/fog/4/ILSVRC2012_val_00014967.JPEG,default
imagenet_c/contrast/3/ILSVRC2012_val_00030502.JPEG,default
imagenet_c/defocus_blur/2/ILSVRC2012_val_00027413.JPEG,default
imagenet_c/motion_blur/3/ILSVRC2012_val_00047193.JPEG,default
imagenet_c/shot_noise/5/ILSVRC2012_val_00030269.JPEG,default
imagenet_c/defocus_blur/4/ILSVRC2012_val_00005410.JPEG,default
imagenet_c/frost/2/ILSVRC2012_val_00034589.JPEG,default
imagenet_c/shot_noise/2/ILSVRC2012_val_00023810.JPEG,default
imagenet_c/frost/5/ILSVRC2012_val_00034686.JPEG,default
imagenet_c/defocus_blur/1/ILSVRC2012_val_00000303.JPEG,default
imagenet_c/gaussian_noise/2/ILSVRC2012_val_00040630.JPEG,default
imagenet_c/impulse_noise/1/ILSVRC2012_val_00002601.JPEG,default
imagenet_c/fog/3/ILSVRC2012_val_00024050.JPEG,default
imagenet_c/impulse_noise/1/ILSVRC2012_val_00032038.JPEG,default
imagenet_c/defocus_blur/1/ILSVRC2012_val_00030651.JPEG,default
imagenet_c/pixelate/5/ILSVRC2012_val_00034321.JPEG,default
imagenet_c/impulse_noise/3/ILSVRC2012_val_00038924.JPEG,default
imagenet_c/contrast/2/ILSVRC2012_val_00033988.JPEG,default
imagenet_c/impulse_noise/4/ILSVRC2012_val_00039217.JPEG,default
imagenet_c/contrast/3/ILSVRC2012_val_00017208.JPEG,default
imagenet_c/pixelate/3/ILSVRC2012_val_00008094.JPEG,default
imagenet_c/glass_blur/4/ILSVRC2012_val_00031348.JPEG,default
imagenet_c/pixelate/2/ILSVRC2012_val_00018743.JPEG,default
imagenet_c/snow/4/ILSVRC2012_val_00025336.JPEG,default
imagenet_c/contrast/2/ILSVRC2012_val_00003773.JPEG,default
imagenet_c/shot_noise/2/ILSVRC2012_val_00041740.JPEG,default
imagenet_c/motion_blur/3/ILSVRC2012_val_00006239.JPEG,default
imagenet_c/motion_blur/4/ILSVRC2012_val_00031906.JPEG,default
imagenet_c/pixelate/1/ILSVRC2012_val_00045952.JPEG,default
imagenet_c/elastic_transform/1/ILSVRC2012_val_00044008.JPEG,default
imagenet_c/zoom_blur/5/ILSVRC2012_val_00017545.JPEG,default
imagenet_c/contrast/2/ILSVRC2012_val_00038263.JPEG,default
imagenet_c/frost/2/ILSVRC2012_val_00011967.JPEG,default
imagenet_c/brightness/1/ILSVRC2012_val_00039227.JPEG,default
imagenet_c/contrast/3/ILSVRC2012_val_00046763.JPEG,default
imagenet_c/defocus_blur/4/ILSVRC2012_val_00006703.JPEG,default
imagenet_c/elastic_transform/5/ILSVRC2012_val_00035969.JPEG,default
imagenet_c/shot_noise/4/ILSVRC2012_val_00014029.JPEG,default
imagenet_c/fog/5/ILSVRC2012_val_00016621.JPEG,default
imagenet_c/impulse_noise/2/ILSVRC2012_val_00007514.JPEG,default
imagenet_c/brightness/2/ILSVRC2012_val_00020050.JPEG,default
imagenet_c/pixelate/5/ILSVRC2012_val_00043648.JPEG,default
imagenet_c/brightness/5/ILSVRC2012_val_00033782.JPEG,default
imagenet_c/defocus_blur/2/ILSVRC2012_val_00012998.JPEG,default
imagenet_c/pixelate/5/ILSVRC2012_val_00049973.JPEG,default
imagenet_c/jpeg_compression/2/ILSVRC2012_val_00033969.JPEG,default
imagenet_c/contrast/2/ILSVRC2012_val_00039819.JPEG,default
imagenet_c/glass_blur/4/ILSVRC2012_val_00002105.JPEG,default
imagenet_c/brightness/2/ILSVRC2012_val_00030485.JPEG,default
imagenet_c/impulse_noise/5/ILSVRC2012_val_00038291.JPEG,default
imagenet_c/glass_blur/1/ILSVRC2012_val_00047527.JPEG,default
imagenet_c/glass_blur/3/ILSVRC2012_val_00020332.JPEG,default
imagenet_c/brightness/4/ILSVRC2012_val_00017605.JPEG,default
imagenet_c/contrast/3/ILSVRC2012_val_00028222.JPEG,default
imagenet_c/motion_blur/4/ILSVRC2012_val_00027089.JPEG,default
imagenet_c/impulse_noise/5/ILSVRC2012_val_00001498.JPEG,default
imagenet_c/shot_noise/2/ILSVRC2012_val_00019930.JPEG,default
imagenet_c/snow/3/ILSVRC2012_val_00034637.JPEG,default
imagenet_c/brightness/3/ILSVRC2012_val_00034200.JPEG,default
imagenet_c/shot_noise/5/ILSVRC2012_val_00032283.JPEG,default
imagenet_c/frost/3/ILSVRC2012_val_00022111.JPEG,default
imagenet_c/jpeg_compression/5/ILSVRC2012_val_00046945.JPEG,default
imagenet_c/contrast/1/ILSVRC2012_val_00003499.JPEG,default
imagenet_c/elastic_transform/4/ILSVRC2012_val_00022698.JPEG,default
imagenet_c/pixelate/1/ILSVRC2012_val_00014529.JPEG,default
imagenet_c/gaussian_noise/2/ILSVRC2012_val_00012603.JPEG,default
imagenet_c/zoom_blur/2/ILSVRC2012_val_00016132.JPEG,default
imagenet_c/frost/2/ILSVRC2012_val_00022586.JPEG,default
imagenet_c/gaussian_noise/4/ILSVRC2012_val_00039800.JPEG,default
imagenet_c/shot_noise/2/ILSVRC2012_val_00016867.JPEG,default
imagenet_c/motion_blur/1/ILSVRC2012_val_00020040.JPEG,default
imagenet_c/zoom_blur/2/ILSVRC2012_val_00023825.JPEG,default
imagenet_c/frost/1/ILSVRC2012_val_00049303.JPEG,default
imagenet_c/impulse_noise/1/ILSVRC2012_val_00023662.JPEG,default
imagenet_c/elastic_transform/3/ILSVRC2012_val_00047555.JPEG,default
imagenet_c/gaussian_noise/1/ILSVRC2012_val_00016810.JPEG,default
imagenet_c/gaussian_noise/2/ILSVRC2012_val_00000518.JPEG,default
imagenet_c/zoom_blur/1/ILSVRC2012_val_00002132.JPEG,default
imagenet_c/frost/1/ILSVRC2012_val_00032885.JPEG,default
imagenet_c/gaussian_noise/3/ILSVRC2012_val_00017410.JPEG,default
imagenet_c/pixelate/2/ILSVRC2012_val_00048077.JPEG,default
imagenet_c/zoom_blur/1/ILSVRC2012_val_00025454.JPEG,default
imagenet_c/frost/2/ILSVRC2012_val_00026450.JPEG,default
imagenet_c/shot_noise/3/ILSVRC2012_val_00007702.JPEG,default
imagenet_c/frost/4/ILSVRC2012_val_00032737.JPEG,default
imagenet_c/impulse_noise/1/ILSVRC2012_val_00028655.JPEG,default
imagenet_c/brightness/3/ILSVRC2012_val_00039283.JPEG,default
imagenet_c/frost/2/ILSVRC2012_val_00045009.JPEG,default
imagenet_c/gaussian_noise/5/ILSVRC2012_val_00002845.JPEG,default
imagenet_c/fog/5/ILSVRC2012_val_00007429.JPEG,default
imagenet_c/impulse_noise/1/ILSVRC2012_val_00015535.JPEG,default
imagenet_c/pixelate/4/ILSVRC2012_val_00036310.JPEG,default
imagenet_c/motion_blur/3/ILSVRC2012_val_00031429.JPEG,default
imagenet_c/snow/1/ILSVRC2012_val_00036631.JPEG,default
imagenet_c/brightness/1/ILSVRC2012_val_00038929.JPEG,default
imagenet_c/gaussian_noise/5/ILSVRC2012_val_00031925.JPEG,default
imagenet_c/snow/5/ILSVRC2012_val_00025596.JPEG,default
imagenet_c/brightness/3/ILSVRC2012_val_00038463.JPEG,default
imagenet_c/contrast/4/ILSVRC2012_val_00015975.JPEG,default
imagenet_c/brightness/2/ILSVRC2012_val_00017406.JPEG,default
imagenet_c/motion_blur/2/ILSVRC2012_val_00029086.JPEG,default
imagenet_c/elastic_transform/5/ILSVRC2012_val_00019299.JPEG,default
imagenet_c/motion_blur/2/ILSVRC2012_val_00025218.JPEG,default
imagenet_c/zoom_blur/2/ILSVRC2012_val_00036005.JPEG,default
imagenet_c/fog/5/ILSVRC2012_val_00031147.JPEG,default
imagenet_c/fog/3/ILSVRC2012_val_00019029.JPEG,default
imagenet_c/elastic_transform/2/ILSVRC2012_val_00043854.JPEG,default
imagenet_c/shot_noise/4/ILSVRC2012_val_00023624.JPEG,default
imagenet_c/jpeg_compression/4/ILSVRC2012_val_00001421.JPEG,default
imagenet_c/snow/3/ILSVRC2012_val_00031128.JPEG,default
imagenet_c/zoom_blur/2/ILSVRC2012_val_00030459.JPEG,default
imagenet_c/snow/2/ILSVRC2012_val_00021953.JPEG,default
imagenet_c/impulse_noise/3/ILSVRC2012_val_00022537.JPEG,default
imagenet_c/jpeg_compression/2/ILSVRC2012_val_00022273.JPEG,default
imagenet_c/elastic_transform/3/ILSVRC2012_val_00049722.JPEG,default
imagenet_c/defocus_blur/5/ILSVRC2012_val_00046689.JPEG,default
imagenet_c/shot_noise/3/ILSVRC2012_val_00038818.JPEG,default
imagenet_c/frost/2/ILSVRC2012_val_00018022.JPEG,default
imagenet_c/jpeg_compression/2/ILSVRC2012_val_00017727.JPEG,default
imagenet_c/glass_blur/5/ILSVRC2012_val_00020053.JPEG,default
imagenet_c/defocus_blur/1/ILSVRC2012_val_00037126.JPEG,default
imagenet_c/elastic_transform/4/ILSVRC2012_val_00026324.JPEG,default
imagenet_c/contrast/2/ILSVRC2012_val_00006867.JPEG,default
imagenet_c/contrast/2/ILSVRC2012_val_00017552.JPEG,default
imagenet_c/frost/1/ILSVRC2012_val_00046784.JPEG,default
imagenet_c/contrast/2/ILSVRC2012_val_00028427.JPEG,default
imagenet_c/pixelate/1/ILSVRC2012_val_00046314.JPEG,default
imagenet_c/frost/2/ILSVRC2012_val_00021880.JPEG,default
imagenet_c/glass_blur/3/ILSVRC2012_val_00014134.JPEG,default
imagenet_c/snow/4/ILSVRC2012_val_00022351.JPEG,default
imagenet_c/glass_blur/3/ILSVRC2012_val_00025729.JPEG,default
imagenet_c/motion_blur/3/ILSVRC2012_val_00004851.JPEG,default
imagenet_c/glass_blur/5/ILSVRC2012_val_00043250.JPEG,default
imagenet_c/fog/3/ILSVRC2012_val_00043134.JPEG,default
imagenet_c/gaussian_noise/1/ILSVRC2012_val_00031036.JPEG,default
imagenet_c/shot_noise/4/ILSVRC2012_val_00018858.JPEG,default
imagenet_c/defocus_blur/2/ILSVRC2012_val_00048058.JPEG,default
imagenet_c/jpeg_compression/1/ILSVRC2012_val_00018288.JPEG,default
imagenet_c/gaussian_noise/5/ILSVRC2012_val_00029442.JPEG,default
imagenet_c/zoom_blur/5/ILSVRC2012_val_00020824.JPEG,default
imagenet_c/glass_blur/5/ILSVRC2012_val_00045513.JPEG,default
imagenet_c/motion_blur/3/ILSVRC2012_val_00020397.JPEG,default
imagenet_c/contrast/3/ILSVRC2012_val_00047541.JPEG,default
imagenet_c/pixelate/3/ILSVRC2012_val_00024737.JPEG,default
imagenet_c/brightness/3/ILSVRC2012_val_00040267.JPEG,default
imagenet_c/zoom_blur/1/ILSVRC2012_val_00043711.JPEG,default
imagenet_c/gaussian_noise/3/ILSVRC2012_val_00011085.JPEG,default
imagenet_c/impulse_noise/5/ILSVRC2012_val_00003572.JPEG,default
imagenet_c/zoom_blur/3/ILSVRC2012_val_00023049.JPEG,default
imagenet_c/snow/5/ILSVRC2012_val_00025855.JPEG,default
imagenet_c/impulse_noise/4/ILSVRC2012_val_00049168.JPEG,default
imagenet_c/elastic_transform/2/ILSVRC2012_val_00032303.JPEG,default
imagenet_c/elastic_transform/2/ILSVRC2012_val_00047820.JPEG,default
imagenet_c/defocus_blur/1/ILSVRC2012_val_00020026.JPEG,default
imagenet_c/impulse_noise/1/ILSVRC2012_val_00038832.JPEG,default
imagenet_c/impulse_noise/5/ILSVRC2012_val_00011899.JPEG,default
imagenet_c/zoom_blur/1/ILSVRC2012_val_00034738.JPEG,default
imagenet_c/motion_blur/5/ILSVRC2012_val_00001570.JPEG,default
imagenet_c/pixelate/3/ILSVRC2012_val_00009282.JPEG,default
imagenet_c/fog/3/ILSVRC2012_val_00024850.JPEG,default
imagenet_c/glass_blur/5/ILSVRC2012_val_00013708.JPEG,default
imagenet_c/pixelate/3/ILSVRC2012_val_00037768.JPEG,default
imagenet_c/fog/2/ILSVRC2012_val_00031920.JPEG,default
imagenet_c/gaussian_noise/3/ILSVRC2012_val_00047065.JPEG,default
imagenet_c/elastic_transform/4/ILSVRC2012_val_00001737.JPEG,default
imagenet_c/zoom_blur/5/ILSVRC2012_val_00030795.JPEG,default
imagenet_c/impulse_noise/4/ILSVRC2012_val_00031097.JPEG,default
imagenet_c/gaussian_noise/4/ILSVRC2012_val_00036434.JPEG,default
imagenet_c/gaussian_noise/1/ILSVRC2012_val_00004132.JPEG,default
imagenet_c/glass_blur/3/ILSVRC2012_val_00022772.JPEG,default
imagenet_c/frost/2/ILSVRC2012_val_00039130.JPEG,default
imagenet_c/frost/3/ILSVRC2012_val_00016181.JPEG,default
imagenet_c/zoom_blur/2/ILSVRC2012_val_00038170.JPEG,default
imagenet_c/fog/1/ILSVRC2012_val_00008941.JPEG,default
imagenet_c/fog/1/ILSVRC2012_val_00020286.JPEG,default
imagenet_c/shot_noise/2/ILSVRC2012_val_00043104.JPEG,default
imagenet_c/elastic_transform/5/ILSVRC2012_val_00018149.JPEG,default
imagenet_c/gaussian_noise/5/ILSVRC2012_val_00003030.JPEG,default
imagenet_c/pixelate/5/ILSVRC2012_val_00016467.JPEG,default
imagenet_c/pixelate/1/ILSVRC2012_val_00042015.JPEG,default
imagenet_c/impulse_noise/5/ILSVRC2012_val_00015727.JPEG,default
imagenet_c/motion_blur/2/ILSVRC2012_val_00049624.JPEG,default
imagenet_c/shot_noise/3/ILSVRC2012_val_00005559.JPEG,default
imagenet_c/fog/3/ILSVRC2012_val_00038129.JPEG,default
imagenet_c/fog/5/ILSVRC2012_val_00024483.JPEG,default
imagenet_c/frost/4/ILSVRC2012_val_00020564.JPEG,default
imagenet_c/elastic_transform/5/ILSVRC2012_val_00036958.JPEG,default
imagenet_c/shot_noise/2/ILSVRC2012_val_00022160.JPEG,default
imagenet_c/brightness/5/ILSVRC2012_val_00029109.JPEG,default
imagenet_c/frost/3/ILSVRC2012_val_00025252.JPEG,default
imagenet_c/defocus_blur/1/ILSVRC2012_val_00022915.JPEG,default
imagenet_c/gaussian_noise/2/ILSVRC2012_val_00011617.JPEG,default
imagenet_c/brightness/2/ILSVRC2012_val_00031267.JPEG,default
imagenet_c/jpeg_compression/2/ILSVRC2012_val_00049042.JPEG,default
imagenet_c/motion_blur/1/ILSVRC2012_val_00042076.JPEG,default
imagenet_c/contrast/3/ILSVRC2012_val_00045673.JPEG,default
imagenet_c/impulse_noise/5/ILSVRC2012_val_00046083.JPEG,default
imagenet_c/jpeg_compression/2/ILSVRC2012_val_00005775.JPEG,default
imagenet_c/glass_blur/4/ILSVRC2012_val_00042700.JPEG,default
imagenet_c/glass_blur/4/ILSVRC2012_val_00020551.JPEG,default
imagenet_c/fog/5/ILSVRC2012_val_00037090.JPEG,default
imagenet_c/zoom_blur/3/ILSVRC2012_val_00007152.JPEG,default
imagenet_c/jpeg_compression/5/ILSVRC2012_val_00042841.JPEG,default
imagenet_c/shot_noise/3/ILSVRC2012_val_00006915.JPEG,default
imagenet_c/snow/4/ILSVRC2012_val_00040980.JPEG,default
imagenet_c/brightness/3/ILSVRC2012_val_00007529.JPEG,default
imagenet_c/fog/1/ILSVRC2012_val_00022361.JPEG,default
imagenet_c/frost/5/ILSVRC2012_val_00012677.JPEG,default
imagenet_c/shot_noise/2/ILSVRC2012_val_00016276.JPEG,default
imagenet_c/glass_blur/2/ILSVRC2012_val_00015021.JPEG,default
imagenet_c/elastic_transform/3/ILSVRC2012_val_00017942.JPEG,default
imagenet_c/zoom_blur/1/ILSVRC2012_val_00030715.JPEG,default
imagenet_c/defocus_blur/4/ILSVRC2012_val_00034270.JPEG,default
imagenet_c/gaussian_noise/3/ILSVRC2012_val_00039267.JPEG,default
imagenet_c/brightness/1/ILSVRC2012_val_00019314.JPEG,default
imagenet_c/contrast/2/ILSVRC2012_val_00029373.JPEG,default
imagenet_c/elastic_transform/2/ILSVRC2012_val_00017677.JPEG,default
imagenet_c/gaussian_noise/1/ILSVRC2012_val_00047601.JPEG,default
imagenet_c/motion_blur/1/ILSVRC2012_val_00039948.JPEG,default
imagenet_c/elastic_transform/3/ILSVRC2012_val_00009912.JPEG,default
imagenet_c/glass_blur/3/ILSVRC2012_val_00014572.JPEG,default
imagenet_c/impulse_noise/2/ILSVRC2012_val_00011889.JPEG,default
imagenet_c/motion_blur/1/ILSVRC2012_val_00030859.JPEG,default
imagenet_c/frost/1/ILSVRC2012_val_00017245.JPEG,default
imagenet_c/gaussian_noise/5/ILSVRC2012_val_00033053.JPEG,default
imagenet_c/pixelate/5/ILSVRC2012_val_00016740.JPEG,default
imagenet_c/fog/3/ILSVRC2012_val_00021238.JPEG,default
imagenet_c/glass_blur/1/ILSVRC2012_val_00022874.JPEG,default
imagenet_c/brightness/3/ILSVRC2012_val_00038519.JPEG,default
imagenet_c/impulse_noise/3/ILSVRC2012_val_00025580.JPEG,default
imagenet_c/elastic_transform/4/ILSVRC2012_val_00020454.JPEG,default
imagenet_c/pixelate/5/ILSVRC2012_val_00021514.JPEG,default
imagenet_c/elastic_transform/1/ILSVRC2012_val_00044619.JPEG,default
imagenet_c/frost/4/ILSVRC2012_val_00024767.JPEG,default
imagenet_c/brightness/1/ILSVRC2012_val_00001884.JPEG,default
imagenet_c/defocus_blur/4/ILSVRC2012_val_00001082.JPEG,default
imagenet_c/motion_blur/1/ILSVRC2012_val_00037993.JPEG,default
imagenet_c/zoom_blur/4/ILSVRC2012_val_00035199.JPEG,default
imagenet_c/glass_blur/3/ILSVRC2012_val_00005089.JPEG,default
imagenet_c/impulse_noise/1/ILSVRC2012_val_00025089.JPEG,default
imagenet_c/snow/4/ILSVRC2012_val_00026181.JPEG,default
imagenet_c/gaussian_noise/4/ILSVRC2012_val_00023826.JPEG,default
imagenet_c/frost/5/ILSVRC2012_val_00013395.JPEG,default
imagenet_c/jpeg_compression/4/ILSVRC2012_val_00012127.JPEG,default
imagenet_c/brightness/2/ILSVRC2012_val_00027153.JPEG,default
imagenet_c/glass_blur/2/ILSVRC2012_val_00010653.JPEG,default
imagenet_c/defocus_blur/3/ILSVRC2012_val_00031168.JPEG,default
imagenet_c/frost/2/ILSVRC2012_val_00005538.JPEG,default
imagenet_c/shot_noise/1/ILSVRC2012_val_00035308.JPEG,default
imagenet_c/impulse_noise/4/ILSVRC2012_val_00019811.JPEG,default
imagenet_c/fog/4/ILSVRC2012_val_00017139.JPEG,default
imagenet_c/shot_noise/3/ILSVRC2012_val_00006532.JPEG,default
imagenet_c/shot_noise/2/ILSVRC2012_val_00026567.JPEG,default
imagenet_c/shot_noise/4/ILSVRC2012_val_00024417.JPEG,default
imagenet_c/shot_noise/3/ILSVRC2012_val_00008798.JPEG,default
imagenet_c/defocus_blur/5/ILSVRC2012_val_00002649.JPEG,default
imagenet_c/gaussian_noise/3/ILSVRC2012_val_00039898.JPEG,default
imagenet_c/gaussian_noise/4/ILSVRC2012_val_00011888.JPEG,default
imagenet_c/shot_noise/5/ILSVRC2012_val_00046801.JPEG,default
imagenet_c/contrast/2/ILSVRC2012_val_00024868.JPEG,default
imagenet_c/defocus_blur/5/ILSVRC2012_val_00022765.JPEG,default
imagenet_c/defocus_blur/1/ILSVRC2012_val_00021086.JPEG,default
imagenet_c/brightness/5/ILSVRC2012_val_00025343.JPEG,default
imagenet_c/contrast/4/ILSVRC2012_val_00028750.JPEG,default
imagenet_c/contrast/2/ILSVRC2012_val_00031472.JPEG,default
imagenet_c/contrast/4/ILSVRC2012_val_00026591.JPEG,default
imagenet_c/glass_blur/5/ILSVRC2012_val_00038354.JPEG,default
imagenet_c/contrast/2/ILSVRC2012_val_00041871.JPEG,default
imagenet_c/brightness/4/ILSVRC2012_val_00002027.JPEG,default
imagenet_c/brightness/3/ILSVRC2012_val_00038765.JPEG,default
imagenet_c/frost/2/ILSVRC2012_val_00036196.JPEG,default
imagenet_c/gaussian_noise/1/ILSVRC2012_val_00016641.JPEG,default
imagenet_c/frost/5/ILSVRC2012_val_00034688.JPEG,default
imagenet_c/defocus_blur/4/ILSVRC2012_val_00048687.JPEG,default
imagenet_c/zoom_blur/1/ILSVRC2012_val_00011601.JPEG,default
imagenet_c/elastic_transform/4/ILSVRC2012_val_00047717.JPEG,default
imagenet_c/glass_blur/5/ILSVRC2012_val_00011783.JPEG,default
imagenet_c/motion_blur/1/ILSVRC2012_val_00042405.JPEG,default
imagenet_c/impulse_noise/5/ILSVRC2012_val_00013994.JPEG,default
imagenet_c/fog/2/ILSVRC2012_val_00043136.JPEG,default
imagenet_c/defocus_blur/5/ILSVRC2012_val_00044892.JPEG,default
imagenet_c/gaussian_noise/1/ILSVRC2012_val_00005158.JPEG,default
imagenet_c/fog/3/ILSVRC2012_val_00006760.JPEG,default
imagenet_c/fog/1/ILSVRC2012_val_00008001.JPEG,default
imagenet_c/frost/3/ILSVRC2012_val_00035932.JPEG,default
imagenet_c/impulse_noise/3/ILSVRC2012_val_00001238.JPEG,default
imagenet_c/defocus_blur/3/ILSVRC2012_val_00014483.JPEG,default
imagenet_c/motion_blur/5/ILSVRC2012_val_00049961.JPEG,default
imagenet_c/zoom_blur/3/ILSVRC2012_val_00036639.JPEG,default
imagenet_c/fog/5/ILSVRC2012_val_00049041.JPEG,default
imagenet_c/elastic_transform/4/ILSVRC2012_val_00000965.JPEG,default
imagenet_c/snow/1/ILSVRC2012_val_00022224.JPEG,default
imagenet_c/shot_noise/4/ILSVRC2012_val_00032109.JPEG,default
imagenet_c/contrast/3/ILSVRC2012_val_00012681.JPEG,default
imagenet_c/frost/4/ILSVRC2012_val_00033686.JPEG,default
imagenet_c/contrast/1/ILSVRC2012_val_00004260.JPEG,default
imagenet_c/frost/2/ILSVRC2012_val_00040288.JPEG,default
imagenet_c/zoom_blur/4/ILSVRC2012_val_00015025.JPEG,default
imagenet_c/contrast/5/ILSVRC2012_val_00021108.JPEG,default
imagenet_c/gaussian_noise/1/ILSVRC2012_val_00049499.JPEG,default
imagenet_c/snow/2/ILSVRC2012_val_00001187.JPEG,default
imagenet_c/zoom_blur/4/ILSVRC2012_val_00021382.JPEG,default
imagenet_c/impulse_noise/2/ILSVRC2012_val_00006819.JPEG,default
imagenet_c/brightness/1/ILSVRC2012_val_00047761.JPEG,default
imagenet_c/brightness/2/ILSVRC2012_val_00042337.JPEG,default
imagenet_c/gaussian_noise/2/ILSVRC2012_val_00037053.JPEG,default
imagenet_c/impulse_noise/4/ILSVRC2012_val_00032156.JPEG,default
imagenet_c/motion_blur/3/ILSVRC2012_val_00036926.JPEG,default
imagenet_c/elastic_transform/5/ILSVRC2012_val_00025952.JPEG,default
imagenet_c/contrast/1/ILSVRC2012_val_00015608.JPEG,default
imagenet_c/snow/5/ILSVRC2012_val_00004590.JPEG,default
imagenet_c/defocus_blur/2/ILSVRC2012_val_00013386.JPEG,default
imagenet_c/defocus_blur/5/ILSVRC2012_val_00042734.JPEG,default
imagenet_c/frost/3/ILSVRC2012_val_00014724.JPEG,default
imagenet_c/brightness/5/ILSVRC2012_val_00021979.JPEG,default
imagenet_c/pixelate/4/ILSVRC2012_val_00007198.JPEG,default
imagenet_c/zoom_blur/2/ILSVRC2012_val_00035673.JPEG,default
imagenet_c/jpeg_compression/5/ILSVRC2012_val_00049460.JPEG,default
imagenet_c/pixelate/1/ILSVRC2012_val_00046963.JPEG,default
imagenet_c/fog/1/ILSVRC2012_val_00041804.JPEG,default
imagenet_c/contrast/2/ILSVRC2012_val_00011515.JPEG,default
imagenet_c/brightness/2/ILSVRC2012_val_00015737.JPEG,default
imagenet_c/contrast/4/ILSVRC2012_val_00001717.JPEG,default
imagenet_c/pixelate/3/ILSVRC2012_val_00017836.JPEG,default
imagenet_c/gaussian_noise/5/ILSVRC2012_val_00006608.JPEG,default
imagenet_c/impulse_noise/1/ILSVRC2012_val_00035113.JPEG,default
imagenet_c/pixelate/2/ILSVRC2012_val_00007583.JPEG,default
imagenet_c/impulse_noise/1/ILSVRC2012_val_00028853.JPEG,default
imagenet_c/contrast/4/ILSVRC2012_val_00045102.JPEG,default
imagenet_c/defocus_blur/4/ILSVRC2012_val_00017342.JPEG,default
imagenet_c/contrast/1/ILSVRC2012_val_00020938.JPEG,default
imagenet_c/glass_blur/1/ILSVRC2012_val_00034706.JPEG,default
imagenet_c/impulse_noise/2/ILSVRC2012_val_00026478.JPEG,default
imagenet_c/glass_blur/3/ILSVRC2012_val_00008545.JPEG,default
imagenet_c/brightness/3/ILSVRC2012_val_00011589.JPEG,default
imagenet_c/contrast/3/ILSVRC2012_val_00039030.JPEG,default
imagenet_c/pixelate/3/ILSVRC2012_val_00011175.JPEG,default
imagenet_c/contrast/3/ILSVRC2012_val_00002379.JPEG,default
imagenet_c/pixelate/2/ILSVRC2012_val_00014925.JPEG,default
imagenet_c/jpeg_compression/3/ILSVRC2012_val_00040842.JPEG,default
imagenet_c/defocus_blur/3/ILSVRC2012_val_00045771.JPEG,default
imagenet_c/glass_blur/5/ILSVRC2012_val_00029592.JPEG,default
imagenet_c/shot_noise/2/ILSVRC2012_val_00005904.JPEG,default
imagenet_c/frost/5/ILSVRC2012_val_00034808.JPEG,default
imagenet_c/pixelate/5/ILSVRC2012_val_00013558.JPEG,default
imagenet_c/brightness/1/ILSVRC2012_val_00011476.JPEG,default
imagenet_c/glass_blur/4/ILSVRC2012_val_00019900.JPEG,default
imagenet_c/snow/3/ILSVRC2012_val_00033593.JPEG,default
imagenet_c/gaussian_noise/2/ILSVRC2012_val_00032927.JPEG,default
imagenet_c/fog/5/ILSVRC2012_val_00018935.JPEG,default
imagenet_c/frost/3/ILSVRC2012_val_00028263.JPEG,default
imagenet_c/gaussian_noise/5/ILSVRC2012_val_00013322.JPEG,default
imagenet_c/snow/3/ILSVRC2012_val_00039215.JPEG,default
imagenet_c/snow/4/ILSVRC2012_val_00021929.JPEG,default
imagenet_c/pixelate/5/ILSVRC2012_val_00019946.JPEG,default
imagenet_c/zoom_blur/3/ILSVRC2012_val_00038236.JPEG,default
imagenet_c/zoom_blur/3/ILSVRC2012_val_00002787.JPEG,default
imagenet_c/impulse_noise/4/ILSVRC2012_val_00014948.JPEG,default
imagenet_c/snow/2/ILSVRC2012_val_00045998.JPEG,default
imagenet_c/elastic_transform/3/ILSVRC2012_val_00016273.JPEG,default
imagenet_c/glass_blur/1/ILSVRC2012_val_00049508.JPEG,default
imagenet_c/impulse_noise/1/ILSVRC2012_val_00001499.JPEG,default
imagenet_c/pixelate/1/ILSVRC2012_val_00015004.JPEG,default
imagenet_c/gaussian_noise/2/ILSVRC2012_val_00001748.JPEG,default
imagenet_c/pixelate/1/ILSVRC2012_val_00030782.JPEG,default
imagenet_c/elastic_transform/4/ILSVRC2012_val_00027930.JPEG,default
imagenet_c/jpeg_compression/4/ILSVRC2012_val_00007644.JPEG,default
imagenet_c/motion_blur/5/ILSVRC2012_val_00009288.JPEG,default
imagenet_c/motion_blur/3/ILSVRC2012_val_00045696.JPEG,default
imagenet_c/impulse_noise/1/ILSVRC2012_val_00022652.JPEG,default
imagenet_c/gaussian_noise/4/ILSVRC2012_val_00042654.JPEG,default
imagenet_c/glass_blur/4/ILSVRC2012_val_00000142.JPEG,default
imagenet_c/shot_noise/4/ILSVRC2012_val_00004772.JPEG,default
imagenet_c/motion_blur/2/ILSVRC2012_val_00046960.JPEG,default
imagenet_c/glass_blur/4/ILSVRC2012_val_00039456.JPEG,default
imagenet_c/zoom_blur/1/ILSVRC2012_val_00001026.JPEG,default
imagenet_c/glass_blur/5/ILSVRC2012_val_00033093.JPEG,default
imagenet_c/impulse_noise/4/ILSVRC2012_val_00003820.JPEG,default
imagenet_c/impulse_noise/5/ILSVRC2012_val_00048044.JPEG,default
imagenet_c/contrast/5/ILSVRC2012_val_00032053.JPEG,default
imagenet_c/pixelate/2/ILSVRC2012_val_00029107.JPEG,default
imagenet_c/snow/5/ILSVRC2012_val_00024300.JPEG,default
imagenet_c/brightness/3/ILSVRC2012_val_00040385.JPEG,default
imagenet_c/shot_noise/5/ILSVRC2012_val_00018853.JPEG,default
imagenet_c/frost/3/ILSVRC2012_val_00044355.JPEG,default
imagenet_c/motion_blur/3/ILSVRC2012_val_00015243.JPEG,default
imagenet_c/contrast/2/ILSVRC2012_val_00034757.JPEG,default
imagenet_c/zoom_blur/4/ILSVRC2012_val_00000685.JPEG,default
imagenet_c/fog/3/ILSVRC2012_val_00002029.JPEG,default
imagenet_c/motion_blur/3/ILSVRC2012_val_00004300.JPEG,default
imagenet_c/shot_noise/3/ILSVRC2012_val_00035244.JPEG,default
imagenet_c/elastic_transform/4/ILSVRC2012_val_00011502.JPEG,default
imagenet_c/snow/2/ILSVRC2012_val_00010064.JPEG,default
imagenet_c/contrast/2/ILSVRC2012_val_00012698.JPEG,default
imagenet_c/zoom_blur/2/ILSVRC2012_val_00049739.JPEG,default
imagenet_c/gaussian_noise/1/ILSVRC2012_val_00006108.JPEG,default
imagenet_c/gaussian_noise/3/ILSVRC2012_val_00013352.JPEG,default
imagenet_c/gaussian_noise/5/ILSVRC2012_val_00010884.JPEG,default
imagenet_c/defocus_blur/1/ILSVRC2012_val_00049948.JPEG,default
imagenet_c/gaussian_noise/3/ILSVRC2012_val_00033403.JPEG,default
imagenet_c/impulse_noise/5/ILSVRC2012_val_00043437.JPEG,default
imagenet_c/snow/2/ILSVRC2012_val_00037546.JPEG,default
imagenet_c/fog/1/ILSVRC2012_val_00015113.JPEG,default
imagenet_c/impulse_noise/3/ILSVRC2012_val_00004064.JPEG,default
imagenet_c/motion_blur/1/ILSVRC2012_val_00024397.JPEG,default
imagenet_c/glass_blur/4/ILSVRC2012_val_00013328.JPEG,default
imagenet_c/glass_blur/2/ILSVRC2012_val_00041538.JPEG,default
imagenet_c/brightness/4/ILSVRC2012_val_00011104.JPEG,default
imagenet_c/snow/4/ILSVRC2012_val_00027898.JPEG,default
imagenet_c/pixelate/3/ILSVRC2012_val_00000010.JPEG,default
imagenet_c/zoom_blur/1/ILSVRC2012_val_00034505.JPEG,default
imagenet_c/motion_blur/2/ILSVRC2012_val_00017952.JPEG,default
imagenet_c/glass_blur/3/ILSVRC2012_val_00032730.JPEG,default
imagenet_c/zoom_blur/3/ILSVRC2012_val_00017261.JPEG,default
imagenet_c/gaussian_noise/3/ILSVRC2012_val_00046186.JPEG,default
imagenet_c/brightness/4/ILSVRC2012_val_00028851.JPEG,default
imagenet_c/shot_noise/2/ILSVRC2012_val_00019381.JPEG,default
imagenet_c/shot_noise/2/ILSVRC2012_val_00009112.JPEG,default
imagenet_c/impulse_noise/5/ILSVRC2012_val_00012541.JPEG,default
imagenet_c/contrast/3/ILSVRC2012_val_00017445.JPEG,default
imagenet_c/elastic_transform/4/ILSVRC2012_val_00028831.JPEG,default
imagenet_c/glass_blur/1/ILSVRC2012_val_00042043.JPEG,default
imagenet_c/elastic_transform/4/ILSVRC2012_val_00016460.JPEG,default
imagenet_c/snow/1/ILSVRC2012_val_00047769.JPEG,default
imagenet_c/contrast/1/ILSVRC2012_val_00005002.JPEG,default
imagenet_c/shot_noise/4/ILSVRC2012_val_00023969.JPEG,default
imagenet_c/frost/2/ILSVRC2012_val_00040750.JPEG,default
imagenet_c/frost/5/ILSVRC2012_val_00010410.JPEG,default
imagenet_c/fog/1/ILSVRC2012_val_00027802.JPEG,default
imagenet_c/fog/1/ILSVRC2012_val_00049176.JPEG,default
imagenet_c/frost/3/ILSVRC2012_val_00049030.JPEG,default
imagenet_c/pixelate/4/ILSVRC2012_val_00047267.JPEG,default
imagenet_c/elastic_transform/2/ILSVRC2012_val_00024325.JPEG,default
imagenet_c/gaussian_noise/4/ILSVRC2012_val_00008208.JPEG,default
imagenet_c/elastic_transform/2/ILSVRC2012_val_00019746.JPEG,default
imagenet_c/zoom_blur/2/ILSVRC2012_val_00025333.JPEG,default
imagenet_c/gaussian_noise/4/ILSVRC2012_val_00036853.JPEG,default
imagenet_c/defocus_blur/3/ILSVRC2012_val_00048792.JPEG,default
imagenet_c/impulse_noise/4/ILSVRC2012_val_00014331.JPEG,default
imagenet_c/zoom_blur/2/ILSVRC2012_val_00038622.JPEG,default
imagenet_c/contrast/2/ILSVRC2012_val_00042334.JPEG,default
imagenet_c/pixelate/1/ILSVRC2012_val_00035136.JPEG,default
imagenet_c/zoom_blur/2/ILSVRC2012_val_00009363.JPEG,default
imagenet_c/jpeg_compression/1/ILSVRC2012_val_00049770.JPEG,default
imagenet_c/pixelate/3/ILSVRC2012_val_00006392.JPEG,default
imagenet_c/motion_blur/4/ILSVRC2012_val_00049024.JPEG,default
imagenet_c/fog/2/ILSVRC2012_val_00001003.JPEG,default
imagenet_c/contrast/1/ILSVRC2012_val_00008770.JPEG,default
imagenet_c/defocus_blur/2/ILSVRC2012_val_00013990.JPEG,default
imagenet_c/glass_blur/5/ILSVRC2012_val_00020009.JPEG,default
imagenet_c/glass_blur/5/ILSVRC2012_val_00028439.JPEG,default
imagenet_c/motion_blur/4/ILSVRC2012_val_00023196.JPEG,default
imagenet_c/snow/1/ILSVRC2012_val_00008030.JPEG,default
imagenet_c/motion_blur/1/ILSVRC2012_val_00042013.JPEG,default
imagenet_c/frost/3/ILSVRC2012_val_00021723.JPEG,default
imagenet_c/contrast/3/ILSVRC2012_val_00007212.JPEG,default
imagenet_c/frost/5/ILSVRC2012_val_00008856.JPEG,default
imagenet_c/gaussian_noise/4/ILSVRC2012_val_00019617.JPEG,default
imagenet_c/glass_blur/2/ILSVRC2012_val_00038631.JPEG,default
imagenet_c/defocus_blur/1/ILSVRC2012_val_00029016.JPEG,default
imagenet_c/gaussian_noise/4/ILSVRC2012_val_00004875.JPEG,default
imagenet_c/pixelate/1/ILSVRC2012_val_00024409.JPEG,default
imagenet_c/defocus_blur/2/ILSVRC2012_val_00012209.JPEG,default
imagenet_c/zoom_blur/5/ILSVRC2012_val_00028074.JPEG,default
imagenet_c/fog/4/ILSVRC2012_val_00040322.JPEG,default
imagenet_c/elastic_transform/3/ILSVRC2012_val_00028839.JPEG,default
imagenet_c/motion_blur/4/ILSVRC2012_val_00003248.JPEG,default
imagenet_c/gaussian_noise/2/ILSVRC2012_val_00027956.JPEG,default
imagenet_c/impulse_noise/3/ILSVRC2012_val_00003035.JPEG,default
imagenet_c/shot_noise/4/ILSVRC2012_val_00035452.JPEG,default
imagenet_c/shot_noise/5/ILSVRC2012_val_00046951.JPEG,default
imagenet_c/elastic_transform/5/ILSVRC2012_val_00004030.JPEG,default
imagenet_c/jpeg_compression/4/ILSVRC2012_val_00042033.JPEG,default
imagenet_c/defocus_blur/3/ILSVRC2012_val_00045479.JPEG,default
imagenet_c/glass_blur/2/ILSVRC2012_val_00027337.JPEG,default
imagenet_c/elastic_transform/2/ILSVRC2012_val_00039733.JPEG,default
imagenet_c/shot_noise/4/ILSVRC2012_val_00035921.JPEG,default
imagenet_c/fog/4/ILSVRC2012_val_00021242.JPEG,default
imagenet_c/defocus_blur/4/ILSVRC2012_val_00029378.JPEG,default
imagenet_c/defocus_blur/4/ILSVRC2012_val_00008317.JPEG,default
imagenet_c/shot_noise/2/ILSVRC2012_val_00000892.JPEG,default
imagenet_c/fog/3/ILSVRC2012_val_00045251.JPEG,default
imagenet_c/contrast/3/ILSVRC2012_val_00045409.JPEG,default
imagenet_c/frost/4/ILSVRC2012_val_00009344.JPEG,default
imagenet_c/zoom_blur/3/ILSVRC2012_val_00014370.JPEG,default
imagenet_c/pixelate/1/ILSVRC2012_val_00017532.JPEG,default
imagenet_c/jpeg_compression/2/ILSVRC2012_val_00047494.JPEG,default
imagenet_c/jpeg_compression/4/ILSVRC2012_val_00030688.JPEG,default
imagenet_c/frost/4/ILSVRC2012_val_00025344.JPEG,default
imagenet_c/pixelate/2/ILSVRC2012_val_00004267.JPEG,default
imagenet_c/glass_blur/5/ILSVRC2012_val_00029124.JPEG,default
imagenet_c/elastic_transform/5/ILSVRC2012_val_00026458.JPEG,default
imagenet_c/pixelate/4/ILSVRC2012_val_00017212.JPEG,default
imagenet_c/shot_noise/1/ILSVRC2012_val_00005604.JPEG,default
imagenet_c/motion_blur/1/ILSVRC2012_val_00027429.JPEG,default
imagenet_c/jpeg_compression/1/ILSVRC2012_val_00043714.JPEG,default
imagenet_c/glass_blur/3/ILSVRC2012_val_00038914.JPEG,default
imagenet_c/zoom_blur/4/ILSVRC2012_val_00032734.JPEG,default
imagenet_c/pixelate/4/ILSVRC2012_val_00026374.JPEG,default
imagenet_c/glass_blur/5/ILSVRC2012_val_00003973.JPEG,default
imagenet_c/contrast/4/ILSVRC2012_val_00011892.JPEG,default
imagenet_c/frost/5/ILSVRC2012_val_00018776.JPEG,default
imagenet_c/shot_noise/5/ILSVRC2012_val_00036996.JPEG,default
imagenet_c/elastic_transform/5/ILSVRC2012_val_00011856.JPEG,default
imagenet_c/zoom_blur/3/ILSVRC2012_val_00030806.JPEG,default
imagenet_c/elastic_transform/4/ILSVRC2012_val_00020095.JPEG,default
imagenet_c/defocus_blur/5/ILSVRC2012_val_00023420.JPEG,default
imagenet_c/fog/1/ILSVRC2012_val_00007631.JPEG,default
imagenet_c/frost/5/ILSVRC2012_val_00046391.JPEG,default
imagenet_c/snow/4/ILSVRC2012_val_00032163.JPEG,default
imagenet_c/shot_noise/3/ILSVRC2012_val_00046930.JPEG,default
imagenet_c/motion_blur/1/ILSVRC2012_val_00011734.JPEG,default
imagenet_c/gaussian_noise/5/ILSVRC2012_val_00014783.JPEG,default
imagenet_c/elastic_transform/5/ILSVRC2012_val_00028931.JPEG,default
imagenet_c/zoom_blur/5/ILSVRC2012_val_00038016.JPEG,default
imagenet_c/shot_noise/5/ILSVRC2012_val_00009551.JPEG,default
imagenet_c/motion_blur/4/ILSVRC2012_val_00006459.JPEG,default
imagenet_c/shot_noise/3/ILSVRC2012_val_00015122.JPEG,default
imagenet_c/glass_blur/1/ILSVRC2012_val_00044182.JPEG,default
imagenet_c/frost/2/ILSVRC2012_val_00033386.JPEG,default
imagenet_c/fog/3/ILSVRC2012_val_00028546.JPEG,default
imagenet_c/pixelate/2/ILSVRC2012_val_00026512.JPEG,default
imagenet_c/pixelate/4/ILSVRC2012_val_00034205.JPEG,default
imagenet_c/defocus_blur/2/ILSVRC2012_val_00004394.JPEG,default
imagenet_c/elastic_transform/5/ILSVRC2012_val_00009406.JPEG,default
imagenet_c/frost/1/ILSVRC2012_val_00028989.JPEG,default
imagenet_c/glass_blur/5/ILSVRC2012_val_00024376.JPEG,default
imagenet_c/brightness/3/ILSVRC2012_val_00023744.JPEG,default
imagenet_c/zoom_blur/2/ILSVRC2012_val_00001979.JPEG,default
imagenet_c/brightness/4/ILSVRC2012_val_00034570.JPEG,default
imagenet_c/pixelate/5/ILSVRC2012_val_00025996.JPEG,default
imagenet_c/gaussian_noise/1/ILSVRC2012_val_00014656.JPEG,default
imagenet_c/jpeg_compression/4/ILSVRC2012_val_00014340.JPEG,default
imagenet_c/snow/4/ILSVRC2012_val_00027472.JPEG,default
imagenet_c/gaussian_noise/4/ILSVRC2012_val_00016253.JPEG,default
imagenet_c/snow/1/ILSVRC2012_val_00006013.JPEG,default
imagenet_c/jpeg_compression/5/ILSVRC2012_val_00027933.JPEG,default
imagenet_c/glass_blur/1/ILSVRC2012_val_00010513.JPEG,default
imagenet_c/glass_blur/1/ILSVRC2012_val_00034143.JPEG,default
imagenet_c/pixelate/3/ILSVRC2012_val_00013637.JPEG,default
imagenet_c/frost/2/ILSVRC2012_val_00016415.JPEG,default
imagenet_c/gaussian_noise/2/ILSVRC2012_val_00021400.JPEG,default
imagenet_c/motion_blur/3/ILSVRC2012_val_00041005.JPEG,default
imagenet_c/snow/2/ILSVRC2012_val_00007380.JPEG,default
imagenet_c/jpeg_compression/4/ILSVRC2012_val_00025775.JPEG,default
imagenet_c/jpeg_compression/4/ILSVRC2012_val_00005184.JPEG,default
imagenet_c/pixelate/2/ILSVRC2012_val_00015911.JPEG,default
imagenet_c/shot_noise/1/ILSVRC2012_val_00001360.JPEG,default
imagenet_c/impulse_noise/3/ILSVRC2012_val_00021810.JPEG,default
imagenet_c/frost/2/ILSVRC2012_val_00006427.JPEG,default
imagenet_c/contrast/3/ILSVRC2012_val_00041957.JPEG,default
imagenet_c/jpeg_compression/3/ILSVRC2012_val_00000306.JPEG,default
imagenet_c/brightness/4/ILSVRC2012_val_00000552.JPEG,default
imagenet_c/snow/1/ILSVRC2012_val_00020008.JPEG,default
imagenet_c/impulse_noise/5/ILSVRC2012_val_00018198.JPEG,default
imagenet_c/fog/5/ILSVRC2012_val_00009898.JPEG,default
imagenet_c/zoom_blur/3/ILSVRC2012_val_00048535.JPEG,default
imagenet_c/gaussian_noise/5/ILSVRC2012_val_00040273.JPEG,default
imagenet_c/jpeg_compression/1/ILSVRC2012_val_00039117.JPEG,default
imagenet_c/frost/4/ILSVRC2012_val_00043684.JPEG,default
imagenet_c/pixelate/5/ILSVRC2012_val_00018032.JPEG,default
imagenet_c/defocus_blur/4/ILSVRC2012_val_00032942.JPEG,default
imagenet_c/impulse_noise/3/ILSVRC2012_val_00033998.JPEG,default
imagenet_c/brightness/5/ILSVRC2012_val_00002433.JPEG,default
imagenet_c/brightness/2/ILSVRC2012_val_00004508.JPEG,default
imagenet_c/elastic_transform/3/ILSVRC2012_val_00035618.JPEG,default
imagenet_c/pixelate/3/ILSVRC2012_val_00014395.JPEG,default
imagenet_c/zoom_blur/2/ILSVRC2012_val_00048757.JPEG,default
imagenet_c/frost/4/ILSVRC2012_val_00013570.JPEG,default
imagenet_c/brightness/5/ILSVRC2012_val_00008559.JPEG,default
imagenet_c/zoom_blur/2/ILSVRC2012_val_00038653.JPEG,default
imagenet_c/frost/2/ILSVRC2012_val_00048771.JPEG,default
imagenet_c/impulse_noise/3/ILSVRC2012_val_00036891.JPEG,default
imagenet_c/motion_blur/4/ILSVRC2012_val_00014235.JPEG,default
imagenet_c/frost/1/ILSVRC2012_val_00015868.JPEG,default
imagenet_c/pixelate/3/ILSVRC2012_val_00016916.JPEG,default
imagenet_c/gaussian_noise/4/ILSVRC2012_val_00048002.JPEG,default
imagenet_c/snow/3/ILSVRC2012_val_00044438.JPEG,default
imagenet_c/gaussian_noise/3/ILSVRC2012_val_00041343.JPEG,default
imagenet_c/brightness/4/ILSVRC2012_val_00019344.JPEG,default
imagenet_c/snow/1/ILSVRC2012_val_00000100.JPEG,default
imagenet_c/fog/4/ILSVRC2012_val_00032956.JPEG,default
imagenet_c/shot_noise/4/ILSVRC2012_val_00030991.JPEG,default
imagenet_c/contrast/4/ILSVRC2012_val_00024759.JPEG,default
imagenet_c/elastic_transform/2/ILSVRC2012_val_00019055.JPEG,default
imagenet_c/gaussian_noise/1/ILSVRC2012_val_00024683.JPEG,default
imagenet_c/pixelate/1/ILSVRC2012_val_00033844.JPEG,default
imagenet_c/pixelate/5/ILSVRC2012_val_00029221.JPEG,default
imagenet_c/brightness/3/ILSVRC2012_val_00034207.JPEG,default
imagenet_c/jpeg_compression/3/ILSVRC2012_val_00034916.JPEG,default
imagenet_c/pixelate/3/ILSVRC2012_val_00040252.JPEG,default
imagenet_c/frost/5/ILSVRC2012_val_00002583.JPEG,default
imagenet_c/glass_blur/5/ILSVRC2012_val_00012409.JPEG,default
imagenet_c/shot_noise/2/ILSVRC2012_val_00010701.JPEG,default
imagenet_c/brightness/3/ILSVRC2012_val_00032467.JPEG,default
imagenet_c/frost/5/ILSVRC2012_val_00047806.JPEG,default
imagenet_c/elastic_transform/2/ILSVRC2012_val_00028707.JPEG,default
imagenet_c/jpeg_compression/4/ILSVRC2012_val_00018252.JPEG,default
imagenet_c/shot_noise/2/ILSVRC2012_val_00039423.JPEG,default
imagenet_c/motion_blur/3/ILSVRC2012_val_00001232.JPEG,default
imagenet_c/contrast/5/ILSVRC2012_val_00038984.JPEG,default
imagenet_c/snow/3/ILSVRC2012_val_00036270.JPEG,default
imagenet_c/brightness/1/ILSVRC2012_val_00047814.JPEG,default
imagenet_c/pixelate/5/ILSVRC2012_val_00006240.JPEG,default
imagenet_c/motion_blur/5/ILSVRC2012_val_00007363.JPEG,default
imagenet_c/gaussian_noise/1/ILSVRC2012_val_00007690.JPEG,default
imagenet_c/shot_noise/1/ILSVRC2012_val_00032603.JPEG,default
imagenet_c/glass_blur/1/ILSVRC2012_val_00016293.JPEG,default
imagenet_c/impulse_noise/2/ILSVRC2012_val_00031421.JPEG,default
imagenet_c/defocus_blur/1/ILSVRC2012_val_00042401.JPEG,default
imagenet_c/shot_noise/1/ILSVRC2012_val_00001640.JPEG,default
imagenet_c/snow/2/ILSVRC2012_val_00010132.JPEG,default
imagenet_c/glass_blur/1/ILSVRC2012_val_00027625.JPEG,default
imagenet_c/shot_noise/3/ILSVRC2012_val_00025384.JPEG,default
imagenet_c/shot_noise/3/ILSVRC2012_val_00028451.JPEG,default
imagenet_c/frost/3/ILSVRC2012_val_00047823.JPEG,default
imagenet_c/glass_blur/5/ILSVRC2012_val_00012297.JPEG,default
imagenet_c/zoom_blur/4/ILSVRC2012_val_00020949.JPEG,default
imagenet_c/shot_noise/2/ILSVRC2012_val_00035003.JPEG,default
imagenet_c/frost/5/ILSVRC2012_val_00030609.JPEG,default
imagenet_c/elastic_transform/2/ILSVRC2012_val_00021549.JPEG,default
imagenet_c/brightness/5/ILSVRC2012_val_00019079.JPEG,default
imagenet_c/glass_blur/4/ILSVRC2012_val_00019917.JPEG,default
imagenet_c/fog/4/ILSVRC2012_val_00036577.JPEG,default
imagenet_c/jpeg_compression/2/ILSVRC2012_val_00042716.JPEG,default
imagenet_c/brightness/4/ILSVRC2012_val_00018436.JPEG,default
imagenet_c/frost/1/ILSVRC2012_val_00029872.JPEG,default
imagenet_c/elastic_transform/3/ILSVRC2012_val_00039249.JPEG,default
imagenet_c/glass_blur/2/ILSVRC2012_val_00027819.JPEG,default
imagenet_c/snow/4/ILSVRC2012_val_00046714.JPEG,default
imagenet_c/pixelate/1/ILSVRC2012_val_00018774.JPEG,default
imagenet_c/jpeg_compression/3/ILSVRC2012_val_00019635.JPEG,default
imagenet_c/elastic_transform/5/ILSVRC2012_val_00006200.JPEG,default
imagenet_c/impulse_noise/4/ILSVRC2012_val_00003409.JPEG,default
imagenet_c/pixelate/1/ILSVRC2012_val_00006577.JPEG,default
imagenet_c/zoom_blur/4/ILSVRC2012_val_00020515.JPEG,default
imagenet_c/shot_noise/4/ILSVRC2012_val_00015861.JPEG,default
imagenet_c/pixelate/5/ILSVRC2012_val_00009719.JPEG,default
imagenet_c/shot_noise/1/ILSVRC2012_val_00035823.JPEG,default
imagenet_c/gaussian_noise/1/ILSVRC2012_val_00029207.JPEG,default
imagenet_c/shot_noise/4/ILSVRC2012_val_00020139.JPEG,default
imagenet_c/gaussian_noise/5/ILSVRC2012_val_00019696.JPEG,default
imagenet_c/shot_noise/5/ILSVRC2012_val_00005960.JPEG,default
imagenet_c/shot_noise/1/ILSVRC2012_val_00009205.JPEG,default
imagenet_c/frost/2/ILSVRC2012_val_00039936.JPEG,default
imagenet_c/defocus_blur/1/ILSVRC2012_val_00046051.JPEG,default
imagenet_c/gaussian_noise/2/ILSVRC2012_val_00030943.JPEG,default
imagenet_c/motion_blur/4/ILSVRC2012_val_00023317.JPEG,default
imagenet_c/snow/3/ILSVRC2012_val_00032202.JPEG,default
imagenet_c/frost/4/ILSVRC2012_val_00022151.JPEG,default
imagenet_c/brightness/4/ILSVRC2012_val_00048255.JPEG,default
imagenet_c/snow/3/ILSVRC2012_val_00031073.JPEG,default
imagenet_c/gaussian_noise/3/ILSVRC2012_val_00042140.JPEG,default
imagenet_c/frost/3/ILSVRC2012_val_00021127.JPEG,default
imagenet_c/impulse_noise/1/ILSVRC2012_val_00026588.JPEG,default
imagenet_c/jpeg_compression/2/ILSVRC2012_val_00038150.JPEG,default
imagenet_c/jpeg_compression/5/ILSVRC2012_val_00044247.JPEG,default
imagenet_c/defocus_blur/5/ILSVRC2012_val_00030624.JPEG,default
imagenet_c/glass_blur/1/ILSVRC2012_val_00049545.JPEG,default
imagenet_c/zoom_blur/3/ILSVRC2012_val_00005621.JPEG,default
imagenet_c/gaussian_noise/2/ILSVRC2012_val_00030316.JPEG,default
imagenet_c/zoom_blur/1/ILSVRC2012_val_00002454.JPEG,default
imagenet_c/fog/4/ILSVRC2012_val_00035243.JPEG,default
imagenet_c/glass_blur/3/ILSVRC2012_val_00025532.JPEG,default
imagenet_c/pixelate/1/ILSVRC2012_val_00005149.JPEG,default
imagenet_c/gaussian_noise/1/ILSVRC2012_val_00027995.JPEG,default
imagenet_c/pixelate/5/ILSVRC2012_val_00029498.JPEG,default
imagenet_c/motion_blur/1/ILSVRC2012_val_00017019.JPEG,default
imagenet_c/gaussian_noise/5/ILSVRC2012_val_00048246.JPEG,default
imagenet_c/fog/2/ILSVRC2012_val_00049618.JPEG,default
imagenet_c/motion_blur/2/ILSVRC2012_val_00002339.JPEG,default
imagenet_c/defocus_blur/5/ILSVRC2012_val_00011224.JPEG,default
imagenet_c/snow/1/ILSVRC2012_val_00030791.JPEG,default
imagenet_c/shot_noise/1/ILSVRC2012_val_00043425.JPEG,default
imagenet_c/fog/4/ILSVRC2012_val_00011616.JPEG,default
imagenet_c/glass_blur/4/ILSVRC2012_val_00000055.JPEG,default
imagenet_c/fog/4/ILSVRC2012_val_00043015.JPEG,default
imagenet_c/impulse_noise/2/ILSVRC2012_val_00032457.JPEG,default
imagenet_c/motion_blur/4/ILSVRC2012_val_00000326.JPEG,default
imagenet_c/contrast/4/ILSVRC2012_val_00013240.JPEG,default
imagenet_c/motion_blur/4/ILSVRC2012_val_00000480.JPEG,default
imagenet_c/jpeg_compression/2/ILSVRC2012_val_00025162.JPEG,default
imagenet_c/zoom_blur/1/ILSVRC2012_val_00040895.JPEG,default
imagenet_c/jpeg_compression/2/ILSVRC2012_val_00012000.JPEG,default
imagenet_c/snow/4/ILSVRC2012_val_00011477.JPEG,default
imagenet_c/snow/1/ILSVRC2012_val_00014852.JPEG,default
imagenet_c/glass_blur/3/ILSVRC2012_val_00043276.JPEG,default
imagenet_c/impulse_noise/5/ILSVRC2012_val_00011227.JPEG,default
imagenet_c/shot_noise/5/ILSVRC2012_val_00004298.JPEG,default
imagenet_c/pixelate/2/ILSVRC2012_val_00032035.JPEG,default
imagenet_c/snow/3/ILSVRC2012_val_00047484.JPEG,default
imagenet_c/contrast/3/ILSVRC2012_val_00004584.JPEG,default
imagenet_c/brightness/4/ILSVRC2012_val_00016202.JPEG,default
imagenet_c/contrast/3/ILSVRC2012_val_00007360.JPEG,default
imagenet_c/pixelate/1/ILSVRC2012_val_00029038.JPEG,default
imagenet_c/shot_noise/4/ILSVRC2012_val_00001407.JPEG,default
imagenet_c/frost/2/ILSVRC2012_val_00025626.JPEG,default
imagenet_c/shot_noise/3/ILSVRC2012_val_00015894.JPEG,default
imagenet_c/defocus_blur/5/ILSVRC2012_val_00000322.JPEG,default
imagenet_c/zoom_blur/4/ILSVRC2012_val_00048581.JPEG,default
imagenet_c/gaussian_noise/1/ILSVRC2012_val_00042428.JPEG,default
imagenet_c/brightness/3/ILSVRC2012_val_00004808.JPEG,default
imagenet_c/contrast/1/ILSVRC2012_val_00003299.JPEG,default
imagenet_c/elastic_transform/3/ILSVRC2012_val_00040228.JPEG,default
imagenet_c/zoom_blur/5/ILSVRC2012_val_00021874.JPEG,default
imagenet_c/motion_blur/4/ILSVRC2012_val_00044929.JPEG,default
imagenet_c/zoom_blur/3/ILSVRC2012_val_00039135.JPEG,default
imagenet_c/frost/3/ILSVRC2012_val_00013425.JPEG,default
imagenet_c/elastic_transform/5/ILSVRC2012_val_00009254.JPEG,default
imagenet_c/jpeg_compression/3/ILSVRC2012_val_00017114.JPEG,default
imagenet_c/impulse_noise/1/ILSVRC2012_val_00036141.JPEG,default
imagenet_c/frost/1/ILSVRC2012_val_00037899.JPEG,default
imagenet_c/jpeg_compression/1/ILSVRC2012_val_00036224.JPEG,default
imagenet_c/brightness/4/ILSVRC2012_val_00035718.JPEG,default
imagenet_c/motion_blur/1/ILSVRC2012_val_00018072.JPEG,default
imagenet_c/brightness/2/ILSVRC2012_val_00039103.JPEG,default
imagenet_c/frost/4/ILSVRC2012_val_00017517.JPEG,default
imagenet_c/pixelate/1/ILSVRC2012_val_00005580.JPEG,default
imagenet_c/brightness/4/ILSVRC2012_val_00005355.JPEG,default
imagenet_c/fog/4/ILSVRC2012_val_00014288.JPEG,default
imagenet_c/gaussian_noise/5/ILSVRC2012_val_00044035.JPEG,default
imagenet_c/brightness/4/ILSVRC2012_val_00022827.JPEG,default
imagenet_c/motion_blur/4/ILSVRC2012_val_00023679.JPEG,default
imagenet_c/frost/1/ILSVRC2012_val_00002448.JPEG,default
imagenet_c/glass_blur/5/ILSVRC2012_val_00004762.JPEG,default
imagenet_c/contrast/5/ILSVRC2012_val_00015170.JPEG,default
imagenet_c/defocus_blur/5/ILSVRC2012_val_00017710.JPEG,default
imagenet_c/jpeg_compression/1/ILSVRC2012_val_00035990.JPEG,default
imagenet_c/frost/3/ILSVRC2012_val_00008300.JPEG,default
imagenet_c/contrast/3/ILSVRC2012_val_00040703.JPEG,default
imagenet_c/elastic_transform/4/ILSVRC2012_val_00001442.JPEG,default
imagenet_c/pixelate/3/ILSVRC2012_val_00031565.JPEG,default
imagenet_c/pixelate/2/ILSVRC2012_val_00013700.JPEG,default
imagenet_c/frost/2/ILSVRC2012_val_00030344.JPEG,default
imagenet_c/shot_noise/2/ILSVRC2012_val_00048084.JPEG,default
imagenet_c/elastic_transform/3/ILSVRC2012_val_00045063.JPEG,default
imagenet_c/pixelate/1/ILSVRC2012_val_00029890.JPEG,default
imagenet_c/fog/3/ILSVRC2012_val_00008615.JPEG,default
imagenet_c/motion_blur/3/ILSVRC2012_val_00010212.JPEG,default
imagenet_c/frost/3/ILSVRC2012_val_00009381.JPEG,default
imagenet_c/glass_blur/4/ILSVRC2012_val_00028636.JPEG,default
imagenet_c/elastic_transform/1/ILSVRC2012_val_00001535.JPEG,default
imagenet_c/brightness/5/ILSVRC2012_val_00023426.JPEG,default
imagenet_c/shot_noise/1/ILSVRC2012_val_00015876.JPEG,default
imagenet_c/jpeg_compression/2/ILSVRC2012_val_00028784.JPEG,default
imagenet_c/elastic_transform/3/ILSVRC2012_val_00035901.JPEG,default
imagenet_c/elastic_transform/2/ILSVRC2012_val_00011425.JPEG,default
imagenet_c/motion_blur/3/ILSVRC2012_val_00040008.JPEG,default
imagenet_c/fog/1/ILSVRC2012_val_00032655.JPEG,default
imagenet_c/brightness/3/ILSVRC2012_val_00000093.JPEG,default
imagenet_c/gaussian_noise/1/ILSVRC2012_val_00028049.JPEG,default
imagenet_c/contrast/2/ILSVRC2012_val_00007588.JPEG,default
imagenet_c/zoom_blur/3/ILSVRC2012_val_00042046.JPEG,default
imagenet_c/pixelate/2/ILSVRC2012_val_00022791.JPEG,default
imagenet_c/zoom_blur/3/ILSVRC2012_val_00021361.JPEG,default
imagenet_c/gaussian_noise/2/ILSVRC2012_val_00004173.JPEG,default
imagenet_c/defocus_blur/4/ILSVRC2012_val_00015909.JPEG,default
imagenet_c/contrast/5/ILSVRC2012_val_00034215.JPEG,default
imagenet_c/contrast/4/ILSVRC2012_val_00042946.JPEG,default
imagenet_c/impulse_noise/1/ILSVRC2012_val_00032684.JPEG,default
imagenet_c/fog/1/ILSVRC2012_val_00000870.JPEG,default
imagenet_c/fog/5/ILSVRC2012_val_00031769.JPEG,default
imagenet_c/impulse_noise/5/ILSVRC2012_val_00020869.JPEG,default
imagenet_c/contrast/3/ILSVRC2012_val_00024840.JPEG,default
imagenet_c/elastic_transform/1/ILSVRC2012_val_00008256.JPEG,default
imagenet_c/shot_noise/2/ILSVRC2012_val_00012830.JPEG,default
imagenet_c/glass_blur/2/ILSVRC2012_val_00044781.JPEG,default
imagenet_c/motion_blur/5/ILSVRC2012_val_00025033.JPEG,default
imagenet_c/brightness/3/ILSVRC2012_val_00020997.JPEG,default
imagenet_c/fog/4/ILSVRC2012_val_00042637.JPEG,default
imagenet_c/snow/1/ILSVRC2012_val_00035977.JPEG,default
imagenet_c/zoom_blur/1/ILSVRC2012_val_00048939.JPEG,default
imagenet_c/jpeg_compression/4/ILSVRC2012_val_00011281.JPEG,default
imagenet_c/impulse_noise/4/ILSVRC2012_val_00046137.JPEG,default
imagenet_c/shot_noise/3/ILSVRC2012_val_00045321.JPEG,default
imagenet_c/zoom_blur/5/ILSVRC2012_val_00046783.JPEG,default
imagenet_c/gaussian_noise/2/ILSVRC2012_val_00038037.JPEG,default
imagenet_c/gaussian_noise/2/ILSVRC2012_val_00040762.JPEG,default
imagenet_c/frost/4/ILSVRC2012_val_00035564.JPEG,default
imagenet_c/pixelate/1/ILSVRC2012_val_00018333.JPEG,default
imagenet_c/gaussian_noise/5/ILSVRC2012_val_00031916.JPEG,default
imagenet_c/gaussian_noise/3/ILSVRC2012_val_00000087.JPEG,default
imagenet_c/gaussian_noise/3/ILSVRC2012_val_00033243.JPEG,default
imagenet_c/snow/3/ILSVRC2012_val_00029097.JPEG,default
imagenet_c/snow/4/ILSVRC2012_val_00022740.JPEG,default
imagenet_c/glass_blur/3/ILSVRC2012_val_00028746.JPEG,default
imagenet_c/frost/5/ILSVRC2012_val_00019132.JPEG,default
imagenet_c/jpeg_compression/1/ILSVRC2012_val_00004683.JPEG,default
imagenet_c/impulse_noise/1/ILSVRC2012_val_00045626.JPEG,default
imagenet_c/jpeg_compression/4/ILSVRC2012_val_00003752.JPEG,default
imagenet_c/defocus_blur/3/ILSVRC2012_val_00002334.JPEG,default
imagenet_c/shot_noise/2/ILSVRC2012_val_00039838.JPEG,default
imagenet_c/zoom_blur/4/ILSVRC2012_val_00012743.JPEG,default
imagenet_c/contrast/2/ILSVRC2012_val_00038869.JPEG,default
imagenet_c/brightness/5/ILSVRC2012_val_00021557.JPEG,default
imagenet_c/defocus_blur/3/ILSVRC2012_val_00027443.JPEG,default
imagenet_c/snow/3/ILSVRC2012_val_00037276.JPEG,default
imagenet_c/impulse_noise/4/ILSVRC2012_val_00020811.JPEG,default
imagenet_c/impulse_noise/1/ILSVRC2012_val_00037467.JPEG,default
imagenet_c/glass_blur/1/ILSVRC2012_val_00035760.JPEG,default
imagenet_c/pixelate/3/ILSVRC2012_val_00035045.JPEG,default
imagenet_c/defocus_blur/4/ILSVRC2012_val_00035653.JPEG,default
imagenet_c/brightness/2/ILSVRC2012_val_00027323.JPEG,default
imagenet_c/glass_blur/5/ILSVRC2012_val_00007174.JPEG,default
imagenet_c/contrast/3/ILSVRC2012_val_00026737.JPEG,default
imagenet_c/defocus_blur/1/ILSVRC2012_val_00006875.JPEG,default
imagenet_c/contrast/2/ILSVRC2012_val_00009830.JPEG,default
imagenet_c/brightness/1/ILSVRC2012_val_00039253.JPEG,default
imagenet_c/contrast/4/ILSVRC2012_val_00017616.JPEG,default
imagenet_c/pixelate/1/ILSVRC2012_val_00007455.JPEG,default
imagenet_c/fog/5/ILSVRC2012_val_00046666.JPEG,default
imagenet_c/glass_blur/4/ILSVRC2012_val_00046291.JPEG,default
imagenet_c/pixelate/2/ILSVRC2012_val_00000945.JPEG,default
imagenet_c/impulse_noise/5/ILSVRC2012_val_00032732.JPEG,default
imagenet_c/gaussian_noise/5/ILSVRC2012_val_00044305.JPEG,default
imagenet_c/zoom_blur/3/ILSVRC2012_val_00030191.JPEG,default
imagenet_c/pixelate/2/ILSVRC2012_val_00049974.JPEG,default
imagenet_c/gaussian_noise/1/ILSVRC2012_val_00029789.JPEG,default
imagenet_c/pixelate/1/ILSVRC2012_val_00041704.JPEG,default
imagenet_c/frost/1/ILSVRC2012_val_00037107.JPEG,default
imagenet_c/impulse_noise/5/ILSVRC2012_val_00000095.JPEG,default
imagenet_c/gaussian_noise/4/ILSVRC2012_val_00001656.JPEG,default
imagenet_c/glass_blur/1/ILSVRC2012_val_00031691.JPEG,default
imagenet_c/impulse_noise/4/ILSVRC2012_val_00036612.JPEG,default
imagenet_c/snow/2/ILSVRC2012_val_00008873.JPEG,default
imagenet_c/jpeg_compression/2/ILSVRC2012_val_00040245.JPEG,default
imagenet_c/impulse_noise/5/ILSVRC2012_val_00032067.JPEG,default
imagenet_c/jpeg_compression/5/ILSVRC2012_val_00047372.JPEG,default
imagenet_c/impulse_noise/1/ILSVRC2012_val_00040289.JPEG,default
imagenet_c/brightness/3/ILSVRC2012_val_00040839.JPEG,default
imagenet_c/impulse_noise/1/ILSVRC2012_val_00038601.JPEG,default
imagenet_c/snow/4/ILSVRC2012_val_00035849.JPEG,default
imagenet_c/brightness/5/ILSVRC2012_val_00018175.JPEG,default
imagenet_c/elastic_transform/4/ILSVRC2012_val_00039225.JPEG,default
imagenet_c/jpeg_compression/2/ILSVRC2012_val_00004617.JPEG,default
imagenet_c/zoom_blur/4/ILSVRC2012_val_00032874.JPEG,default
imagenet_c/elastic_transform/5/ILSVRC2012_val_00032374.JPEG,default
imagenet_c/fog/4/ILSVRC2012_val_00008175.JPEG,default
imagenet_c/impulse_noise/1/ILSVRC2012_val_00022320.JPEG,default
imagenet_c/contrast/5/ILSVRC2012_val_00012204.JPEG,default
imagenet_c/elastic_transform/5/ILSVRC2012_val_00028585.JPEG,default
imagenet_c/impulse_noise/5/ILSVRC2012_val_00010182.JPEG,default
imagenet_c/pixelate/4/ILSVRC2012_val_00031100.JPEG,default
imagenet_c/pixelate/3/ILSVRC2012_val_00016881.JPEG,default
imagenet_c/impulse_noise/4/ILSVRC2012_val_00038696.JPEG,default
imagenet_c/impulse_noise/4/ILSVRC2012_val_00022092.JPEG,default
imagenet_c/gaussian_noise/2/ILSVRC2012_val_00018131.JPEG,default
imagenet_c/fog/2/ILSVRC2012_val_00003631.JPEG,default
imagenet_c/fog/3/ILSVRC2012_val_00026156.JPEG,default
imagenet_c/brightness/2/ILSVRC2012_val_00028291.JPEG,default
imagenet_c/pixelate/5/ILSVRC2012_val_00013049.JPEG,default
imagenet_c/shot_noise/4/ILSVRC2012_val_00002140.JPEG,default
imagenet_c/motion_blur/2/ILSVRC2012_val_00031562.JPEG,default
imagenet_c/frost/2/ILSVRC2012_val_00024732.JPEG,default
imagenet_c/shot_noise/4/ILSVRC2012_val_00041477.JPEG,default
imagenet_c/defocus_blur/4/ILSVRC2012_val_00020217.JPEG,default
imagenet_c/impulse_noise/3/ILSVRC2012_val_00014275.JPEG,default
imagenet_c/defocus_blur/2/ILSVRC2012_val_00046674.JPEG,default
imagenet_c/brightness/4/ILSVRC2012_val_00031989.JPEG,default
imagenet_c/gaussian_noise/1/ILSVRC2012_val_00002936.JPEG,default
imagenet_c/contrast/1/ILSVRC2012_val_00029926.JPEG,default
imagenet_c/shot_noise/2/ILSVRC2012_val_00039866.JPEG,default
imagenet_c/pixelate/2/ILSVRC2012_val_00049404.JPEG,default
imagenet_c/snow/5/ILSVRC2012_val_00005153.JPEG,default
imagenet_c/jpeg_compression/2/ILSVRC2012_val_00006014.JPEG,default
imagenet_c/zoom_blur/1/ILSVRC2012_val_00031854.JPEG,default
imagenet_c/snow/4/ILSVRC2012_val_00015041.JPEG,default
imagenet_c/shot_noise/3/ILSVRC2012_val_00037115.JPEG,default
imagenet_c/brightness/3/ILSVRC2012_val_00004190.JPEG,default
imagenet_c/defocus_blur/1/ILSVRC2012_val_00019469.JPEG,default
imagenet_c/elastic_transform/3/ILSVRC2012_val_00019113.JPEG,default
imagenet_c/brightness/2/ILSVRC2012_val_00044586.JPEG,default
imagenet_c/elastic_transform/2/ILSVRC2012_val_00021572.JPEG,default
imagenet_c/gaussian_noise/2/ILSVRC2012_val_00030690.JPEG,default
imagenet_c/motion_blur/2/ILSVRC2012_val_00017044.JPEG,default
imagenet_c/zoom_blur/5/ILSVRC2012_val_00018016.JPEG,default
imagenet_c/fog/4/ILSVRC2012_val_00009955.JPEG,default
imagenet_c/shot_noise/3/ILSVRC2012_val_00036365.JPEG,default
imagenet_c/contrast/3/ILSVRC2012_val_00013754.JPEG,default
imagenet_c/snow/4/ILSVRC2012_val_00020406.JPEG,default
imagenet_c/brightness/3/ILSVRC2012_val_00030602.JPEG,default
imagenet_c/elastic_transform/3/ILSVRC2012_val_00008204.JPEG,default
imagenet_c/gaussian_noise/4/ILSVRC2012_val_00019099.JPEG,default
imagenet_c/gaussian_noise/3/ILSVRC2012_val_00024386.JPEG,default
imagenet_c/pixelate/5/ILSVRC2012_val_00048688.JPEG,default
imagenet_c/glass_blur/1/ILSVRC2012_val_00048140.JPEG,default
imagenet_c/motion_blur/4/ILSVRC2012_val_00007297.JPEG,default
imagenet_c/fog/4/ILSVRC2012_val_00038538.JPEG,default
imagenet_c/gaussian_noise/5/ILSVRC2012_val_00036851.JPEG,default
imagenet_c/defocus_blur/3/ILSVRC2012_val_00036548.JPEG,default
imagenet_c/snow/1/ILSVRC2012_val_00022082.JPEG,default
imagenet_c/pixelate/2/ILSVRC2012_val_00006931.JPEG,default
imagenet_c/pixelate/4/ILSVRC2012_val_00046527.JPEG,default
imagenet_c/contrast/3/ILSVRC2012_val_00035042.JPEG,default
imagenet_c/fog/1/ILSVRC2012_val_00019961.JPEG,default
imagenet_c/snow/3/ILSVRC2012_val_00043695.JPEG,default
imagenet_c/contrast/2/ILSVRC2012_val_00008449.JPEG,default
imagenet_c/defocus_blur/2/ILSVRC2012_val_00013420.JPEG,default
imagenet_c/defocus_blur/4/ILSVRC2012_val_00024294.JPEG,default
imagenet_c/contrast/3/ILSVRC2012_val_00016117.JPEG,default
imagenet_c/defocus_blur/3/ILSVRC2012_val_00013015.JPEG,default
imagenet_c/fog/2/ILSVRC2012_val_00046736.JPEG,default
imagenet_c/zoom_blur/3/ILSVRC2012_val_00039786.JPEG,default
imagenet_c/pixelate/2/ILSVRC2012_val_00014296.JPEG,default
imagenet_c/impulse_noise/1/ILSVRC2012_val_00007725.JPEG,default
imagenet_c/glass_blur/3/ILSVRC2012_val_00024437.JPEG,default
imagenet_c/contrast/3/ILSVRC2012_val_00039302.JPEG,default
imagenet_c/impulse_noise/4/ILSVRC2012_val_00021579.JPEG,default
imagenet_c/frost/2/ILSVRC2012_val_00005135.JPEG,default
imagenet_c/frost/1/ILSVRC2012_val_00043576.JPEG,default
imagenet_c/pixelate/2/ILSVRC2012_val_00002579.JPEG,default
imagenet_c/shot_noise/1/ILSVRC2012_val_00027849.JPEG,default
imagenet_c/snow/5/ILSVRC2012_val_00021798.JPEG,default
imagenet_c/motion_blur/2/ILSVRC2012_val_00009682.JPEG,default
imagenet_c/jpeg_compression/4/ILSVRC2012_val_00022916.JPEG,default
imagenet_c/defocus_blur/1/ILSVRC2012_val_00040167.JPEG,default
imagenet_c/impulse_noise/5/ILSVRC2012_val_00047788.JPEG,default
imagenet_c/motion_blur/1/ILSVRC2012_val_00030131.JPEG,default
imagenet_c/snow/3/ILSVRC2012_val_00020275.JPEG,default
imagenet_c/snow/4/ILSVRC2012_val_00020455.JPEG,default
imagenet_c/contrast/2/ILSVRC2012_val_00033086.JPEG,default
imagenet_c/motion_blur/2/ILSVRC2012_val_00013284.JPEG,default
imagenet_c/shot_noise/1/ILSVRC2012_val_00046035.JPEG,default
imagenet_c/brightness/4/ILSVRC2012_val_00005944.JPEG,default
imagenet_c/contrast/1/ILSVRC2012_val_00021645.JPEG,default
imagenet_c/shot_noise/5/ILSVRC2012_val_00018452.JPEG,default
imagenet_c/fog/4/ILSVRC2012_val_00012940.JPEG,default
imagenet_c/impulse_noise/5/ILSVRC2012_val_00047142.JPEG,default
imagenet_c/jpeg_compression/2/ILSVRC2012_val_00019548.JPEG,default
imagenet_c/defocus_blur/2/ILSVRC2012_val_00010878.JPEG,default
imagenet_c/elastic_transform/2/ILSVRC2012_val_00037638.JPEG,default
imagenet_c/snow/3/ILSVRC2012_val_00026230.JPEG,default
imagenet_c/gaussian_noise/2/ILSVRC2012_val_00034541.JPEG,default
imagenet_c/impulse_noise/1/ILSVRC2012_val_00029052.JPEG,default
imagenet_c/frost/5/ILSVRC2012_val_00042622.JPEG,default
imagenet_c/contrast/4/ILSVRC2012_val_00003500.JPEG,default
imagenet_c/contrast/5/ILSVRC2012_val_00020449.JPEG,default
imagenet_c/snow/3/ILSVRC2012_val_00043193.JPEG,default
imagenet_c/motion_blur/1/ILSVRC2012_val_00017415.JPEG,default
imagenet_c/frost/4/ILSVRC2012_val_00015520.JPEG,default
imagenet_c/gaussian_noise/2/ILSVRC2012_val_00009280.JPEG,default
imagenet_c/contrast/1/ILSVRC2012_val_00049425.JPEG,default
imagenet_c/fog/4/ILSVRC2012_val_00049268.JPEG,default
imagenet_c/contrast/3/ILSVRC2012_val_00040923.JPEG,default
imagenet_c/pixelate/2/ILSVRC2012_val_00027259.JPEG,default
imagenet_c/shot_noise/2/ILSVRC2012_val_00005205.JPEG,default
imagenet_c/impulse_noise/3/ILSVRC2012_val_00040258.JPEG,default
imagenet_c/defocus_blur/1/ILSVRC2012_val_00047534.JPEG,default
imagenet_c/elastic_transform/4/ILSVRC2012_val_00021807.JPEG,default
imagenet_c/contrast/5/ILSVRC2012_val_00033235.JPEG,default
imagenet_c/gaussian_noise/2/ILSVRC2012_val_00004013.JPEG,default
imagenet_c/zoom_blur/3/ILSVRC2012_val_00036436.JPEG,default
imagenet_c/glass_blur/1/ILSVRC2012_val_00032404.JPEG,default
imagenet_c/frost/4/ILSVRC2012_val_00022907.JPEG,default
imagenet_c/fog/5/ILSVRC2012_val_00018201.JPEG,default
imagenet_c/motion_blur/1/ILSVRC2012_val_00002887.JPEG,default
imagenet_c/elastic_transform/3/ILSVRC2012_val_00030840.JPEG,default
imagenet_c/contrast/4/ILSVRC2012_val_00011235.JPEG,default
imagenet_c/defocus_blur/3/ILSVRC2012_val_00043604.JPEG,default
imagenet_c/elastic_transform/2/ILSVRC2012_val_00037975.JPEG,default
imagenet_c/impulse_noise/1/ILSVRC2012_val_00006925.JPEG,default
imagenet_c/glass_blur/3/ILSVRC2012_val_00031356.JPEG,default
imagenet_c/gaussian_noise/2/ILSVRC2012_val_00025768.JPEG,default
imagenet_c/gaussian_noise/2/ILSVRC2012_val_00036688.JPEG,default
imagenet_c/motion_blur/3/ILSVRC2012_val_00035546.JPEG,default
imagenet_c/frost/5/ILSVRC2012_val_00031881.JPEG,default
imagenet_c/fog/1/ILSVRC2012_val_00027481.JPEG,default
imagenet_c/motion_blur/1/ILSVRC2012_val_00007942.JPEG,default
imagenet_c/pixelate/2/ILSVRC2012_val_00006543.JPEG,default
imagenet_c/motion_blur/2/ILSVRC2012_val_00007767.JPEG,default
imagenet_c/glass_blur/3/ILSVRC2012_val_00041143.JPEG,default
imagenet_c/fog/3/ILSVRC2012_val_00027510.JPEG,default
imagenet_c/snow/4/ILSVRC2012_val_00034060.JPEG,default
imagenet_c/glass_blur/2/ILSVRC2012_val_00045697.JPEG,default
imagenet_c/jpeg_compression/4/ILSVRC2012_val_00048200.JPEG,default
imagenet_c/shot_noise/5/ILSVRC2012_val_00043447.JPEG,default
imagenet_c/glass_blur/1/ILSVRC2012_val_00044876.JPEG,default
imagenet_c/contrast/4/ILSVRC2012_val_00013957.JPEG,default
imagenet_c/snow/5/ILSVRC2012_val_00044660.JPEG,default
imagenet_c/zoom_blur/1/ILSVRC2012_val_00026611.JPEG,default
imagenet_c/brightness/5/ILSVRC2012_val_00015093.JPEG,default
imagenet_c/shot_noise/3/ILSVRC2012_val_00044102.JPEG,default
imagenet_c/contrast/5/ILSVRC2012_val_00041277.JPEG,default
imagenet_c/impulse_noise/1/ILSVRC2012_val_00037948.JPEG,default
imagenet_c/jpeg_compression/5/ILSVRC2012_val_00029238.JPEG,default
imagenet_c/jpeg_compression/4/ILSVRC2012_val_00036911.JPEG,default
imagenet_c/brightness/1/ILSVRC2012_val_00047394.JPEG,default
imagenet_c/gaussian_noise/5/ILSVRC2012_val_00036535.JPEG,default
imagenet_c/defocus_blur/1/ILSVRC2012_val_00034488.JPEG,default
imagenet_c/impulse_noise/4/ILSVRC2012_val_00014258.JPEG,default
imagenet_c/brightness/3/ILSVRC2012_val_00009459.JPEG,default
imagenet_c/jpeg_compression/2/ILSVRC2012_val_00037407.JPEG,default
imagenet_c/brightness/3/ILSVRC2012_val_00019070.JPEG,default
imagenet_c/jpeg_compression/4/ILSVRC2012_val_00041211.JPEG,default
imagenet_c/impulse_noise/4/ILSVRC2012_val_00023785.JPEG,default
imagenet_c/impulse_noise/4/ILSVRC2012_val_00001595.JPEG,default
imagenet_c/fog/2/ILSVRC2012_val_00016239.JPEG,default
imagenet_c/fog/4/ILSVRC2012_val_00018836.JPEG,default
imagenet_c/frost/2/ILSVRC2012_val_00028020.JPEG,default
imagenet_c/gaussian_noise/5/ILSVRC2012_val_00006292.JPEG,default
imagenet_c/contrast/3/ILSVRC2012_val_00002859.JPEG,default
imagenet_c/zoom_blur/5/ILSVRC2012_val_00047892.JPEG,default
imagenet_c/shot_noise/2/ILSVRC2012_val_00047174.JPEG,default
imagenet_c/fog/1/ILSVRC2012_val_00004905.JPEG,default
imagenet_c/motion_blur/1/ILSVRC2012_val_00049740.JPEG,default
imagenet_c/elastic_transform/1/ILSVRC2012_val_00015546.JPEG,default
imagenet_c/impulse_noise/4/ILSVRC2012_val_00048920.JPEG,default
imagenet_c/shot_noise/2/ILSVRC2012_val_00010564.JPEG,default
imagenet_c/gaussian_noise/2/ILSVRC2012_val_00005062.JPEG,default
imagenet_c/shot_noise/1/ILSVRC2012_val_00012238.JPEG,default
imagenet_c/snow/1/ILSVRC2012_val_00030635.JPEG,default
imagenet_c/elastic_transform/3/ILSVRC2012_val_00029528.JPEG,default
imagenet_c/pixelate/2/ILSVRC2012_val_00011633.JPEG,default
imagenet_c/glass_blur/3/ILSVRC2012_val_00008724.JPEG,default
imagenet_c/impulse_noise/1/ILSVRC2012_val_00033481.JPEG,default
imagenet_c/snow/2/ILSVRC2012_val_00031004.JPEG,default
imagenet_c/snow/1/ILSVRC2012_val_00031043.JPEG,default
imagenet_c/pixelate/2/ILSVRC2012_val_00006366.JPEG,default
imagenet_c/brightness/3/ILSVRC2012_val_00022749.JPEG,default
imagenet_c/contrast/4/ILSVRC2012_val_00011637.JPEG,default
imagenet_c/frost/4/ILSVRC2012_val_00007807.JPEG,default
imagenet_c/fog/3/ILSVRC2012_val_00010738.JPEG,default
imagenet_c/elastic_transform/3/ILSVRC2012_val_00021832.JPEG,default
imagenet_c/glass_blur/4/ILSVRC2012_val_00010076.JPEG,default
imagenet_c/defocus_blur/4/ILSVRC2012_val_00023677.JPEG,default
imagenet_c/brightness/5/ILSVRC2012_val_00001176.JPEG,default
imagenet_c/contrast/5/ILSVRC2012_val_00018465.JPEG,default
imagenet_c/glass_blur/1/ILSVRC2012_val_00022421.JPEG,default
imagenet_c/pixelate/5/ILSVRC2012_val_00032922.JPEG,default
imagenet_c/elastic_transform/3/ILSVRC2012_val_00021895.JPEG,default
imagenet_c/contrast/3/ILSVRC2012_val_00048433.JPEG,default
imagenet_c/frost/2/ILSVRC2012_val_00036484.JPEG,default
imagenet_c/elastic_transform/1/ILSVRC2012_val_00007895.JPEG,default
imagenet_c/elastic_transform/1/ILSVRC2012_val_00032979.JPEG,default
imagenet_c/defocus_blur/1/ILSVRC2012_val_00033152.JPEG,default
imagenet_c/snow/5/ILSVRC2012_val_00010603.JPEG,default
imagenet_c/pixelate/2/ILSVRC2012_val_00001669.JPEG,default
imagenet_c/pixelate/1/ILSVRC2012_val_00021699.JPEG,default
imagenet_c/elastic_transform/2/ILSVRC2012_val_00031143.JPEG,default
imagenet_c/elastic_transform/2/ILSVRC2012_val_00007602.JPEG,default
imagenet_c/glass_blur/1/ILSVRC2012_val_00024220.JPEG,default
imagenet_c/brightness/1/ILSVRC2012_val_00009307.JPEG,default
imagenet_c/impulse_noise/1/ILSVRC2012_val_00020693.JPEG,default
imagenet_c/elastic_transform/4/ILSVRC2012_val_00019516.JPEG,default
imagenet_c/glass_blur/5/ILSVRC2012_val_00030998.JPEG,default
imagenet_c/impulse_noise/1/ILSVRC2012_val_00005915.JPEG,default
imagenet_c/brightness/5/ILSVRC2012_val_00012179.JPEG,default
imagenet_c/frost/2/ILSVRC2012_val_00023806.JPEG,default
imagenet_c/brightness/2/ILSVRC2012_val_00009572.JPEG,default
imagenet_c/elastic_transform/1/ILSVRC2012_val_00006279.JPEG,default
imagenet_c/contrast/3/ILSVRC2012_val_00020622.JPEG,default
imagenet_c/snow/1/ILSVRC2012_val_00011576.JPEG,default
imagenet_c/motion_blur/5/ILSVRC2012_val_00040079.JPEG,default
imagenet_c/contrast/4/ILSVRC2012_val_00034998.JPEG,default
imagenet_c/zoom_blur/4/ILSVRC2012_val_00009748.JPEG,default
imagenet_c/gaussian_noise/3/ILSVRC2012_val_00009533.JPEG,default
imagenet_c/contrast/5/ILSVRC2012_val_00031935.JPEG,default
imagenet_c/motion_blur/1/ILSVRC2012_val_00001193.JPEG,default
imagenet_c/elastic_transform/4/ILSVRC2012_val_00019403.JPEG,default
imagenet_c/frost/2/ILSVRC2012_val_00009982.JPEG,default
imagenet_c/jpeg_compression/3/ILSVRC2012_val_00012138.JPEG,default
imagenet_c/contrast/4/ILSVRC2012_val_00034545.JPEG,default
imagenet_c/motion_blur/3/ILSVRC2012_val_00010683.JPEG,default
imagenet_c/shot_noise/4/ILSVRC2012_val_00000918.JPEG,default
imagenet_c/impulse_noise/1/ILSVRC2012_val_00002401.JPEG,default
imagenet_c/gaussian_noise/4/ILSVRC2012_val_00044946.JPEG,default
imagenet_c/impulse_noise/1/ILSVRC2012_val_00043777.JPEG,default
imagenet_c/frost/1/ILSVRC2012_val_00034444.JPEG,default
imagenet_c/frost/3/ILSVRC2012_val_00029302.JPEG,default
imagenet_c/snow/3/ILSVRC2012_val_00030552.JPEG,default
imagenet_c/pixelate/3/ILSVRC2012_val_00033282.JPEG,default
imagenet_c/fog/3/ILSVRC2012_val_00047040.JPEG,default
imagenet_c/pixelate/1/ILSVRC2012_val_00009782.JPEG,default
imagenet_c/snow/1/ILSVRC2012_val_00036258.JPEG,default
imagenet_c/impulse_noise/4/ILSVRC2012_val_00008091.JPEG,default
imagenet_c/motion_blur/1/ILSVRC2012_val_00040689.JPEG,default
imagenet_c/brightness/4/ILSVRC2012_val_00000038.JPEG,default
imagenet_c/snow/5/ILSVRC2012_val_00027935.JPEG,default
imagenet_c/gaussian_noise/3/ILSVRC2012_val_00010498.JPEG,default
imagenet_c/impulse_noise/2/ILSVRC2012_val_00013912.JPEG,default
imagenet_c/snow/1/ILSVRC2012_val_00022263.JPEG,default
imagenet_c/jpeg_compression/4/ILSVRC2012_val_00048660.JPEG,default
imagenet_c/impulse_noise/2/ILSVRC2012_val_00001495.JPEG,default
imagenet_c/motion_blur/2/ILSVRC2012_val_00048389.JPEG,default
imagenet_c/elastic_transform/3/ILSVRC2012_val_00046940.JPEG,default
imagenet_c/gaussian_noise/1/ILSVRC2012_val_00026134.JPEG,default
imagenet_c/jpeg_compression/4/ILSVRC2012_val_00035834.JPEG,default
imagenet_c/pixelate/1/ILSVRC2012_val_00045996.JPEG,default
imagenet_c/glass_blur/3/ILSVRC2012_val_00046320.JPEG,default
imagenet_c/glass_blur/2/ILSVRC2012_val_00047615.JPEG,default
imagenet_c/snow/5/ILSVRC2012_val_00037014.JPEG,default
imagenet_c/gaussian_noise/4/ILSVRC2012_val_00039353.JPEG,default
imagenet_c/contrast/1/ILSVRC2012_val_00004101.JPEG,default
imagenet_c/shot_noise/3/ILSVRC2012_val_00016845.JPEG,default
imagenet_c/elastic_transform/5/ILSVRC2012_val_00002220.JPEG,default
imagenet_c/glass_blur/1/ILSVRC2012_val_00021881.JPEG,default
imagenet_c/brightness/3/ILSVRC2012_val_00019360.JPEG,default
imagenet_c/elastic_transform/1/ILSVRC2012_val_00034116.JPEG,default
imagenet_c/frost/4/ILSVRC2012_val_00021384.JPEG,default
imagenet_c/defocus_blur/2/ILSVRC2012_val_00038395.JPEG,default
imagenet_c/contrast/4/ILSVRC2012_val_00028117.JPEG,default
imagenet_c/frost/4/ILSVRC2012_val_00009773.JPEG,default
imagenet_c/fog/5/ILSVRC2012_val_00002408.JPEG,default
imagenet_c/contrast/4/ILSVRC2012_val_00013022.JPEG,default
imagenet_c/shot_noise/3/ILSVRC2012_val_00003432.JPEG,default
imagenet_c/brightness/3/ILSVRC2012_val_00028037.JPEG,default
imagenet_c/jpeg_compression/2/ILSVRC2012_val_00033520.JPEG,default
imagenet_c/contrast/2/ILSVRC2012_val_00043972.JPEG,default
imagenet_c/jpeg_compression/5/ILSVRC2012_val_00029538.JPEG,default
imagenet_c/impulse_noise/2/ILSVRC2012_val_00013668.JPEG,default
imagenet_c/zoom_blur/2/ILSVRC2012_val_00014776.JPEG,default
imagenet_c/gaussian_noise/4/ILSVRC2012_val_00039740.JPEG,default
imagenet_c/motion_blur/4/ILSVRC2012_val_00002837.JPEG,default
imagenet_c/snow/2/ILSVRC2012_val_00019484.JPEG,default
imagenet_c/frost/4/ILSVRC2012_val_00030420.JPEG,default
imagenet_c/snow/5/ILSVRC2012_val_00008977.JPEG,default
imagenet_c/snow/3/ILSVRC2012_val_00044937.JPEG,default
imagenet_c/shot_noise/1/ILSVRC2012_val_00037645.JPEG,default
imagenet_c/gaussian_noise/1/ILSVRC2012_val_00021244.JPEG,default
imagenet_c/defocus_blur/3/ILSVRC2012_val_00008912.JPEG,default
imagenet_c/defocus_blur/5/ILSVRC2012_val_00012111.JPEG,default
imagenet_c/snow/1/ILSVRC2012_val_00026494.JPEG,default
imagenet_c/brightness/1/ILSVRC2012_val_00011038.JPEG,default
imagenet_c/defocus_blur/3/ILSVRC2012_val_00048343.JPEG,default
imagenet_c/motion_blur/4/ILSVRC2012_val_00026474.JPEG,default
imagenet_c/impulse_noise/4/ILSVRC2012_val_00031383.JPEG,default
imagenet_c/fog/4/ILSVRC2012_val_00015544.JPEG,default
imagenet_c/brightness/3/ILSVRC2012_val_00030411.JPEG,default
imagenet_c/motion_blur/1/ILSVRC2012_val_00022532.JPEG,default
imagenet_c/contrast/5/ILSVRC2012_val_00008292.JPEG,default
imagenet_c/glass_blur/3/ILSVRC2012_val_00001390.JPEG,default
imagenet_c/jpeg_compression/3/ILSVRC2012_val_00034342.JPEG,default
imagenet_c/fog/4/ILSVRC2012_val_00000631.JPEG,default
imagenet_c/jpeg_compression/5/ILSVRC2012_val_00023781.JPEG,default
imagenet_c/contrast/2/ILSVRC2012_val_00032804.JPEG,default
imagenet_c/jpeg_compression/2/ILSVRC2012_val_00023316.JPEG,default
imagenet_c/gaussian_noise/3/ILSVRC2012_val_00035783.JPEG,default
imagenet_c/pixelate/2/ILSVRC2012_val_00031986.JPEG,default
imagenet_c/fog/4/ILSVRC2012_val_00039339.JPEG,default
imagenet_c/elastic_transform/3/ILSVRC2012_val_00037584.JPEG,default
imagenet_c/pixelate/3/ILSVRC2012_val_00001602.JPEG,default
imagenet_c/contrast/4/ILSVRC2012_val_00013056.JPEG,default
imagenet_c/defocus_blur/3/ILSVRC2012_val_00018758.JPEG,default
imagenet_c/fog/5/ILSVRC2012_val_00010147.JPEG,default
imagenet_c/impulse_noise/5/ILSVRC2012_val_00036643.JPEG,default
imagenet_c/impulse_noise/3/ILSVRC2012_val_00003692.JPEG,default
imagenet_c/pixelate/5/ILSVRC2012_val_00045146.JPEG,default
imagenet_c/glass_blur/3/ILSVRC2012_val_00041325.JPEG,default
imagenet_c/zoom_blur/1/ILSVRC2012_val_00020568.JPEG,default
imagenet_c/contrast/4/ILSVRC2012_val_00016156.JPEG,default
imagenet_c/pixelate/2/ILSVRC2012_val_00014041.JPEG,default
imagenet_c/snow/3/ILSVRC2012_val_00021990.JPEG,default
imagenet_c/jpeg_compression/2/ILSVRC2012_val_00030030.JPEG,default
imagenet_c/contrast/5/ILSVRC2012_val_00019197.JPEG,default
imagenet_c/fog/4/ILSVRC2012_val_00002803.JPEG,default
imagenet_c/frost/4/ILSVRC2012_val_00030020.JPEG,default
imagenet_c/fog/2/ILSVRC2012_val_00010705.JPEG,default
imagenet_c/shot_noise/2/ILSVRC2012_val_00016090.JPEG,default
imagenet_c/impulse_noise/3/ILSVRC2012_val_00025159.JPEG,default
imagenet_c/brightness/4/ILSVRC2012_val_00038491.JPEG,default
imagenet_c/defocus_blur/3/ILSVRC2012_val_00017171.JPEG,default
imagenet_c/impulse_noise/1/ILSVRC2012_val_00024948.JPEG,default
imagenet_c/defocus_blur/5/ILSVRC2012_val_00042503.JPEG,default
imagenet_c/contrast/1/ILSVRC2012_val_00032472.JPEG,default
imagenet_c/gaussian_noise/4/ILSVRC2012_val_00020333.JPEG,default
imagenet_c/motion_blur/1/ILSVRC2012_val_00020754.JPEG,default
imagenet_c/defocus_blur/5/ILSVRC2012_val_00018395.JPEG,default
imagenet_c/shot_noise/3/ILSVRC2012_val_00004017.JPEG,default
imagenet_c/snow/4/ILSVRC2012_val_00014597.JPEG,default
imagenet_c/jpeg_compression/1/ILSVRC2012_val_00049430.JPEG,default
imagenet_c/shot_noise/2/ILSVRC2012_val_00046542.JPEG,default
imagenet_c/motion_blur/3/ILSVRC2012_val_00009179.JPEG,default
imagenet_c/snow/3/ILSVRC2012_val_00014723.JPEG,default
imagenet_c/impulse_noise/1/ILSVRC2012_val_00027071.JPEG,default
imagenet_c/frost/5/ILSVRC2012_val_00008360.JPEG,default
imagenet_c/brightness/1/ILSVRC2012_val_00026950.JPEG,default
imagenet_c/fog/5/ILSVRC2012_val_00019300.JPEG,default
imagenet_c/pixelate/4/ILSVRC2012_val_00002853.JPEG,default
imagenet_c/pixelate/4/ILSVRC2012_val_00033429.JPEG,default
imagenet_c/snow/5/ILSVRC2012_val_00006740.JPEG,default
imagenet_c/brightness/4/ILSVRC2012_val_00015871.JPEG,default
imagenet_c/shot_noise/4/ILSVRC2012_val_00045820.JPEG,default
imagenet_c/impulse_noise/1/ILSVRC2012_val_00038960.JPEG,default
imagenet_c/defocus_blur/3/ILSVRC2012_val_00015108.JPEG,default
imagenet_c/gaussian_noise/1/ILSVRC2012_val_00019803.JPEG,default
imagenet_c/impulse_noise/5/ILSVRC2012_val_00024278.JPEG,default
imagenet_c/contrast/1/ILSVRC2012_val_00019663.JPEG,default
imagenet_c/impulse_noise/1/ILSVRC2012_val_00015988.JPEG,default
imagenet_c/motion_blur/4/ILSVRC2012_val_00040479.JPEG,default
imagenet_c/defocus_blur/3/ILSVRC2012_val_00018587.JPEG,default
imagenet_c/contrast/5/ILSVRC2012_val_00038125.JPEG,default
imagenet_c/brightness/3/ILSVRC2012_val_00021397.JPEG,default
imagenet_c/defocus_blur/4/ILSVRC2012_val_00021751.JPEG,default
imagenet_c/brightness/1/ILSVRC2012_val_00030978.JPEG,default
imagenet_c/elastic_transform/5/ILSVRC2012_val_00019225.JPEG,default
imagenet_c/elastic_transform/1/ILSVRC2012_val_00017703.JPEG,default
imagenet_c/pixelate/3/ILSVRC2012_val_00019117.JPEG,default
imagenet_c/motion_blur/1/ILSVRC2012_val_00031520.JPEG,default
imagenet_c/zoom_blur/1/ILSVRC2012_val_00030205.JPEG,default
imagenet_c/defocus_blur/5/ILSVRC2012_val_00003567.JPEG,default
imagenet_c/snow/4/ILSVRC2012_val_00037881.JPEG,default
imagenet_c/defocus_blur/5/ILSVRC2012_val_00024583.JPEG,default
imagenet_c/motion_blur/4/ILSVRC2012_val_00045929.JPEG,default
imagenet_c/defocus_blur/4/ILSVRC2012_val_00022269.JPEG,default
imagenet_c/impulse_noise/1/ILSVRC2012_val_00005807.JPEG,default
imagenet_c/defocus_blur/5/ILSVRC2012_val_00011640.JPEG,default
imagenet_c/frost/3/ILSVRC2012_val_00027993.JPEG,default
imagenet_c/shot_noise/2/ILSVRC2012_val_00038276.JPEG,default
imagenet_c/zoom_blur/2/ILSVRC2012_val_00027314.JPEG,default
imagenet_c/snow/5/ILSVRC2012_val_00013783.JPEG,default
imagenet_c/fog/2/ILSVRC2012_val_00028319.JPEG,default
imagenet_c/fog/1/ILSVRC2012_val_00048730.JPEG,default
imagenet_c/fog/2/ILSVRC2012_val_00002145.JPEG,default
imagenet_c/elastic_transform/2/ILSVRC2012_val_00023384.JPEG,default
imagenet_c/zoom_blur/1/ILSVRC2012_val_00006617.JPEG,default
imagenet_c/snow/3/ILSVRC2012_val_00046749.JPEG,default
imagenet_c/brightness/2/ILSVRC2012_val_00007993.JPEG,default
imagenet_c/motion_blur/2/ILSVRC2012_val_00041270.JPEG,default
imagenet_c/snow/2/ILSVRC2012_val_00040832.JPEG,default
imagenet_c/pixelate/2/ILSVRC2012_val_00040754.JPEG,default
imagenet_c/jpeg_compression/4/ILSVRC2012_val_00018213.JPEG,default
imagenet_c/frost/5/ILSVRC2012_val_00030192.JPEG,default
imagenet_c/defocus_blur/4/ILSVRC2012_val_00031196.JPEG,default
imagenet_c/shot_noise/1/ILSVRC2012_val_00039278.JPEG,default
imagenet_c/snow/1/ILSVRC2012_val_00003684.JPEG,default
imagenet_c/fog/2/ILSVRC2012_val_00018759.JPEG,default
imagenet_c/defocus_blur/5/ILSVRC2012_val_00019910.JPEG,default
imagenet_c/motion_blur/5/ILSVRC2012_val_00008605.JPEG,default
imagenet_c/defocus_blur/5/ILSVRC2012_val_00036867.JPEG,default
imagenet_c/glass_blur/1/ILSVRC2012_val_00011933.JPEG,default
imagenet_c/gaussian_noise/4/ILSVRC2012_val_00043513.JPEG,default
imagenet_c/brightness/2/ILSVRC2012_val_00010934.JPEG,default
imagenet_c/contrast/1/ILSVRC2012_val_00036149.JPEG,default
imagenet_c/zoom_blur/1/ILSVRC2012_val_00034742.JPEG,default
imagenet_c/glass_blur/1/ILSVRC2012_val_00007012.JPEG,default
imagenet_c/impulse_noise/4/ILSVRC2012_val_00034048.JPEG,default
imagenet_c/fog/3/ILSVRC2012_val_00035248.JPEG,default
imagenet_c/snow/2/ILSVRC2012_val_00027953.JPEG,default
imagenet_c/frost/5/ILSVRC2012_val_00023736.JPEG,default
imagenet_c/brightness/4/ILSVRC2012_val_00025295.JPEG,default
imagenet_c/jpeg_compression/5/ILSVRC2012_val_00014946.JPEG,default
imagenet_c/zoom_blur/3/ILSVRC2012_val_00018541.JPEG,default
imagenet_c/elastic_transform/5/ILSVRC2012_val_00032747.JPEG,default
imagenet_c/motion_blur/2/ILSVRC2012_val_00039610.JPEG,default
imagenet_c/contrast/2/ILSVRC2012_val_00008524.JPEG,default
imagenet_c/elastic_transform/3/ILSVRC2012_val_00020990.JPEG,default
imagenet_c/contrast/3/ILSVRC2012_val_00025555.JPEG,default
imagenet_c/motion_blur/3/ILSVRC2012_val_00044467.JPEG,default
imagenet_c/frost/5/ILSVRC2012_val_00032537.JPEG,default
imagenet_c/fog/5/ILSVRC2012_val_00015409.JPEG,default
imagenet_c/motion_blur/5/ILSVRC2012_val_00021782.JPEG,default
imagenet_c/defocus_blur/2/ILSVRC2012_val_00015680.JPEG,default
imagenet_c/snow/4/ILSVRC2012_val_00029181.JPEG,default
imagenet_c/pixelate/5/ILSVRC2012_val_00007181.JPEG,default
imagenet_c/snow/4/ILSVRC2012_val_00024933.JPEG,default
imagenet_c/impulse_noise/3/ILSVRC2012_val_00036717.JPEG,default
imagenet_c/motion_blur/4/ILSVRC2012_val_00045397.JPEG,default
imagenet_c/gaussian_noise/1/ILSVRC2012_val_00014014.JPEG,default
imagenet_c/shot_noise/3/ILSVRC2012_val_00005352.JPEG,default
imagenet_c/motion_blur/5/ILSVRC2012_val_00033612.JPEG,default
imagenet_c/fog/3/ILSVRC2012_val_00015674.JPEG,default
imagenet_c/frost/1/ILSVRC2012_val_00042905.JPEG,default
imagenet_c/defocus_blur/3/ILSVRC2012_val_00005739.JPEG,default
imagenet_c/glass_blur/3/ILSVRC2012_val_00026032.JPEG,default
imagenet_c/elastic_transform/5/ILSVRC2012_val_00005977.JPEG,default
imagenet_c/glass_blur/3/ILSVRC2012_val_00014172.JPEG,default
imagenet_c/impulse_noise/3/ILSVRC2012_val_00012050.JPEG,default
imagenet_c/gaussian_noise/4/ILSVRC2012_val_00025767.JPEG,default
imagenet_c/elastic_transform/2/ILSVRC2012_val_00002507.JPEG,default
imagenet_c/zoom_blur/3/ILSVRC2012_val_00017539.JPEG,default
imagenet_c/contrast/1/ILSVRC2012_val_00017050.JPEG,default
imagenet_c/frost/1/ILSVRC2012_val_00046011.JPEG,default
imagenet_c/contrast/3/ILSVRC2012_val_00014392.JPEG,default
imagenet_c/motion_blur/1/ILSVRC2012_val_00033768.JPEG,default
imagenet_c/impulse_noise/2/ILSVRC2012_val_00033729.JPEG,default
imagenet_c/motion_blur/3/ILSVRC2012_val_00044470.JPEG,default
imagenet_c/glass_blur/3/ILSVRC2012_val_00025837.JPEG,default
imagenet_c/contrast/2/ILSVRC2012_val_00012563.JPEG,default
imagenet_c/snow/3/ILSVRC2012_val_00004676.JPEG,default
imagenet_c/jpeg_compression/5/ILSVRC2012_val_00040430.JPEG,default
imagenet_c/defocus_blur/4/ILSVRC2012_val_00049896.JPEG,default
imagenet_c/snow/4/ILSVRC2012_val_00034958.JPEG,default
imagenet_c/snow/1/ILSVRC2012_val_00036161.JPEG,default
imagenet_c/contrast/5/ILSVRC2012_val_00027029.JPEG,default
imagenet_c/zoom_blur/2/ILSVRC2012_val_00044808.JPEG,default
imagenet_c/contrast/2/ILSVRC2012_val_00013543.JPEG,default
imagenet_c/defocus_blur/5/ILSVRC2012_val_00025675.JPEG,default
imagenet_c/brightness/1/ILSVRC2012_val_00027328.JPEG,default
imagenet_c/defocus_blur/4/ILSVRC2012_val_00006855.JPEG,default
imagenet_c/brightness/4/ILSVRC2012_val_00046921.JPEG,default
imagenet_c/shot_noise/3/ILSVRC2012_val_00009566.JPEG,default
imagenet_c/jpeg_compression/3/ILSVRC2012_val_00049911.JPEG,default
imagenet_c/glass_blur/1/ILSVRC2012_val_00017233.JPEG,default
imagenet_c/contrast/4/ILSVRC2012_val_00045778.JPEG,default
imagenet_c/impulse_noise/1/ILSVRC2012_val_00047837.JPEG,default
imagenet_c/elastic_transform/4/ILSVRC2012_val_00049293.JPEG,default
imagenet_c/pixelate/5/ILSVRC2012_val_00011139.JPEG,default
imagenet_c/contrast/2/ILSVRC2012_val_00041467.JPEG,default
imagenet_c/pixelate/3/ILSVRC2012_val_00037594.JPEG,default
imagenet_c/jpeg_compression/1/ILSVRC2012_val_00031120.JPEG,default
imagenet_c/snow/4/ILSVRC2012_val_00009261.JPEG,default
imagenet_c/brightness/2/ILSVRC2012_val_00005769.JPEG,default
imagenet_c/fog/3/ILSVRC2012_val_00041360.JPEG,default
imagenet_c/defocus_blur/1/ILSVRC2012_val_00023325.JPEG,default
imagenet_c/impulse_noise/5/ILSVRC2012_val_00017707.JPEG,default
imagenet_c/glass_blur/3/ILSVRC2012_val_00004094.JPEG,default
imagenet_c/defocus_blur/4/ILSVRC2012_val_00005736.JPEG,default
imagenet_c/snow/1/ILSVRC2012_val_00010081.JPEG,default
imagenet_c/snow/3/ILSVRC2012_val_00037608.JPEG,default
imagenet_c/glass_blur/3/ILSVRC2012_val_00027401.JPEG,default
imagenet_c/elastic_transform/3/ILSVRC2012_val_00024730.JPEG,default
imagenet_c/pixelate/4/ILSVRC2012_val_00030866.JPEG,default
imagenet_c/zoom_blur/3/ILSVRC2012_val_00046478.JPEG,default
imagenet_c/snow/2/ILSVRC2012_val_00010021.JPEG,default
imagenet_c/jpeg_compression/3/ILSVRC2012_val_00032434.JPEG,default
imagenet_c/impulse_noise/1/ILSVRC2012_val_00036280.JPEG,default
imagenet_c/pixelate/1/ILSVRC2012_val_00012422.JPEG,default
imagenet_c/motion_blur/1/ILSVRC2012_val_00042512.JPEG,default
imagenet_c/snow/3/ILSVRC2012_val_00016403.JPEG,default
imagenet_c/elastic_transform/1/ILSVRC2012_val_00014462.JPEG,default
imagenet_c/defocus_blur/4/ILSVRC2012_val_00021099.JPEG,default
imagenet_c/motion_blur/4/ILSVRC2012_val_00001289.JPEG,default
imagenet_c/defocus_blur/2/ILSVRC2012_val_00047382.JPEG,default
imagenet_c/defocus_blur/1/ILSVRC2012_val_00008098.JPEG,default
imagenet_c/shot_noise/1/ILSVRC2012_val_00002466.JPEG,default
imagenet_c/snow/4/ILSVRC2012_val_00021359.JPEG,default
imagenet_c/frost/4/ILSVRC2012_val_00044898.JPEG,default
imagenet_c/jpeg_compression/4/ILSVRC2012_val_00000813.JPEG,default
imagenet_c/pixelate/1/ILSVRC2012_val_00017969.JPEG,default
imagenet_c/motion_blur/1/ILSVRC2012_val_00012390.JPEG,default
imagenet_c/gaussian_noise/3/ILSVRC2012_val_00036940.JPEG,default
imagenet_c/fog/5/ILSVRC2012_val_00019912.JPEG,default
imagenet_c/impulse_noise/5/ILSVRC2012_val_00044179.JPEG,default
imagenet_c/pixelate/2/ILSVRC2012_val_00016378.JPEG,default
imagenet_c/pixelate/1/ILSVRC2012_val_00049641.JPEG,default
imagenet_c/motion_blur/2/ILSVRC2012_val_00000076.JPEG,default
imagenet_c/elastic_transform/3/ILSVRC2012_val_00018506.JPEG,default
imagenet_c/snow/1/ILSVRC2012_val_00049694.JPEG,default
imagenet_c/shot_noise/2/ILSVRC2012_val_00048871.JPEG,default
imagenet_c/snow/3/ILSVRC2012_val_00041650.JPEG,default
imagenet_c/glass_blur/3/ILSVRC2012_val_00016366.JPEG,default
imagenet_c/fog/4/ILSVRC2012_val_00000234.JPEG,default
imagenet_c/glass_blur/3/ILSVRC2012_val_00046938.JPEG,default
imagenet_c/glass_blur/3/ILSVRC2012_val_00029901.JPEG,default
imagenet_c/elastic_transform/1/ILSVRC2012_val_00015517.JPEG,default
imagenet_c/elastic_transform/4/ILSVRC2012_val_00015008.JPEG,default
imagenet_c/snow/3/ILSVRC2012_val_00018261.JPEG,default
imagenet_c/frost/5/ILSVRC2012_val_00047677.JPEG,default
imagenet_c/frost/1/ILSVRC2012_val_00044093.JPEG,default
imagenet_c/motion_blur/1/ILSVRC2012_val_00005789.JPEG,default
imagenet_c/zoom_blur/2/ILSVRC2012_val_00035277.JPEG,default
imagenet_c/impulse_noise/3/ILSVRC2012_val_00005441.JPEG,default
imagenet_c/fog/5/ILSVRC2012_val_00047993.JPEG,default
imagenet_c/jpeg_compression/4/ILSVRC2012_val_00032723.JPEG,default
imagenet_c/frost/1/ILSVRC2012_val_00030062.JPEG,default
imagenet_c/snow/3/ILSVRC2012_val_00042800.JPEG,default
imagenet_c/glass_blur/1/ILSVRC2012_val_00014152.JPEG,default
imagenet_c/snow/4/ILSVRC2012_val_00013332.JPEG,default
imagenet_c/zoom_blur/4/ILSVRC2012_val_00005570.JPEG,default
imagenet_c/jpeg_compression/2/ILSVRC2012_val_00011016.JPEG,default
imagenet_c/contrast/4/ILSVRC2012_val_00011533.JPEG,default
imagenet_c/elastic_transform/4/ILSVRC2012_val_00013217.JPEG,default
imagenet_c/brightness/3/ILSVRC2012_val_00026180.JPEG,default
imagenet_c/contrast/4/ILSVRC2012_val_00047237.JPEG,default
imagenet_c/fog/5/ILSVRC2012_val_00046794.JPEG,default
imagenet_c/shot_noise/4/ILSVRC2012_val_00017179.JPEG,default
imagenet_c/elastic_transform/3/ILSVRC2012_val_00040312.JPEG,default
imagenet_c/motion_blur/5/ILSVRC2012_val_00010045.JPEG,default
imagenet_c/brightness/3/ILSVRC2012_val_00016353.JPEG,default
imagenet_c/gaussian_noise/1/ILSVRC2012_val_00049035.JPEG,default
imagenet_c/elastic_transform/5/ILSVRC2012_val_00049734.JPEG,default
imagenet_c/motion_blur/4/ILSVRC2012_val_00035053.JPEG,default
imagenet_c/fog/4/ILSVRC2012_val_00031052.JPEG,default
imagenet_c/snow/2/ILSVRC2012_val_00007968.JPEG,default
imagenet_c/impulse_noise/1/ILSVRC2012_val_00023355.JPEG,default
imagenet_c/contrast/4/ILSVRC2012_val_00025847.JPEG,default
imagenet_c/motion_blur/4/ILSVRC2012_val_00032768.JPEG,default
imagenet_c/motion_blur/5/ILSVRC2012_val_00017095.JPEG,default
imagenet_c/impulse_noise/2/ILSVRC2012_val_00006600.JPEG,default
imagenet_c/contrast/2/ILSVRC2012_val_00027589.JPEG,default
imagenet_c/frost/5/ILSVRC2012_val_00048249.JPEG,default
imagenet_c/brightness/3/ILSVRC2012_val_00012687.JPEG,default
imagenet_c/motion_blur/2/ILSVRC2012_val_00011670.JPEG,default
imagenet_c/shot_noise/4/ILSVRC2012_val_00037478.JPEG,default
imagenet_c/jpeg_compression/4/ILSVRC2012_val_00020572.JPEG,default
imagenet_c/motion_blur/4/ILSVRC2012_val_00020755.JPEG,default
imagenet_c/zoom_blur/3/ILSVRC2012_val_00006073.JPEG,default
imagenet_c/zoom_blur/5/ILSVRC2012_val_00038836.JPEG,default
imagenet_c/gaussian_noise/4/ILSVRC2012_val_00002376.JPEG,default
imagenet_c/brightness/4/ILSVRC2012_val_00017293.JPEG,default
imagenet_c/impulse_noise/4/ILSVRC2012_val_00010546.JPEG,default
imagenet_c/jpeg_compression/5/ILSVRC2012_val_00012396.JPEG,default
imagenet_c/jpeg_compression/3/ILSVRC2012_val_00001517.JPEG,default
imagenet_c/contrast/3/ILSVRC2012_val_00044958.JPEG,default
imagenet_c/defocus_blur/1/ILSVRC2012_val_00005182.JPEG,default
imagenet_c/pixelate/3/ILSVRC2012_val_00025839.JPEG,default
imagenet_c/impulse_noise/2/ILSVRC2012_val_00002538.JPEG,default
imagenet_c/motion_blur/4/ILSVRC2012_val_00033077.JPEG,default
imagenet_c/contrast/5/ILSVRC2012_val_00017317.JPEG,default
imagenet_c/shot_noise/1/ILSVRC2012_val_00014512.JPEG,default
imagenet_c/gaussian_noise/4/ILSVRC2012_val_00013242.JPEG,default
imagenet_c/impulse_noise/2/ILSVRC2012_val_00020359.JPEG,default
imagenet_c/zoom_blur/3/ILSVRC2012_val_00039628.JPEG,default
imagenet_c/pixelate/5/ILSVRC2012_val_00005935.JPEG,default
imagenet_c/glass_blur/2/ILSVRC2012_val_00024565.JPEG,default
imagenet_c/frost/1/ILSVRC2012_val_00041287.JPEG,default
imagenet_c/glass_blur/3/ILSVRC2012_val_00020912.JPEG,default
imagenet_c/snow/1/ILSVRC2012_val_00012019.JPEG,default
imagenet_c/brightness/4/ILSVRC2012_val_00030587.JPEG,default
imagenet_c/snow/2/ILSVRC2012_val_00011135.JPEG,default
imagenet_c/shot_noise/1/ILSVRC2012_val_00031218.JPEG,default
imagenet_c/impulse_noise/1/ILSVRC2012_val_00026740.JPEG,default
imagenet_c/brightness/5/ILSVRC2012_val_00018945.JPEG,default
imagenet_c/defocus_blur/3/ILSVRC2012_val_00014404.JPEG,default
imagenet_c/motion_blur/4/ILSVRC2012_val_00005838.JPEG,default
imagenet_c/defocus_blur/1/ILSVRC2012_val_00012062.JPEG,default
imagenet_c/brightness/3/ILSVRC2012_val_00033629.JPEG,default
imagenet_c/jpeg_compression/2/ILSVRC2012_val_00014375.JPEG,default
imagenet_c/pixelate/5/ILSVRC2012_val_00036351.JPEG,default
imagenet_c/jpeg_compression/2/ILSVRC2012_val_00014229.JPEG,default
imagenet_c/shot_noise/1/ILSVRC2012_val_00037533.JPEG,default
imagenet_c/pixelate/1/ILSVRC2012_val_00026636.JPEG,default
imagenet_c/motion_blur/3/ILSVRC2012_val_00011487.JPEG,default
imagenet_c/defocus_blur/2/ILSVRC2012_val_00045678.JPEG,default
imagenet_c/fog/4/ILSVRC2012_val_00042694.JPEG,default
imagenet_c/fog/1/ILSVRC2012_val_00039046.JPEG,default
imagenet_c/motion_blur/3/ILSVRC2012_val_00016691.JPEG,default
imagenet_c/impulse_noise/1/ILSVRC2012_val_00014396.JPEG,default
imagenet_c/motion_blur/1/ILSVRC2012_val_00030884.JPEG,default
imagenet_c/gaussian_noise/2/ILSVRC2012_val_00001384.JPEG,default
imagenet_c/defocus_blur/4/ILSVRC2012_val_00030328.JPEG,default
imagenet_c/defocus_blur/1/ILSVRC2012_val_00032096.JPEG,default
imagenet_c/contrast/5/ILSVRC2012_val_00006361.JPEG,default
imagenet_c/impulse_noise/1/ILSVRC2012_val_00036502.JPEG,default
imagenet_c/jpeg_compression/5/ILSVRC2012_val_00021340.JPEG,default
imagenet_c/elastic_transform/1/ILSVRC2012_val_00009408.JPEG,default
imagenet_c/shot_noise/4/ILSVRC2012_val_00012656.JPEG,default
imagenet_c/frost/2/ILSVRC2012_val_00033910.JPEG,default
imagenet_c/pixelate/5/ILSVRC2012_val_00013344.JPEG,default
imagenet_c/snow/5/ILSVRC2012_val_00003786.JPEG,default
imagenet_c/elastic_transform/5/ILSVRC2012_val_00006993.JPEG,default
imagenet_c/defocus_blur/1/ILSVRC2012_val_00019565.JPEG,default
imagenet_c/motion_blur/4/ILSVRC2012_val_00017804.JPEG,default
imagenet_c/glass_blur/5/ILSVRC2012_val_00012823.JPEG,default
imagenet_c/elastic_transform/1/ILSVRC2012_val_00030242.JPEG,default
imagenet_c/brightness/5/ILSVRC2012_val_00037073.JPEG,default
imagenet_c/fog/1/ILSVRC2012_val_00022086.JPEG,default
imagenet_c/fog/1/ILSVRC2012_val_00031953.JPEG,default
imagenet_c/elastic_transform/4/ILSVRC2012_val_00019695.JPEG,default
imagenet_c/contrast/4/ILSVRC2012_val_00043122.JPEG,default
imagenet_c/jpeg_compression/1/ILSVRC2012_val_00031464.JPEG,default
imagenet_c/zoom_blur/2/ILSVRC2012_val_00024318.JPEG,default
imagenet_c/gaussian_noise/5/ILSVRC2012_val_00019478.JPEG,default
imagenet_c/gaussian_noise/5/ILSVRC2012_val_00031828.JPEG,default
imagenet_c/gaussian_noise/4/ILSVRC2012_val_00005978.JPEG,default
imagenet_c/zoom_blur/4/ILSVRC2012_val_00021487.JPEG,default
imagenet_c/glass_blur/1/ILSVRC2012_val_00007786.JPEG,default
imagenet_c/frost/2/ILSVRC2012_val_00040364.JPEG,default
imagenet_c/gaussian_noise/5/ILSVRC2012_val_00026607.JPEG,default
imagenet_c/snow/4/ILSVRC2012_val_00025050.JPEG,default
imagenet_c/brightness/5/ILSVRC2012_val_00036801.JPEG,default
imagenet_c/zoom_blur/2/ILSVRC2012_val_00011022.JPEG,default
imagenet_c/frost/4/ILSVRC2012_val_00006317.JPEG,default
imagenet_c/frost/4/ILSVRC2012_val_00049721.JPEG,default
imagenet_c/fog/4/ILSVRC2012_val_00002527.JPEG,default
imagenet_c/shot_noise/2/ILSVRC2012_val_00020080.JPEG,default
imagenet_c/brightness/5/ILSVRC2012_val_00047116.JPEG,default
imagenet_c/motion_blur/2/ILSVRC2012_val_00032560.JPEG,default
imagenet_c/jpeg_compression/5/ILSVRC2012_val_00013020.JPEG,default
imagenet_c/snow/3/ILSVRC2012_val_00028875.JPEG,default
imagenet_c/gaussian_noise/2/ILSVRC2012_val_00042819.JPEG,default
imagenet_c/shot_noise/5/ILSVRC2012_val_00036779.JPEG,default
imagenet_c/frost/4/ILSVRC2012_val_00046614.JPEG,default
imagenet_c/shot_noise/1/ILSVRC2012_val_00035757.JPEG,default
imagenet_c/fog/1/ILSVRC2012_val_00001251.JPEG,default
imagenet_c/pixelate/4/ILSVRC2012_val_00041737.JPEG,default
imagenet_c/frost/5/ILSVRC2012_val_00012570.JPEG,default
imagenet_c/shot_noise/3/ILSVRC2012_val_00034490.JPEG,default
imagenet_c/impulse_noise/2/ILSVRC2012_val_00011026.JPEG,default
imagenet_c/zoom_blur/1/ILSVRC2012_val_00015849.JPEG,default
imagenet_c/shot_noise/3/ILSVRC2012_val_00029701.JPEG,default
imagenet_c/frost/5/ILSVRC2012_val_00029368.JPEG,default
imagenet_c/brightness/4/ILSVRC2012_val_00027214.JPEG,default
imagenet_c/jpeg_compression/2/ILSVRC2012_val_00041077.JPEG,default
imagenet_c/zoom_blur/5/ILSVRC2012_val_00015429.JPEG,default
imagenet_c/snow/5/ILSVRC2012_val_00029927.JPEG,default
imagenet_c/snow/2/ILSVRC2012_val_00026628.JPEG,default
imagenet_c/frost/5/ILSVRC2012_val_00039194.JPEG,default
imagenet_c/fog/1/ILSVRC2012_val_00039340.JPEG,default
imagenet_c/jpeg_compression/3/ILSVRC2012_val_00036359.JPEG,default
imagenet_c/snow/1/ILSVRC2012_val_00008232.JPEG,default
imagenet_c/jpeg_compression/2/ILSVRC2012_val_00035259.JPEG,default
imagenet_c/brightness/5/ILSVRC2012_val_00040545.JPEG,default
imagenet_c/impulse_noise/1/ILSVRC2012_val_00033822.JPEG,default
imagenet_c/pixelate/4/ILSVRC2012_val_00014412.JPEG,default
imagenet_c/frost/1/ILSVRC2012_val_00012544.JPEG,default
imagenet_c/contrast/5/ILSVRC2012_val_00004521.JPEG,default
imagenet_c/snow/2/ILSVRC2012_val_00041752.JPEG,default
imagenet_c/jpeg_compression/4/ILSVRC2012_val_00003994.JPEG,default
imagenet_c/defocus_blur/1/ILSVRC2012_val_00047477.JPEG,default
imagenet_c/defocus_blur/1/ILSVRC2012_val_00013431.JPEG,default
imagenet_c/defocus_blur/4/ILSVRC2012_val_00037744.JPEG,default
imagenet_c/impulse_noise/4/ILSVRC2012_val_00013188.JPEG,default
imagenet_c/brightness/4/ILSVRC2012_val_00010130.JPEG,default
imagenet_c/shot_noise/2/ILSVRC2012_val_00042562.JPEG,default
imagenet_c/pixelate/4/ILSVRC2012_val_00021427.JPEG,default
imagenet_c/brightness/2/ILSVRC2012_val_00019477.JPEG,default
imagenet_c/motion_blur/4/ILSVRC2012_val_00046779.JPEG,default
imagenet_c/zoom_blur/2/ILSVRC2012_val_00008667.JPEG,default
imagenet_c/pixelate/4/ILSVRC2012_val_00032065.JPEG,default
imagenet_c/brightness/2/ILSVRC2012_val_00002587.JPEG,default
imagenet_c/shot_noise/5/ILSVRC2012_val_00015948.JPEG,default
imagenet_c/elastic_transform/2/ILSVRC2012_val_00029682.JPEG,default
imagenet_c/glass_blur/2/ILSVRC2012_val_00004824.JPEG,default
imagenet_c/defocus_blur/2/ILSVRC2012_val_00012767.JPEG,default
imagenet_c/shot_noise/5/ILSVRC2012_val_00043053.JPEG,default
imagenet_c/frost/5/ILSVRC2012_val_00038666.JPEG,default
imagenet_c/contrast/3/ILSVRC2012_val_00012192.JPEG,default
imagenet_c/impulse_noise/5/ILSVRC2012_val_00008401.JPEG,default
imagenet_c/snow/4/ILSVRC2012_val_00001252.JPEG,default
imagenet_c/contrast/3/ILSVRC2012_val_00009265.JPEG,default
imagenet_c/frost/3/ILSVRC2012_val_00024919.JPEG,default
imagenet_c/jpeg_compression/2/ILSVRC2012_val_00007112.JPEG,default
imagenet_c/zoom_blur/2/ILSVRC2012_val_00017405.JPEG,default
imagenet_c/impulse_noise/4/ILSVRC2012_val_00005643.JPEG,default
imagenet_c/frost/1/ILSVRC2012_val_00035630.JPEG,default
imagenet_c/zoom_blur/2/ILSVRC2012_val_00024909.JPEG,default
imagenet_c/shot_noise/4/ILSVRC2012_val_00048885.JPEG,default
imagenet_c/glass_blur/1/ILSVRC2012_val_00009228.JPEG,default
imagenet_c/motion_blur/5/ILSVRC2012_val_00005650.JPEG,default
imagenet_c/snow/3/ILSVRC2012_val_00023131.JPEG,default
imagenet_c/motion_blur/4/ILSVRC2012_val_00012667.JPEG,default
imagenet_c/elastic_transform/2/ILSVRC2012_val_00026250.JPEG,default
imagenet_c/pixelate/5/ILSVRC2012_val_00036903.JPEG,default
imagenet_c/motion_blur/3/ILSVRC2012_val_00045400.JPEG,default
imagenet_c/glass_blur/5/ILSVRC2012_val_00031631.JPEG,default
imagenet_c/shot_noise/2/ILSVRC2012_val_00018042.JPEG,default
imagenet_c/motion_blur/3/ILSVRC2012_val_00020207.JPEG,default
imagenet_c/defocus_blur/3/ILSVRC2012_val_00006474.JPEG,default
imagenet_c/glass_blur/1/ILSVRC2012_val_00029050.JPEG,default
imagenet_c/frost/5/ILSVRC2012_val_00045787.JPEG,default
imagenet_c/jpeg_compression/4/ILSVRC2012_val_00029940.JPEG,default
imagenet_c/gaussian_noise/4/ILSVRC2012_val_00030509.JPEG,default
imagenet_c/shot_noise/1/ILSVRC2012_val_00027287.JPEG,default
imagenet_c/frost/1/ILSVRC2012_val_00031139.JPEG,default
imagenet_c/elastic_transform/3/ILSVRC2012_val_00032841.JPEG,default
imagenet_c/fog/2/ILSVRC2012_val_00001072.JPEG,default
imagenet_c/motion_blur/1/ILSVRC2012_val_00020410.JPEG,default
imagenet_c/contrast/1/ILSVRC2012_val_00018464.JPEG,default
imagenet_c/fog/4/ILSVRC2012_val_00030455.JPEG,default
imagenet_c/defocus_blur/2/ILSVRC2012_val_00005572.JPEG,default
imagenet_c/frost/4/ILSVRC2012_val_00025350.JPEG,default
imagenet_c/brightness/3/ILSVRC2012_val_00041698.JPEG,default
imagenet_c/pixelate/2/ILSVRC2012_val_00049031.JPEG,default
imagenet_c/frost/3/ILSVRC2012_val_00049237.JPEG,default
imagenet_c/frost/1/ILSVRC2012_val_00018371.JPEG,default
imagenet_c/jpeg_compression/3/ILSVRC2012_val_00011362.JPEG,default
imagenet_c/defocus_blur/4/ILSVRC2012_val_00043589.JPEG,default
imagenet_c/glass_blur/1/ILSVRC2012_val_00016652.JPEG,default
imagenet_c/brightness/5/ILSVRC2012_val_00021033.JPEG,default
imagenet_c/contrast/1/ILSVRC2012_val_00025790.JPEG,default
imagenet_c/motion_blur/5/ILSVRC2012_val_00040542.JPEG,default
imagenet_c/fog/1/ILSVRC2012_val_00039857.JPEG,default
imagenet_c/pixelate/4/ILSVRC2012_val_00008614.JPEG,default
imagenet_c/pixelate/2/ILSVRC2012_val_00043828.JPEG,default
imagenet_c/jpeg_compression/1/ILSVRC2012_val_00032632.JPEG,default
imagenet_c/shot_noise/3/ILSVRC2012_val_00002158.JPEG,default
imagenet_c/snow/3/ILSVRC2012_val_00017798.JPEG,default
imagenet_c/fog/5/ILSVRC2012_val_00037860.JPEG,default
imagenet_c/glass_blur/4/ILSVRC2012_val_00030541.JPEG,default
imagenet_c/pixelate/3/ILSVRC2012_val_00017720.JPEG,default
imagenet_c/snow/3/ILSVRC2012_val_00003783.JPEG,default
imagenet_c/defocus_blur/3/ILSVRC2012_val_00000514.JPEG,default
imagenet_c/jpeg_compression/5/ILSVRC2012_val_00017373.JPEG,default
imagenet_c/shot_noise/1/ILSVRC2012_val_00025083.JPEG,default
imagenet_c/elastic_transform/3/ILSVRC2012_val_00023874.JPEG,default
imagenet_c/impulse_noise/4/ILSVRC2012_val_00012709.JPEG,default
imagenet_c/shot_noise/5/ILSVRC2012_val_00000724.JPEG,default
imagenet_c/contrast/3/ILSVRC2012_val_00002227.JPEG,default
imagenet_c/contrast/4/ILSVRC2012_val_00025166.JPEG,default
imagenet_c/motion_blur/4/ILSVRC2012_val_00028822.JPEG,default
imagenet_c/glass_blur/3/ILSVRC2012_val_00019378.JPEG,default
imagenet_c/frost/3/ILSVRC2012_val_00045203.JPEG,default
imagenet_c/defocus_blur/2/ILSVRC2012_val_00001355.JPEG,default
imagenet_c/shot_noise/1/ILSVRC2012_val_00018440.JPEG,default
imagenet_c/motion_blur/3/ILSVRC2012_val_00021432.JPEG,default
imagenet_c/elastic_transform/3/ILSVRC2012_val_00025453.JPEG,default
imagenet_c/pixelate/1/ILSVRC2012_val_00036614.JPEG,default
imagenet_c/gaussian_noise/4/ILSVRC2012_val_00010828.JPEG,default
imagenet_c/fog/1/ILSVRC2012_val_00042115.JPEG,default
imagenet_c/glass_blur/2/ILSVRC2012_val_00003648.JPEG,default
imagenet_c/pixelate/2/ILSVRC2012_val_00002382.JPEG,default
imagenet_c/zoom_blur/1/ILSVRC2012_val_00025196.JPEG,default
imagenet_c/fog/3/ILSVRC2012_val_00031459.JPEG,default
imagenet_c/defocus_blur/2/ILSVRC2012_val_00010796.JPEG,default
imagenet_c/glass_blur/3/ILSVRC2012_val_00019538.JPEG,default
imagenet_c/zoom_blur/5/ILSVRC2012_val_00039153.JPEG,default
imagenet_c/motion_blur/1/ILSVRC2012_val_00015944.JPEG,default
imagenet_c/contrast/3/ILSVRC2012_val_00011007.JPEG,default
imagenet_c/pixelate/3/ILSVRC2012_val_00046688.JPEG,default
imagenet_c/impulse_noise/3/ILSVRC2012_val_00038373.JPEG,default
imagenet_c/impulse_noise/5/ILSVRC2012_val_00048004.JPEG,default
imagenet_c/gaussian_noise/2/ILSVRC2012_val_00045001.JPEG,default
imagenet_c/glass_blur/3/ILSVRC2012_val_00012887.JPEG,default
imagenet_c/fog/3/ILSVRC2012_val_00011047.JPEG,default
imagenet_c/fog/2/ILSVRC2012_val_00044510.JPEG,default
imagenet_c/defocus_blur/3/ILSVRC2012_val_00044927.JPEG,default
imagenet_c/pixelate/3/ILSVRC2012_val_00026464.JPEG,default
imagenet_c/zoom_blur/5/ILSVRC2012_val_00047868.JPEG,default
imagenet_c/pixelate/1/ILSVRC2012_val_00018268.JPEG,default
imagenet_c/impulse_noise/2/ILSVRC2012_val_00033262.JPEG,default
imagenet_c/snow/2/ILSVRC2012_val_00014554.JPEG,default
imagenet_c/snow/5/ILSVRC2012_val_00027176.JPEG,default
imagenet_c/motion_blur/4/ILSVRC2012_val_00020328.JPEG,default
imagenet_c/pixelate/1/ILSVRC2012_val_00016535.JPEG,default
imagenet_c/snow/2/ILSVRC2012_val_00017815.JPEG,default
imagenet_c/motion_blur/1/ILSVRC2012_val_00038967.JPEG,default
imagenet_c/snow/1/ILSVRC2012_val_00004466.JPEG,default
imagenet_c/zoom_blur/4/ILSVRC2012_val_00048605.JPEG,default
imagenet_c/brightness/1/ILSVRC2012_val_00003534.JPEG,default
imagenet_c/contrast/3/ILSVRC2012_val_00004392.JPEG,default
imagenet_c/motion_blur/5/ILSVRC2012_val_00035826.JPEG,default
imagenet_c/zoom_blur/3/ILSVRC2012_val_00038249.JPEG,default
imagenet_c/motion_blur/4/ILSVRC2012_val_00017082.JPEG,default
imagenet_c/impulse_noise/1/ILSVRC2012_val_00036444.JPEG,default
imagenet_c/gaussian_noise/2/ILSVRC2012_val_00019679.JPEG,default
imagenet_c/defocus_blur/4/ILSVRC2012_val_00008301.JPEG,default
imagenet_c/brightness/4/ILSVRC2012_val_00033346.JPEG,default
imagenet_c/zoom_blur/4/ILSVRC2012_val_00012973.JPEG,default
imagenet_c/impulse_noise/2/ILSVRC2012_val_00021897.JPEG,default
imagenet_c/gaussian_noise/3/ILSVRC2012_val_00047726.JPEG,default
imagenet_c/fog/4/ILSVRC2012_val_00039023.JPEG,default
imagenet_c/jpeg_compression/3/ILSVRC2012_val_00040457.JPEG,default
imagenet_c/snow/4/ILSVRC2012_val_00047336.JPEG,default
imagenet_c/fog/4/ILSVRC2012_val_00005712.JPEG,default
imagenet_c/fog/3/ILSVRC2012_val_00034632.JPEG,default
imagenet_c/pixelate/1/ILSVRC2012_val_00024980.JPEG,default
imagenet_c/jpeg_compression/5/ILSVRC2012_val_00025363.JPEG,default
imagenet_c/frost/5/ILSVRC2012_val_00041502.JPEG,default
imagenet_c/contrast/2/ILSVRC2012_val_00010980.JPEG,default
imagenet_c/pixelate/2/ILSVRC2012_val_00028094.JPEG,default
imagenet_c/impulse_noise/3/ILSVRC2012_val_00033377.JPEG,default
imagenet_c/contrast/2/ILSVRC2012_val_00033976.JPEG,default
imagenet_c/pixelate/1/ILSVRC2012_val_00041719.JPEG,default
imagenet_c/pixelate/2/ILSVRC2012_val_00022904.JPEG,default
imagenet_c/brightness/2/ILSVRC2012_val_00049904.JPEG,default
imagenet_c/zoom_blur/5/ILSVRC2012_val_00000634.JPEG,default
imagenet_c/fog/3/ILSVRC2012_val_00043316.JPEG,default
imagenet_c/brightness/3/ILSVRC2012_val_00019789.JPEG,default
imagenet_c/contrast/5/ILSVRC2012_val_00004535.JPEG,default
imagenet_c/contrast/3/ILSVRC2012_val_00010832.JPEG,default
imagenet_c/frost/5/ILSVRC2012_val_00047335.JPEG,default
imagenet_c/gaussian_noise/2/ILSVRC2012_val_00031070.JPEG,default
imagenet_c/motion_blur/1/ILSVRC2012_val_00048884.JPEG,default
imagenet_c/motion_blur/1/ILSVRC2012_val_00009760.JPEG,default
imagenet_c/pixelate/2/ILSVRC2012_val_00027306.JPEG,default
imagenet_c/impulse_noise/4/ILSVRC2012_val_00002777.JPEG,default
imagenet_c/motion_blur/2/ILSVRC2012_val_00038746.JPEG,default
imagenet_c/glass_blur/5/ILSVRC2012_val_00045515.JPEG,default
imagenet_c/snow/4/ILSVRC2012_val_00020423.JPEG,default
imagenet_c/glass_blur/4/ILSVRC2012_val_00039581.JPEG,default
imagenet_c/shot_noise/4/ILSVRC2012_val_00003907.JPEG,default
imagenet_c/elastic_transform/3/ILSVRC2012_val_00022542.JPEG,default
imagenet_c/impulse_noise/4/ILSVRC2012_val_00029234.JPEG,default
imagenet_c/defocus_blur/4/ILSVRC2012_val_00034967.JPEG,default
imagenet_c/pixelate/3/ILSVRC2012_val_00009483.JPEG,default
imagenet_c/snow/4/ILSVRC2012_val_00003934.JPEG,default
imagenet_c/elastic_transform/5/ILSVRC2012_val_00049903.JPEG,default
imagenet_c/gaussian_noise/2/ILSVRC2012_val_00005810.JPEG,default
imagenet_c/zoom_blur/1/ILSVRC2012_val_00036852.JPEG,default
imagenet_c/shot_noise/1/ILSVRC2012_val_00017464.JPEG,default
imagenet_c/frost/4/ILSVRC2012_val_00003048.JPEG,default
imagenet_c/defocus_blur/5/ILSVRC2012_val_00049186.JPEG,default
imagenet_c/motion_blur/2/ILSVRC2012_val_00029520.JPEG,default
imagenet_c/fog/4/ILSVRC2012_val_00038608.JPEG,default
imagenet_c/jpeg_compression/4/ILSVRC2012_val_00034675.JPEG,default
imagenet_c/gaussian_noise/3/ILSVRC2012_val_00025778.JPEG,default
imagenet_c/snow/2/ILSVRC2012_val_00000808.JPEG,default
imagenet_c/snow/3/ILSVRC2012_val_00028949.JPEG,default
imagenet_c/zoom_blur/5/ILSVRC2012_val_00026163.JPEG,default
imagenet_c/gaussian_noise/3/ILSVRC2012_val_00041241.JPEG,default
imagenet_c/motion_blur/2/ILSVRC2012_val_00004599.JPEG,default
imagenet_c/glass_blur/1/ILSVRC2012_val_00021116.JPEG,default
imagenet_c/elastic_transform/5/ILSVRC2012_val_00037058.JPEG,default
imagenet_c/brightness/5/ILSVRC2012_val_00012129.JPEG,default
imagenet_c/snow/2/ILSVRC2012_val_00046365.JPEG,default
imagenet_c/fog/5/ILSVRC2012_val_00008443.JPEG,default
imagenet_c/glass_blur/3/ILSVRC2012_val_00040631.JPEG,default
imagenet_c/jpeg_compression/5/ILSVRC2012_val_00016396.JPEG,default
imagenet_c/frost/1/ILSVRC2012_val_00028816.JPEG,default
imagenet_c/elastic_transform/2/ILSVRC2012_val_00037982.JPEG,default
imagenet_c/frost/5/ILSVRC2012_val_00025334.JPEG,default
imagenet_c/contrast/3/ILSVRC2012_val_00001941.JPEG,default
imagenet_c/frost/4/ILSVRC2012_val_00027022.JPEG,default
imagenet_c/gaussian_noise/4/ILSVRC2012_val_00040177.JPEG,default
imagenet_c/motion_blur/1/ILSVRC2012_val_00021390.JPEG,default
imagenet_c/motion_blur/5/ILSVRC2012_val_00021441.JPEG,default
imagenet_c/defocus_blur/3/ILSVRC2012_val_00041183.JPEG,default
imagenet_c/fog/5/ILSVRC2012_val_00015819.JPEG,default
imagenet_c/elastic_transform/1/ILSVRC2012_val_00046195.JPEG,default
imagenet_c/contrast/5/ILSVRC2012_val_00027658.JPEG,default
imagenet_c/zoom_blur/2/ILSVRC2012_val_00031670.JPEG,default
imagenet_c/shot_noise/5/ILSVRC2012_val_00008405.JPEG,default
imagenet_c/brightness/3/ILSVRC2012_val_00023614.JPEG,default
imagenet_c/gaussian_noise/4/ILSVRC2012_val_00013779.JPEG,default
imagenet_c/motion_blur/1/ILSVRC2012_val_00033570.JPEG,default
imagenet_c/shot_noise/4/ILSVRC2012_val_00029085.JPEG,default
imagenet_c/snow/1/ILSVRC2012_val_00042629.JPEG,default
imagenet_c/shot_noise/2/ILSVRC2012_val_00030331.JPEG,default
imagenet_c/snow/5/ILSVRC2012_val_00041788.JPEG,default
imagenet_c/glass_blur/2/ILSVRC2012_val_00040599.JPEG,default
imagenet_c/shot_noise/1/ILSVRC2012_val_00045199.JPEG,default
imagenet_c/shot_noise/5/ILSVRC2012_val_00028772.JPEG,default
imagenet_c/brightness/4/ILSVRC2012_val_00016839.JPEG,default
imagenet_c/contrast/5/ILSVRC2012_val_00045118.JPEG,default
imagenet_c/motion_blur/1/ILSVRC2012_val_00032789.JPEG,default
imagenet_c/impulse_noise/1/ILSVRC2012_val_00004586.JPEG,default
imagenet_c/zoom_blur/3/ILSVRC2012_val_00034503.JPEG,default
imagenet_c/defocus_blur/3/ILSVRC2012_val_00042633.JPEG,default
imagenet_c/snow/1/ILSVRC2012_val_00006327.JPEG,default
imagenet_c/snow/2/ILSVRC2012_val_00029235.JPEG,default
imagenet_c/zoom_blur/2/ILSVRC2012_val_00035806.JPEG,default
imagenet_c/defocus_blur/2/ILSVRC2012_val_00004236.JPEG,default
imagenet_c/zoom_blur/5/ILSVRC2012_val_00008396.JPEG,default
imagenet_c/defocus_blur/1/ILSVRC2012_val_00040061.JPEG,default
imagenet_c/defocus_blur/3/ILSVRC2012_val_00001214.JPEG,default
imagenet_c/motion_blur/3/ILSVRC2012_val_00023828.JPEG,default
imagenet_c/glass_blur/3/ILSVRC2012_val_00039163.JPEG,default
imagenet_c/pixelate/3/ILSVRC2012_val_00026105.JPEG,default
imagenet_c/motion_blur/3/ILSVRC2012_val_00030630.JPEG,default
imagenet_c/contrast/2/ILSVRC2012_val_00004732.JPEG,default
imagenet_c/shot_noise/1/ILSVRC2012_val_00047779.JPEG,default
imagenet_c/zoom_blur/3/ILSVRC2012_val_00009444.JPEG,default
imagenet_c/elastic_transform/2/ILSVRC2012_val_00048903.JPEG,default
imagenet_c/elastic_transform/4/ILSVRC2012_val_00044887.JPEG,default
imagenet_c/defocus_blur/1/ILSVRC2012_val_00048587.JPEG,default
imagenet_c/elastic_transform/3/ILSVRC2012_val_00028342.JPEG,default
imagenet_c/glass_blur/4/ILSVRC2012_val_00024996.JPEG,default
imagenet_c/gaussian_noise/4/ILSVRC2012_val_00038590.JPEG,default
imagenet_c/frost/3/ILSVRC2012_val_00039377.JPEG,default
imagenet_c/motion_blur/1/ILSVRC2012_val_00019479.JPEG,default
imagenet_c/impulse_noise/5/ILSVRC2012_val_00049786.JPEG,default
imagenet_c/gaussian_noise/4/ILSVRC2012_val_00025721.JPEG,default
imagenet_c/impulse_noise/2/ILSVRC2012_val_00019991.JPEG,default
imagenet_c/elastic_transform/5/ILSVRC2012_val_00018897.JPEG,default
imagenet_c/snow/5/ILSVRC2012_val_00026746.JPEG,default
imagenet_c/impulse_noise/5/ILSVRC2012_val_00047056.JPEG,default
imagenet_c/elastic_transform/3/ILSVRC2012_val_00048506.JPEG,default
imagenet_c/zoom_blur/1/ILSVRC2012_val_00035453.JPEG,default
imagenet_c/shot_noise/5/ILSVRC2012_val_00015417.JPEG,default
imagenet_c/contrast/2/ILSVRC2012_val_00006822.JPEG,default
imagenet_c/snow/1/ILSVRC2012_val_00048010.JPEG,default
imagenet_c/zoom_blur/1/ILSVRC2012_val_00037319.JPEG,default
imagenet_c/shot_noise/4/ILSVRC2012_val_00025128.JPEG,default
imagenet_c/pixelate/5/ILSVRC2012_val_00027463.JPEG,default
imagenet_c/gaussian_noise/1/ILSVRC2012_val_00017843.JPEG,default
imagenet_c/defocus_blur/5/ILSVRC2012_val_00009056.JPEG,default
imagenet_c/elastic_transform/4/ILSVRC2012_val_00044970.JPEG,default
imagenet_c/frost/2/ILSVRC2012_val_00029764.JPEG,default
imagenet_c/motion_blur/5/ILSVRC2012_val_00011685.JPEG,default
imagenet_c/zoom_blur/2/ILSVRC2012_val_00011500.JPEG,default
imagenet_c/defocus_blur/1/ILSVRC2012_val_00001821.JPEG,default
imagenet_c/motion_blur/5/ILSVRC2012_val_00022169.JPEG,default
imagenet_c/defocus_blur/2/ILSVRC2012_val_00037430.JPEG,default
imagenet_c/defocus_blur/5/ILSVRC2012_val_00017821.JPEG,default
imagenet_c/defocus_blur/3/ILSVRC2012_val_00048654.JPEG,default
imagenet_c/fog/3/ILSVRC2012_val_00014427.JPEG,default
imagenet_c/jpeg_compression/5/ILSVRC2012_val_00019725.JPEG,default
imagenet_c/zoom_blur/1/ILSVRC2012_val_00010637.JPEG,default
imagenet_c/contrast/4/ILSVRC2012_val_00034269.JPEG,default
imagenet_c/contrast/5/ILSVRC2012_val_00039097.JPEG,default
imagenet_c/motion_blur/1/ILSVRC2012_val_00006258.JPEG,default
imagenet_c/glass_blur/5/ILSVRC2012_val_00000720.JPEG,default
imagenet_c/zoom_blur/5/ILSVRC2012_val_00003886.JPEG,default
imagenet_c/jpeg_compression/4/ILSVRC2012_val_00035018.JPEG,default
imagenet_c/shot_noise/4/ILSVRC2012_val_00049552.JPEG,default
imagenet_c/motion_blur/3/ILSVRC2012_val_00012182.JPEG,default
imagenet_c/frost/2/ILSVRC2012_val_00025808.JPEG,default
imagenet_c/brightness/5/ILSVRC2012_val_00024512.JPEG,default
imagenet_c/brightness/1/ILSVRC2012_val_00034904.JPEG,default
imagenet_c/elastic_transform/4/ILSVRC2012_val_00002629.JPEG,default
imagenet_c/zoom_blur/5/ILSVRC2012_val_00000302.JPEG,default
imagenet_c/brightness/2/ILSVRC2012_val_00038645.JPEG,default
imagenet_c/gaussian_noise/2/ILSVRC2012_val_00009919.JPEG,default
imagenet_c/contrast/5/ILSVRC2012_val_00035816.JPEG,default
imagenet_c/fog/4/ILSVRC2012_val_00014420.JPEG,default
imagenet_c/elastic_transform/3/ILSVRC2012_val_00029179.JPEG,default
imagenet_c/zoom_blur/3/ILSVRC2012_val_00037695.JPEG,default
imagenet_c/elastic_transform/1/ILSVRC2012_val_00025086.JPEG,default
imagenet_c/impulse_noise/2/ILSVRC2012_val_00007889.JPEG,default
imagenet_c/frost/1/ILSVRC2012_val_00010256.JPEG,default
imagenet_c/motion_blur/4/ILSVRC2012_val_00023314.JPEG,default
imagenet_c/elastic_transform/5/ILSVRC2012_val_00008806.JPEG,default
imagenet_c/shot_noise/4/ILSVRC2012_val_00022603.JPEG,default
imagenet_c/snow/4/ILSVRC2012_val_00008021.JPEG,default
imagenet_c/snow/3/ILSVRC2012_val_00021186.JPEG,default
imagenet_c/brightness/1/ILSVRC2012_val_00046860.JPEG,default
imagenet_c/zoom_blur/3/ILSVRC2012_val_00041215.JPEG,default
imagenet_c/glass_blur/3/ILSVRC2012_val_00004447.JPEG,default
imagenet_c/gaussian_noise/5/ILSVRC2012_val_00042461.JPEG,default
imagenet_c/pixelate/4/ILSVRC2012_val_00021004.JPEG,default
imagenet_c/brightness/1/ILSVRC2012_val_00035629.JPEG,default
imagenet_c/motion_blur/3/ILSVRC2012_val_00000596.JPEG,default
imagenet_c/pixelate/2/ILSVRC2012_val_00010903.JPEG,default
imagenet_c/pixelate/2/ILSVRC2012_val_00019887.JPEG,default
imagenet_c/glass_blur/2/ILSVRC2012_val_00046261.JPEG,default
imagenet_c/glass_blur/4/ILSVRC2012_val_00032815.JPEG,default
imagenet_c/jpeg_compression/5/ILSVRC2012_val_00008828.JPEG,default
imagenet_c/glass_blur/1/ILSVRC2012_val_00015044.JPEG,default
imagenet_c/motion_blur/1/ILSVRC2012_val_00020877.JPEG,default
imagenet_c/jpeg_compression/5/ILSVRC2012_val_00039945.JPEG,default
imagenet_c/motion_blur/2/ILSVRC2012_val_00008477.JPEG,default
imagenet_c/fog/3/ILSVRC2012_val_00033883.JPEG,default
imagenet_c/defocus_blur/3/ILSVRC2012_val_00023574.JPEG,default
imagenet_c/jpeg_compression/1/ILSVRC2012_val_00032600.JPEG,default
imagenet_c/shot_noise/1/ILSVRC2012_val_00012403.JPEG,default
imagenet_c/pixelate/5/ILSVRC2012_val_00010474.JPEG,default
imagenet_c/defocus_blur/4/ILSVRC2012_val_00030057.JPEG,default
imagenet_c/frost/2/ILSVRC2012_val_00003091.JPEG,default
imagenet_c/motion_blur/3/ILSVRC2012_val_00015620.JPEG,default
imagenet_c/elastic_transform/5/ILSVRC2012_val_00030387.JPEG,default
imagenet_c/shot_noise/3/ILSVRC2012_val_00036184.JPEG,default
imagenet_c/motion_blur/5/ILSVRC2012_val_00000223.JPEG,default
imagenet_c/contrast/3/ILSVRC2012_val_00026332.JPEG,default
imagenet_c/zoom_blur/5/ILSVRC2012_val_00013678.JPEG,default
imagenet_c/brightness/5/ILSVRC2012_val_00021257.JPEG,default
imagenet_c/motion_blur/5/ILSVRC2012_val_00025329.JPEG,default
imagenet_c/fog/1/ILSVRC2012_val_00024482.JPEG,default
imagenet_c/brightness/2/ILSVRC2012_val_00030024.JPEG,default
imagenet_c/glass_blur/3/ILSVRC2012_val_00000061.JPEG,default
imagenet_c/jpeg_compression/2/ILSVRC2012_val_00010467.JPEG,default
imagenet_c/motion_blur/4/ILSVRC2012_val_00047269.JPEG,default
imagenet_c/fog/4/ILSVRC2012_val_00002963.JPEG,default
imagenet_c/impulse_noise/3/ILSVRC2012_val_00007407.JPEG,default
imagenet_c/motion_blur/2/ILSVRC2012_val_00028053.JPEG,default
imagenet_c/shot_noise/3/ILSVRC2012_val_00013921.JPEG,default
imagenet_c/defocus_blur/5/ILSVRC2012_val_00029879.JPEG,default
imagenet_c/elastic_transform/3/ILSVRC2012_val_00036522.JPEG,default
imagenet_c/shot_noise/5/ILSVRC2012_val_00031605.JPEG,default
imagenet_c/elastic_transform/2/ILSVRC2012_val_00005378.JPEG,default
imagenet_c/brightness/2/ILSVRC2012_val_00021101.JPEG,default
imagenet_c/gaussian_noise/3/ILSVRC2012_val_00025953.JPEG,default
imagenet_c/gaussian_noise/2/ILSVRC2012_val_00016380.JPEG,default
imagenet_c/frost/1/ILSVRC2012_val_00013186.JPEG,default
imagenet_c/motion_blur/1/ILSVRC2012_val_00027104.JPEG,default
imagenet_c/frost/2/ILSVRC2012_val_00018623.JPEG,default
imagenet_c/brightness/1/ILSVRC2012_val_00049671.JPEG,default
imagenet_c/defocus_blur/5/ILSVRC2012_val_00015147.JPEG,default
imagenet_c/motion_blur/4/ILSVRC2012_val_00047111.JPEG,default
imagenet_c/shot_noise/1/ILSVRC2012_val_00026303.JPEG,default
imagenet_c/pixelate/4/ILSVRC2012_val_00021189.JPEG,default
imagenet_c/zoom_blur/2/ILSVRC2012_val_00031350.JPEG,default
imagenet_c/impulse_noise/5/ILSVRC2012_val_00012278.JPEG,default
imagenet_c/contrast/3/ILSVRC2012_val_00019819.JPEG,default
imagenet_c/glass_blur/1/ILSVRC2012_val_00011602.JPEG,default
imagenet_c/fog/5/ILSVRC2012_val_00047792.JPEG,default
imagenet_c/gaussian_noise/3/ILSVRC2012_val_00005552.JPEG,default
imagenet_c/shot_noise/2/ILSVRC2012_val_00043356.JPEG,default
imagenet_c/shot_noise/1/ILSVRC2012_val_00026561.JPEG,default
imagenet_c/elastic_transform/4/ILSVRC2012_val_00015191.JPEG,default
imagenet_c/glass_blur/1/ILSVRC2012_val_00048473.JPEG,default
imagenet_c/motion_blur/5/ILSVRC2012_val_00013571.JPEG,default
imagenet_c/pixelate/4/ILSVRC2012_val_00027825.JPEG,default
imagenet_c/snow/2/ILSVRC2012_val_00049069.JPEG,default
imagenet_c/elastic_transform/5/ILSVRC2012_val_00046947.JPEG,default
imagenet_c/brightness/2/ILSVRC2012_val_00033860.JPEG,default
imagenet_c/frost/2/ILSVRC2012_val_00001202.JPEG,default
imagenet_c/motion_blur/2/ILSVRC2012_val_00028771.JPEG,default
imagenet_c/elastic_transform/5/ILSVRC2012_val_00008466.JPEG,default
imagenet_c/impulse_noise/4/ILSVRC2012_val_00035114.JPEG,default
imagenet_c/contrast/2/ILSVRC2012_val_00006483.JPEG,default
imagenet_c/pixelate/4/ILSVRC2012_val_00023953.JPEG,default
imagenet_c/impulse_noise/5/ILSVRC2012_val_00029119.JPEG,default
imagenet_c/frost/2/ILSVRC2012_val_00000019.JPEG,default
imagenet_c/glass_blur/2/ILSVRC2012_val_00040517.JPEG,default
imagenet_c/frost/3/ILSVRC2012_val_00035829.JPEG,default
imagenet_c/fog/3/ILSVRC2012_val_00018125.JPEG,default
imagenet_c/contrast/3/ILSVRC2012_val_00015230.JPEG,default
imagenet_c/brightness/5/ILSVRC2012_val_00033710.JPEG,default
imagenet_c/frost/2/ILSVRC2012_val_00035524.JPEG,default
imagenet_c/glass_blur/1/ILSVRC2012_val_00020289.JPEG,default
imagenet_c/gaussian_noise/5/ILSVRC2012_val_00012517.JPEG,default
imagenet_c/motion_blur/2/ILSVRC2012_val_00023793.JPEG,default
imagenet_c/brightness/3/ILSVRC2012_val_00040366.JPEG,default
imagenet_c/contrast/2/ILSVRC2012_val_00048672.JPEG,default
imagenet_c/contrast/4/ILSVRC2012_val_00011277.JPEG,default
imagenet_c/snow/3/ILSVRC2012_val_00003218.JPEG,default
imagenet_c/elastic_transform/3/ILSVRC2012_val_00034597.JPEG,default
imagenet_c/pixelate/1/ILSVRC2012_val_00014854.JPEG,default
imagenet_c/defocus_blur/5/ILSVRC2012_val_00037604.JPEG,default
imagenet_c/brightness/3/ILSVRC2012_val_00017647.JPEG,default
imagenet_c/defocus_blur/5/ILSVRC2012_val_00029340.JPEG,default
imagenet_c/brightness/3/ILSVRC2012_val_00038138.JPEG,default
imagenet_c/gaussian_noise/2/ILSVRC2012_val_00005655.JPEG,default
imagenet_c/elastic_transform/3/ILSVRC2012_val_00023322.JPEG,default
imagenet_c/impulse_noise/3/ILSVRC2012_val_00027945.JPEG,default
imagenet_c/glass_blur/4/ILSVRC2012_val_00037304.JPEG,default
imagenet_c/elastic_transform/3/ILSVRC2012_val_00047235.JPEG,default
imagenet_c/motion_blur/4/ILSVRC2012_val_00032399.JPEG,default
imagenet_c/frost/3/ILSVRC2012_val_00029894.JPEG,default
imagenet_c/impulse_noise/5/ILSVRC2012_val_00023372.JPEG,default
imagenet_c/shot_noise/4/ILSVRC2012_val_00002358.JPEG,default
imagenet_c/zoom_blur/5/ILSVRC2012_val_00041815.JPEG,default
imagenet_c/gaussian_noise/4/ILSVRC2012_val_00027004.JPEG,default
imagenet_c/brightness/3/ILSVRC2012_val_00045497.JPEG,default
imagenet_c/contrast/2/ILSVRC2012_val_00019144.JPEG,default
imagenet_c/jpeg_compression/2/ILSVRC2012_val_00016528.JPEG,default
imagenet_c/fog/2/ILSVRC2012_val_00041893.JPEG,default
imagenet_c/glass_blur/2/ILSVRC2012_val_00027735.JPEG,default
imagenet_c/elastic_transform/2/ILSVRC2012_val_00035482.JPEG,default
imagenet_c/shot_noise/2/ILSVRC2012_val_00033657.JPEG,default
imagenet_c/fog/3/ILSVRC2012_val_00044398.JPEG,default
imagenet_c/impulse_noise/5/ILSVRC2012_val_00042648.JPEG,default
imagenet_c/jpeg_compression/5/ILSVRC2012_val_00013735.JPEG,default
imagenet_c/elastic_transform/4/ILSVRC2012_val_00025484.JPEG,default
imagenet_c/contrast/4/ILSVRC2012_val_00029663.JPEG,default
imagenet_c/gaussian_noise/3/ILSVRC2012_val_00049106.JPEG,default
imagenet_c/brightness/4/ILSVRC2012_val_00002061.JPEG,default
imagenet_c/brightness/5/ILSVRC2012_val_00043355.JPEG,default
imagenet_c/snow/3/ILSVRC2012_val_00004071.JPEG,default
imagenet_c/gaussian_noise/1/ILSVRC2012_val_00041354.JPEG,default
imagenet_c/fog/4/ILSVRC2012_val_00044012.JPEG,default
imagenet_c/gaussian_noise/2/ILSVRC2012_val_00023875.JPEG,default
imagenet_c/contrast/5/ILSVRC2012_val_00032173.JPEG,default
imagenet_c/jpeg_compression/2/ILSVRC2012_val_00006522.JPEG,default
imagenet_c/jpeg_compression/3/ILSVRC2012_val_00003916.JPEG,default
imagenet_c/contrast/4/ILSVRC2012_val_00045955.JPEG,default
imagenet_c/brightness/4/ILSVRC2012_val_00017536.JPEG,default
imagenet_c/elastic_transform/4/ILSVRC2012_val_00015708.JPEG,default
imagenet_c/snow/4/ILSVRC2012_val_00028251.JPEG,default
imagenet_c/snow/1/ILSVRC2012_val_00033153.JPEG,default
imagenet_c/contrast/4/ILSVRC2012_val_00035486.JPEG,default
imagenet_c/jpeg_compression/1/ILSVRC2012_val_00046540.JPEG,default
imagenet_c/frost/2/ILSVRC2012_val_00015278.JPEG,default
imagenet_c/fog/3/ILSVRC2012_val_00009060.JPEG,default
imagenet_c/motion_blur/2/ILSVRC2012_val_00010769.JPEG,default
imagenet_c/zoom_blur/2/ILSVRC2012_val_00032901.JPEG,default
imagenet_c/motion_blur/5/ILSVRC2012_val_00043317.JPEG,default
imagenet_c/brightness/3/ILSVRC2012_val_00017461.JPEG,default
imagenet_c/fog/4/ILSVRC2012_val_00043416.JPEG,default
imagenet_c/snow/2/ILSVRC2012_val_00046321.JPEG,default
imagenet_c/zoom_blur/5/ILSVRC2012_val_00011788.JPEG,default
imagenet_c/contrast/1/ILSVRC2012_val_00005413.JPEG,default
imagenet_c/frost/3/ILSVRC2012_val_00003491.JPEG,default
imagenet_c/motion_blur/3/ILSVRC2012_val_00039422.JPEG,default
imagenet_c/brightness/4/ILSVRC2012_val_00027863.JPEG,default
imagenet_c/fog/2/ILSVRC2012_val_00036485.JPEG,default
imagenet_c/zoom_blur/1/ILSVRC2012_val_00014603.JPEG,default
imagenet_c/pixelate/1/ILSVRC2012_val_00027319.JPEG,default
imagenet_c/impulse_noise/3/ILSVRC2012_val_00040560.JPEG,default
imagenet_c/defocus_blur/3/ILSVRC2012_val_00035050.JPEG,default
imagenet_c/jpeg_compression/3/ILSVRC2012_val_00034445.JPEG,default
imagenet_c/frost/5/ILSVRC2012_val_00011064.JPEG,default
imagenet_c/frost/5/ILSVRC2012_val_00032813.JPEG,default
imagenet_c/shot_noise/3/ILSVRC2012_val_00008839.JPEG,default
imagenet_c/fog/1/ILSVRC2012_val_00041209.JPEG,default
imagenet_c/elastic_transform/3/ILSVRC2012_val_00021412.JPEG,default
imagenet_c/defocus_blur/2/ILSVRC2012_val_00003469.JPEG,default
imagenet_c/pixelate/4/ILSVRC2012_val_00033180.JPEG,default
imagenet_c/shot_noise/1/ILSVRC2012_val_00020206.JPEG,default
imagenet_c/snow/3/ILSVRC2012_val_00035610.JPEG,default
imagenet_c/snow/4/ILSVRC2012_val_00049503.JPEG,default
imagenet_c/motion_blur/3/ILSVRC2012_val_00031438.JPEG,default
imagenet_c/jpeg_compression/2/ILSVRC2012_val_00037257.JPEG,default
imagenet_c/defocus_blur/1/ILSVRC2012_val_00047006.JPEG,default
imagenet_c/fog/3/ILSVRC2012_val_00005688.JPEG,default
imagenet_c/shot_noise/5/ILSVRC2012_val_00000257.JPEG,default
imagenet_c/gaussian_noise/1/ILSVRC2012_val_00030965.JPEG,default
imagenet_c/glass_blur/5/ILSVRC2012_val_00025216.JPEG,default
imagenet_c/brightness/3/ILSVRC2012_val_00013171.JPEG,default
imagenet_c/glass_blur/3/ILSVRC2012_val_00032707.JPEG,default
imagenet_c/zoom_blur/2/ILSVRC2012_val_00002229.JPEG,default
imagenet_c/motion_blur/5/ILSVRC2012_val_00005241.JPEG,default
imagenet_c/brightness/5/ILSVRC2012_val_00017738.JPEG,default
imagenet_c/pixelate/1/ILSVRC2012_val_00042658.JPEG,default
imagenet_c/elastic_transform/1/ILSVRC2012_val_00015508.JPEG,default
imagenet_c/shot_noise/5/ILSVRC2012_val_00017121.JPEG,default
imagenet_c/glass_blur/5/ILSVRC2012_val_00012956.JPEG,default
imagenet_c/contrast/4/ILSVRC2012_val_00039544.JPEG,default
imagenet_c/glass_blur/3/ILSVRC2012_val_00010835.JPEG,default
imagenet_c/zoom_blur/2/ILSVRC2012_val_00008927.JPEG,default
imagenet_c/fog/2/ILSVRC2012_val_00023377.JPEG,default
imagenet_c/jpeg_compression/4/ILSVRC2012_val_00005264.JPEG,default
imagenet_c/snow/5/ILSVRC2012_val_00009432.JPEG,default
imagenet_c/pixelate/5/ILSVRC2012_val_00038990.JPEG,default
imagenet_c/motion_blur/3/ILSVRC2012_val_00014448.JPEG,default
imagenet_c/shot_noise/4/ILSVRC2012_val_00025766.JPEG,default
imagenet_c/zoom_blur/2/ILSVRC2012_val_00030114.JPEG,default
imagenet_c/contrast/1/ILSVRC2012_val_00015584.JPEG,default
imagenet_c/jpeg_compression/2/ILSVRC2012_val_00008644.JPEG,default
imagenet_c/contrast/4/ILSVRC2012_val_00022809.JPEG,default
imagenet_c/jpeg_compression/1/ILSVRC2012_val_00024629.JPEG,default
imagenet_c/impulse_noise/2/ILSVRC2012_val_00012850.JPEG,default
imagenet_c/jpeg_compression/2/ILSVRC2012_val_00018531.JPEG,default
imagenet_c/motion_blur/1/ILSVRC2012_val_00016222.JPEG,default
imagenet_c/brightness/4/ILSVRC2012_val_00009010.JPEG,default
imagenet_c/fog/1/ILSVRC2012_val_00004637.JPEG,default
imagenet_c/snow/1/ILSVRC2012_val_00005506.JPEG,default
imagenet_c/gaussian_noise/5/ILSVRC2012_val_00026879.JPEG,default
imagenet_c/impulse_noise/5/ILSVRC2012_val_00020674.JPEG,default
imagenet_c/gaussian_noise/1/ILSVRC2012_val_00042035.JPEG,default
imagenet_c/motion_blur/3/ILSVRC2012_val_00025890.JPEG,default
imagenet_c/frost/5/ILSVRC2012_val_00047060.JPEG,default
imagenet_c/contrast/4/ILSVRC2012_val_00023477.JPEG,default
imagenet_c/snow/3/ILSVRC2012_val_00006043.JPEG,default
imagenet_c/pixelate/3/ILSVRC2012_val_00046764.JPEG,default
imagenet_c/jpeg_compression/1/ILSVRC2012_val_00004034.JPEG,default
imagenet_c/contrast/5/ILSVRC2012_val_00003911.JPEG,default
imagenet_c/defocus_blur/1/ILSVRC2012_val_00045992.JPEG,default
imagenet_c/shot_noise/3/ILSVRC2012_val_00044754.JPEG,default
imagenet_c/zoom_blur/2/ILSVRC2012_val_00017308.JPEG,default
imagenet_c/fog/5/ILSVRC2012_val_00015892.JPEG,default
imagenet_c/jpeg_compression/5/ILSVRC2012_val_00015177.JPEG,default
imagenet_c/impulse_noise/3/ILSVRC2012_val_00021169.JPEG,default
imagenet_c/pixelate/4/ILSVRC2012_val_00001810.JPEG,default
imagenet_c/frost/2/ILSVRC2012_val_00016750.JPEG,default
imagenet_c/frost/3/ILSVRC2012_val_00004445.JPEG,default
imagenet_c/contrast/5/ILSVRC2012_val_00039848.JPEG,default
imagenet_c/defocus_blur/5/ILSVRC2012_val_00014557.JPEG,default
imagenet_c/pixelate/3/ILSVRC2012_val_00021529.JPEG,default
imagenet_c/brightness/2/ILSVRC2012_val_00032818.JPEG,default
imagenet_c/impulse_noise/1/ILSVRC2012_val_00039322.JPEG,default
imagenet_c/impulse_noise/2/ILSVRC2012_val_00037394.JPEG,default
imagenet_c/gaussian_noise/3/ILSVRC2012_val_00007893.JPEG,default
imagenet_c/frost/4/ILSVRC2012_val_00036476.JPEG,default
imagenet_c/frost/2/ILSVRC2012_val_00002913.JPEG,default
imagenet_c/elastic_transform/2/ILSVRC2012_val_00043166.JPEG,default
imagenet_c/motion_blur/4/ILSVRC2012_val_00031205.JPEG,default
imagenet_c/zoom_blur/4/ILSVRC2012_val_00033140.JPEG,default
imagenet_c/zoom_blur/1/ILSVRC2012_val_00013705.JPEG,default
imagenet_c/contrast/3/ILSVRC2012_val_00010781.JPEG,default
imagenet_c/gaussian_noise/3/ILSVRC2012_val_00044362.JPEG,default
imagenet_c/elastic_transform/3/ILSVRC2012_val_00043829.JPEG,default
imagenet_c/glass_blur/2/ILSVRC2012_val_00036909.JPEG,default
imagenet_c/pixelate/5/ILSVRC2012_val_00045561.JPEG,default
imagenet_c/defocus_blur/4/ILSVRC2012_val_00035306.JPEG,default
imagenet_c/glass_blur/4/ILSVRC2012_val_00044962.JPEG,default
imagenet_c/impulse_noise/5/ILSVRC2012_val_00000346.JPEG,default
imagenet_c/shot_noise/2/ILSVRC2012_val_00000506.JPEG,default
imagenet_c/jpeg_compression/1/ILSVRC2012_val_00030492.JPEG,default
imagenet_c/brightness/3/ILSVRC2012_val_00020100.JPEG,default
imagenet_c/zoom_blur/1/ILSVRC2012_val_00036447.JPEG,default
imagenet_c/motion_blur/2/ILSVRC2012_val_00017292.JPEG,default
imagenet_c/motion_blur/2/ILSVRC2012_val_00007692.JPEG,default
imagenet_c/jpeg_compression/5/ILSVRC2012_val_00034866.JPEG,default
imagenet_c/motion_blur/1/ILSVRC2012_val_00030731.JPEG,default
imagenet_c/brightness/3/ILSVRC2012_val_00047940.JPEG,default
imagenet_c/snow/5/ILSVRC2012_val_00029270.JPEG,default
imagenet_c/contrast/2/ILSVRC2012_val_00027009.JPEG,default
imagenet_c/brightness/4/ILSVRC2012_val_00045066.JPEG,default
imagenet_c/gaussian_noise/2/ILSVRC2012_val_00018124.JPEG,default
imagenet_c/gaussian_noise/3/ILSVRC2012_val_00036830.JPEG,default
imagenet_c/pixelate/3/ILSVRC2012_val_00013207.JPEG,default
imagenet_c/brightness/4/ILSVRC2012_val_00034653.JPEG,default
imagenet_c/pixelate/3/ILSVRC2012_val_00022347.JPEG,default
imagenet_c/shot_noise/5/ILSVRC2012_val_00036565.JPEG,default
imagenet_c/fog/3/ILSVRC2012_val_00018741.JPEG,default
imagenet_c/elastic_transform/2/ILSVRC2012_val_00039477.JPEG,default
imagenet_c/glass_blur/3/ILSVRC2012_val_00046550.JPEG,default
imagenet_c/zoom_blur/4/ILSVRC2012_val_00033509.JPEG,default
imagenet_c/frost/2/ILSVRC2012_val_00017198.JPEG,default
imagenet_c/motion_blur/3/ILSVRC2012_val_00031446.JPEG,default
imagenet_c/jpeg_compression/5/ILSVRC2012_val_00048382.JPEG,default
imagenet_c/pixelate/1/ILSVRC2012_val_00029728.JPEG,default
imagenet_c/snow/3/ILSVRC2012_val_00016949.JPEG,default
imagenet_c/shot_noise/4/ILSVRC2012_val_00033568.JPEG,default
imagenet_c/gaussian_noise/2/ILSVRC2012_val_00044414.JPEG,default
imagenet_c/snow/3/ILSVRC2012_val_00037675.JPEG,default
imagenet_c/contrast/1/ILSVRC2012_val_00040393.JPEG,default
imagenet_c/impulse_noise/2/ILSVRC2012_val_00027725.JPEG,default
imagenet_c/impulse_noise/4/ILSVRC2012_val_00000738.JPEG,default
imagenet_c/impulse_noise/1/ILSVRC2012_val_00046675.JPEG,default
imagenet_c/fog/1/ILSVRC2012_val_00025735.JPEG,default
imagenet_c/jpeg_compression/4/ILSVRC2012_val_00016574.JPEG,default
imagenet_c/defocus_blur/3/ILSVRC2012_val_00007133.JPEG,default
imagenet_c/frost/4/ILSVRC2012_val_00046956.JPEG,default
imagenet_c/motion_blur/2/ILSVRC2012_val_00019878.JPEG,default
imagenet_c/glass_blur/4/ILSVRC2012_val_00048891.JPEG,default
imagenet_c/jpeg_compression/2/ILSVRC2012_val_00027427.JPEG,default
imagenet_c/defocus_blur/2/ILSVRC2012_val_00011081.JPEG,default
imagenet_c/shot_noise/5/ILSVRC2012_val_00010577.JPEG,default
imagenet_c/motion_blur/4/ILSVRC2012_val_00004815.JPEG,default
imagenet_c/snow/1/ILSVRC2012_val_00038348.JPEG,default
imagenet_c/frost/4/ILSVRC2012_val_00034765.JPEG,default
imagenet_c/impulse_noise/2/ILSVRC2012_val_00025279.JPEG,default
imagenet_c/pixelate/4/ILSVRC2012_val_00046361.JPEG,default
imagenet_c/impulse_noise/5/ILSVRC2012_val_00000582.JPEG,default
imagenet_c/frost/2/ILSVRC2012_val_00001426.JPEG,default
imagenet_c/snow/4/ILSVRC2012_val_00043697.JPEG,default
imagenet_c/impulse_noise/3/ILSVRC2012_val_00037549.JPEG,default
imagenet_c/snow/2/ILSVRC2012_val_00009357.JPEG,default
imagenet_c/pixelate/2/ILSVRC2012_val_00007105.JPEG,default
imagenet_c/elastic_transform/1/ILSVRC2012_val_00006278.JPEG,default
imagenet_c/contrast/2/ILSVRC2012_val_00021936.JPEG,default
imagenet_c/zoom_blur/3/ILSVRC2012_val_00014207.JPEG,default
imagenet_c/impulse_noise/2/ILSVRC2012_val_00020835.JPEG,default
imagenet_c/contrast/1/ILSVRC2012_val_00019419.JPEG,default
imagenet_c/pixelate/4/ILSVRC2012_val_00036947.JPEG,default
imagenet_c/glass_blur/4/ILSVRC2012_val_00023447.JPEG,default
imagenet_c/motion_blur/3/ILSVRC2012_val_00042333.JPEG,default
imagenet_c/shot_noise/4/ILSVRC2012_val_00026357.JPEG,default
imagenet_c/jpeg_compression/4/ILSVRC2012_val_00000848.JPEG,default
imagenet_c/jpeg_compression/4/ILSVRC2012_val_00004414.JPEG,default
imagenet_c/brightness/2/ILSVRC2012_val_00037760.JPEG,default
imagenet_c/pixelate/3/ILSVRC2012_val_00041131.JPEG,default
imagenet_c/glass_blur/1/ILSVRC2012_val_00044669.JPEG,default
imagenet_c/impulse_noise/5/ILSVRC2012_val_00021420.JPEG,default
imagenet_c/impulse_noise/4/ILSVRC2012_val_00005218.JPEG,default
imagenet_c/pixelate/2/ILSVRC2012_val_00004108.JPEG,default
imagenet_c/zoom_blur/2/ILSVRC2012_val_00027943.JPEG,default
imagenet_c/impulse_noise/1/ILSVRC2012_val_00044185.JPEG,default
imagenet_c/frost/4/ILSVRC2012_val_00001930.JPEG,default
imagenet_c/elastic_transform/5/ILSVRC2012_val_00019530.JPEG,default
imagenet_c/brightness/3/ILSVRC2012_val_00005595.JPEG,default
imagenet_c/impulse_noise/3/ILSVRC2012_val_00003249.JPEG,default
imagenet_c/motion_blur/3/ILSVRC2012_val_00026701.JPEG,default
imagenet_c/zoom_blur/2/ILSVRC2012_val_00024913.JPEG,default
imagenet_c/glass_blur/2/ILSVRC2012_val_00002826.JPEG,default
imagenet_c/pixelate/1/ILSVRC2012_val_00042527.JPEG,default
imagenet_c/frost/5/ILSVRC2012_val_00023646.JPEG,default
imagenet_c/fog/4/ILSVRC2012_val_00035444.JPEG,default
imagenet_c/glass_blur/5/ILSVRC2012_val_00013685.JPEG,default
imagenet_c/pixelate/4/ILSVRC2012_val_00040099.JPEG,default
imagenet_c/pixelate/2/ILSVRC2012_val_00023065.JPEG,default
imagenet_c/snow/1/ILSVRC2012_val_00041455.JPEG,default
imagenet_c/zoom_blur/5/ILSVRC2012_val_00038313.JPEG,default
imagenet_c/brightness/4/ILSVRC2012_val_00043539.JPEG,default
imagenet_c/elastic_transform/4/ILSVRC2012_val_00019529.JPEG,default
imagenet_c/impulse_noise/2/ILSVRC2012_val_00001588.JPEG,default
imagenet_c/snow/1/ILSVRC2012_val_00048882.JPEG,default
imagenet_c/glass_blur/1/ILSVRC2012_val_00000164.JPEG,default
imagenet_c/motion_blur/4/ILSVRC2012_val_00010622.JPEG,default
imagenet_c/motion_blur/1/ILSVRC2012_val_00043571.JPEG,default
imagenet_c/glass_blur/3/ILSVRC2012_val_00025548.JPEG,default
imagenet_c/motion_blur/1/ILSVRC2012_val_00040997.JPEG,default
imagenet_c/glass_blur/5/ILSVRC2012_val_00023142.JPEG,default
imagenet_c/impulse_noise/3/ILSVRC2012_val_00035758.JPEG,default
imagenet_c/jpeg_compression/1/ILSVRC2012_val_00014552.JPEG,default
imagenet_c/elastic_transform/4/ILSVRC2012_val_00036792.JPEG,default
imagenet_c/frost/3/ILSVRC2012_val_00027273.JPEG,default
imagenet_c/motion_blur/4/ILSVRC2012_val_00032980.JPEG,default
imagenet_c/jpeg_compression/1/ILSVRC2012_val_00008365.JPEG,default
imagenet_c/impulse_noise/4/ILSVRC2012_val_00030299.JPEG,default
imagenet_c/fog/2/ILSVRC2012_val_00001940.JPEG,default
imagenet_c/jpeg_compression/3/ILSVRC2012_val_00002078.JPEG,default
imagenet_c/glass_blur/5/ILSVRC2012_val_00045069.JPEG,default
imagenet_c/contrast/2/ILSVRC2012_val_00008304.JPEG,default
imagenet_c/pixelate/5/ILSVRC2012_val_00033971.JPEG,default
imagenet_c/elastic_transform/5/ILSVRC2012_val_00006307.JPEG,default
imagenet_c/zoom_blur/1/ILSVRC2012_val_00002211.JPEG,default
imagenet_c/fog/5/ILSVRC2012_val_00006811.JPEG,default
imagenet_c/shot_noise/3/ILSVRC2012_val_00025594.JPEG,default
imagenet_c/contrast/4/ILSVRC2012_val_00014337.JPEG,default
imagenet_c/motion_blur/5/ILSVRC2012_val_00039625.JPEG,default
imagenet_c/pixelate/4/ILSVRC2012_val_00010428.JPEG,default
imagenet_c/shot_noise/4/ILSVRC2012_val_00047628.JPEG,default
imagenet_c/jpeg_compression/4/ILSVRC2012_val_00004471.JPEG,default
imagenet_c/shot_noise/4/ILSVRC2012_val_00007745.JPEG,default
imagenet_c/shot_noise/1/ILSVRC2012_val_00032487.JPEG,default
imagenet_c/elastic_transform/2/ILSVRC2012_val_00032736.JPEG,default
imagenet_c/glass_blur/1/ILSVRC2012_val_00026449.JPEG,default
imagenet_c/motion_blur/3/ILSVRC2012_val_00007817.JPEG,default
imagenet_c/fog/3/ILSVRC2012_val_00020842.JPEG,default
imagenet_c/zoom_blur/1/ILSVRC2012_val_00047172.JPEG,default
imagenet_c/gaussian_noise/3/ILSVRC2012_val_00047032.JPEG,default
imagenet_c/impulse_noise/5/ILSVRC2012_val_00007079.JPEG,default
imagenet_c/frost/4/ILSVRC2012_val_00022192.JPEG,default
imagenet_c/frost/1/ILSVRC2012_val_00027181.JPEG,default
imagenet_c/defocus_blur/4/ILSVRC2012_val_00035703.JPEG,default
imagenet_c/brightness/2/ILSVRC2012_val_00039987.JPEG,default
imagenet_c/gaussian_noise/5/ILSVRC2012_val_00027307.JPEG,default
imagenet_c/snow/5/ILSVRC2012_val_00009502.JPEG,default
imagenet_c/glass_blur/3/ILSVRC2012_val_00018846.JPEG,default
imagenet_c/fog/3/ILSVRC2012_val_00045473.JPEG,default
imagenet_c/elastic_transform/1/ILSVRC2012_val_00002499.JPEG,default
imagenet_c/defocus_blur/4/ILSVRC2012_val_00030993.JPEG,default
imagenet_c/shot_noise/1/ILSVRC2012_val_00007754.JPEG,default
imagenet_c/gaussian_noise/2/ILSVRC2012_val_00028243.JPEG,default
imagenet_c/jpeg_compression/3/ILSVRC2012_val_00008096.JPEG,default
imagenet_c/zoom_blur/5/ILSVRC2012_val_00032506.JPEG,default
imagenet_c/shot_noise/1/ILSVRC2012_val_00049633.JPEG,default
imagenet_c/zoom_blur/2/ILSVRC2012_val_00024403.JPEG,default
imagenet_c/glass_blur/5/ILSVRC2012_val_00001190.JPEG,default
imagenet_c/elastic_transform/5/ILSVRC2012_val_00037663.JPEG,default
imagenet_c/jpeg_compression/4/ILSVRC2012_val_00042237.JPEG,default
imagenet_c/jpeg_compression/4/ILSVRC2012_val_00002618.JPEG,default
imagenet_c/fog/4/ILSVRC2012_val_00038623.JPEG,default
imagenet_c/shot_noise/3/ILSVRC2012_val_00035961.JPEG,default
imagenet_c/shot_noise/2/ILSVRC2012_val_00049475.JPEG,default
imagenet_c/brightness/4/ILSVRC2012_val_00044334.JPEG,default
imagenet_c/zoom_blur/3/ILSVRC2012_val_00034816.JPEG,default
imagenet_c/frost/2/ILSVRC2012_val_00012534.JPEG,default
imagenet_c/frost/3/ILSVRC2012_val_00020075.JPEG,default
imagenet_c/defocus_blur/2/ILSVRC2012_val_00019229.JPEG,default
imagenet_c/motion_blur/4/ILSVRC2012_val_00022271.JPEG,default
imagenet_c/brightness/1/ILSVRC2012_val_00002748.JPEG,default
imagenet_c/frost/1/ILSVRC2012_val_00005496.JPEG,default
imagenet_c/fog/3/ILSVRC2012_val_00028957.JPEG,default
imagenet_c/snow/4/ILSVRC2012_val_00044359.JPEG,default
imagenet_c/snow/1/ILSVRC2012_val_00004387.JPEG,default
imagenet_c/fog/2/ILSVRC2012_val_00010676.JPEG,default
imagenet_c/snow/3/ILSVRC2012_val_00018569.JPEG,default
imagenet_c/glass_blur/5/ILSVRC2012_val_00018249.JPEG,default
imagenet_c/jpeg_compression/1/ILSVRC2012_val_00027293.JPEG,default
imagenet_c/defocus_blur/5/ILSVRC2012_val_00020524.JPEG,default
imagenet_c/gaussian_noise/4/ILSVRC2012_val_00032147.JPEG,default
imagenet_c/motion_blur/4/ILSVRC2012_val_00026398.JPEG,default
imagenet_c/frost/5/ILSVRC2012_val_00012867.JPEG,default
imagenet_c/impulse_noise/2/ILSVRC2012_val_00040330.JPEG,default
imagenet_c/defocus_blur/3/ILSVRC2012_val_00039009.JPEG,default
imagenet_c/contrast/5/ILSVRC2012_val_00042234.JPEG,default
imagenet_c/brightness/2/ILSVRC2012_val_00049620.JPEG,default
imagenet_c/impulse_noise/3/ILSVRC2012_val_00025609.JPEG,default
imagenet_c/jpeg_compression/1/ILSVRC2012_val_00019143.JPEG,default
imagenet_c/pixelate/2/ILSVRC2012_val_00015270.JPEG,default
imagenet_c/pixelate/3/ILSVRC2012_val_00027721.JPEG,default
imagenet_c/elastic_transform/1/ILSVRC2012_val_00032588.JPEG,default
imagenet_c/snow/5/ILSVRC2012_val_00011620.JPEG,default
imagenet_c/pixelate/5/ILSVRC2012_val_00037364.JPEG,default
imagenet_c/glass_blur/3/ILSVRC2012_val_00016017.JPEG,default
imagenet_c/snow/1/ILSVRC2012_val_00013587.JPEG,default
imagenet_c/pixelate/2/ILSVRC2012_val_00015433.JPEG,default
imagenet_c/glass_blur/4/ILSVRC2012_val_00032914.JPEG,default
imagenet_c/brightness/1/ILSVRC2012_val_00047890.JPEG,default
imagenet_c/jpeg_compression/5/ILSVRC2012_val_00002171.JPEG,default
imagenet_c/brightness/3/ILSVRC2012_val_00038881.JPEG,default
imagenet_c/gaussian_noise/5/ILSVRC2012_val_00014906.JPEG,default
imagenet_c/shot_noise/2/ILSVRC2012_val_00031385.JPEG,default
imagenet_c/impulse_noise/5/ILSVRC2012_val_00042116.JPEG,default
imagenet_c/pixelate/2/ILSVRC2012_val_00027845.JPEG,default
imagenet_c/motion_blur/3/ILSVRC2012_val_00048554.JPEG,default
imagenet_c/defocus_blur/1/ILSVRC2012_val_00010789.JPEG,default
imagenet_c/contrast/1/ILSVRC2012_val_00047590.JPEG,default
imagenet_c/impulse_noise/5/ILSVRC2012_val_00018409.JPEG,default
imagenet_c/glass_blur/5/ILSVRC2012_val_00033631.JPEG,default
imagenet_c/jpeg_compression/3/ILSVRC2012_val_00009953.JPEG,default
imagenet_c/zoom_blur/1/ILSVRC2012_val_00044397.JPEG,default
imagenet_c/gaussian_noise/3/ILSVRC2012_val_00029739.JPEG,default
imagenet_c/defocus_blur/1/ILSVRC2012_val_00006490.JPEG,default
imagenet_c/pixelate/2/ILSVRC2012_val_00030013.JPEG,default
imagenet_c/elastic_transform/1/ILSVRC2012_val_00039750.JPEG,default
imagenet_c/elastic_transform/5/ILSVRC2012_val_00006020.JPEG,default
imagenet_c/elastic_transform/5/ILSVRC2012_val_00024741.JPEG,default
imagenet_c/contrast/2/ILSVRC2012_val_00001875.JPEG,default
imagenet_c/fog/2/ILSVRC2012_val_00005346.JPEG,default
imagenet_c/zoom_blur/2/ILSVRC2012_val_00012841.JPEG,default
imagenet_c/snow/1/ILSVRC2012_val_00038273.JPEG,default
imagenet_c/snow/2/ILSVRC2012_val_00018847.JPEG,default
imagenet_c/pixelate/2/ILSVRC2012_val_00007834.JPEG,default
imagenet_c/gaussian_noise/5/ILSVRC2012_val_00016343.JPEG,default
imagenet_c/pixelate/4/ILSVRC2012_val_00001864.JPEG,default
imagenet_c/fog/4/ILSVRC2012_val_00033174.JPEG,default
imagenet_c/pixelate/2/ILSVRC2012_val_00048318.JPEG,default
imagenet_c/defocus_blur/5/ILSVRC2012_val_00035092.JPEG,default
imagenet_c/gaussian_noise/1/ILSVRC2012_val_00044994.JPEG,default
imagenet_c/frost/3/ILSVRC2012_val_00000005.JPEG,default
imagenet_c/shot_noise/3/ILSVRC2012_val_00019971.JPEG,default
imagenet_c/snow/3/ILSVRC2012_val_00039604.JPEG,default
imagenet_c/zoom_blur/5/ILSVRC2012_val_00002689.JPEG,default
imagenet_c/fog/5/ILSVRC2012_val_00038038.JPEG,default
imagenet_c/impulse_noise/3/ILSVRC2012_val_00022837.JPEG,default
imagenet_c/contrast/4/ILSVRC2012_val_00000935.JPEG,default
imagenet_c/defocus_blur/4/ILSVRC2012_val_00020687.JPEG,default
imagenet_c/brightness/3/ILSVRC2012_val_00019740.JPEG,default
imagenet_c/brightness/2/ILSVRC2012_val_00004266.JPEG,default
imagenet_c/brightness/3/ILSVRC2012_val_00038795.JPEG,default
imagenet_c/shot_noise/4/ILSVRC2012_val_00037953.JPEG,default
imagenet_c/glass_blur/5/ILSVRC2012_val_00011868.JPEG,default
imagenet_c/jpeg_compression/5/ILSVRC2012_val_00016822.JPEG,default
imagenet_c/motion_blur/4/ILSVRC2012_val_00044152.JPEG,default
imagenet_c/zoom_blur/5/ILSVRC2012_val_00028729.JPEG,default
imagenet_c/elastic_transform/4/ILSVRC2012_val_00003732.JPEG,default
imagenet_c/pixelate/4/ILSVRC2012_val_00028382.JPEG,default
imagenet_c/snow/3/ILSVRC2012_val_00030481.JPEG,default
imagenet_c/snow/5/ILSVRC2012_val_00025943.JPEG,default
imagenet_c/pixelate/5/ILSVRC2012_val_00014959.JPEG,default
imagenet_c/impulse_noise/1/ILSVRC2012_val_00021438.JPEG,default
imagenet_c/pixelate/5/ILSVRC2012_val_00039897.JPEG,default
imagenet_c/pixelate/5/ILSVRC2012_val_00007666.JPEG,default
imagenet_c/elastic_transform/3/ILSVRC2012_val_00004169.JPEG,default
imagenet_c/frost/2/ILSVRC2012_val_00027175.JPEG,default
imagenet_c/motion_blur/4/ILSVRC2012_val_00017655.JPEG,default
imagenet_c/snow/2/ILSVRC2012_val_00005741.JPEG,default
imagenet_c/gaussian_noise/5/ILSVRC2012_val_00017932.JPEG,default
imagenet_c/shot_noise/5/ILSVRC2012_val_00007784.JPEG,default
imagenet_c/zoom_blur/2/ILSVRC2012_val_00001600.JPEG,default
imagenet_c/fog/5/ILSVRC2012_val_00024159.JPEG,default
imagenet_c/elastic_transform/1/ILSVRC2012_val_00033692.JPEG,default
imagenet_c/pixelate/2/ILSVRC2012_val_00008353.JPEG,default
imagenet_c/impulse_noise/4/ILSVRC2012_val_00011415.JPEG,default
imagenet_c/snow/4/ILSVRC2012_val_00019340.JPEG,default
imagenet_c/gaussian_noise/2/ILSVRC2012_val_00044316.JPEG,default
imagenet_c/contrast/4/ILSVRC2012_val_00038610.JPEG,default
imagenet_c/motion_blur/1/ILSVRC2012_val_00017192.JPEG,default
imagenet_c/motion_blur/4/ILSVRC2012_val_00040407.JPEG,default
imagenet_c/defocus_blur/1/ILSVRC2012_val_00033955.JPEG,default
imagenet_c/motion_blur/5/ILSVRC2012_val_00039064.JPEG,default
imagenet_c/zoom_blur/3/ILSVRC2012_val_00000718.JPEG,default
imagenet_c/fog/1/ILSVRC2012_val_00044396.JPEG,default
imagenet_c/motion_blur/1/ILSVRC2012_val_00032915.JPEG,default
imagenet_c/fog/2/ILSVRC2012_val_00014910.JPEG,default
imagenet_c/shot_noise/1/ILSVRC2012_val_00006932.JPEG,default
imagenet_c/glass_blur/2/ILSVRC2012_val_00018930.JPEG,default
imagenet_c/brightness/5/ILSVRC2012_val_00032137.JPEG,default
imagenet_c/jpeg_compression/4/ILSVRC2012_val_00031362.JPEG,default
imagenet_c/glass_blur/4/ILSVRC2012_val_00005715.JPEG,default
imagenet_c/contrast/2/ILSVRC2012_val_00029433.JPEG,default
imagenet_c/brightness/4/ILSVRC2012_val_00009327.JPEG,default
imagenet_c/fog/2/ILSVRC2012_val_00000249.JPEG,default
imagenet_c/motion_blur/4/ILSVRC2012_val_00013071.JPEG,default
imagenet_c/impulse_noise/3/ILSVRC2012_val_00013483.JPEG,default
imagenet_c/frost/4/ILSVRC2012_val_00015656.JPEG,default
imagenet_c/fog/2/ILSVRC2012_val_00017436.JPEG,default
imagenet_c/zoom_blur/2/ILSVRC2012_val_00032602.JPEG,default
imagenet_c/contrast/5/ILSVRC2012_val_00021752.JPEG,default
imagenet_c/defocus_blur/1/ILSVRC2012_val_00025304.JPEG,default
imagenet_c/elastic_transform/3/ILSVRC2012_val_00035923.JPEG,default
imagenet_c/shot_noise/4/ILSVRC2012_val_00008131.JPEG,default
imagenet_c/contrast/2/ILSVRC2012_val_00026638.JPEG,default
imagenet_c/contrast/2/ILSVRC2012_val_00027513.JPEG,default
imagenet_c/gaussian_noise/3/ILSVRC2012_val_00040956.JPEG,default
imagenet_c/gaussian_noise/5/ILSVRC2012_val_00013219.JPEG,default
imagenet_c/shot_noise/3/ILSVRC2012_val_00004783.JPEG,default
imagenet_c/motion_blur/3/ILSVRC2012_val_00016028.JPEG,default
imagenet_c/snow/4/ILSVRC2012_val_00022939.JPEG,default
imagenet_c/elastic_transform/2/ILSVRC2012_val_00002740.JPEG,default
imagenet_c/brightness/4/ILSVRC2012_val_00014253.JPEG,default
imagenet_c/contrast/5/ILSVRC2012_val_00023457.JPEG,default
imagenet_c/elastic_transform/2/ILSVRC2012_val_00045570.JPEG,default
imagenet_c/impulse_noise/5/ILSVRC2012_val_00009207.JPEG,default
imagenet_c/impulse_noise/5/ILSVRC2012_val_00005956.JPEG,default
imagenet_c/impulse_noise/5/ILSVRC2012_val_00009319.JPEG,default
imagenet_c/motion_blur/4/ILSVRC2012_val_00034278.JPEG,default
imagenet_c/fog/2/ILSVRC2012_val_00037168.JPEG,default
imagenet_c/contrast/4/ILSVRC2012_val_00033416.JPEG,default
imagenet_c/zoom_blur/1/ILSVRC2012_val_00036246.JPEG,default
imagenet_c/frost/4/ILSVRC2012_val_00028726.JPEG,default
imagenet_c/fog/2/ILSVRC2012_val_00028389.JPEG,default
imagenet_c/defocus_blur/1/ILSVRC2012_val_00025103.JPEG,default
imagenet_c/impulse_noise/2/ILSVRC2012_val_00044900.JPEG,default
imagenet_c/impulse_noise/2/ILSVRC2012_val_00008312.JPEG,default
imagenet_c/brightness/1/ILSVRC2012_val_00038717.JPEG,default
imagenet_c/pixelate/4/ILSVRC2012_val_00031337.JPEG,default
imagenet_c/pixelate/1/ILSVRC2012_val_00030594.JPEG,default
imagenet_c/zoom_blur/2/ILSVRC2012_val_00043060.JPEG,default
imagenet_c/snow/1/ILSVRC2012_val_00006053.JPEG,default
imagenet_c/contrast/5/ILSVRC2012_val_00002427.JPEG,default
imagenet_c/fog/4/ILSVRC2012_val_00018682.JPEG,default
imagenet_c/motion_blur/2/ILSVRC2012_val_00012426.JPEG,default
imagenet_c/glass_blur/4/ILSVRC2012_val_00042089.JPEG,default
imagenet_c/shot_noise/4/ILSVRC2012_val_00042885.JPEG,default
imagenet_c/elastic_transform/4/ILSVRC2012_val_00024153.JPEG,default
imagenet_c/gaussian_noise/4/ILSVRC2012_val_00024879.JPEG,default
imagenet_c/defocus_blur/1/ILSVRC2012_val_00006665.JPEG,default
imagenet_c/impulse_noise/2/ILSVRC2012_val_00032198.JPEG,default
imagenet_c/pixelate/4/ILSVRC2012_val_00040102.JPEG,default
imagenet_c/jpeg_compression/5/ILSVRC2012_val_00012239.JPEG,default
imagenet_c/zoom_blur/3/ILSVRC2012_val_00029543.JPEG,default
imagenet_c/fog/1/ILSVRC2012_val_00002626.JPEG,default
imagenet_c/jpeg_compression/1/ILSVRC2012_val_00037573.JPEG,default
imagenet_c/frost/4/ILSVRC2012_val_00007210.JPEG,default
imagenet_c/pixelate/1/ILSVRC2012_val_00049752.JPEG,default
imagenet_c/pixelate/5/ILSVRC2012_val_00004712.JPEG,default
imagenet_c/contrast/5/ILSVRC2012_val_00019090.JPEG,default
imagenet_c/brightness/3/ILSVRC2012_val_00021984.JPEG,default
imagenet_c/snow/3/ILSVRC2012_val_00020355.JPEG,default
imagenet_c/glass_blur/2/ILSVRC2012_val_00036393.JPEG,default
imagenet_c/snow/2/ILSVRC2012_val_00029370.JPEG,default
imagenet_c/motion_blur/1/ILSVRC2012_val_00037631.JPEG,default
imagenet_c/gaussian_noise/4/ILSVRC2012_val_00028407.JPEG,default
imagenet_c/frost/4/ILSVRC2012_val_00025972.JPEG,default
imagenet_c/elastic_transform/2/ILSVRC2012_val_00048472.JPEG,default
imagenet_c/frost/5/ILSVRC2012_val_00016388.JPEG,default
imagenet_c/snow/3/ILSVRC2012_val_00003253.JPEG,default
imagenet_c/brightness/2/ILSVRC2012_val_00029600.JPEG,default
imagenet_c/zoom_blur/1/ILSVRC2012_val_00022385.JPEG,default
imagenet_c/frost/4/ILSVRC2012_val_00046351.JPEG,default
imagenet_c/frost/2/ILSVRC2012_val_00037550.JPEG,default
imagenet_c/zoom_blur/3/ILSVRC2012_val_00049038.JPEG,default
imagenet_c/impulse_noise/3/ILSVRC2012_val_00000493.JPEG,default
imagenet_c/frost/3/ILSVRC2012_val_00033158.JPEG,default
imagenet_c/pixelate/2/ILSVRC2012_val_00026240.JPEG,default
imagenet_c/glass_blur/2/ILSVRC2012_val_00004916.JPEG,default
imagenet_c/defocus_blur/5/ILSVRC2012_val_00034183.JPEG,default
imagenet_c/brightness/1/ILSVRC2012_val_00041052.JPEG,default
imagenet_c/pixelate/3/ILSVRC2012_val_00012700.JPEG,default
imagenet_c/zoom_blur/3/ILSVRC2012_val_00021254.JPEG,default
imagenet_c/shot_noise/1/ILSVRC2012_val_00041483.JPEG,default
imagenet_c/pixelate/2/ILSVRC2012_val_00044029.JPEG,default
imagenet_c/elastic_transform/4/ILSVRC2012_val_00012194.JPEG,default
imagenet_c/zoom_blur/1/ILSVRC2012_val_00026298.JPEG,default
imagenet_c/pixelate/5/ILSVRC2012_val_00003721.JPEG,default
imagenet_c/defocus_blur/2/ILSVRC2012_val_00044847.JPEG,default
imagenet_c/zoom_blur/3/ILSVRC2012_val_00034355.JPEG,default
imagenet_c/elastic_transform/3/ILSVRC2012_val_00042585.JPEG,default
imagenet_c/gaussian_noise/3/ILSVRC2012_val_00047294.JPEG,default
imagenet_c/frost/2/ILSVRC2012_val_00006553.JPEG,default
imagenet_c/motion_blur/4/ILSVRC2012_val_00012383.JPEG,default
imagenet_c/frost/4/ILSVRC2012_val_00039361.JPEG,default
imagenet_c/glass_blur/2/ILSVRC2012_val_00027794.JPEG,default
imagenet_c/jpeg_compression/2/ILSVRC2012_val_00008296.JPEG,default
imagenet_c/brightness/5/ILSVRC2012_val_00010753.JPEG,default
imagenet_c/motion_blur/2/ILSVRC2012_val_00039835.JPEG,default
imagenet_c/contrast/1/ILSVRC2012_val_00011421.JPEG,default
imagenet_c/impulse_noise/1/ILSVRC2012_val_00003455.JPEG,default
imagenet_c/impulse_noise/2/ILSVRC2012_val_00045617.JPEG,default
imagenet_c/motion_blur/4/ILSVRC2012_val_00010958.JPEG,default
imagenet_c/zoom_blur/1/ILSVRC2012_val_00041971.JPEG,default
imagenet_c/defocus_blur/4/ILSVRC2012_val_00000503.JPEG,default
imagenet_c/defocus_blur/2/ILSVRC2012_val_00013687.JPEG,default
imagenet_c/contrast/4/ILSVRC2012_val_00018913.JPEG,default
imagenet_c/shot_noise/4/ILSVRC2012_val_00010895.JPEG,default
imagenet_c/jpeg_compression/1/ILSVRC2012_val_00045401.JPEG,default
imagenet_c/pixelate/3/ILSVRC2012_val_00035775.JPEG,default
imagenet_c/pixelate/5/ILSVRC2012_val_00046839.JPEG,default
imagenet_c/zoom_blur/3/ILSVRC2012_val_00020899.JPEG,default
imagenet_c/pixelate/3/ILSVRC2012_val_00012890.JPEG,default
imagenet_c/elastic_transform/5/ILSVRC2012_val_00014697.JPEG,default
imagenet_c/brightness/3/ILSVRC2012_val_00033468.JPEG,default
imagenet_c/shot_noise/5/ILSVRC2012_val_00030631.JPEG,default
imagenet_c/jpeg_compression/4/ILSVRC2012_val_00010554.JPEG,default
imagenet_c/motion_blur/1/ILSVRC2012_val_00001648.JPEG,default
imagenet_c/snow/3/ILSVRC2012_val_00048854.JPEG,default
imagenet_c/frost/5/ILSVRC2012_val_00007598.JPEG,default
imagenet_c/impulse_noise/4/ILSVRC2012_val_00011456.JPEG,default
imagenet_c/impulse_noise/4/ILSVRC2012_val_00046444.JPEG,default
imagenet_c/zoom_blur/2/ILSVRC2012_val_00035642.JPEG,default
imagenet_c/shot_noise/2/ILSVRC2012_val_00012585.JPEG,default
imagenet_c/impulse_noise/3/ILSVRC2012_val_00042603.JPEG,default
imagenet_c/contrast/2/ILSVRC2012_val_00021969.JPEG,default
imagenet_c/gaussian_noise/1/ILSVRC2012_val_00006770.JPEG,default
imagenet_c/glass_blur/2/ILSVRC2012_val_00021405.JPEG,default
imagenet_c/shot_noise/2/ILSVRC2012_val_00047383.JPEG,default
imagenet_c/snow/5/ILSVRC2012_val_00031661.JPEG,default
imagenet_c/elastic_transform/2/ILSVRC2012_val_00026376.JPEG,default
imagenet_c/elastic_transform/4/ILSVRC2012_val_00028490.JPEG,default
imagenet_c/fog/3/ILSVRC2012_val_00011610.JPEG,default
imagenet_c/glass_blur/4/ILSVRC2012_val_00011361.JPEG,default
imagenet_c/brightness/3/ILSVRC2012_val_00046052.JPEG,default
imagenet_c/zoom_blur/1/ILSVRC2012_val_00023771.JPEG,default
imagenet_c/contrast/1/ILSVRC2012_val_00008043.JPEG,default
imagenet_c/brightness/2/ILSVRC2012_val_00035712.JPEG,default
imagenet_c/defocus_blur/1/ILSVRC2012_val_00003128.JPEG,default
imagenet_c/contrast/4/ILSVRC2012_val_00017225.JPEG,default
imagenet_c/glass_blur/5/ILSVRC2012_val_00003009.JPEG,default
imagenet_c/snow/1/ILSVRC2012_val_00018408.JPEG,default
imagenet_c/contrast/1/ILSVRC2012_val_00014111.JPEG,default
imagenet_c/impulse_noise/4/ILSVRC2012_val_00017364.JPEG,default
imagenet_c/brightness/1/ILSVRC2012_val_00014260.JPEG,default
imagenet_c/elastic_transform/3/ILSVRC2012_val_00018995.JPEG,default
imagenet_c/brightness/4/ILSVRC2012_val_00045822.JPEG,default
imagenet_c/fog/3/ILSVRC2012_val_00017883.JPEG,default
imagenet_c/zoom_blur/4/ILSVRC2012_val_00021622.JPEG,default
imagenet_c/zoom_blur/1/ILSVRC2012_val_00017675.JPEG,default
imagenet_c/jpeg_compression/3/ILSVRC2012_val_00005968.JPEG,default
imagenet_c/fog/1/ILSVRC2012_val_00044682.JPEG,default
imagenet_c/jpeg_compression/4/ILSVRC2012_val_00006838.JPEG,default
imagenet_c/zoom_blur/2/ILSVRC2012_val_00043640.JPEG,default
imagenet_c/jpeg_compression/3/ILSVRC2012_val_00041618.JPEG,default
imagenet_c/pixelate/5/ILSVRC2012_val_00045965.JPEG,default
imagenet_c/zoom_blur/2/ILSVRC2012_val_00029837.JPEG,default
imagenet_c/shot_noise/5/ILSVRC2012_val_00044246.JPEG,default
imagenet_c/elastic_transform/4/ILSVRC2012_val_00049837.JPEG,default
imagenet_c/pixelate/1/ILSVRC2012_val_00018544.JPEG,default
imagenet_c/defocus_blur/4/ILSVRC2012_val_00033569.JPEG,default
imagenet_c/fog/2/ILSVRC2012_val_00002266.JPEG,default
imagenet_c/pixelate/2/ILSVRC2012_val_00003315.JPEG,default
imagenet_c/elastic_transform/3/ILSVRC2012_val_00005065.JPEG,default
imagenet_c/defocus_blur/4/ILSVRC2012_val_00024196.JPEG,default
imagenet_c/elastic_transform/3/ILSVRC2012_val_00049492.JPEG,default
imagenet_c/snow/5/ILSVRC2012_val_00005638.JPEG,default
imagenet_c/motion_blur/1/ILSVRC2012_val_00040458.JPEG,default
imagenet_c/elastic_transform/1/ILSVRC2012_val_00046008.JPEG,default
imagenet_c/elastic_transform/1/ILSVRC2012_val_00036606.JPEG,default
imagenet_c/frost/3/ILSVRC2012_val_00007711.JPEG,default
imagenet_c/elastic_transform/5/ILSVRC2012_val_00013331.JPEG,default
imagenet_c/elastic_transform/4/ILSVRC2012_val_00028313.JPEG,default
imagenet_c/glass_blur/4/ILSVRC2012_val_00027710.JPEG,default
imagenet_c/jpeg_compression/2/ILSVRC2012_val_00004922.JPEG,default
imagenet_c/zoom_blur/3/ILSVRC2012_val_00014695.JPEG,default
imagenet_c/brightness/4/ILSVRC2012_val_00040379.JPEG,default
imagenet_c/frost/3/ILSVRC2012_val_00032622.JPEG,default
imagenet_c/shot_noise/5/ILSVRC2012_val_00046885.JPEG,default
imagenet_c/impulse_noise/2/ILSVRC2012_val_00007119.JPEG,default
imagenet_c/glass_blur/4/ILSVRC2012_val_00023333.JPEG,default
imagenet_c/contrast/2/ILSVRC2012_val_00006845.JPEG,default
imagenet_c/motion_blur/4/ILSVRC2012_val_00039469.JPEG,default
imagenet_c/zoom_blur/5/ILSVRC2012_val_00029583.JPEG,default
imagenet_c/snow/2/ILSVRC2012_val_00049209.JPEG,default
imagenet_c/motion_blur/1/ILSVRC2012_val_00048497.JPEG,default
imagenet_c/elastic_transform/1/ILSVRC2012_val_00017324.JPEG,default
imagenet_c/gaussian_noise/5/ILSVRC2012_val_00015850.JPEG,default
imagenet_c/gaussian_noise/3/ILSVRC2012_val_00008795.JPEG,default
imagenet_c/gaussian_noise/2/ILSVRC2012_val_00042101.JPEG,default
imagenet_c/gaussian_noise/3/ILSVRC2012_val_00017475.JPEG,default
imagenet_c/elastic_transform/5/ILSVRC2012_val_00019875.JPEG,default
imagenet_c/jpeg_compression/3/ILSVRC2012_val_00034447.JPEG,default
imagenet_c/motion_blur/3/ILSVRC2012_val_00030864.JPEG,default
imagenet_c/fog/2/ILSVRC2012_val_00016663.JPEG,default
imagenet_c/snow/1/ILSVRC2012_val_00024017.JPEG,default
imagenet_c/glass_blur/2/ILSVRC2012_val_00020695.JPEG,default
imagenet_c/frost/2/ILSVRC2012_val_00010381.JPEG,default
imagenet_c/snow/2/ILSVRC2012_val_00044932.JPEG,default
imagenet_c/fog/3/ILSVRC2012_val_00027746.JPEG,default
imagenet_c/defocus_blur/2/ILSVRC2012_val_00047468.JPEG,default
imagenet_c/snow/4/ILSVRC2012_val_00014756.JPEG,default
imagenet_c/motion_blur/2/ILSVRC2012_val_00025797.JPEG,default
imagenet_c/frost/2/ILSVRC2012_val_00015312.JPEG,default
imagenet_c/frost/4/ILSVRC2012_val_00010119.JPEG,default
imagenet_c/brightness/3/ILSVRC2012_val_00018610.JPEG,default
imagenet_c/brightness/2/ILSVRC2012_val_00007976.JPEG,default
imagenet_c/motion_blur/3/ILSVRC2012_val_00000542.JPEG,default
imagenet_c/glass_blur/2/ILSVRC2012_val_00020992.JPEG,default
imagenet_c/impulse_noise/4/ILSVRC2012_val_00021839.JPEG,default
imagenet_c/motion_blur/5/ILSVRC2012_val_00002057.JPEG,default
imagenet_c/snow/3/ILSVRC2012_val_00007428.JPEG,default
imagenet_c/motion_blur/2/ILSVRC2012_val_00012552.JPEG,default
imagenet_c/frost/3/ILSVRC2012_val_00001275.JPEG,default
imagenet_c/fog/4/ILSVRC2012_val_00042471.JPEG,default
imagenet_c/pixelate/1/ILSVRC2012_val_00030287.JPEG,default
imagenet_c/frost/2/ILSVRC2012_val_00028417.JPEG,default
imagenet_c/jpeg_compression/2/ILSVRC2012_val_00021820.JPEG,default
imagenet_c/impulse_noise/1/ILSVRC2012_val_00046720.JPEG,default
imagenet_c/elastic_transform/3/ILSVRC2012_val_00041086.JPEG,default
imagenet_c/fog/4/ILSVRC2012_val_00017902.JPEG,default
imagenet_c/jpeg_compression/4/ILSVRC2012_val_00047390.JPEG,default
imagenet_c/snow/4/ILSVRC2012_val_00033532.JPEG,default
imagenet_c/defocus_blur/4/ILSVRC2012_val_00018108.JPEG,default
imagenet_c/shot_noise/2/ILSVRC2012_val_00021640.JPEG,default
imagenet_c/fog/4/ILSVRC2012_val_00004830.JPEG,default
imagenet_c/frost/3/ILSVRC2012_val_00010219.JPEG,default
imagenet_c/jpeg_compression/3/ILSVRC2012_val_00026342.JPEG,default
imagenet_c/shot_noise/1/ILSVRC2012_val_00042985.JPEG,default
imagenet_c/impulse_noise/3/ILSVRC2012_val_00030669.JPEG,default
imagenet_c/elastic_transform/5/ILSVRC2012_val_00046315.JPEG,default
imagenet_c/contrast/2/ILSVRC2012_val_00038269.JPEG,default
imagenet_c/jpeg_compression/4/ILSVRC2012_val_00030315.JPEG,default
imagenet_c/glass_blur/5/ILSVRC2012_val_00012322.JPEG,default
imagenet_c/brightness/5/ILSVRC2012_val_00043160.JPEG,default
imagenet_c/snow/1/ILSVRC2012_val_00014981.JPEG,default
imagenet_c/motion_blur/1/ILSVRC2012_val_00015784.JPEG,default
imagenet_c/brightness/5/ILSVRC2012_val_00039319.JPEG,default
imagenet_c/impulse_noise/2/ILSVRC2012_val_00042028.JPEG,default
imagenet_c/frost/4/ILSVRC2012_val_00032570.JPEG,default
imagenet_c/impulse_noise/4/ILSVRC2012_val_00016049.JPEG,default
imagenet_c/jpeg_compression/1/ILSVRC2012_val_00044211.JPEG,default
imagenet_c/glass_blur/5/ILSVRC2012_val_00016188.JPEG,default
imagenet_c/zoom_blur/5/ILSVRC2012_val_00039929.JPEG,default
imagenet_c/gaussian_noise/3/ILSVRC2012_val_00021720.JPEG,default
imagenet_c/elastic_transform/3/ILSVRC2012_val_00001836.JPEG,default
imagenet_c/defocus_blur/4/ILSVRC2012_val_00021013.JPEG,default
imagenet_c/contrast/4/ILSVRC2012_val_00013540.JPEG,default
imagenet_c/elastic_transform/5/ILSVRC2012_val_00022203.JPEG,default
imagenet_c/motion_blur/5/ILSVRC2012_val_00010661.JPEG,default
imagenet_c/zoom_blur/4/ILSVRC2012_val_00042093.JPEG,default
imagenet_c/pixelate/3/ILSVRC2012_val_00002143.JPEG,default
imagenet_c/contrast/4/ILSVRC2012_val_00008655.JPEG,default
imagenet_c/defocus_blur/4/ILSVRC2012_val_00002199.JPEG,default
imagenet_c/motion_blur/4/ILSVRC2012_val_00046255.JPEG,default
imagenet_c/zoom_blur/2/ILSVRC2012_val_00001699.JPEG,default
imagenet_c/impulse_noise/2/ILSVRC2012_val_00023047.JPEG,default
imagenet_c/fog/1/ILSVRC2012_val_00016175.JPEG,default
imagenet_c/frost/2/ILSVRC2012_val_00014184.JPEG,default
imagenet_c/jpeg_compression/5/ILSVRC2012_val_00033075.JPEG,default
imagenet_c/snow/5/ILSVRC2012_val_00043551.JPEG,default
imagenet_c/zoom_blur/5/ILSVRC2012_val_00030381.JPEG,default
imagenet_c/glass_blur/3/ILSVRC2012_val_00020145.JPEG,default
imagenet_c/shot_noise/3/ILSVRC2012_val_00001691.JPEG,default
imagenet_c/defocus_blur/2/ILSVRC2012_val_00010926.JPEG,default
imagenet_c/impulse_noise/5/ILSVRC2012_val_00016704.JPEG,default
imagenet_c/snow/1/ILSVRC2012_val_00019035.JPEG,default
imagenet_c/snow/2/ILSVRC2012_val_00019705.JPEG,default
imagenet_c/gaussian_noise/3/ILSVRC2012_val_00000199.JPEG,default
imagenet_c/pixelate/1/ILSVRC2012_val_00010260.JPEG,default
imagenet_c/gaussian_noise/5/ILSVRC2012_val_00020125.JPEG,default
imagenet_c/snow/3/ILSVRC2012_val_00015959.JPEG,default
imagenet_c/zoom_blur/4/ILSVRC2012_val_00016250.JPEG,default
imagenet_c/motion_blur/4/ILSVRC2012_val_00021510.JPEG,default
imagenet_c/elastic_transform/5/ILSVRC2012_val_00018067.JPEG,default
imagenet_c/frost/4/ILSVRC2012_val_00031282.JPEG,default
imagenet_c/elastic_transform/1/ILSVRC2012_val_00038803.JPEG,default
imagenet_c/glass_blur/1/ILSVRC2012_val_00025948.JPEG,default
imagenet_c/jpeg_compression/5/ILSVRC2012_val_00009930.JPEG,default
imagenet_c/pixelate/4/ILSVRC2012_val_00048896.JPEG,default
imagenet_c/defocus_blur/4/ILSVRC2012_val_00003514.JPEG,default
imagenet_c/contrast/5/ILSVRC2012_val_00034362.JPEG,default
imagenet_c/motion_blur/4/ILSVRC2012_val_00007215.JPEG,default
imagenet_c/snow/1/ILSVRC2012_val_00014754.JPEG,default
imagenet_c/glass_blur/1/ILSVRC2012_val_00014387.JPEG,default
imagenet_c/zoom_blur/4/ILSVRC2012_val_00017779.JPEG,default
imagenet_c/contrast/5/ILSVRC2012_val_00025401.JPEG,default
imagenet_c/defocus_blur/4/ILSVRC2012_val_00001545.JPEG,default
imagenet_c/gaussian_noise/3/ILSVRC2012_val_00020583.JPEG,default
imagenet_c/fog/1/ILSVRC2012_val_00027575.JPEG,default
imagenet_c/motion_blur/3/ILSVRC2012_val_00028777.JPEG,default
imagenet_c/jpeg_compression/1/ILSVRC2012_val_00017993.JPEG,default
imagenet_c/elastic_transform/3/ILSVRC2012_val_00011147.JPEG,default
imagenet_c/brightness/1/ILSVRC2012_val_00015321.JPEG,default
imagenet_c/defocus_blur/1/ILSVRC2012_val_00025164.JPEG,default
imagenet_c/impulse_noise/1/ILSVRC2012_val_00044750.JPEG,default
imagenet_c/brightness/3/ILSVRC2012_val_00028592.JPEG,default
imagenet_c/fog/4/ILSVRC2012_val_00013888.JPEG,default
imagenet_c/impulse_noise/2/ILSVRC2012_val_00005269.JPEG,default
imagenet_c/zoom_blur/2/ILSVRC2012_val_00042497.JPEG,default
imagenet_c/gaussian_noise/2/ILSVRC2012_val_00032200.JPEG,default
imagenet_c/shot_noise/1/ILSVRC2012_val_00017163.JPEG,default
imagenet_c/gaussian_noise/5/ILSVRC2012_val_00028520.JPEG,default
imagenet_c/elastic_transform/1/ILSVRC2012_val_00008564.JPEG,default
imagenet_c/shot_noise/2/ILSVRC2012_val_00045448.JPEG,default
imagenet_c/jpeg_compression/1/ILSVRC2012_val_00030089.JPEG,default
imagenet_c/impulse_noise/2/ILSVRC2012_val_00033608.JPEG,default
imagenet_c/motion_blur/1/ILSVRC2012_val_00007300.JPEG,default
imagenet_c/contrast/4/ILSVRC2012_val_00002818.JPEG,default
imagenet_c/shot_noise/1/ILSVRC2012_val_00007855.JPEG,default
imagenet_c/elastic_transform/3/ILSVRC2012_val_00026715.JPEG,default
imagenet_c/motion_blur/4/ILSVRC2012_val_00015351.JPEG,default
imagenet_c/fog/3/ILSVRC2012_val_00001256.JPEG,default
imagenet_c/fog/2/ILSVRC2012_val_00012277.JPEG,default
imagenet_c/gaussian_noise/3/ILSVRC2012_val_00016690.JPEG,default
imagenet_c/shot_noise/5/ILSVRC2012_val_00018239.JPEG,default
imagenet_c/glass_blur/2/ILSVRC2012_val_00003864.JPEG,default
imagenet_c/glass_blur/1/ILSVRC2012_val_00042663.JPEG,default
imagenet_c/frost/4/ILSVRC2012_val_00008305.JPEG,default
imagenet_c/defocus_blur/4/ILSVRC2012_val_00023353.JPEG,default
imagenet_c/fog/2/ILSVRC2012_val_00017828.JPEG,default
imagenet_c/gaussian_noise/3/ILSVRC2012_val_00016876.JPEG,default
imagenet_c/gaussian_noise/5/ILSVRC2012_val_00014504.JPEG,default
imagenet_c/frost/2/ILSVRC2012_val_00008048.JPEG,default
imagenet_c/gaussian_noise/5/ILSVRC2012_val_00015277.JPEG,default
imagenet_c/glass_blur/4/ILSVRC2012_val_00034455.JPEG,default
imagenet_c/jpeg_compression/2/ILSVRC2012_val_00042164.JPEG,default
imagenet_c/zoom_blur/4/ILSVRC2012_val_00044569.JPEG,default
imagenet_c/shot_noise/1/ILSVRC2012_val_00001859.JPEG,default
imagenet_c/impulse_noise/3/ILSVRC2012_val_00009154.JPEG,default
imagenet_c/snow/1/ILSVRC2012_val_00009788.JPEG,default
imagenet_c/shot_noise/1/ILSVRC2012_val_00046326.JPEG,default
imagenet_c/snow/3/ILSVRC2012_val_00043502.JPEG,default
imagenet_c/jpeg_compression/1/ILSVRC2012_val_00037232.JPEG,default
imagenet_c/zoom_blur/5/ILSVRC2012_val_00000764.JPEG,default
imagenet_c/gaussian_noise/5/ILSVRC2012_val_00039248.JPEG,default
imagenet_c/contrast/1/ILSVRC2012_val_00020483.JPEG,default
imagenet_c/fog/4/ILSVRC2012_val_00047461.JPEG,default
imagenet_c/jpeg_compression/1/ILSVRC2012_val_00004238.JPEG,default
imagenet_c/jpeg_compression/3/ILSVRC2012_val_00045592.JPEG,default
imagenet_c/gaussian_noise/5/ILSVRC2012_val_00039000.JPEG,default
imagenet_c/defocus_blur/1/ILSVRC2012_val_00047888.JPEG,default
imagenet_c/contrast/1/ILSVRC2012_val_00010690.JPEG,default
imagenet_c/contrast/1/ILSVRC2012_val_00046746.JPEG,default
imagenet_c/pixelate/2/ILSVRC2012_val_00028906.JPEG,default
imagenet_c/frost/1/ILSVRC2012_val_00048557.JPEG,default
imagenet_c/glass_blur/1/ILSVRC2012_val_00019779.JPEG,default
imagenet_c/zoom_blur/3/ILSVRC2012_val_00030027.JPEG,default
imagenet_c/snow/2/ILSVRC2012_val_00012175.JPEG,default
imagenet_c/elastic_transform/5/ILSVRC2012_val_00001219.JPEG,default
imagenet_c/glass_blur/5/ILSVRC2012_val_00001772.JPEG,default
imagenet_c/frost/4/ILSVRC2012_val_00029145.JPEG,default
imagenet_c/pixelate/4/ILSVRC2012_val_00036332.JPEG,default
imagenet_c/shot_noise/3/ILSVRC2012_val_00041901.JPEG,default
imagenet_c/contrast/5/ILSVRC2012_val_00034211.JPEG,default
imagenet_c/brightness/4/ILSVRC2012_val_00033662.JPEG,default
imagenet_c/jpeg_compression/1/ILSVRC2012_val_00012141.JPEG,default
imagenet_c/pixelate/5/ILSVRC2012_val_00020208.JPEG,default
imagenet_c/gaussian_noise/2/ILSVRC2012_val_00045003.JPEG,default
imagenet_c/elastic_transform/3/ILSVRC2012_val_00001962.JPEG,default
imagenet_c/elastic_transform/4/ILSVRC2012_val_00038515.JPEG,default
imagenet_c/jpeg_compression/5/ILSVRC2012_val_00045014.JPEG,default
imagenet_c/glass_blur/5/ILSVRC2012_val_00045932.JPEG,default
imagenet_c/frost/5/ILSVRC2012_val_00013749.JPEG,default
imagenet_c/snow/2/ILSVRC2012_val_00012964.JPEG,default
imagenet_c/jpeg_compression/2/ILSVRC2012_val_00034642.JPEG,default
imagenet_c/brightness/3/ILSVRC2012_val_00047537.JPEG,default
imagenet_c/motion_blur/4/ILSVRC2012_val_00021414.JPEG,default
imagenet_c/fog/2/ILSVRC2012_val_00026483.JPEG,default
imagenet_c/defocus_blur/5/ILSVRC2012_val_00031790.JPEG,default
imagenet_c/defocus_blur/4/ILSVRC2012_val_00021856.JPEG,default
imagenet_c/snow/1/ILSVRC2012_val_00028005.JPEG,default
imagenet_c/shot_noise/5/ILSVRC2012_val_00048013.JPEG,default
imagenet_c/shot_noise/1/ILSVRC2012_val_00040795.JPEG,default
imagenet_c/jpeg_compression/5/ILSVRC2012_val_00048103.JPEG,default
imagenet_c/motion_blur/3/ILSVRC2012_val_00038258.JPEG,default
imagenet_c/shot_noise/5/ILSVRC2012_val_00027358.JPEG,default
imagenet_c/snow/3/ILSVRC2012_val_00033069.JPEG,default
imagenet_c/glass_blur/4/ILSVRC2012_val_00015559.JPEG,default
imagenet_c/frost/3/ILSVRC2012_val_00012771.JPEG,default
imagenet_c/shot_noise/4/ILSVRC2012_val_00036175.JPEG,default
imagenet_c/jpeg_compression/1/ILSVRC2012_val_00043377.JPEG,default
imagenet_c/elastic_transform/3/ILSVRC2012_val_00041814.JPEG,default
imagenet_c/frost/3/ILSVRC2012_val_00039052.JPEG,default
imagenet_c/impulse_noise/4/ILSVRC2012_val_00011352.JPEG,default
imagenet_c/snow/4/ILSVRC2012_val_00019724.JPEG,default
imagenet_c/frost/3/ILSVRC2012_val_00026706.JPEG,default
imagenet_c/defocus_blur/2/ILSVRC2012_val_00030467.JPEG,default
imagenet_c/impulse_noise/1/ILSVRC2012_val_00006170.JPEG,default
imagenet_c/defocus_blur/2/ILSVRC2012_val_00021014.JPEG,default
imagenet_c/snow/4/ILSVRC2012_val_00024616.JPEG,default
imagenet_c/shot_noise/3/ILSVRC2012_val_00012164.JPEG,default
imagenet_c/fog/3/ILSVRC2012_val_00010759.JPEG,default
imagenet_c/brightness/1/ILSVRC2012_val_00007189.JPEG,default
imagenet_c/jpeg_compression/4/ILSVRC2012_val_00018047.JPEG,default
imagenet_c/frost/4/ILSVRC2012_val_00035777.JPEG,default
imagenet_c/pixelate/4/ILSVRC2012_val_00020317.JPEG,default
imagenet_c/fog/3/ILSVRC2012_val_00036508.JPEG,default
imagenet_c/contrast/2/ILSVRC2012_val_00045886.JPEG,default
imagenet_c/contrast/4/ILSVRC2012_val_00025503.JPEG,default
imagenet_c/impulse_noise/1/ILSVRC2012_val_00009813.JPEG,default
imagenet_c/brightness/2/ILSVRC2012_val_00036594.JPEG,default
imagenet_c/zoom_blur/3/ILSVRC2012_val_00026695.JPEG,default
imagenet_c/snow/1/ILSVRC2012_val_00046842.JPEG,default
imagenet_c/shot_noise/2/ILSVRC2012_val_00040346.JPEG,default
imagenet_c/motion_blur/4/ILSVRC2012_val_00016149.JPEG,default
imagenet_c/elastic_transform/2/ILSVRC2012_val_00031009.JPEG,default
imagenet_c/gaussian_noise/4/ILSVRC2012_val_00013530.JPEG,default
imagenet_c/fog/4/ILSVRC2012_val_00011075.JPEG,default
imagenet_c/fog/3/ILSVRC2012_val_00008199.JPEG,default
imagenet_c/defocus_blur/4/ILSVRC2012_val_00040490.JPEG,default
imagenet_c/gaussian_noise/1/ILSVRC2012_val_00027711.JPEG,default
imagenet_c/elastic_transform/3/ILSVRC2012_val_00027467.JPEG,default
imagenet_c/defocus_blur/2/ILSVRC2012_val_00047917.JPEG,default
imagenet_c/brightness/2/ILSVRC2012_val_00011312.JPEG,default
imagenet_c/glass_blur/5/ILSVRC2012_val_00040319.JPEG,default
imagenet_c/pixelate/5/ILSVRC2012_val_00045511.JPEG,default
imagenet_c/brightness/1/ILSVRC2012_val_00003850.JPEG,default
imagenet_c/frost/4/ILSVRC2012_val_00047698.JPEG,default
imagenet_c/frost/5/ILSVRC2012_val_00008628.JPEG,default
imagenet_c/fog/5/ILSVRC2012_val_00020340.JPEG,default
imagenet_c/pixelate/1/ILSVRC2012_val_00007518.JPEG,default
imagenet_c/glass_blur/4/ILSVRC2012_val_00022973.JPEG,default
imagenet_c/fog/1/ILSVRC2012_val_00005260.JPEG,default
imagenet_c/impulse_noise/1/ILSVRC2012_val_00031800.JPEG,default
imagenet_c/jpeg_compression/5/ILSVRC2012_val_00013829.JPEG,default
imagenet_c/gaussian_noise/4/ILSVRC2012_val_00011460.JPEG,default
imagenet_c/fog/4/ILSVRC2012_val_00019307.JPEG,default
imagenet_c/pixelate/3/ILSVRC2012_val_00040721.JPEG,default
imagenet_c/snow/5/ILSVRC2012_val_00035551.JPEG,default
imagenet_c/snow/3/ILSVRC2012_val_00023430.JPEG,default
imagenet_c/elastic_transform/5/ILSVRC2012_val_00021893.JPEG,default
imagenet_c/snow/4/ILSVRC2012_val_00020643.JPEG,default
imagenet_c/motion_blur/2/ILSVRC2012_val_00029166.JPEG,default
imagenet_c/motion_blur/1/ILSVRC2012_val_00022885.JPEG,default
imagenet_c/contrast/1/ILSVRC2012_val_00000047.JPEG,default
imagenet_c/pixelate/2/ILSVRC2012_val_00005692.JPEG,default
imagenet_c/pixelate/5/ILSVRC2012_val_00041592.JPEG,default
imagenet_c/impulse_noise/1/ILSVRC2012_val_00002256.JPEG,default
imagenet_c/impulse_noise/5/ILSVRC2012_val_00041457.JPEG,default
imagenet_c/frost/3/ILSVRC2012_val_00036114.JPEG,default
imagenet_c/defocus_blur/5/ILSVRC2012_val_00037466.JPEG,default
imagenet_c/shot_noise/5/ILSVRC2012_val_00047634.JPEG,default
imagenet_c/contrast/5/ILSVRC2012_val_00033784.JPEG,default
imagenet_c/shot_noise/5/ILSVRC2012_val_00041668.JPEG,default
imagenet_c/glass_blur/5/ILSVRC2012_val_00025583.JPEG,default
imagenet_c/gaussian_noise/4/ILSVRC2012_val_00025430.JPEG,default
imagenet_c/brightness/2/ILSVRC2012_val_00023056.JPEG,default
imagenet_c/brightness/1/ILSVRC2012_val_00000957.JPEG,default
imagenet_c/jpeg_compression/1/ILSVRC2012_val_00042707.JPEG,default
imagenet_c/frost/1/ILSVRC2012_val_00003759.JPEG,default
imagenet_c/motion_blur/2/ILSVRC2012_val_00024837.JPEG,default
imagenet_c/contrast/2/ILSVRC2012_val_00048303.JPEG,default
imagenet_c/impulse_noise/3/ILSVRC2012_val_00041297.JPEG,default
imagenet_c/defocus_blur/2/ILSVRC2012_val_00020799.JPEG,default
imagenet_c/shot_noise/4/ILSVRC2012_val_00046101.JPEG,default
imagenet_c/frost/2/ILSVRC2012_val_00015489.JPEG,default
imagenet_c/pixelate/5/ILSVRC2012_val_00003111.JPEG,default
imagenet_c/brightness/2/ILSVRC2012_val_00017396.JPEG,default
imagenet_c/shot_noise/2/ILSVRC2012_val_00022777.JPEG,default
imagenet_c/elastic_transform/3/ILSVRC2012_val_00025760.JPEG,default
imagenet_c/jpeg_compression/1/ILSVRC2012_val_00042145.JPEG,default
imagenet_c/brightness/5/ILSVRC2012_val_00016201.JPEG,default
imagenet_c/fog/1/ILSVRC2012_val_00034918.JPEG,default
imagenet_c/elastic_transform/1/ILSVRC2012_val_00044221.JPEG,default
imagenet_c/pixelate/4/ILSVRC2012_val_00018740.JPEG,default
imagenet_c/snow/2/ILSVRC2012_val_00029917.JPEG,default
imagenet_c/elastic_transform/2/ILSVRC2012_val_00015466.JPEG,default
imagenet_c/shot_noise/2/ILSVRC2012_val_00046152.JPEG,default
imagenet_c/brightness/1/ILSVRC2012_val_00019881.JPEG,default
imagenet_c/elastic_transform/3/ILSVRC2012_val_00042989.JPEG,default
imagenet_c/shot_noise/5/ILSVRC2012_val_00042396.JPEG,default
imagenet_c/pixelate/3/ILSVRC2012_val_00014604.JPEG,default
imagenet_c/frost/2/ILSVRC2012_val_00024560.JPEG,default
imagenet_c/fog/1/ILSVRC2012_val_00021253.JPEG,default
imagenet_c/motion_blur/4/ILSVRC2012_val_00034078.JPEG,default
imagenet_c/zoom_blur/3/ILSVRC2012_val_00028914.JPEG,default
imagenet_c/elastic_transform/2/ILSVRC2012_val_00027110.JPEG,default
imagenet_c/frost/2/ILSVRC2012_val_00036554.JPEG,default
imagenet_c/elastic_transform/1/ILSVRC2012_val_00019147.JPEG,default
imagenet_c/pixelate/1/ILSVRC2012_val_00002434.JPEG,default
imagenet_c/defocus_blur/1/ILSVRC2012_val_00025416.JPEG,default
imagenet_c/gaussian_noise/2/ILSVRC2012_val_00036233.JPEG,default
imagenet_c/gaussian_noise/2/ILSVRC2012_val_00016675.JPEG,default
imagenet_c/frost/4/ILSVRC2012_val_00015369.JPEG,default
imagenet_c/impulse_noise/5/ILSVRC2012_val_00008355.JPEG,default
imagenet_c/motion_blur/4/ILSVRC2012_val_00028515.JPEG,default
imagenet_c/motion_blur/1/ILSVRC2012_val_00023331.JPEG,default
imagenet_c/pixelate/1/ILSVRC2012_val_00007669.JPEG,default
imagenet_c/glass_blur/2/ILSVRC2012_val_00011486.JPEG,default
imagenet_c/shot_noise/5/ILSVRC2012_val_00034204.JPEG,default
imagenet_c/elastic_transform/1/ILSVRC2012_val_00047935.JPEG,default
imagenet_c/brightness/5/ILSVRC2012_val_00007166.JPEG,default
imagenet_c/jpeg_compression/2/ILSVRC2012_val_00045944.JPEG,default
imagenet_c/glass_blur/5/ILSVRC2012_val_00017466.JPEG,default
imagenet_c/impulse_noise/1/ILSVRC2012_val_00044370.JPEG,default
imagenet_c/elastic_transform/1/ILSVRC2012_val_00017866.JPEG,default
imagenet_c/snow/4/ILSVRC2012_val_00018516.JPEG,default
imagenet_c/pixelate/5/ILSVRC2012_val_00048977.JPEG,default
imagenet_c/contrast/3/ILSVRC2012_val_00033364.JPEG,default
imagenet_c/pixelate/5/ILSVRC2012_val_00000732.JPEG,default
imagenet_c/elastic_transform/4/ILSVRC2012_val_00005183.JPEG,default
imagenet_c/impulse_noise/4/ILSVRC2012_val_00029203.JPEG,default
imagenet_c/snow/3/ILSVRC2012_val_00018001.JPEG,default
imagenet_c/elastic_transform/1/ILSVRC2012_val_00010965.JPEG,default
imagenet_c/frost/3/ILSVRC2012_val_00000619.JPEG,default
imagenet_c/elastic_transform/2/ILSVRC2012_val_00049793.JPEG,default
imagenet_c/impulse_noise/2/ILSVRC2012_val_00022560.JPEG,default
imagenet_c/glass_blur/3/ILSVRC2012_val_00030871.JPEG,default
imagenet_c/glass_blur/1/ILSVRC2012_val_00033170.JPEG,default
imagenet_c/elastic_transform/4/ILSVRC2012_val_00019395.JPEG,default
imagenet_c/defocus_blur/3/ILSVRC2012_val_00020444.JPEG,default
imagenet_c/impulse_noise/2/ILSVRC2012_val_00007935.JPEG,default
imagenet_c/contrast/1/ILSVRC2012_val_00030549.JPEG,default
imagenet_c/contrast/5/ILSVRC2012_val_00026796.JPEG,default
imagenet_c/zoom_blur/5/ILSVRC2012_val_00000032.JPEG,default
imagenet_c/pixelate/3/ILSVRC2012_val_00004028.JPEG,default
imagenet_c/elastic_transform/4/ILSVRC2012_val_00020373.JPEG,default
imagenet_c/frost/2/ILSVRC2012_val_00013026.JPEG,default
imagenet_c/fog/1/ILSVRC2012_val_00038934.JPEG,default
imagenet_c/gaussian_noise/2/ILSVRC2012_val_00005110.JPEG,default
imagenet_c/brightness/3/ILSVRC2012_val_00035463.JPEG,default
imagenet_c/elastic_transform/2/ILSVRC2012_val_00003186.JPEG,default
imagenet_c/contrast/5/ILSVRC2012_val_00036755.JPEG,default
imagenet_c/defocus_blur/1/ILSVRC2012_val_00008161.JPEG,default
imagenet_c/snow/3/ILSVRC2012_val_00026194.JPEG,default
imagenet_c/gaussian_noise/3/ILSVRC2012_val_00017247.JPEG,default
imagenet_c/glass_blur/3/ILSVRC2012_val_00011581.JPEG,default
imagenet_c/impulse_noise/1/ILSVRC2012_val_00011431.JPEG,default
imagenet_c/snow/3/ILSVRC2012_val_00009902.JPEG,default
imagenet_c/frost/1/ILSVRC2012_val_00020502.JPEG,default
imagenet_c/motion_blur/5/ILSVRC2012_val_00023845.JPEG,default
imagenet_c/impulse_noise/3/ILSVRC2012_val_00036171.JPEG,default
imagenet_c/frost/4/ILSVRC2012_val_00048180.JPEG,default
imagenet_c/gaussian_noise/2/ILSVRC2012_val_00034557.JPEG,default
imagenet_c/brightness/3/ILSVRC2012_val_00047204.JPEG,default
imagenet_c/jpeg_compression/3/ILSVRC2012_val_00025433.JPEG,default
imagenet_c/motion_blur/1/ILSVRC2012_val_00041151.JPEG,default
imagenet_c/jpeg_compression/2/ILSVRC2012_val_00042743.JPEG,default
imagenet_c/contrast/5/ILSVRC2012_val_00017291.JPEG,default
imagenet_c/defocus_blur/4/ILSVRC2012_val_00016217.JPEG,default
imagenet_c/contrast/2/ILSVRC2012_val_00043857.JPEG,default
imagenet_c/elastic_transform/2/ILSVRC2012_val_00018661.JPEG,default
imagenet_c/brightness/1/ILSVRC2012_val_00007763.JPEG,default
imagenet_c/zoom_blur/4/ILSVRC2012_val_00023039.JPEG,default
imagenet_c/zoom_blur/2/ILSVRC2012_val_00005102.JPEG,default
imagenet_c/impulse_noise/2/ILSVRC2012_val_00000913.JPEG,default
imagenet_c/elastic_transform/4/ILSVRC2012_val_00025480.JPEG,default
imagenet_c/glass_blur/4/ILSVRC2012_val_00035514.JPEG,default
imagenet_c/elastic_transform/5/ILSVRC2012_val_00027865.JPEG,default
imagenet_c/fog/5/ILSVRC2012_val_00020791.JPEG,default
imagenet_c/gaussian_noise/2/ILSVRC2012_val_00007777.JPEG,default
imagenet_c/elastic_transform/2/ILSVRC2012_val_00045821.JPEG,default
imagenet_c/defocus_blur/4/ILSVRC2012_val_00002831.JPEG,default
imagenet_c/brightness/4/ILSVRC2012_val_00002032.JPEG,default
imagenet_c/gaussian_noise/3/ILSVRC2012_val_00041280.JPEG,default
imagenet_c/fog/1/ILSVRC2012_val_00022378.JPEG,default
imagenet_c/elastic_transform/3/ILSVRC2012_val_00018056.JPEG,default
imagenet_c/motion_blur/4/ILSVRC2012_val_00036448.JPEG,default
imagenet_c/motion_blur/1/ILSVRC2012_val_00048244.JPEG,default
imagenet_c/elastic_transform/4/ILSVRC2012_val_00028468.JPEG,default
imagenet_c/zoom_blur/2/ILSVRC2012_val_00018370.JPEG,default
imagenet_c/impulse_noise/1/ILSVRC2012_val_00004592.JPEG,default
imagenet_c/elastic_transform/5/ILSVRC2012_val_00008551.JPEG,default
imagenet_c/contrast/2/ILSVRC2012_val_00016433.JPEG,default
imagenet_c/elastic_transform/3/ILSVRC2012_val_00007147.JPEG,default
imagenet_c/fog/5/ILSVRC2012_val_00037828.JPEG,default
imagenet_c/fog/1/ILSVRC2012_val_00035004.JPEG,default
imagenet_c/frost/5/ILSVRC2012_val_00045337.JPEG,default
imagenet_c/fog/2/ILSVRC2012_val_00012407.JPEG,default
imagenet_c/motion_blur/5/ILSVRC2012_val_00000780.JPEG,default
imagenet_c/zoom_blur/3/ILSVRC2012_val_00004145.JPEG,default
imagenet_c/glass_blur/3/ILSVRC2012_val_00001627.JPEG,default
imagenet_c/snow/2/ILSVRC2012_val_00029952.JPEG,default
imagenet_c/brightness/2/ILSVRC2012_val_00028207.JPEG,default
imagenet_c/shot_noise/2/ILSVRC2012_val_00021188.JPEG,default
imagenet_c/gaussian_noise/1/ILSVRC2012_val_00034629.JPEG,default
imagenet_c/frost/2/ILSVRC2012_val_00012694.JPEG,default
imagenet_c/shot_noise/2/ILSVRC2012_val_00010946.JPEG,default
imagenet_c/frost/4/ILSVRC2012_val_00006036.JPEG,default
imagenet_c/fog/4/ILSVRC2012_val_00013511.JPEG,default
imagenet_c/jpeg_compression/5/ILSVRC2012_val_00020812.JPEG,default
imagenet_c/brightness/2/ILSVRC2012_val_00025572.JPEG,default
imagenet_c/elastic_transform/2/ILSVRC2012_val_00005071.JPEG,default
imagenet_c/gaussian_noise/5/ILSVRC2012_val_00014654.JPEG,default
imagenet_c/brightness/4/ILSVRC2012_val_00041313.JPEG,default
imagenet_c/shot_noise/3/ILSVRC2012_val_00002238.JPEG,default
imagenet_c/zoom_blur/4/ILSVRC2012_val_00006829.JPEG,default
imagenet_c/gaussian_noise/5/ILSVRC2012_val_00005484.JPEG,default
imagenet_c/gaussian_noise/5/ILSVRC2012_val_00028358.JPEG,default
imagenet_c/elastic_transform/1/ILSVRC2012_val_00029791.JPEG,default
imagenet_c/motion_blur/4/ILSVRC2012_val_00028752.JPEG,default
imagenet_c/shot_noise/4/ILSVRC2012_val_00029112.JPEG,default
imagenet_c/impulse_noise/2/ILSVRC2012_val_00021911.JPEG,default
imagenet_c/brightness/1/ILSVRC2012_val_00003517.JPEG,default
imagenet_c/snow/1/ILSVRC2012_val_00048701.JPEG,default
imagenet_c/fog/4/ILSVRC2012_val_00017282.JPEG,default
imagenet_c/snow/3/ILSVRC2012_val_00020941.JPEG,default
imagenet_c/glass_blur/4/ILSVRC2012_val_00021657.JPEG,default
imagenet_c/gaussian_noise/2/ILSVRC2012_val_00032078.JPEG,default
imagenet_c/snow/5/ILSVRC2012_val_00028470.JPEG,default
imagenet_c/defocus_blur/5/ILSVRC2012_val_00034367.JPEG,default
imagenet_c/motion_blur/4/ILSVRC2012_val_00040302.JPEG,default
imagenet_c/zoom_blur/5/ILSVRC2012_val_00039015.JPEG,default
imagenet_c/elastic_transform/5/ILSVRC2012_val_00014728.JPEG,default
imagenet_c/impulse_noise/2/ILSVRC2012_val_00042117.JPEG,default
imagenet_c/snow/1/ILSVRC2012_val_00049307.JPEG,default
imagenet_c/motion_blur/4/ILSVRC2012_val_00045751.JPEG,default
imagenet_c/zoom_blur/5/ILSVRC2012_val_00003568.JPEG,default
imagenet_c/motion_blur/5/ILSVRC2012_val_00003824.JPEG,default
imagenet_c/gaussian_noise/3/ILSVRC2012_val_00027864.JPEG,default
imagenet_c/defocus_blur/5/ILSVRC2012_val_00033824.JPEG,default
imagenet_c/fog/3/ILSVRC2012_val_00005674.JPEG,default
imagenet_c/glass_blur/2/ILSVRC2012_val_00016424.JPEG,default
imagenet_c/motion_blur/1/ILSVRC2012_val_00007208.JPEG,default
imagenet_c/defocus_blur/5/ILSVRC2012_val_00019332.JPEG,default
imagenet_c/snow/5/ILSVRC2012_val_00049891.JPEG,default
imagenet_c/impulse_noise/2/ILSVRC2012_val_00028668.JPEG,default
imagenet_c/motion_blur/1/ILSVRC2012_val_00049842.JPEG,default
imagenet_c/pixelate/4/ILSVRC2012_val_00044502.JPEG,default
imagenet_c/brightness/5/ILSVRC2012_val_00020240.JPEG,default
imagenet_c/pixelate/1/ILSVRC2012_val_00015497.JPEG,default
imagenet_c/glass_blur/3/ILSVRC2012_val_00009700.JPEG,default
imagenet_c/elastic_transform/3/ILSVRC2012_val_00035657.JPEG,default
imagenet_c/gaussian_noise/4/ILSVRC2012_val_00005666.JPEG,default
imagenet_c/glass_blur/4/ILSVRC2012_val_00018561.JPEG,default
imagenet_c/contrast/4/ILSVRC2012_val_00010975.JPEG,default
imagenet_c/brightness/3/ILSVRC2012_val_00038977.JPEG,default
imagenet_c/pixelate/4/ILSVRC2012_val_00037586.JPEG,default
imagenet_c/motion_blur/5/ILSVRC2012_val_00025088.JPEG,default
imagenet_c/defocus_blur/2/ILSVRC2012_val_00037950.JPEG,default
imagenet_c/snow/4/ILSVRC2012_val_00027766.JPEG,default
imagenet_c/shot_noise/2/ILSVRC2012_val_00030752.JPEG,default
imagenet_c/glass_blur/2/ILSVRC2012_val_00025365.JPEG,default
imagenet_c/frost/5/ILSVRC2012_val_00004743.JPEG,default
imagenet_c/motion_blur/3/ILSVRC2012_val_00022994.JPEG,default
imagenet_c/impulse_noise/3/ILSVRC2012_val_00024023.JPEG,default
imagenet_c/motion_blur/3/ILSVRC2012_val_00044920.JPEG,default
imagenet_c/impulse_noise/5/ILSVRC2012_val_00030023.JPEG,default
imagenet_c/jpeg_compression/2/ILSVRC2012_val_00014521.JPEG,default
imagenet_c/pixelate/4/ILSVRC2012_val_00039891.JPEG,default
imagenet_c/impulse_noise/1/ILSVRC2012_val_00026637.JPEG,default
imagenet_c/impulse_noise/1/ILSVRC2012_val_00003174.JPEG,default
imagenet_c/frost/5/ILSVRC2012_val_00010638.JPEG,default
imagenet_c/zoom_blur/4/ILSVRC2012_val_00043554.JPEG,default
imagenet_c/elastic_transform/4/ILSVRC2012_val_00004455.JPEG,default
imagenet_c/contrast/2/ILSVRC2012_val_00008825.JPEG,default
imagenet_c/pixelate/1/ILSVRC2012_val_00008299.JPEG,default
imagenet_c/defocus_blur/5/ILSVRC2012_val_00010856.JPEG,default
imagenet_c/gaussian_noise/4/ILSVRC2012_val_00049378.JPEG,default
imagenet_c/impulse_noise/4/ILSVRC2012_val_00017907.JPEG,default
imagenet_c/glass_blur/3/ILSVRC2012_val_00037425.JPEG,default
imagenet_c/shot_noise/5/ILSVRC2012_val_00047819.JPEG,default
imagenet_c/jpeg_compression/5/ILSVRC2012_val_00044583.JPEG,default
imagenet_c/zoom_blur/2/ILSVRC2012_val_00001591.JPEG,default
imagenet_c/snow/4/ILSVRC2012_val_00045142.JPEG,default
imagenet_c/defocus_blur/1/ILSVRC2012_val_00026527.JPEG,default
imagenet_c/zoom_blur/4/ILSVRC2012_val_00015583.JPEG,default
imagenet_c/elastic_transform/1/ILSVRC2012_val_00039315.JPEG,default
imagenet_c/jpeg_compression/3/ILSVRC2012_val_00000887.JPEG,default
imagenet_c/jpeg_compression/5/ILSVRC2012_val_00025789.JPEG,default
imagenet_c/snow/5/ILSVRC2012_val_00037956.JPEG,default
imagenet_c/brightness/1/ILSVRC2012_val_00041876.JPEG,default
imagenet_c/motion_blur/3/ILSVRC2012_val_00043129.JPEG,default
imagenet_c/snow/4/ILSVRC2012_val_00035168.JPEG,default
imagenet_c/shot_noise/5/ILSVRC2012_val_00026371.JPEG,default
imagenet_c/elastic_transform/3/ILSVRC2012_val_00001889.JPEG,default
imagenet_c/snow/5/ILSVRC2012_val_00032420.JPEG,default
imagenet_c/snow/1/ILSVRC2012_val_00038888.JPEG,default
imagenet_c/jpeg_compression/3/ILSVRC2012_val_00049930.JPEG,default
imagenet_c/contrast/5/ILSVRC2012_val_00014075.JPEG,default
imagenet_c/jpeg_compression/2/ILSVRC2012_val_00000060.JPEG,default
imagenet_c/elastic_transform/1/ILSVRC2012_val_00007570.JPEG,default
imagenet_c/glass_blur/5/ILSVRC2012_val_00024194.JPEG,default
imagenet_c/pixelate/2/ILSVRC2012_val_00044460.JPEG,default
imagenet_c/pixelate/3/ILSVRC2012_val_00039288.JPEG,default
imagenet_c/brightness/3/ILSVRC2012_val_00044702.JPEG,default
imagenet_c/fog/1/ILSVRC2012_val_00047139.JPEG,default
imagenet_c/gaussian_noise/4/ILSVRC2012_val_00044902.JPEG,default
imagenet_c/elastic_transform/2/ILSVRC2012_val_00005938.JPEG,default
imagenet_c/contrast/1/ILSVRC2012_val_00022014.JPEG,default
imagenet_c/glass_blur/4/ILSVRC2012_val_00041076.JPEG,default
imagenet_c/pixelate/1/ILSVRC2012_val_00022405.JPEG,default
imagenet_c/zoom_blur/4/ILSVRC2012_val_00017688.JPEG,default
imagenet_c/pixelate/1/ILSVRC2012_val_00005121.JPEG,default
imagenet_c/impulse_noise/3/ILSVRC2012_val_00014632.JPEG,default
imagenet_c/glass_blur/4/ILSVRC2012_val_00024654.JPEG,default
imagenet_c/impulse_noise/4/ILSVRC2012_val_00028176.JPEG,default
imagenet_c/pixelate/3/ILSVRC2012_val_00013665.JPEG,default
imagenet_c/glass_blur/5/ILSVRC2012_val_00047621.JPEG,default
imagenet_c/snow/1/ILSVRC2012_val_00045567.JPEG,default
imagenet_c/snow/1/ILSVRC2012_val_00003188.JPEG,default
imagenet_c/motion_blur/2/ILSVRC2012_val_00023380.JPEG,default
imagenet_c/gaussian_noise/2/ILSVRC2012_val_00018873.JPEG,default
imagenet_c/glass_blur/3/ILSVRC2012_val_00011796.JPEG,default
imagenet_c/shot_noise/2/ILSVRC2012_val_00022523.JPEG,default
imagenet_c/contrast/2/ILSVRC2012_val_00025603.JPEG,default
imagenet_c/motion_blur/2/ILSVRC2012_val_00022649.JPEG,default
imagenet_c/shot_noise/2/ILSVRC2012_val_00017018.JPEG,default
imagenet_c/defocus_blur/5/ILSVRC2012_val_00000305.JPEG,default
imagenet_c/zoom_blur/5/ILSVRC2012_val_00043439.JPEG,default
imagenet_c/brightness/4/ILSVRC2012_val_00001897.JPEG,default
imagenet_c/jpeg_compression/1/ILSVRC2012_val_00045941.JPEG,default
imagenet_c/frost/1/ILSVRC2012_val_00028773.JPEG,default
imagenet_c/impulse_noise/1/ILSVRC2012_val_00042712.JPEG,default
imagenet_c/brightness/2/ILSVRC2012_val_00010939.JPEG,default
imagenet_c/snow/2/ILSVRC2012_val_00038096.JPEG,default
imagenet_c/gaussian_noise/2/ILSVRC2012_val_00023887.JPEG,default
imagenet_c/glass_blur/1/ILSVRC2012_val_00021733.JPEG,default
imagenet_c/impulse_noise/5/ILSVRC2012_val_00047339.JPEG,default
imagenet_c/gaussian_noise/3/ILSVRC2012_val_00014717.JPEG,default
imagenet_c/snow/5/ILSVRC2012_val_00009166.JPEG,default
imagenet_c/elastic_transform/5/ILSVRC2012_val_00000367.JPEG,default
imagenet_c/pixelate/2/ILSVRC2012_val_00002429.JPEG,default
imagenet_c/defocus_blur/5/ILSVRC2012_val_00046506.JPEG,default
imagenet_c/impulse_noise/4/ILSVRC2012_val_00030826.JPEG,default
imagenet_c/fog/2/ILSVRC2012_val_00015067.JPEG,default
imagenet_c/glass_blur/5/ILSVRC2012_val_00031725.JPEG,default
imagenet_c/fog/4/ILSVRC2012_val_00046633.JPEG,default
imagenet_c/frost/3/ILSVRC2012_val_00003436.JPEG,default
imagenet_c/gaussian_noise/4/ILSVRC2012_val_00022564.JPEG,default
imagenet_c/fog/1/ILSVRC2012_val_00032221.JPEG,default
imagenet_c/snow/4/ILSVRC2012_val_00031028.JPEG,default
imagenet_c/contrast/1/ILSVRC2012_val_00032719.JPEG,default
imagenet_c/defocus_blur/2/ILSVRC2012_val_00038244.JPEG,default
imagenet_c/defocus_blur/2/ILSVRC2012_val_00006832.JPEG,default
imagenet_c/zoom_blur/5/ILSVRC2012_val_00010855.JPEG,default
imagenet_c/jpeg_compression/2/ILSVRC2012_val_00030996.JPEG,default
imagenet_c/frost/1/ILSVRC2012_val_00030551.JPEG,default
imagenet_c/contrast/4/ILSVRC2012_val_00014569.JPEG,default
imagenet_c/shot_noise/2/ILSVRC2012_val_00037094.JPEG,default
imagenet_c/motion_blur/2/ILSVRC2012_val_00041694.JPEG,default
imagenet_c/defocus_blur/5/ILSVRC2012_val_00039792.JPEG,default
imagenet_c/frost/1/ILSVRC2012_val_00013315.JPEG,default
imagenet_c/elastic_transform/3/ILSVRC2012_val_00037531.JPEG,default
imagenet_c/brightness/1/ILSVRC2012_val_00048862.JPEG,default
imagenet_c/glass_blur/2/ILSVRC2012_val_00045846.JPEG,default
imagenet_c/shot_noise/1/ILSVRC2012_val_00027202.JPEG,default
imagenet_c/fog/2/ILSVRC2012_val_00015941.JPEG,default
imagenet_c/gaussian_noise/5/ILSVRC2012_val_00007544.JPEG,default
imagenet_c/elastic_transform/4/ILSVRC2012_val_00044203.JPEG,default
imagenet_c/jpeg_compression/3/ILSVRC2012_val_00007121.JPEG,default
imagenet_c/elastic_transform/1/ILSVRC2012_val_00032094.JPEG,default
imagenet_c/defocus_blur/3/ILSVRC2012_val_00027332.JPEG,default
imagenet_c/frost/5/ILSVRC2012_val_00017784.JPEG,default
imagenet_c/gaussian_noise/2/ILSVRC2012_val_00004068.JPEG,default
imagenet_c/frost/1/ILSVRC2012_val_00038419.JPEG,default
imagenet_c/snow/4/ILSVRC2012_val_00015079.JPEG,default
imagenet_c/fog/3/ILSVRC2012_val_00017118.JPEG,default
imagenet_c/glass_blur/4/ILSVRC2012_val_00030666.JPEG,default
imagenet_c/gaussian_noise/4/ILSVRC2012_val_00031367.JPEG,default
imagenet_c/defocus_blur/1/ILSVRC2012_val_00012745.JPEG,default
imagenet_c/glass_blur/3/ILSVRC2012_val_00032383.JPEG,default
imagenet_c/elastic_transform/2/ILSVRC2012_val_00040655.JPEG,default
imagenet_c/jpeg_compression/5/ILSVRC2012_val_00005443.JPEG,default
imagenet_c/impulse_noise/1/ILSVRC2012_val_00028590.JPEG,default
imagenet_c/pixelate/5/ILSVRC2012_val_00035251.JPEG,default
imagenet_c/glass_blur/4/ILSVRC2012_val_00029027.JPEG,default
imagenet_c/motion_blur/3/ILSVRC2012_val_00035839.JPEG,default
imagenet_c/gaussian_noise/3/ILSVRC2012_val_00027822.JPEG,default
imagenet_c/fog/5/ILSVRC2012_val_00045803.JPEG,default
imagenet_c/elastic_transform/2/ILSVRC2012_val_00014793.JPEG,default
imagenet_c/glass_blur/5/ILSVRC2012_val_00028739.JPEG,default
imagenet_c/defocus_blur/4/ILSVRC2012_val_00025117.JPEG,default
imagenet_c/motion_blur/2/ILSVRC2012_val_00007900.JPEG,default
imagenet_c/defocus_blur/1/ILSVRC2012_val_00018718.JPEG,default
imagenet_c/defocus_blur/1/ILSVRC2012_val_00028055.JPEG,default
imagenet_c/shot_noise/4/ILSVRC2012_val_00033289.JPEG,default
imagenet_c/pixelate/2/ILSVRC2012_val_00037350.JPEG,default
imagenet_c/zoom_blur/1/ILSVRC2012_val_00004596.JPEG,default
imagenet_c/snow/2/ILSVRC2012_val_00005304.JPEG,default
imagenet_c/gaussian_noise/2/ILSVRC2012_val_00035132.JPEG,default
imagenet_c/impulse_noise/3/ILSVRC2012_val_00034521.JPEG,default
imagenet_c/glass_blur/5/ILSVRC2012_val_00022002.JPEG,default
imagenet_c/jpeg_compression/5/ILSVRC2012_val_00031570.JPEG,default
imagenet_c/jpeg_compression/1/ILSVRC2012_val_00021845.JPEG,default
imagenet_c/brightness/5/ILSVRC2012_val_00001784.JPEG,default
imagenet_c/impulse_noise/5/ILSVRC2012_val_00035089.JPEG,default
imagenet_c/gaussian_noise/5/ILSVRC2012_val_00034883.JPEG,default
imagenet_c/defocus_blur/5/ILSVRC2012_val_00035870.JPEG,default
imagenet_c/pixelate/4/ILSVRC2012_val_00018635.JPEG,default
imagenet_c/defocus_blur/1/ILSVRC2012_val_00036530.JPEG,default
imagenet_c/frost/4/ILSVRC2012_val_00041787.JPEG,default
imagenet_c/glass_blur/4/ILSVRC2012_val_00026821.JPEG,default
imagenet_c/jpeg_compression/1/ILSVRC2012_val_00003167.JPEG,default
imagenet_c/pixelate/5/ILSVRC2012_val_00045461.JPEG,default
imagenet_c/elastic_transform/2/ILSVRC2012_val_00024123.JPEG,default
imagenet_c/zoom_blur/1/ILSVRC2012_val_00029596.JPEG,default
imagenet_c/zoom_blur/1/ILSVRC2012_val_00014236.JPEG,default
imagenet_c/glass_blur/2/ILSVRC2012_val_00032708.JPEG,default
imagenet_c/pixelate/4/ILSVRC2012_val_00039940.JPEG,default
imagenet_c/snow/4/ILSVRC2012_val_00023071.JPEG,default
imagenet_c/contrast/5/ILSVRC2012_val_00000636.JPEG,default
imagenet_c/gaussian_noise/4/ILSVRC2012_val_00007809.JPEG,default
imagenet_c/contrast/1/ILSVRC2012_val_00021779.JPEG,default
imagenet_c/glass_blur/1/ILSVRC2012_val_00014702.JPEG,default
imagenet_c/defocus_blur/4/ILSVRC2012_val_00011674.JPEG,default
imagenet_c/pixelate/5/ILSVRC2012_val_00021123.JPEG,default
imagenet_c/shot_noise/1/ILSVRC2012_val_00007092.JPEG,default
imagenet_c/fog/1/ILSVRC2012_val_00019296.JPEG,default
imagenet_c/snow/5/ILSVRC2012_val_00018404.JPEG,default
imagenet_c/brightness/4/ILSVRC2012_val_00010666.JPEG,default
imagenet_c/brightness/5/ILSVRC2012_val_00009650.JPEG,default
imagenet_c/impulse_noise/1/ILSVRC2012_val_00045018.JPEG,default
imagenet_c/shot_noise/4/ILSVRC2012_val_00025958.JPEG,default
imagenet_c/pixelate/3/ILSVRC2012_val_00020517.JPEG,default
imagenet_c/elastic_transform/3/ILSVRC2012_val_00045214.JPEG,default
imagenet_c/brightness/3/ILSVRC2012_val_00049949.JPEG,default
imagenet_c/brightness/5/ILSVRC2012_val_00027475.JPEG,default
imagenet_c/pixelate/1/ILSVRC2012_val_00046959.JPEG,default
imagenet_c/elastic_transform/1/ILSVRC2012_val_00022902.JPEG,default
imagenet_c/elastic_transform/5/ILSVRC2012_val_00038838.JPEG,default
imagenet_c/zoom_blur/5/ILSVRC2012_val_00033486.JPEG,default
imagenet_c/contrast/4/ILSVRC2012_val_00003194.JPEG,default
imagenet_c/shot_noise/5/ILSVRC2012_val_00044735.JPEG,default
imagenet_c/zoom_blur/4/ILSVRC2012_val_00022325.JPEG,default
imagenet_c/glass_blur/1/ILSVRC2012_val_00027414.JPEG,default
imagenet_c/frost/4/ILSVRC2012_val_00033463.JPEG,default
imagenet_c/snow/5/ILSVRC2012_val_00001647.JPEG,default
imagenet_c/elastic_transform/4/ILSVRC2012_val_00014022.JPEG,default
imagenet_c/jpeg_compression/2/ILSVRC2012_val_00038282.JPEG,default
imagenet_c/frost/1/ILSVRC2012_val_00042767.JPEG,default
imagenet_c/motion_blur/4/ILSVRC2012_val_00049039.JPEG,default
imagenet_c/jpeg_compression/2/ILSVRC2012_val_00036746.JPEG,default
imagenet_c/contrast/2/ILSVRC2012_val_00048935.JPEG,default
imagenet_c/brightness/4/ILSVRC2012_val_00036098.JPEG,default
imagenet_c/fog/1/ILSVRC2012_val_00047986.JPEG,default
imagenet_c/motion_blur/1/ILSVRC2012_val_00034522.JPEG,default
imagenet_c/zoom_blur/1/ILSVRC2012_val_00024035.JPEG,default
imagenet_c/frost/3/ILSVRC2012_val_00033133.JPEG,default
imagenet_c/pixelate/3/ILSVRC2012_val_00004082.JPEG,default
imagenet_c/elastic_transform/5/ILSVRC2012_val_00044178.JPEG,default
imagenet_c/elastic_transform/2/ILSVRC2012_val_00044939.JPEG,default
imagenet_c/motion_blur/1/ILSVRC2012_val_00009609.JPEG,default
imagenet_c/frost/2/ILSVRC2012_val_00010685.JPEG,default
imagenet_c/zoom_blur/2/ILSVRC2012_val_00044865.JPEG,default
imagenet_c/impulse_noise/1/ILSVRC2012_val_00014368.JPEG,default
imagenet_c/zoom_blur/2/ILSVRC2012_val_00037266.JPEG,default
imagenet_c/zoom_blur/4/ILSVRC2012_val_00022961.JPEG,default
imagenet_c/motion_blur/1/ILSVRC2012_val_00027569.JPEG,default
imagenet_c/shot_noise/1/ILSVRC2012_val_00003300.JPEG,default
imagenet_c/zoom_blur/4/ILSVRC2012_val_00037385.JPEG,default
imagenet_c/shot_noise/4/ILSVRC2012_val_00021749.JPEG,default
imagenet_c/pixelate/3/ILSVRC2012_val_00010216.JPEG,default
imagenet_c/contrast/3/ILSVRC2012_val_00000910.JPEG,default
imagenet_c/shot_noise/1/ILSVRC2012_val_00017587.JPEG,default
imagenet_c/elastic_transform/1/ILSVRC2012_val_00017604.JPEG,default
imagenet_c/brightness/2/ILSVRC2012_val_00030639.JPEG,default
imagenet_c/jpeg_compression/4/ILSVRC2012_val_00012641.JPEG,default
imagenet_c/zoom_blur/4/ILSVRC2012_val_00001139.JPEG,default
imagenet_c/defocus_blur/3/ILSVRC2012_val_00008489.JPEG,default
imagenet_c/contrast/3/ILSVRC2012_val_00041463.JPEG,default
imagenet_c/contrast/5/ILSVRC2012_val_00009455.JPEG,default
imagenet_c/zoom_blur/1/ILSVRC2012_val_00009971.JPEG,default
imagenet_c/motion_blur/1/ILSVRC2012_val_00042913.JPEG,default
imagenet_c/gaussian_noise/4/ILSVRC2012_val_00009122.JPEG,default
imagenet_c/gaussian_noise/3/ILSVRC2012_val_00047701.JPEG,default
imagenet_c/impulse_noise/5/ILSVRC2012_val_00035072.JPEG,default
imagenet_c/fog/2/ILSVRC2012_val_00024022.JPEG,default
imagenet_c/motion_blur/4/ILSVRC2012_val_00010235.JPEG,default
imagenet_c/snow/5/ILSVRC2012_val_00025016.JPEG,default
imagenet_c/frost/5/ILSVRC2012_val_00021722.JPEG,default
imagenet_c/zoom_blur/1/ILSVRC2012_val_00029567.JPEG,default
imagenet_c/brightness/5/ILSVRC2012_val_00018733.JPEG,default
imagenet_c/pixelate/5/ILSVRC2012_val_00045877.JPEG,default
imagenet_c/jpeg_compression/4/ILSVRC2012_val_00014986.JPEG,default
imagenet_c/glass_blur/1/ILSVRC2012_val_00045055.JPEG,default
imagenet_c/glass_blur/2/ILSVRC2012_val_00000110.JPEG,default
imagenet_c/frost/2/ILSVRC2012_val_00018745.JPEG,default
imagenet_c/brightness/1/ILSVRC2012_val_00013960.JPEG,default
imagenet_c/motion_blur/3/ILSVRC2012_val_00003506.JPEG,default
imagenet_c/snow/5/ILSVRC2012_val_00039955.JPEG,default
imagenet_c/contrast/3/ILSVRC2012_val_00006004.JPEG,default
imagenet_c/shot_noise/4/ILSVRC2012_val_00041490.JPEG,default
imagenet_c/glass_blur/5/ILSVRC2012_val_00025834.JPEG,default
imagenet_c/glass_blur/3/ILSVRC2012_val_00029922.JPEG,default
imagenet_c/shot_noise/4/ILSVRC2012_val_00033299.JPEG,default
imagenet_c/snow/3/ILSVRC2012_val_00022261.JPEG,default
imagenet_c/zoom_blur/4/ILSVRC2012_val_00037128.JPEG,default
imagenet_c/defocus_blur/4/ILSVRC2012_val_00041895.JPEG,default
imagenet_c/snow/5/ILSVRC2012_val_00045779.JPEG,default
imagenet_c/contrast/1/ILSVRC2012_val_00014841.JPEG,default
imagenet_c/brightness/4/ILSVRC2012_val_00039576.JPEG,default
imagenet_c/contrast/5/ILSVRC2012_val_00045268.JPEG,default
imagenet_c/pixelate/5/ILSVRC2012_val_00019739.JPEG,default
imagenet_c/contrast/4/ILSVRC2012_val_00000219.JPEG,default
imagenet_c/shot_noise/3/ILSVRC2012_val_00013691.JPEG,default
imagenet_c/elastic_transform/2/ILSVRC2012_val_00002248.JPEG,default
imagenet_c/frost/2/ILSVRC2012_val_00016727.JPEG,default
imagenet_c/defocus_blur/3/ILSVRC2012_val_00004115.JPEG,default
imagenet_c/pixelate/3/ILSVRC2012_val_00014015.JPEG,default
imagenet_c/snow/4/ILSVRC2012_val_00006843.JPEG,default
imagenet_c/pixelate/5/ILSVRC2012_val_00022047.JPEG,default
imagenet_c/jpeg_compression/5/ILSVRC2012_val_00004589.JPEG,default
imagenet_c/glass_blur/4/ILSVRC2012_val_00004020.JPEG,default
imagenet_c/impulse_noise/2/ILSVRC2012_val_00012056.JPEG,default
imagenet_c/brightness/4/ILSVRC2012_val_00000607.JPEG,default
imagenet_c/gaussian_noise/2/ILSVRC2012_val_00020394.JPEG,default
imagenet_c/brightness/1/ILSVRC2012_val_00017238.JPEG,default
imagenet_c/gaussian_noise/2/ILSVRC2012_val_00031576.JPEG,default
imagenet_c/gaussian_noise/5/ILSVRC2012_val_00024475.JPEG,default
imagenet_c/jpeg_compression/3/ILSVRC2012_val_00038957.JPEG,default
imagenet_c/defocus_blur/5/ILSVRC2012_val_00001188.JPEG,default
imagenet_c/shot_noise/3/ILSVRC2012_val_00037141.JPEG,default
imagenet_c/fog/5/ILSVRC2012_val_00037368.JPEG,default
imagenet_c/elastic_transform/5/ILSVRC2012_val_00047366.JPEG,default
imagenet_c/brightness/4/ILSVRC2012_val_00002142.JPEG,default
imagenet_c/defocus_blur/3/ILSVRC2012_val_00025728.JPEG,default
imagenet_c/shot_noise/5/ILSVRC2012_val_00027701.JPEG,default
imagenet_c/brightness/3/ILSVRC2012_val_00002531.JPEG,default
imagenet_c/defocus_blur/1/ILSVRC2012_val_00013642.JPEG,default
imagenet_c/impulse_noise/2/ILSVRC2012_val_00027524.JPEG,default
imagenet_c/gaussian_noise/1/ILSVRC2012_val_00041391.JPEG,default
imagenet_c/zoom_blur/5/ILSVRC2012_val_00046851.JPEG,default
imagenet_c/impulse_noise/4/ILSVRC2012_val_00045298.JPEG,default
imagenet_c/fog/1/ILSVRC2012_val_00032873.JPEG,default
imagenet_c/pixelate/1/ILSVRC2012_val_00029516.JPEG,default
imagenet_c/impulse_noise/4/ILSVRC2012_val_00044998.JPEG,default
imagenet_c/zoom_blur/1/ILSVRC2012_val_00022516.JPEG,default
imagenet_c/jpeg_compression/1/ILSVRC2012_val_00024540.JPEG,default
imagenet_c/impulse_noise/3/ILSVRC2012_val_00027850.JPEG,default
imagenet_c/frost/3/ILSVRC2012_val_00002195.JPEG,default
imagenet_c/frost/2/ILSVRC2012_val_00010992.JPEG,default
imagenet_c/contrast/2/ILSVRC2012_val_00034863.JPEG,default
imagenet_c/snow/2/ILSVRC2012_val_00049234.JPEG,default
imagenet_c/frost/4/ILSVRC2012_val_00042918.JPEG,default
imagenet_c/zoom_blur/5/ILSVRC2012_val_00005093.JPEG,default
imagenet_c/pixelate/5/ILSVRC2012_val_00027240.JPEG,default
imagenet_c/jpeg_compression/3/ILSVRC2012_val_00034974.JPEG,default
imagenet_c/brightness/4/ILSVRC2012_val_00030858.JPEG,default
imagenet_c/pixelate/5/ILSVRC2012_val_00002198.JPEG,default
imagenet_c/zoom_blur/1/ILSVRC2012_val_00031516.JPEG,default
imagenet_c/impulse_noise/4/ILSVRC2012_val_00002245.JPEG,default
imagenet_c/brightness/1/ILSVRC2012_val_00020647.JPEG,default
imagenet_c/zoom_blur/4/ILSVRC2012_val_00013679.JPEG,default
imagenet_c/fog/5/ILSVRC2012_val_00000686.JPEG,default
imagenet_c/brightness/2/ILSVRC2012_val_00020292.JPEG,default
imagenet_c/pixelate/4/ILSVRC2012_val_00036735.JPEG,default
imagenet_c/glass_blur/4/ILSVRC2012_val_00026470.JPEG,default
imagenet_c/frost/3/ILSVRC2012_val_00035225.JPEG,default
imagenet_c/impulse_noise/4/ILSVRC2012_val_00024197.JPEG,default
imagenet_c/elastic_transform/5/ILSVRC2012_val_00018684.JPEG,default
imagenet_c/gaussian_noise/1/ILSVRC2012_val_00020342.JPEG,default
imagenet_c/motion_blur/1/ILSVRC2012_val_00011114.JPEG,default
imagenet_c/frost/3/ILSVRC2012_val_00037520.JPEG,default
imagenet_c/brightness/5/ILSVRC2012_val_00012368.JPEG,default
imagenet_c/pixelate/5/ILSVRC2012_val_00016802.JPEG,default
imagenet_c/frost/3/ILSVRC2012_val_00025844.JPEG,default
imagenet_c/frost/3/ILSVRC2012_val_00030434.JPEG,default
imagenet_c/motion_blur/4/ILSVRC2012_val_00041581.JPEG,default
imagenet_c/elastic_transform/3/ILSVRC2012_val_00007296.JPEG,default
imagenet_c/glass_blur/5/ILSVRC2012_val_00030673.JPEG,default
imagenet_c/pixelate/3/ILSVRC2012_val_00021018.JPEG,default
imagenet_c/frost/5/ILSVRC2012_val_00004537.JPEG,default
imagenet_c/brightness/4/ILSVRC2012_val_00030376.JPEG,default
imagenet_c/shot_noise/3/ILSVRC2012_val_00015323.JPEG,default
imagenet_c/glass_blur/3/ILSVRC2012_val_00007859.JPEG,default
imagenet_c/jpeg_compression/3/ILSVRC2012_val_00010469.JPEG,default
imagenet_c/pixelate/5/ILSVRC2012_val_00039803.JPEG,default
imagenet_c/motion_blur/5/ILSVRC2012_val_00023980.JPEG,default
imagenet_c/snow/2/ILSVRC2012_val_00020570.JPEG,default
imagenet_c/frost/5/ILSVRC2012_val_00037355.JPEG,default
imagenet_c/impulse_noise/1/ILSVRC2012_val_00034841.JPEG,default
imagenet_c/frost/5/ILSVRC2012_val_00002347.JPEG,default
imagenet_c/gaussian_noise/2/ILSVRC2012_val_00014264.JPEG,default
imagenet_c/jpeg_compression/5/ILSVRC2012_val_00039098.JPEG,default
imagenet_c/glass_blur/4/ILSVRC2012_val_00017878.JPEG,default
imagenet_c/snow/4/ILSVRC2012_val_00044753.JPEG,default
imagenet_c/zoom_blur/2/ILSVRC2012_val_00024083.JPEG,default
imagenet_c/defocus_blur/4/ILSVRC2012_val_00019848.JPEG,default
imagenet_c/zoom_blur/4/ILSVRC2012_val_00009892.JPEG,default
imagenet_c/defocus_blur/5/ILSVRC2012_val_00028149.JPEG,default
imagenet_c/glass_blur/5/ILSVRC2012_val_00009885.JPEG,default
imagenet_c/defocus_blur/3/ILSVRC2012_val_00049145.JPEG,default
imagenet_c/gaussian_noise/5/ILSVRC2012_val_00025198.JPEG,default
imagenet_c/motion_blur/3/ILSVRC2012_val_00015441.JPEG,default
imagenet_c/glass_blur/4/ILSVRC2012_val_00044807.JPEG,default
imagenet_c/brightness/3/ILSVRC2012_val_00044447.JPEG,default
imagenet_c/snow/4/ILSVRC2012_val_00009048.JPEG,default
imagenet_c/fog/2/ILSVRC2012_val_00034586.JPEG,default
imagenet_c/jpeg_compression/3/ILSVRC2012_val_00000427.JPEG,default
imagenet_c/defocus_blur/1/ILSVRC2012_val_00001257.JPEG,default
imagenet_c/shot_noise/4/ILSVRC2012_val_00036892.JPEG,default
imagenet_c/glass_blur/4/ILSVRC2012_val_00031843.JPEG,default
imagenet_c/impulse_noise/1/ILSVRC2012_val_00048620.JPEG,default
imagenet_c/defocus_blur/1/ILSVRC2012_val_00001713.JPEG,default
imagenet_c/glass_blur/4/ILSVRC2012_val_00026305.JPEG,default
imagenet_c/glass_blur/5/ILSVRC2012_val_00042454.JPEG,default
imagenet_c/shot_noise/4/ILSVRC2012_val_00043390.JPEG,default
imagenet_c/snow/4/ILSVRC2012_val_00024552.JPEG,default
imagenet_c/motion_blur/5/ILSVRC2012_val_00015965.JPEG,default
imagenet_c/gaussian_noise/5/ILSVRC2012_val_00019840.JPEG,default
imagenet_c/jpeg_compression/1/ILSVRC2012_val_00038104.JPEG,default
imagenet_c/elastic_transform/3/ILSVRC2012_val_00012348.JPEG,default
imagenet_c/fog/3/ILSVRC2012_val_00043431.JPEG,default
imagenet_c/contrast/4/ILSVRC2012_val_00043398.JPEG,default
imagenet_c/shot_noise/3/ILSVRC2012_val_00005053.JPEG,default
imagenet_c/motion_blur/3/ILSVRC2012_val_00001839.JPEG,default
imagenet_c/zoom_blur/5/ILSVRC2012_val_00023077.JPEG,default
imagenet_c/pixelate/4/ILSVRC2012_val_00003483.JPEG,default
imagenet_c/fog/5/ILSVRC2012_val_00010775.JPEG,default
imagenet_c/fog/3/ILSVRC2012_val_00009771.JPEG,default
imagenet_c/brightness/2/ILSVRC2012_val_00047646.JPEG,default
imagenet_c/shot_noise/2/ILSVRC2012_val_00029482.JPEG,default
imagenet_c/zoom_blur/1/ILSVRC2012_val_00029193.JPEG,default
imagenet_c/defocus_blur/4/ILSVRC2012_val_00048655.JPEG,default
imagenet_c/snow/2/ILSVRC2012_val_00039354.JPEG,default
imagenet_c/snow/4/ILSVRC2012_val_00039878.JPEG,default
imagenet_c/gaussian_noise/3/ILSVRC2012_val_00009181.JPEG,default
imagenet_c/snow/5/ILSVRC2012_val_00044067.JPEG,default
imagenet_c/brightness/2/ILSVRC2012_val_00045993.JPEG,default
imagenet_c/contrast/1/ILSVRC2012_val_00047556.JPEG,default
imagenet_c/defocus_blur/5/ILSVRC2012_val_00005509.JPEG,default
imagenet_c/gaussian_noise/4/ILSVRC2012_val_00049538.JPEG,default
imagenet_c/jpeg_compression/1/ILSVRC2012_val_00047773.JPEG,default
imagenet_c/jpeg_compression/5/ILSVRC2012_val_00024027.JPEG,default
imagenet_c/snow/2/ILSVRC2012_val_00043645.JPEG,default
imagenet_c/fog/2/ILSVRC2012_val_00043869.JPEG,default
imagenet_c/fog/4/ILSVRC2012_val_00040268.JPEG,default
imagenet_c/snow/5/ILSVRC2012_val_00027231.JPEG,default
imagenet_c/jpeg_compression/3/ILSVRC2012_val_00034022.JPEG,default
imagenet_c/impulse_noise/5/ILSVRC2012_val_00040880.JPEG,default
imagenet_c/snow/4/ILSVRC2012_val_00022870.JPEG,default
imagenet_c/gaussian_noise/1/ILSVRC2012_val_00009804.JPEG,default
imagenet_c/impulse_noise/1/ILSVRC2012_val_00036001.JPEG,default
imagenet_c/pixelate/3/ILSVRC2012_val_00007239.JPEG,default
imagenet_c/contrast/3/ILSVRC2012_val_00027584.JPEG,default
imagenet_c/zoom_blur/1/ILSVRC2012_val_00020914.JPEG,default
imagenet_c/motion_blur/1/ILSVRC2012_val_00039600.JPEG,default
imagenet_c/zoom_blur/2/ILSVRC2012_val_00028061.JPEG,default
imagenet_c/gaussian_noise/3/ILSVRC2012_val_00028549.JPEG,default
imagenet_c/motion_blur/3/ILSVRC2012_val_00026253.JPEG,default
imagenet_c/motion_blur/4/ILSVRC2012_val_00029945.JPEG,default
imagenet_c/zoom_blur/5/ILSVRC2012_val_00035374.JPEG,default
imagenet_c/impulse_noise/3/ILSVRC2012_val_00014351.JPEG,default
imagenet_c/frost/3/ILSVRC2012_val_00042757.JPEG,default
imagenet_c/impulse_noise/1/ILSVRC2012_val_00046269.JPEG,default
imagenet_c/brightness/5/ILSVRC2012_val_00023517.JPEG,default
imagenet_c/fog/3/ILSVRC2012_val_00042196.JPEG,default
imagenet_c/frost/1/ILSVRC2012_val_00018592.JPEG,default
imagenet_c/snow/1/ILSVRC2012_val_00014549.JPEG,default
imagenet_c/defocus_blur/5/ILSVRC2012_val_00035440.JPEG,default
imagenet_c/frost/2/ILSVRC2012_val_00016448.JPEG,default
imagenet_c/fog/2/ILSVRC2012_val_00006224.JPEG,default
imagenet_c/defocus_blur/2/ILSVRC2012_val_00047097.JPEG,default
imagenet_c/zoom_blur/5/ILSVRC2012_val_00005722.JPEG,default
imagenet_c/frost/4/ILSVRC2012_val_00042650.JPEG,default
imagenet_c/fog/4/ILSVRC2012_val_00032476.JPEG,default
imagenet_c/defocus_blur/3/ILSVRC2012_val_00005804.JPEG,default
imagenet_c/motion_blur/3/ILSVRC2012_val_00010010.JPEG,default
imagenet_c/motion_blur/1/ILSVRC2012_val_00042002.JPEG,default
imagenet_c/shot_noise/2/ILSVRC2012_val_00032976.JPEG,default
imagenet_c/shot_noise/5/ILSVRC2012_val_00017483.JPEG,default
imagenet_c/impulse_noise/5/ILSVRC2012_val_00004036.JPEG,default
imagenet_c/elastic_transform/5/ILSVRC2012_val_00024440.JPEG,default
imagenet_c/impulse_noise/5/ILSVRC2012_val_00006746.JPEG,default
imagenet_c/pixelate/5/ILSVRC2012_val_00047170.JPEG,default
imagenet_c/impulse_noise/2/ILSVRC2012_val_00049113.JPEG,default
imagenet_c/zoom_blur/1/ILSVRC2012_val_00016945.JPEG,default
imagenet_c/snow/2/ILSVRC2012_val_00019857.JPEG,default
imagenet_c/elastic_transform/3/ILSVRC2012_val_00044056.JPEG,default
imagenet_c/jpeg_compression/2/ILSVRC2012_val_00010364.JPEG,default
imagenet_c/shot_noise/3/ILSVRC2012_val_00034659.JPEG,default
imagenet_c/brightness/1/ILSVRC2012_val_00039419.JPEG,default
imagenet_c/zoom_blur/4/ILSVRC2012_val_00038595.JPEG,default
imagenet_c/motion_blur/3/ILSVRC2012_val_00013452.JPEG,default
imagenet_c/brightness/4/ILSVRC2012_val_00036424.JPEG,default
imagenet_c/fog/2/ILSVRC2012_val_00034146.JPEG,default
imagenet_c/brightness/3/ILSVRC2012_val_00017951.JPEG,default
imagenet_c/glass_blur/2/ILSVRC2012_val_00046585.JPEG,default
imagenet_c/impulse_noise/5/ILSVRC2012_val_00002093.JPEG,default
imagenet_c/shot_noise/4/ILSVRC2012_val_00014464.JPEG,default
imagenet_c/glass_blur/1/ILSVRC2012_val_00000868.JPEG,default
imagenet_c/defocus_blur/4/ILSVRC2012_val_00016870.JPEG,default
imagenet_c/snow/1/ILSVRC2012_val_00048986.JPEG,default
imagenet_c/contrast/1/ILSVRC2012_val_00019291.JPEG,default
imagenet_c/jpeg_compression/1/ILSVRC2012_val_00029251.JPEG,default
imagenet_c/shot_noise/3/ILSVRC2012_val_00000984.JPEG,default
imagenet_c/defocus_blur/3/ILSVRC2012_val_00021922.JPEG,default
imagenet_c/glass_blur/5/ILSVRC2012_val_00044845.JPEG,default
imagenet_c/impulse_noise/3/ILSVRC2012_val_00038105.JPEG,default
imagenet_c/pixelate/3/ILSVRC2012_val_00049924.JPEG,default
imagenet_c/defocus_blur/4/ILSVRC2012_val_00048483.JPEG,default
imagenet_c/brightness/4/ILSVRC2012_val_00002898.JPEG,default
imagenet_c/glass_blur/2/ILSVRC2012_val_00021725.JPEG,default
imagenet_c/elastic_transform/3/ILSVRC2012_val_00047129.JPEG,default
imagenet_c/defocus_blur/2/ILSVRC2012_val_00023094.JPEG,default
imagenet_c/fog/1/ILSVRC2012_val_00018671.JPEG,default
imagenet_c/gaussian_noise/4/ILSVRC2012_val_00008600.JPEG,default
imagenet_c/impulse_noise/3/ILSVRC2012_val_00009751.JPEG,default
imagenet_c/brightness/5/ILSVRC2012_val_00030204.JPEG,default
imagenet_c/pixelate/2/ILSVRC2012_val_00047087.JPEG,default
imagenet_c/shot_noise/1/ILSVRC2012_val_00043783.JPEG,default
imagenet_c/glass_blur/2/ILSVRC2012_val_00045173.JPEG,default
imagenet_c/glass_blur/1/ILSVRC2012_val_00019570.JPEG,default
imagenet_c/impulse_noise/3/ILSVRC2012_val_00038363.JPEG,default
imagenet_c/jpeg_compression/4/ILSVRC2012_val_00037512.JPEG,default
imagenet_c/brightness/2/ILSVRC2012_val_00001814.JPEG,default
imagenet_c/zoom_blur/5/ILSVRC2012_val_00024369.JPEG,default
imagenet_c/contrast/4/ILSVRC2012_val_00033274.JPEG,default
imagenet_c/impulse_noise/4/ILSVRC2012_val_00039984.JPEG,default
imagenet_c/brightness/3/ILSVRC2012_val_00012010.JPEG,default
imagenet_c/impulse_noise/2/ILSVRC2012_val_00032191.JPEG,default
imagenet_c/frost/2/ILSVRC2012_val_00002577.JPEG,default
imagenet_c/shot_noise/2/ILSVRC2012_val_00017612.JPEG,default
imagenet_c/frost/2/ILSVRC2012_val_00000109.JPEG,default
imagenet_c/frost/3/ILSVRC2012_val_00024225.JPEG,default
imagenet_c/frost/5/ILSVRC2012_val_00015097.JPEG,default
imagenet_c/frost/3/ILSVRC2012_val_00047253.JPEG,default
imagenet_c/snow/3/ILSVRC2012_val_00034656.JPEG,default
imagenet_c/zoom_blur/3/ILSVRC2012_val_00000640.JPEG,default
imagenet_c/pixelate/1/ILSVRC2012_val_00032601.JPEG,default
imagenet_c/defocus_blur/1/ILSVRC2012_val_00021809.JPEG,default
imagenet_c/gaussian_noise/5/ILSVRC2012_val_00007089.JPEG,default
imagenet_c/fog/4/ILSVRC2012_val_00025833.JPEG,default
imagenet_c/gaussian_noise/5/ILSVRC2012_val_00029897.JPEG,default
imagenet_c/pixelate/1/ILSVRC2012_val_00012274.JPEG,default
imagenet_c/snow/4/ILSVRC2012_val_00025561.JPEG,default
imagenet_c/defocus_blur/5/ILSVRC2012_val_00045272.JPEG,default
imagenet_c/frost/2/ILSVRC2012_val_00046725.JPEG,default
imagenet_c/jpeg_compression/2/ILSVRC2012_val_00020048.JPEG,default
imagenet_c/fog/5/ILSVRC2012_val_00028897.JPEG,default
imagenet_c/gaussian_noise/1/ILSVRC2012_val_00044571.JPEG,default
imagenet_c/defocus_blur/4/ILSVRC2012_val_00038106.JPEG,default
imagenet_c/brightness/2/ILSVRC2012_val_00012947.JPEG,default
imagenet_c/frost/4/ILSVRC2012_val_00032905.JPEG,default
imagenet_c/brightness/4/ILSVRC2012_val_00011684.JPEG,default
imagenet_c/impulse_noise/5/ILSVRC2012_val_00002979.JPEG,default
imagenet_c/gaussian_noise/1/ILSVRC2012_val_00039453.JPEG,default
imagenet_c/brightness/3/ILSVRC2012_val_00004069.JPEG,default
imagenet_c/jpeg_compression/5/ILSVRC2012_val_00047600.JPEG,default
imagenet_c/contrast/3/ILSVRC2012_val_00025659.JPEG,default
imagenet_c/defocus_blur/2/ILSVRC2012_val_00042583.JPEG,default
imagenet_c/glass_blur/4/ILSVRC2012_val_00009040.JPEG,default
imagenet_c/snow/5/ILSVRC2012_val_00016744.JPEG,default
imagenet_c/gaussian_noise/3/ILSVRC2012_val_00032835.JPEG,default
imagenet_c/fog/5/ILSVRC2012_val_00029423.JPEG,default
imagenet_c/motion_blur/1/ILSVRC2012_val_00020516.JPEG,default
imagenet_c/jpeg_compression/1/ILSVRC2012_val_00025741.JPEG,default
imagenet_c/pixelate/4/ILSVRC2012_val_00018668.JPEG,default
imagenet_c/defocus_blur/2/ILSVRC2012_val_00010978.JPEG,default
imagenet_c/impulse_noise/2/ILSVRC2012_val_00015256.JPEG,default
imagenet_c/impulse_noise/2/ILSVRC2012_val_00026671.JPEG,default
imagenet_c/zoom_blur/5/ILSVRC2012_val_00041496.JPEG,default
imagenet_c/brightness/4/ILSVRC2012_val_00038621.JPEG,default
imagenet_c/brightness/5/ILSVRC2012_val_00007848.JPEG,default
imagenet_c/elastic_transform/4/ILSVRC2012_val_00028436.JPEG,default
imagenet_c/frost/1/ILSVRC2012_val_00036582.JPEG,default
imagenet_c/elastic_transform/3/ILSVRC2012_val_00004303.JPEG,default
imagenet_c/frost/3/ILSVRC2012_val_00046592.JPEG,default
imagenet_c/elastic_transform/3/ILSVRC2012_val_00008990.JPEG,default
imagenet_c/defocus_blur/3/ILSVRC2012_val_00034532.JPEG,default
imagenet_c/zoom_blur/2/ILSVRC2012_val_00001638.JPEG,default
imagenet_c/fog/5/ILSVRC2012_val_00004092.JPEG,default
imagenet_c/pixelate/1/ILSVRC2012_val_00030503.JPEG,default
imagenet_c/frost/4/ILSVRC2012_val_00035424.JPEG,default
imagenet_c/gaussian_noise/5/ILSVRC2012_val_00028280.JPEG,default
imagenet_c/motion_blur/5/ILSVRC2012_val_00041167.JPEG,default
imagenet_c/defocus_blur/2/ILSVRC2012_val_00047283.JPEG,default
imagenet_c/gaussian_noise/5/ILSVRC2012_val_00040946.JPEG,default
imagenet_c/zoom_blur/2/ILSVRC2012_val_00011151.JPEG,default
imagenet_c/defocus_blur/4/ILSVRC2012_val_00019392.JPEG,default
imagenet_c/gaussian_noise/1/ILSVRC2012_val_00036617.JPEG,default
imagenet_c/impulse_noise/5/ILSVRC2012_val_00037605.JPEG,default
imagenet_c/gaussian_noise/2/ILSVRC2012_val_00048893.JPEG,default
imagenet_c/motion_blur/4/ILSVRC2012_val_00018505.JPEG,default
imagenet_c/impulse_noise/4/ILSVRC2012_val_00007053.JPEG,default
imagenet_c/glass_blur/5/ILSVRC2012_val_00028561.JPEG,default
imagenet_c/zoom_blur/5/ILSVRC2012_val_00012018.JPEG,default
imagenet_c/zoom_blur/2/ILSVRC2012_val_00039482.JPEG,default
imagenet_c/frost/3/ILSVRC2012_val_00043911.JPEG,default
imagenet_c/brightness/3/ILSVRC2012_val_00001562.JPEG,default
imagenet_c/impulse_noise/4/ILSVRC2012_val_00025685.JPEG,default
imagenet_c/brightness/4/ILSVRC2012_val_00019178.JPEG,default
imagenet_c/elastic_transform/4/ILSVRC2012_val_00047553.JPEG,default
imagenet_c/elastic_transform/1/ILSVRC2012_val_00017142.JPEG,default
imagenet_c/pixelate/4/ILSVRC2012_val_00010063.JPEG,default
imagenet_c/fog/2/ILSVRC2012_val_00042939.JPEG,default
imagenet_c/defocus_blur/3/ILSVRC2012_val_00043449.JPEG,default
imagenet_c/motion_blur/4/ILSVRC2012_val_00003089.JPEG,default
imagenet_c/frost/3/ILSVRC2012_val_00044100.JPEG,default
imagenet_c/gaussian_noise/2/ILSVRC2012_val_00029606.JPEG,default
imagenet_c/jpeg_compression/1/ILSVRC2012_val_00020057.JPEG,default
imagenet_c/snow/4/ILSVRC2012_val_00037406.JPEG,default
imagenet_c/snow/2/ILSVRC2012_val_00023842.JPEG,default
imagenet_c/elastic_transform/2/ILSVRC2012_val_00019447.JPEG,default
imagenet_c/shot_noise/2/ILSVRC2012_val_00027777.JPEG,default
imagenet_c/impulse_noise/2/ILSVRC2012_val_00025939.JPEG,default
imagenet_c/zoom_blur/5/ILSVRC2012_val_00002223.JPEG,default
imagenet_c/glass_blur/5/ILSVRC2012_val_00017748.JPEG,default
imagenet_c/snow/4/ILSVRC2012_val_00014201.JPEG,default
imagenet_c/impulse_noise/4/ILSVRC2012_val_00042689.JPEG,default
imagenet_c/defocus_blur/4/ILSVRC2012_val_00010030.JPEG,default
imagenet_c/zoom_blur/4/ILSVRC2012_val_00044143.JPEG,default
imagenet_c/pixelate/5/ILSVRC2012_val_00049339.JPEG,default
imagenet_c/fog/5/ILSVRC2012_val_00034846.JPEG,default
imagenet_c/shot_noise/1/ILSVRC2012_val_00019756.JPEG,default
imagenet_c/shot_noise/4/ILSVRC2012_val_00036607.JPEG,default
imagenet_c/glass_blur/4/ILSVRC2012_val_00047069.JPEG,default
imagenet_c/contrast/3/ILSVRC2012_val_00047710.JPEG,default
imagenet_c/gaussian_noise/4/ILSVRC2012_val_00049204.JPEG,default
imagenet_c/glass_blur/5/ILSVRC2012_val_00011272.JPEG,default
imagenet_c/gaussian_noise/1/ILSVRC2012_val_00040634.JPEG,default
imagenet_c/glass_blur/1/ILSVRC2012_val_00015165.JPEG,default
imagenet_c/frost/1/ILSVRC2012_val_00043262.JPEG,default
imagenet_c/elastic_transform/2/ILSVRC2012_val_00020398.JPEG,default
imagenet_c/glass_blur/2/ILSVRC2012_val_00043340.JPEG,default
imagenet_c/contrast/1/ILSVRC2012_val_00038298.JPEG,default
imagenet_c/zoom_blur/4/ILSVRC2012_val_00048100.JPEG,default
imagenet_c/gaussian_noise/2/ILSVRC2012_val_00016736.JPEG,default
imagenet_c/fog/4/ILSVRC2012_val_00019692.JPEG,default
imagenet_c/snow/1/ILSVRC2012_val_00001796.JPEG,default
imagenet_c/glass_blur/1/ILSVRC2012_val_00026825.JPEG,default
imagenet_c/pixelate/3/ILSVRC2012_val_00007640.JPEG,default
imagenet_c/pixelate/3/ILSVRC2012_val_00007883.JPEG,default
imagenet_c/motion_blur/2/ILSVRC2012_val_00035880.JPEG,default
imagenet_c/fog/4/ILSVRC2012_val_00038076.JPEG,default
imagenet_c/glass_blur/2/ILSVRC2012_val_00000987.JPEG,default
imagenet_c/frost/3/ILSVRC2012_val_00021234.JPEG,default
imagenet_c/shot_noise/1/ILSVRC2012_val_00030570.JPEG,default
imagenet_c/glass_blur/3/ILSVRC2012_val_00045706.JPEG,default
imagenet_c/zoom_blur/2/ILSVRC2012_val_00048196.JPEG,default
imagenet_c/zoom_blur/1/ILSVRC2012_val_00032913.JPEG,default
imagenet_c/shot_noise/1/ILSVRC2012_val_00015901.JPEG,default
imagenet_c/shot_noise/4/ILSVRC2012_val_00001175.JPEG,default
imagenet_c/impulse_noise/4/ILSVRC2012_val_00042826.JPEG,default
imagenet_c/jpeg_compression/3/ILSVRC2012_val_00036627.JPEG,default
imagenet_c/jpeg_compression/2/ILSVRC2012_val_00023453.JPEG,default
imagenet_c/impulse_noise/1/ILSVRC2012_val_00049625.JPEG,default
imagenet_c/frost/3/ILSVRC2012_val_00042218.JPEG,default
imagenet_c/fog/4/ILSVRC2012_val_00018528.JPEG,default
imagenet_c/gaussian_noise/3/ILSVRC2012_val_00013341.JPEG,default
imagenet_c/defocus_blur/4/ILSVRC2012_val_00009874.JPEG,default
imagenet_c/snow/5/ILSVRC2012_val_00027769.JPEG,default
imagenet_c/shot_noise/2/ILSVRC2012_val_00009571.JPEG,default
imagenet_c/contrast/5/ILSVRC2012_val_00026391.JPEG,default
imagenet_c/motion_blur/4/ILSVRC2012_val_00000120.JPEG,default
imagenet_c/zoom_blur/1/ILSVRC2012_val_00035693.JPEG,default
imagenet_c/brightness/1/ILSVRC2012_val_00001294.JPEG,default
imagenet_c/zoom_blur/2/ILSVRC2012_val_00010053.JPEG,default
imagenet_c/zoom_blur/3/ILSVRC2012_val_00021375.JPEG,default
imagenet_c/elastic_transform/4/ILSVRC2012_val_00038830.JPEG,default
imagenet_c/shot_noise/5/ILSVRC2012_val_00014243.JPEG,default
imagenet_c/fog/3/ILSVRC2012_val_00026206.JPEG,default
imagenet_c/fog/2/ILSVRC2012_val_00022141.JPEG,default
imagenet_c/fog/3/ILSVRC2012_val_00000118.JPEG,default
imagenet_c/elastic_transform/4/ILSVRC2012_val_00005623.JPEG,default
imagenet_c/jpeg_compression/4/ILSVRC2012_val_00016418.JPEG,default
imagenet_c/pixelate/1/ILSVRC2012_val_00005660.JPEG,default
imagenet_c/frost/5/ILSVRC2012_val_00034428.JPEG,default
imagenet_c/zoom_blur/1/ILSVRC2012_val_00023762.JPEG,default
imagenet_c/fog/5/ILSVRC2012_val_00030354.JPEG,default
imagenet_c/pixelate/1/ILSVRC2012_val_00032108.JPEG,default
imagenet_c/zoom_blur/2/ILSVRC2012_val_00018274.JPEG,default
imagenet_c/pixelate/1/ILSVRC2012_val_00005136.JPEG,default
imagenet_c/glass_blur/1/ILSVRC2012_val_00004833.JPEG,default
imagenet_c/pixelate/2/ILSVRC2012_val_00032857.JPEG,default
imagenet_c/elastic_transform/2/ILSVRC2012_val_00005193.JPEG,default
imagenet_c/brightness/4/ILSVRC2012_val_00011426.JPEG,default
imagenet_c/brightness/3/ILSVRC2012_val_00044935.JPEG,default
imagenet_c/pixelate/4/ILSVRC2012_val_00041079.JPEG,default
imagenet_c/contrast/5/ILSVRC2012_val_00035975.JPEG,default
imagenet_c/impulse_noise/4/ILSVRC2012_val_00043082.JPEG,default
imagenet_c/elastic_transform/4/ILSVRC2012_val_00003678.JPEG,default
imagenet_c/zoom_blur/1/ILSVRC2012_val_00045616.JPEG,default
imagenet_c/defocus_blur/5/ILSVRC2012_val_00004111.JPEG,default
imagenet_c/gaussian_noise/1/ILSVRC2012_val_00049486.JPEG,default
imagenet_c/fog/3/ILSVRC2012_val_00003433.JPEG,default
imagenet_c/motion_blur/4/ILSVRC2012_val_00024554.JPEG,default
imagenet_c/motion_blur/4/ILSVRC2012_val_00026974.JPEG,default
imagenet_c/brightness/1/ILSVRC2012_val_00001318.JPEG,default
imagenet_c/gaussian_noise/1/ILSVRC2012_val_00023002.JPEG,default
imagenet_c/gaussian_noise/1/ILSVRC2012_val_00009495.JPEG,default
imagenet_c/pixelate/5/ILSVRC2012_val_00042293.JPEG,default
imagenet_c/shot_noise/1/ILSVRC2012_val_00011912.JPEG,default
imagenet_c/gaussian_noise/4/ILSVRC2012_val_00038208.JPEG,default
imagenet_c/snow/5/ILSVRC2012_val_00005049.JPEG,default
imagenet_c/contrast/2/ILSVRC2012_val_00043663.JPEG,default
imagenet_c/snow/3/ILSVRC2012_val_00015460.JPEG,default
imagenet_c/gaussian_noise/2/ILSVRC2012_val_00000382.JPEG,default
imagenet_c/elastic_transform/4/ILSVRC2012_val_00017922.JPEG,default
imagenet_c/shot_noise/4/ILSVRC2012_val_00014509.JPEG,default
imagenet_c/zoom_blur/2/ILSVRC2012_val_00020408.JPEG,default
imagenet_c/frost/1/ILSVRC2012_val_00002240.JPEG,default
imagenet_c/frost/2/ILSVRC2012_val_00016792.JPEG,default
imagenet_c/motion_blur/4/ILSVRC2012_val_00027379.JPEG,default
imagenet_c/jpeg_compression/4/ILSVRC2012_val_00036071.JPEG,default
imagenet_c/gaussian_noise/5/ILSVRC2012_val_00049526.JPEG,default
imagenet_c/motion_blur/2/ILSVRC2012_val_00003553.JPEG,default
imagenet_c/pixelate/5/ILSVRC2012_val_00041078.JPEG,default
imagenet_c/impulse_noise/2/ILSVRC2012_val_00025450.JPEG,default
imagenet_c/zoom_blur/1/ILSVRC2012_val_00042490.JPEG,default
imagenet_c/defocus_blur/1/ILSVRC2012_val_00041525.JPEG,default
imagenet_c/elastic_transform/2/ILSVRC2012_val_00035302.JPEG,default
imagenet_c/impulse_noise/1/ILSVRC2012_val_00029968.JPEG,default
imagenet_c/elastic_transform/1/ILSVRC2012_val_00017051.JPEG,default
imagenet_c/motion_blur/1/ILSVRC2012_val_00036104.JPEG,default
imagenet_c/impulse_noise/5/ILSVRC2012_val_00046890.JPEG,default
imagenet_c/brightness/5/ILSVRC2012_val_00030645.JPEG,default
imagenet_c/motion_blur/2/ILSVRC2012_val_00039006.JPEG,default
imagenet_c/frost/1/ILSVRC2012_val_00029757.JPEG,default
imagenet_c/impulse_noise/5/ILSVRC2012_val_00007943.JPEG,default
imagenet_c/pixelate/4/ILSVRC2012_val_00045008.JPEG,default
imagenet_c/motion_blur/5/ILSVRC2012_val_00003199.JPEG,default
imagenet_c/pixelate/3/ILSVRC2012_val_00014202.JPEG,default
imagenet_c/snow/4/ILSVRC2012_val_00033957.JPEG,default
imagenet_c/pixelate/2/ILSVRC2012_val_00031265.JPEG,default
imagenet_c/fog/4/ILSVRC2012_val_00016793.JPEG,default
imagenet_c/contrast/4/ILSVRC2012_val_00038094.JPEG,default
imagenet_c/motion_blur/3/ILSVRC2012_val_00005024.JPEG,default
imagenet_c/pixelate/3/ILSVRC2012_val_00021391.JPEG,default
imagenet_c/elastic_transform/2/ILSVRC2012_val_00028662.JPEG,default
imagenet_c/fog/5/ILSVRC2012_val_00022356.JPEG,default
imagenet_c/fog/3/ILSVRC2012_val_00026864.JPEG,default
imagenet_c/shot_noise/5/ILSVRC2012_val_00011648.JPEG,default
imagenet_c/impulse_noise/5/ILSVRC2012_val_00007442.JPEG,default
imagenet_c/defocus_blur/5/ILSVRC2012_val_00014868.JPEG,default
imagenet_c/shot_noise/3/ILSVRC2012_val_00005478.JPEG,default
imagenet_c/snow/4/ILSVRC2012_val_00043102.JPEG,default
imagenet_c/glass_blur/3/ILSVRC2012_val_00004043.JPEG,default
imagenet_c/motion_blur/1/ILSVRC2012_val_00008291.JPEG,default
imagenet_c/frost/5/ILSVRC2012_val_00020505.JPEG,default
imagenet_c/snow/2/ILSVRC2012_val_00018193.JPEG,default
imagenet_c/motion_blur/3/ILSVRC2012_val_00046424.JPEG,default
imagenet_c/snow/5/ILSVRC2012_val_00013455.JPEG,default
imagenet_c/impulse_noise/5/ILSVRC2012_val_00027393.JPEG,default
imagenet_c/impulse_noise/3/ILSVRC2012_val_00046641.JPEG,default
imagenet_c/elastic_transform/1/ILSVRC2012_val_00040459.JPEG,default
imagenet_c/contrast/3/ILSVRC2012_val_00001403.JPEG,default
imagenet_c/frost/5/ILSVRC2012_val_00046854.JPEG,default
imagenet_c/motion_blur/3/ILSVRC2012_val_00001207.JPEG,default
imagenet_c/pixelate/3/ILSVRC2012_val_00030789.JPEG,default
imagenet_c/zoom_blur/3/ILSVRC2012_val_00033143.JPEG,default
imagenet_c/defocus_blur/5/ILSVRC2012_val_00020862.JPEG,default
imagenet_c/contrast/5/ILSVRC2012_val_00016482.JPEG,default
imagenet_c/jpeg_compression/4/ILSVRC2012_val_00010375.JPEG,default
imagenet_c/elastic_transform/3/ILSVRC2012_val_00001192.JPEG,default
imagenet_c/jpeg_compression/3/ILSVRC2012_val_00047661.JPEG,default
imagenet_c/fog/3/ILSVRC2012_val_00049078.JPEG,default
imagenet_c/zoom_blur/5/ILSVRC2012_val_00013597.JPEG,default
imagenet_c/motion_blur/4/ILSVRC2012_val_00039491.JPEG,default
imagenet_c/pixelate/5/ILSVRC2012_val_00042096.JPEG,default
imagenet_c/brightness/3/ILSVRC2012_val_00034389.JPEG,default
imagenet_c/motion_blur/2/ILSVRC2012_val_00034281.JPEG,default
imagenet_c/snow/5/ILSVRC2012_val_00005862.JPEG,default
imagenet_c/brightness/2/ILSVRC2012_val_00043939.JPEG,default
imagenet_c/contrast/3/ILSVRC2012_val_00013987.JPEG,default
imagenet_c/impulse_noise/1/ILSVRC2012_val_00015295.JPEG,default
imagenet_c/pixelate/4/ILSVRC2012_val_00048610.JPEG,default
imagenet_c/contrast/4/ILSVRC2012_val_00023556.JPEG,default
imagenet_c/glass_blur/5/ILSVRC2012_val_00031770.JPEG,default
imagenet_c/motion_blur/1/ILSVRC2012_val_00047910.JPEG,default
imagenet_c/defocus_blur/4/ILSVRC2012_val_00006759.JPEG,default
imagenet_c/zoom_blur/5/ILSVRC2012_val_00016927.JPEG,default
imagenet_c/elastic_transform/5/ILSVRC2012_val_00045982.JPEG,default
imagenet_c/shot_noise/3/ILSVRC2012_val_00031503.JPEG,default
imagenet_c/fog/1/ILSVRC2012_val_00026955.JPEG,default
imagenet_c/shot_noise/3/ILSVRC2012_val_00016588.JPEG,default
imagenet_c/brightness/2/ILSVRC2012_val_00016766.JPEG,default
imagenet_c/impulse_noise/1/ILSVRC2012_val_00039609.JPEG,default
imagenet_c/motion_blur/5/ILSVRC2012_val_00011438.JPEG,default
imagenet_c/fog/4/ILSVRC2012_val_00011773.JPEG,default
imagenet_c/brightness/4/ILSVRC2012_val_00024028.JPEG,default
imagenet_c/fog/5/ILSVRC2012_val_00035270.JPEG,default
imagenet_c/brightness/3/ILSVRC2012_val_00019606.JPEG,default
imagenet_c/contrast/2/ILSVRC2012_val_00035830.JPEG,default
imagenet_c/motion_blur/5/ILSVRC2012_val_00014685.JPEG,default
imagenet_c/elastic_transform/2/ILSVRC2012_val_00035992.JPEG,default
imagenet_c/elastic_transform/4/ILSVRC2012_val_00016004.JPEG,default
imagenet_c/contrast/5/ILSVRC2012_val_00013118.JPEG,default
imagenet_c/fog/3/ILSVRC2012_val_00045319.JPEG,default
imagenet_c/contrast/1/ILSVRC2012_val_00045882.JPEG,default
imagenet_c/jpeg_compression/1/ILSVRC2012_val_00037775.JPEG,default
imagenet_c/gaussian_noise/4/ILSVRC2012_val_00000173.JPEG,default
imagenet_c/glass_blur/1/ILSVRC2012_val_00028147.JPEG,default
imagenet_c/defocus_blur/5/ILSVRC2012_val_00040858.JPEG,default
imagenet_c/impulse_noise/5/ILSVRC2012_val_00016381.JPEG,default
imagenet_c/fog/1/ILSVRC2012_val_00006688.JPEG,default
imagenet_c/jpeg_compression/5/ILSVRC2012_val_00039920.JPEG,default
imagenet_c/jpeg_compression/2/ILSVRC2012_val_00022647.JPEG,default
imagenet_c/fog/1/ILSVRC2012_val_00039930.JPEG,default
imagenet_c/motion_blur/4/ILSVRC2012_val_00004196.JPEG,default
imagenet_c/brightness/1/ILSVRC2012_val_00030172.JPEG,default
imagenet_c/shot_noise/4/ILSVRC2012_val_00048774.JPEG,default
imagenet_c/frost/3/ILSVRC2012_val_00044169.JPEG,default
imagenet_c/motion_blur/2/ILSVRC2012_val_00009264.JPEG,default
imagenet_c/elastic_transform/4/ILSVRC2012_val_00029643.JPEG,default
imagenet_c/brightness/1/ILSVRC2012_val_00025332.JPEG,default
imagenet_c/fog/5/ILSVRC2012_val_00003704.JPEG,default
imagenet_c/shot_noise/1/ILSVRC2012_val_00024871.JPEG,default
imagenet_c/gaussian_noise/4/ILSVRC2012_val_00020127.JPEG,default
imagenet_c/impulse_noise/4/ILSVRC2012_val_00042950.JPEG,default
imagenet_c/jpeg_compression/3/ILSVRC2012_val_00016516.JPEG,default
imagenet_c/shot_noise/5/ILSVRC2012_val_00028447.JPEG,default
imagenet_c/jpeg_compression/1/ILSVRC2012_val_00049034.JPEG,default
imagenet_c/glass_blur/1/ILSVRC2012_val_00013544.JPEG,default
imagenet_c/fog/2/ILSVRC2012_val_00047760.JPEG,default
imagenet_c/frost/5/ILSVRC2012_val_00003532.JPEG,default
imagenet_c/pixelate/2/ILSVRC2012_val_00016906.JPEG,default
imagenet_c/contrast/3/ILSVRC2012_val_00003473.JPEG,default
imagenet_c/pixelate/4/ILSVRC2012_val_00019163.JPEG,default
imagenet_c/shot_noise/4/ILSVRC2012_val_00034074.JPEG,default
imagenet_c/impulse_noise/4/ILSVRC2012_val_00008754.JPEG,default
imagenet_c/pixelate/3/ILSVRC2012_val_00007751.JPEG,default
imagenet_c/impulse_noise/2/ILSVRC2012_val_00026631.JPEG,default
imagenet_c/snow/5/ILSVRC2012_val_00045892.JPEG,default
imagenet_c/glass_blur/4/ILSVRC2012_val_00034423.JPEG,default
imagenet_c/elastic_transform/4/ILSVRC2012_val_00028466.JPEG,default
imagenet_c/defocus_blur/3/ILSVRC2012_val_00013097.JPEG,default
imagenet_c/defocus_blur/1/ILSVRC2012_val_00040023.JPEG,default
imagenet_c/contrast/1/ILSVRC2012_val_00018445.JPEG,default
imagenet_c/brightness/5/ILSVRC2012_val_00002159.JPEG,default
imagenet_c/jpeg_compression/3/ILSVRC2012_val_00007543.JPEG,default
imagenet_c/frost/3/ILSVRC2012_val_00021768.JPEG,default
imagenet_c/elastic_transform/5/ILSVRC2012_val_00048369.JPEG,default
imagenet_c/frost/2/ILSVRC2012_val_00044002.JPEG,default
imagenet_c/jpeg_compression/3/ILSVRC2012_val_00002104.JPEG,default
imagenet_c/elastic_transform/4/ILSVRC2012_val_00045231.JPEG,default
imagenet_c/impulse_noise/4/ILSVRC2012_val_00032569.JPEG,default
imagenet_c/pixelate/2/ILSVRC2012_val_00025012.JPEG,default
imagenet_c/snow/1/ILSVRC2012_val_00042508.JPEG,default
imagenet_c/snow/5/ILSVRC2012_val_00003701.JPEG,default
imagenet_c/snow/5/ILSVRC2012_val_00016102.JPEG,default
imagenet_c/pixelate/5/ILSVRC2012_val_00035146.JPEG,default
imagenet_c/motion_blur/4/ILSVRC2012_val_00045106.JPEG,default
imagenet_c/defocus_blur/2/ILSVRC2012_val_00028687.JPEG,default
imagenet_c/elastic_transform/3/ILSVRC2012_val_00031326.JPEG,default
imagenet_c/snow/5/ILSVRC2012_val_00049784.JPEG,default
imagenet_c/snow/2/ILSVRC2012_val_00037964.JPEG,default
imagenet_c/motion_blur/4/ILSVRC2012_val_00012311.JPEG,default
imagenet_c/motion_blur/4/ILSVRC2012_val_00018187.JPEG,default
imagenet_c/zoom_blur/4/ILSVRC2012_val_00017128.JPEG,default
imagenet_c/zoom_blur/1/ILSVRC2012_val_00040801.JPEG,default
imagenet_c/fog/2/ILSVRC2012_val_00038388.JPEG,default
imagenet_c/impulse_noise/3/ILSVRC2012_val_00041104.JPEG,default
imagenet_c/jpeg_compression/1/ILSVRC2012_val_00049634.JPEG,default
imagenet_c/motion_blur/3/ILSVRC2012_val_00004104.JPEG,default
imagenet_c/motion_blur/4/ILSVRC2012_val_00007346.JPEG,default
imagenet_c/zoom_blur/3/ILSVRC2012_val_00006596.JPEG,default
imagenet_c/gaussian_noise/5/ILSVRC2012_val_00038752.JPEG,default
imagenet_c/impulse_noise/4/ILSVRC2012_val_00037092.JPEG,default
imagenet_c/frost/5/ILSVRC2012_val_00005425.JPEG,default
imagenet_c/defocus_blur/4/ILSVRC2012_val_00031789.JPEG,default
imagenet_c/contrast/3/ILSVRC2012_val_00008656.JPEG,default
imagenet_c/pixelate/5/ILSVRC2012_val_00033979.JPEG,default
imagenet_c/defocus_blur/2/ILSVRC2012_val_00019505.JPEG,default
imagenet_c/shot_noise/4/ILSVRC2012_val_00033201.JPEG,default
imagenet_c/snow/5/ILSVRC2012_val_00016127.JPEG,default
imagenet_c/glass_blur/2/ILSVRC2012_val_00014325.JPEG,default
imagenet_c/defocus_blur/2/ILSVRC2012_val_00003641.JPEG,default
imagenet_c/fog/3/ILSVRC2012_val_00048713.JPEG,default
imagenet_c/pixelate/5/ILSVRC2012_val_00021383.JPEG,default
imagenet_c/pixelate/4/ILSVRC2012_val_00043703.JPEG,default
imagenet_c/glass_blur/3/ILSVRC2012_val_00035033.JPEG,default
imagenet_c/gaussian_noise/1/ILSVRC2012_val_00049767.JPEG,default
imagenet_c/brightness/5/ILSVRC2012_val_00031999.JPEG,default
imagenet_c/snow/3/ILSVRC2012_val_00016856.JPEG,default
imagenet_c/shot_noise/1/ILSVRC2012_val_00033941.JPEG,default
imagenet_c/frost/5/ILSVRC2012_val_00028732.JPEG,default
imagenet_c/elastic_transform/1/ILSVRC2012_val_00035779.JPEG,default
imagenet_c/snow/5/ILSVRC2012_val_00031632.JPEG,default
imagenet_c/motion_blur/1/ILSVRC2012_val_00031578.JPEG,default
imagenet_c/gaussian_noise/3/ILSVRC2012_val_00001035.JPEG,default
imagenet_c/gaussian_noise/4/ILSVRC2012_val_00015012.JPEG,default
imagenet_c/glass_blur/1/ILSVRC2012_val_00046416.JPEG,default
imagenet_c/brightness/2/ILSVRC2012_val_00009131.JPEG,default
imagenet_c/shot_noise/2/ILSVRC2012_val_00006508.JPEG,default
imagenet_c/elastic_transform/1/ILSVRC2012_val_00005980.JPEG,default
imagenet_c/snow/3/ILSVRC2012_val_00048324.JPEG,default
imagenet_c/snow/4/ILSVRC2012_val_00047098.JPEG,default
imagenet_c/frost/3/ILSVRC2012_val_00019990.JPEG,default
imagenet_c/fog/5/ILSVRC2012_val_00009882.JPEG,default
imagenet_c/pixelate/3/ILSVRC2012_val_00036986.JPEG,default
imagenet_c/shot_noise/1/ILSVRC2012_val_00031307.JPEG,default
imagenet_c/shot_noise/4/ILSVRC2012_val_00014303.JPEG,default
imagenet_c/glass_blur/5/ILSVRC2012_val_00034638.JPEG,default
imagenet_c/fog/2/ILSVRC2012_val_00029559.JPEG,default
imagenet_c/jpeg_compression/1/ILSVRC2012_val_00022301.JPEG,default
imagenet_c/pixelate/5/ILSVRC2012_val_00009729.JPEG,default
imagenet_c/elastic_transform/3/ILSVRC2012_val_00013059.JPEG,default
imagenet_c/zoom_blur/2/ILSVRC2012_val_00002478.JPEG,default
imagenet_c/gaussian_noise/2/ILSVRC2012_val_00042450.JPEG,default
imagenet_c/frost/2/ILSVRC2012_val_00006618.JPEG,default
imagenet_c/pixelate/2/ILSVRC2012_val_00004465.JPEG,default
imagenet_c/fog/4/ILSVRC2012_val_00008959.JPEG,default
imagenet_c/frost/2/ILSVRC2012_val_00045153.JPEG,default
imagenet_c/elastic_transform/3/ILSVRC2012_val_00036916.JPEG,default
imagenet_c/elastic_transform/3/ILSVRC2012_val_00024929.JPEG,default
imagenet_c/defocus_blur/5/ILSVRC2012_val_00009285.JPEG,default
imagenet_c/shot_noise/5/ILSVRC2012_val_00004619.JPEG,default
imagenet_c/motion_blur/2/ILSVRC2012_val_00010636.JPEG,default
imagenet_c/brightness/1/ILSVRC2012_val_00004789.JPEG,default
imagenet_c/motion_blur/3/ILSVRC2012_val_00014286.JPEG,default
imagenet_c/pixelate/4/ILSVRC2012_val_00031485.JPEG,default
imagenet_c/brightness/2/ILSVRC2012_val_00042457.JPEG,default
imagenet_c/brightness/5/ILSVRC2012_val_00019203.JPEG,default
imagenet_c/motion_blur/4/ILSVRC2012_val_00018015.JPEG,default
imagenet_c/elastic_transform/3/ILSVRC2012_val_00006158.JPEG,default
imagenet_c/impulse_noise/5/ILSVRC2012_val_00003873.JPEG,default
imagenet_c/brightness/2/ILSVRC2012_val_00046987.JPEG,default
imagenet_c/defocus_blur/1/ILSVRC2012_val_00016815.JPEG,default
imagenet_c/snow/5/ILSVRC2012_val_00046549.JPEG,default
imagenet_c/brightness/1/ILSVRC2012_val_00049001.JPEG,default
imagenet_c/fog/5/ILSVRC2012_val_00002528.JPEG,default
imagenet_c/pixelate/5/ILSVRC2012_val_00044724.JPEG,default
imagenet_c/jpeg_compression/4/ILSVRC2012_val_00026469.JPEG,default
imagenet_c/shot_noise/1/ILSVRC2012_val_00028719.JPEG,default
imagenet_c/motion_blur/1/ILSVRC2012_val_00033840.JPEG,default
imagenet_c/snow/3/ILSVRC2012_val_00012130.JPEG,default
imagenet_c/shot_noise/1/ILSVRC2012_val_00038077.JPEG,default
imagenet_c/jpeg_compression/5/ILSVRC2012_val_00022677.JPEG,default
imagenet_c/defocus_blur/1/ILSVRC2012_val_00020645.JPEG,default
imagenet_c/zoom_blur/3/ILSVRC2012_val_00024316.JPEG,default
imagenet_c/gaussian_noise/4/ILSVRC2012_val_00039149.JPEG,default
imagenet_c/jpeg_compression/2/ILSVRC2012_val_00040828.JPEG,default
imagenet_c/defocus_blur/3/ILSVRC2012_val_00048402.JPEG,default
imagenet_c/snow/5/ILSVRC2012_val_00018734.JPEG,default
imagenet_c/zoom_blur/1/ILSVRC2012_val_00027734.JPEG,default
imagenet_c/shot_noise/5/ILSVRC2012_val_00003120.JPEG,default
imagenet_c/frost/5/ILSVRC2012_val_00039420.JPEG,default
imagenet_c/glass_blur/1/ILSVRC2012_val_00032713.JPEG,default
imagenet_c/gaussian_noise/5/ILSVRC2012_val_00029770.JPEG,default
imagenet_c/defocus_blur/1/ILSVRC2012_val_00049330.JPEG,default
imagenet_c/shot_noise/1/ILSVRC2012_val_00048272.JPEG,default
imagenet_c/snow/5/ILSVRC2012_val_00023835.JPEG,default
imagenet_c/motion_blur/1/ILSVRC2012_val_00025732.JPEG,default
imagenet_c/gaussian_noise/5/ILSVRC2012_val_00020880.JPEG,default
imagenet_c/zoom_blur/5/ILSVRC2012_val_00049304.JPEG,default
imagenet_c/impulse_noise/1/ILSVRC2012_val_00034092.JPEG,default
imagenet_c/motion_blur/3/ILSVRC2012_val_00041794.JPEG,default
imagenet_c/brightness/2/ILSVRC2012_val_00018002.JPEG,default
imagenet_c/elastic_transform/2/ILSVRC2012_val_00019761.JPEG,default
imagenet_c/zoom_blur/3/ILSVRC2012_val_00030945.JPEG,default
imagenet_c/gaussian_noise/2/ILSVRC2012_val_00045876.JPEG,default
imagenet_c/zoom_blur/3/ILSVRC2012_val_00031141.JPEG,default
imagenet_c/contrast/3/ILSVRC2012_val_00042891.JPEG,default
imagenet_c/snow/1/ILSVRC2012_val_00048418.JPEG,default
imagenet_c/impulse_noise/3/ILSVRC2012_val_00035500.JPEG,default
imagenet_c/motion_blur/2/ILSVRC2012_val_00042924.JPEG,default
imagenet_c/impulse_noise/1/ILSVRC2012_val_00015393.JPEG,default
imagenet_c/brightness/4/ILSVRC2012_val_00026301.JPEG,default
imagenet_c/motion_blur/4/ILSVRC2012_val_00001809.JPEG,default
imagenet_c/jpeg_compression/4/ILSVRC2012_val_00025080.JPEG,default
imagenet_c/snow/3/ILSVRC2012_val_00012090.JPEG,default
imagenet_c/shot_noise/5/ILSVRC2012_val_00027336.JPEG,default
imagenet_c/motion_blur/5/ILSVRC2012_val_00019602.JPEG,default
imagenet_c/impulse_noise/2/ILSVRC2012_val_00032681.JPEG,default
imagenet_c/impulse_noise/2/ILSVRC2012_val_00003346.JPEG,default
imagenet_c/elastic_transform/2/ILSVRC2012_val_00027961.JPEG,default
imagenet_c/impulse_noise/1/ILSVRC2012_val_00013784.JPEG,default
imagenet_c/fog/3/ILSVRC2012_val_00000277.JPEG,default
imagenet_c/brightness/2/ILSVRC2012_val_00038880.JPEG,default
imagenet_c/contrast/5/ILSVRC2012_val_00043675.JPEG,default
imagenet_c/contrast/3/ILSVRC2012_val_00043239.JPEG,default
imagenet_c/shot_noise/2/ILSVRC2012_val_00012559.JPEG,default
imagenet_c/gaussian_noise/1/ILSVRC2012_val_00049233.JPEG,default
imagenet_c/zoom_blur/2/ILSVRC2012_val_00028216.JPEG,default
imagenet_c/snow/1/ILSVRC2012_val_00008538.JPEG,default
imagenet_c/jpeg_compression/4/ILSVRC2012_val_00036232.JPEG,default
imagenet_c/jpeg_compression/2/ILSVRC2012_val_00000649.JPEG,default
imagenet_c/fog/3/ILSVRC2012_val_00034946.JPEG,default
imagenet_c/defocus_blur/3/ILSVRC2012_val_00029087.JPEG,default
imagenet_c/gaussian_noise/3/ILSVRC2012_val_00013531.JPEG,default
imagenet_c/glass_blur/4/ILSVRC2012_val_00022631.JPEG,default
imagenet_c/contrast/3/ILSVRC2012_val_00005534.JPEG,default
imagenet_c/jpeg_compression/4/ILSVRC2012_val_00008543.JPEG,default
imagenet_c/contrast/1/ILSVRC2012_val_00044290.JPEG,default
imagenet_c/defocus_blur/4/ILSVRC2012_val_00007134.JPEG,default
imagenet_c/glass_blur/5/ILSVRC2012_val_00034327.JPEG,default
imagenet_c/gaussian_noise/1/ILSVRC2012_val_00031947.JPEG,default
imagenet_c/snow/5/ILSVRC2012_val_00008344.JPEG,default
imagenet_c/snow/4/ILSVRC2012_val_00033296.JPEG,default
imagenet_c/shot_noise/3/ILSVRC2012_val_00017606.JPEG,default
imagenet_c/contrast/3/ILSVRC2012_val_00025376.JPEG,default
imagenet_c/pixelate/1/ILSVRC2012_val_00025373.JPEG,default
imagenet_c/pixelate/5/ILSVRC2012_val_00018854.JPEG,default
imagenet_c/impulse_noise/1/ILSVRC2012_val_00024598.JPEG,default
imagenet_c/shot_noise/5/ILSVRC2012_val_00019174.JPEG,default
imagenet_c/zoom_blur/4/ILSVRC2012_val_00034299.JPEG,default
imagenet_c/fog/5/ILSVRC2012_val_00033046.JPEG,default
imagenet_c/elastic_transform/4/ILSVRC2012_val_00037000.JPEG,default
imagenet_c/impulse_noise/2/ILSVRC2012_val_00003096.JPEG,default
imagenet_c/defocus_blur/2/ILSVRC2012_val_00032605.JPEG,default
imagenet_c/fog/2/ILSVRC2012_val_00027384.JPEG,default
imagenet_c/zoom_blur/4/ILSVRC2012_val_00028210.JPEG,default
imagenet_c/brightness/5/ILSVRC2012_val_00026454.JPEG,default
imagenet_c/impulse_noise/5/ILSVRC2012_val_00038613.JPEG,default
imagenet_c/jpeg_compression/1/ILSVRC2012_val_00021292.JPEG,default
imagenet_c/motion_blur/3/ILSVRC2012_val_00048248.JPEG,default
imagenet_c/impulse_noise/4/ILSVRC2012_val_00016943.JPEG,default
imagenet_c/elastic_transform/4/ILSVRC2012_val_00001209.JPEG,default
imagenet_c/elastic_transform/1/ILSVRC2012_val_00038013.JPEG,default
imagenet_c/defocus_blur/3/ILSVRC2012_val_00046322.JPEG,default
imagenet_c/impulse_noise/2/ILSVRC2012_val_00039119.JPEG,default
imagenet_c/defocus_blur/5/ILSVRC2012_val_00016670.JPEG,default
imagenet_c/jpeg_compression/1/ILSVRC2012_val_00000677.JPEG,default
imagenet_c/defocus_blur/4/ILSVRC2012_val_00010133.JPEG,default
imagenet_c/glass_blur/2/ILSVRC2012_val_00029951.JPEG,default
imagenet_c/brightness/2/ILSVRC2012_val_00043461.JPEG,default
imagenet_c/brightness/5/ILSVRC2012_val_00044609.JPEG,default
imagenet_c/brightness/5/ILSVRC2012_val_00040046.JPEG,default
imagenet_c/pixelate/2/ILSVRC2012_val_00041094.JPEG,default
imagenet_c/gaussian_noise/4/ILSVRC2012_val_00006899.JPEG,default
imagenet_c/contrast/2/ILSVRC2012_val_00029420.JPEG,default
imagenet_c/zoom_blur/4/ILSVRC2012_val_00008078.JPEG,default
imagenet_c/brightness/5/ILSVRC2012_val_00013406.JPEG,default
imagenet_c/snow/3/ILSVRC2012_val_00047898.JPEG,default
imagenet_c/jpeg_compression/1/ILSVRC2012_val_00037528.JPEG,default
imagenet_c/gaussian_noise/5/ILSVRC2012_val_00017240.JPEG,default
imagenet_c/defocus_blur/4/ILSVRC2012_val_00023275.JPEG,default
imagenet_c/elastic_transform/1/ILSVRC2012_val_00017506.JPEG,default
imagenet_c/motion_blur/1/ILSVRC2012_val_00031727.JPEG,default
imagenet_c/glass_blur/4/ILSVRC2012_val_00036145.JPEG,default
imagenet_c/brightness/4/ILSVRC2012_val_00034019.JPEG,default
imagenet_c/zoom_blur/1/ILSVRC2012_val_00032349.JPEG,default
imagenet_c/glass_blur/4/ILSVRC2012_val_00029649.JPEG,default
imagenet_c/pixelate/1/ILSVRC2012_val_00021863.JPEG,default
imagenet_c/contrast/5/ILSVRC2012_val_00002737.JPEG,default
imagenet_c/snow/3/ILSVRC2012_val_00011180.JPEG,default
imagenet_c/zoom_blur/4/ILSVRC2012_val_00004486.JPEG,default
imagenet_c/motion_blur/1/ILSVRC2012_val_00021439.JPEG,default
imagenet_c/elastic_transform/2/ILSVRC2012_val_00020624.JPEG,default
imagenet_c/elastic_transform/4/ILSVRC2012_val_00032360.JPEG,default
imagenet_c/defocus_blur/5/ILSVRC2012_val_00046678.JPEG,default
imagenet_c/frost/4/ILSVRC2012_val_00022877.JPEG,default
imagenet_c/brightness/2/ILSVRC2012_val_00013249.JPEG,default
imagenet_c/pixelate/3/ILSVRC2012_val_00035073.JPEG,default
imagenet_c/elastic_transform/1/ILSVRC2012_val_00031571.JPEG,default
imagenet_c/gaussian_noise/4/ILSVRC2012_val_00025369.JPEG,default
imagenet_c/contrast/3/ILSVRC2012_val_00041101.JPEG,default
imagenet_c/pixelate/2/ILSVRC2012_val_00006072.JPEG,default
imagenet_c/motion_blur/4/ILSVRC2012_val_00010425.JPEG,default
imagenet_c/contrast/1/ILSVRC2012_val_00024651.JPEG,default
imagenet_c/gaussian_noise/1/ILSVRC2012_val_00048490.JPEG,default
imagenet_c/defocus_blur/1/ILSVRC2012_val_00016681.JPEG,default
imagenet_c/fog/1/ILSVRC2012_val_00028478.JPEG,default
imagenet_c/jpeg_compression/2/ILSVRC2012_val_00006978.JPEG,default
imagenet_c/jpeg_compression/5/ILSVRC2012_val_00022072.JPEG,default
imagenet_c/motion_blur/5/ILSVRC2012_val_00008861.JPEG,default
imagenet_c/glass_blur/1/ILSVRC2012_val_00044251.JPEG,default
imagenet_c/motion_blur/2/ILSVRC2012_val_00023950.JPEG,default
imagenet_c/pixelate/5/ILSVRC2012_val_00001877.JPEG,default
imagenet_c/zoom_blur/2/ILSVRC2012_val_00028269.JPEG,default
imagenet_c/gaussian_noise/2/ILSVRC2012_val_00018020.JPEG,default
imagenet_c/contrast/4/ILSVRC2012_val_00025419.JPEG,default
imagenet_c/zoom_blur/4/ILSVRC2012_val_00000148.JPEG,default
imagenet_c/glass_blur/3/ILSVRC2012_val_00046519.JPEG,default
imagenet_c/fog/1/ILSVRC2012_val_00019929.JPEG,default
imagenet_c/zoom_blur/5/ILSVRC2012_val_00005108.JPEG,default
imagenet_c/contrast/5/ILSVRC2012_val_00042269.JPEG,default
imagenet_c/pixelate/5/ILSVRC2012_val_00044997.JPEG,default
imagenet_c/snow/3/ILSVRC2012_val_00048680.JPEG,default
imagenet_c/snow/5/ILSVRC2012_val_00010931.JPEG,default
imagenet_c/glass_blur/4/ILSVRC2012_val_00043721.JPEG,default
imagenet_c/zoom_blur/1/ILSVRC2012_val_00033230.JPEG,default
imagenet_c/contrast/4/ILSVRC2012_val_00036538.JPEG,default
imagenet_c/shot_noise/3/ILSVRC2012_val_00013782.JPEG,default
imagenet_c/zoom_blur/1/ILSVRC2012_val_00006479.JPEG,default
imagenet_c/brightness/2/ILSVRC2012_val_00029865.JPEG,default
imagenet_c/jpeg_compression/5/ILSVRC2012_val_00010816.JPEG,default
imagenet_c/contrast/4/ILSVRC2012_val_00024984.JPEG,default
imagenet_c/contrast/4/ILSVRC2012_val_00020122.JPEG,default
imagenet_c/jpeg_compression/5/ILSVRC2012_val_00001622.JPEG,default
imagenet_c/fog/2/ILSVRC2012_val_00011614.JPEG,default
imagenet_c/shot_noise/5/ILSVRC2012_val_00045579.JPEG,default
imagenet_c/jpeg_compression/2/ILSVRC2012_val_00022761.JPEG,default
imagenet_c/impulse_noise/5/ILSVRC2012_val_00025464.JPEG,default
imagenet_c/snow/5/ILSVRC2012_val_00022267.JPEG,default
imagenet_c/snow/4/ILSVRC2012_val_00015886.JPEG,default
imagenet_c/contrast/5/ILSVRC2012_val_00036143.JPEG,default
imagenet_c/fog/5/ILSVRC2012_val_00022455.JPEG,default
imagenet_c/pixelate/2/ILSVRC2012_val_00013357.JPEG,default
imagenet_c/snow/3/ILSVRC2012_val_00047380.JPEG,default
imagenet_c/contrast/2/ILSVRC2012_val_00041229.JPEG,default
imagenet_c/defocus_blur/5/ILSVRC2012_val_00046877.JPEG,default
imagenet_c/shot_noise/1/ILSVRC2012_val_00015286.JPEG,default
imagenet_c/motion_blur/3/ILSVRC2012_val_00048048.JPEG,default
imagenet_c/fog/3/ILSVRC2012_val_00005141.JPEG,default
imagenet_c/glass_blur/3/ILSVRC2012_val_00031324.JPEG,default
imagenet_c/contrast/3/ILSVRC2012_val_00034283.JPEG,default
imagenet_c/brightness/5/ILSVRC2012_val_00014561.JPEG,default
imagenet_c/shot_noise/4/ILSVRC2012_val_00041091.JPEG,default
imagenet_c/motion_blur/2/ILSVRC2012_val_00040736.JPEG,default
imagenet_c/contrast/3/ILSVRC2012_val_00023451.JPEG,default
imagenet_c/shot_noise/2/ILSVRC2012_val_00048117.JPEG,default
imagenet_c/fog/2/ILSVRC2012_val_00025341.JPEG,default
imagenet_c/contrast/2/ILSVRC2012_val_00007325.JPEG,default
imagenet_c/shot_noise/4/ILSVRC2012_val_00019893.JPEG,default
imagenet_c/jpeg_compression/2/ILSVRC2012_val_00026057.JPEG,default
imagenet_c/motion_blur/2/ILSVRC2012_val_00045432.JPEG,default
imagenet_c/frost/1/ILSVRC2012_val_00023007.JPEG,default
imagenet_c/contrast/4/ILSVRC2012_val_00007836.JPEG,default
imagenet_c/shot_noise/1/ILSVRC2012_val_00024131.JPEG,default
imagenet_c/shot_noise/1/ILSVRC2012_val_00019994.JPEG,default
imagenet_c/contrast/5/ILSVRC2012_val_00012336.JPEG,default
imagenet_c/zoom_blur/4/ILSVRC2012_val_00041244.JPEG,default
imagenet_c/fog/3/ILSVRC2012_val_00036136.JPEG,default
imagenet_c/contrast/4/ILSVRC2012_val_00032498.JPEG,default
imagenet_c/frost/4/ILSVRC2012_val_00011326.JPEG,default
imagenet_c/contrast/3/ILSVRC2012_val_00014643.JPEG,default
imagenet_c/gaussian_noise/2/ILSVRC2012_val_00047780.JPEG,default
imagenet_c/glass_blur/3/ILSVRC2012_val_00005396.JPEG,default
imagenet_c/glass_blur/2/ILSVRC2012_val_00049205.JPEG,default
imagenet_c/zoom_blur/5/ILSVRC2012_val_00027103.JPEG,default
imagenet_c/zoom_blur/1/ILSVRC2012_val_00018251.JPEG,default
imagenet_c/glass_blur/4/ILSVRC2012_val_00021041.JPEG,default
imagenet_c/elastic_transform/2/ILSVRC2012_val_00015005.JPEG,default
imagenet_c/snow/2/ILSVRC2012_val_00028316.JPEG,default
imagenet_c/jpeg_compression/1/ILSVRC2012_val_00017726.JPEG,default
imagenet_c/elastic_transform/4/ILSVRC2012_val_00029585.JPEG,default
imagenet_c/snow/5/ILSVRC2012_val_00046027.JPEG,default
imagenet_c/impulse_noise/2/ILSVRC2012_val_00049476.JPEG,default
imagenet_c/glass_blur/2/ILSVRC2012_val_00002169.JPEG,default
imagenet_c/gaussian_noise/5/ILSVRC2012_val_00016980.JPEG,default
imagenet_c/motion_blur/2/ILSVRC2012_val_00032878.JPEG,default
imagenet_c/fog/3/ILSVRC2012_val_00003470.JPEG,default
imagenet_c/glass_blur/5/ILSVRC2012_val_00026856.JPEG,default
imagenet_c/motion_blur/3/ILSVRC2012_val_00005876.JPEG,default
imagenet_c/fog/3/ILSVRC2012_val_00045082.JPEG,default
imagenet_c/brightness/5/ILSVRC2012_val_00041182.JPEG,default
imagenet_c/jpeg_compression/1/ILSVRC2012_val_00012609.JPEG,default
imagenet_c/shot_noise/1/ILSVRC2012_val_00003751.JPEG,default
imagenet_c/impulse_noise/3/ILSVRC2012_val_00025434.JPEG,default
imagenet_c/gaussian_noise/1/ILSVRC2012_val_00028384.JPEG,default
imagenet_c/glass_blur/5/ILSVRC2012_val_00006741.JPEG,default
imagenet_c/shot_noise/3/ILSVRC2012_val_00034833.JPEG,default
imagenet_c/defocus_blur/4/ILSVRC2012_val_00032590.JPEG,default
imagenet_c/defocus_blur/2/ILSVRC2012_val_00013806.JPEG,default
imagenet_c/zoom_blur/5/ILSVRC2012_val_00038246.JPEG,default
imagenet_c/zoom_blur/4/ILSVRC2012_val_00017941.JPEG,default
imagenet_c/jpeg_compression/3/ILSVRC2012_val_00000960.JPEG,default
imagenet_c/pixelate/1/ILSVRC2012_val_00020720.JPEG,default
imagenet_c/defocus_blur/4/ILSVRC2012_val_00038211.JPEG,default
imagenet_c/glass_blur/5/ILSVRC2012_val_00038642.JPEG,default
imagenet_c/shot_noise/2/ILSVRC2012_val_00007623.JPEG,default
imagenet_c/shot_noise/1/ILSVRC2012_val_00014969.JPEG,default
imagenet_c/impulse_noise/4/ILSVRC2012_val_00041122.JPEG,default
imagenet_c/impulse_noise/5/ILSVRC2012_val_00036038.JPEG,default
imagenet_c/motion_blur/5/ILSVRC2012_val_00000265.JPEG,default
imagenet_c/frost/4/ILSVRC2012_val_00047563.JPEG,default
imagenet_c/motion_blur/2/ILSVRC2012_val_00028734.JPEG,default
imagenet_c/pixelate/5/ILSVRC2012_val_00045334.JPEG,default
imagenet_c/zoom_blur/1/ILSVRC2012_val_00024746.JPEG,default
imagenet_c/snow/2/ILSVRC2012_val_00008908.JPEG,default
imagenet_c/defocus_blur/5/ILSVRC2012_val_00038318.JPEG,default
imagenet_c/brightness/4/ILSVRC2012_val_00018518.JPEG,default
imagenet_c/elastic_transform/1/ILSVRC2012_val_00005694.JPEG,default
imagenet_c/motion_blur/4/ILSVRC2012_val_00023639.JPEG,default
imagenet_c/brightness/5/ILSVRC2012_val_00048953.JPEG,default
imagenet_c/glass_blur/3/ILSVRC2012_val_00013881.JPEG,default
imagenet_c/shot_noise/5/ILSVRC2012_val_00039861.JPEG,default
imagenet_c/contrast/5/ILSVRC2012_val_00020604.JPEG,default
imagenet_c/jpeg_compression/2/ILSVRC2012_val_00039091.JPEG,default
imagenet_c/motion_blur/2/ILSVRC2012_val_00022479.JPEG,default
imagenet_c/glass_blur/3/ILSVRC2012_val_00040429.JPEG,default
imagenet_c/glass_blur/2/ILSVRC2012_val_00048709.JPEG,default
imagenet_c/fog/1/ILSVRC2012_val_00010437.JPEG,default
imagenet_c/pixelate/1/ILSVRC2012_val_00012917.JPEG,default
imagenet_c/gaussian_noise/2/ILSVRC2012_val_00001870.JPEG,default
imagenet_c/fog/3/ILSVRC2012_val_00046238.JPEG,default
imagenet_c/brightness/3/ILSVRC2012_val_00023891.JPEG,default
imagenet_c/jpeg_compression/5/ILSVRC2012_val_00017271.JPEG,default
imagenet_c/glass_blur/3/ILSVRC2012_val_00001424.JPEG,default
imagenet_c/defocus_blur/1/ILSVRC2012_val_00043029.JPEG,default
imagenet_c/glass_blur/2/ILSVRC2012_val_00029035.JPEG,default
imagenet_c/brightness/2/ILSVRC2012_val_00009214.JPEG,default
imagenet_c/motion_blur/4/ILSVRC2012_val_00016739.JPEG,default
imagenet_c/shot_noise/1/ILSVRC2012_val_00030767.JPEG,default
imagenet_c/defocus_blur/1/ILSVRC2012_val_00008239.JPEG,default
imagenet_c/fog/4/ILSVRC2012_val_00023227.JPEG,default
imagenet_c/snow/2/ILSVRC2012_val_00026772.JPEG,default
imagenet_c/frost/2/ILSVRC2012_val_00047200.JPEG,default
imagenet_c/shot_noise/4/ILSVRC2012_val_00034639.JPEG,default
imagenet_c/pixelate/3/ILSVRC2012_val_00026149.JPEG,default
imagenet_c/glass_blur/1/ILSVRC2012_val_00013954.JPEG,default
imagenet_c/brightness/2/ILSVRC2012_val_00019142.JPEG,default
imagenet_c/frost/2/ILSVRC2012_val_00022672.JPEG,default
imagenet_c/snow/2/ILSVRC2012_val_00019227.JPEG,default
imagenet_c/gaussian_noise/1/ILSVRC2012_val_00044078.JPEG,default
imagenet_c/frost/5/ILSVRC2012_val_00008704.JPEG,default
imagenet_c/impulse_noise/3/ILSVRC2012_val_00004015.JPEG,default
imagenet_c/defocus_blur/5/ILSVRC2012_val_00043816.JPEG,default
imagenet_c/fog/2/ILSVRC2012_val_00007026.JPEG,default
imagenet_c/glass_blur/4/ILSVRC2012_val_00027867.JPEG,default
imagenet_c/elastic_transform/2/ILSVRC2012_val_00035980.JPEG,default
imagenet_c/snow/3/ILSVRC2012_val_00021464.JPEG,default
imagenet_c/gaussian_noise/1/ILSVRC2012_val_00016674.JPEG,default
imagenet_c/fog/1/ILSVRC2012_val_00047599.JPEG,default
imagenet_c/fog/5/ILSVRC2012_val_00021774.JPEG,default
imagenet_c/snow/3/ILSVRC2012_val_00013889.JPEG,default
imagenet_c/elastic_transform/4/ILSVRC2012_val_00040207.JPEG,default
imagenet_c/snow/5/ILSVRC2012_val_00047077.JPEG,default
imagenet_c/brightness/3/ILSVRC2012_val_00011365.JPEG,default
imagenet_c/pixelate/3/ILSVRC2012_val_00010427.JPEG,default
imagenet_c/gaussian_noise/2/ILSVRC2012_val_00024340.JPEG,default
imagenet_c/contrast/2/ILSVRC2012_val_00031035.JPEG,default
imagenet_c/motion_blur/5/ILSVRC2012_val_00041706.JPEG,default
imagenet_c/fog/5/ILSVRC2012_val_00042262.JPEG,default
imagenet_c/fog/1/ILSVRC2012_val_00034544.JPEG,default
imagenet_c/motion_blur/4/ILSVRC2012_val_00026575.JPEG,default
imagenet_c/zoom_blur/2/ILSVRC2012_val_00044850.JPEG,default
imagenet_c/contrast/3/ILSVRC2012_val_00029149.JPEG,default
imagenet_c/glass_blur/5/ILSVRC2012_val_00015787.JPEG,default
imagenet_c/snow/2/ILSVRC2012_val_00037400.JPEG,default
imagenet_c/contrast/4/ILSVRC2012_val_00041266.JPEG,default
imagenet_c/impulse_noise/2/ILSVRC2012_val_00012832.JPEG,default
imagenet_c/gaussian_noise/4/ILSVRC2012_val_00047668.JPEG,default
imagenet_c/fog/1/ILSVRC2012_val_00037689.JPEG,default
imagenet_c/frost/3/ILSVRC2012_val_00000317.JPEG,default
imagenet_c/zoom_blur/4/ILSVRC2012_val_00007281.JPEG,default
imagenet_c/contrast/5/ILSVRC2012_val_00027466.JPEG,default
imagenet_c/elastic_transform/4/ILSVRC2012_val_00028863.JPEG,default
imagenet_c/pixelate/3/ILSVRC2012_val_00027408.JPEG,default
imagenet_c/fog/1/ILSVRC2012_val_00012464.JPEG,default
imagenet_c/impulse_noise/4/ILSVRC2012_val_00033475.JPEG,default
imagenet_c/frost/1/ILSVRC2012_val_00006951.JPEG,default
imagenet_c/contrast/2/ILSVRC2012_val_00020982.JPEG,default
imagenet_c/glass_blur/2/ILSVRC2012_val_00006111.JPEG,default
imagenet_c/motion_blur/5/ILSVRC2012_val_00036218.JPEG,default
imagenet_c/pixelate/4/ILSVRC2012_val_00034458.JPEG,default
imagenet_c/motion_blur/2/ILSVRC2012_val_00008781.JPEG,default
imagenet_c/snow/1/ILSVRC2012_val_00027250.JPEG,default
imagenet_c/glass_blur/5/ILSVRC2012_val_00048038.JPEG,default
imagenet_c/jpeg_compression/4/ILSVRC2012_val_00008950.JPEG,default
imagenet_c/gaussian_noise/1/ILSVRC2012_val_00039367.JPEG,default
imagenet_c/snow/5/ILSVRC2012_val_00002759.JPEG,default
imagenet_c/gaussian_noise/2/ILSVRC2012_val_00025703.JPEG,default
imagenet_c/contrast/2/ILSVRC2012_val_00023587.JPEG,default
imagenet_c/fog/5/ILSVRC2012_val_00018258.JPEG,default
imagenet_c/frost/1/ILSVRC2012_val_00029096.JPEG,default
imagenet_c/glass_blur/3/ILSVRC2012_val_00002431.JPEG,default
imagenet_c/elastic_transform/3/ILSVRC2012_val_00028312.JPEG,default
imagenet_c/shot_noise/1/ILSVRC2012_val_00042599.JPEG,default
imagenet_c/glass_blur/4/ILSVRC2012_val_00001590.JPEG,default
imagenet_c/gaussian_noise/5/ILSVRC2012_val_00023946.JPEG,default
imagenet_c/glass_blur/4/ILSVRC2012_val_00020584.JPEG,default
imagenet_c/defocus_blur/3/ILSVRC2012_val_00024310.JPEG,default
imagenet_c/snow/3/ILSVRC2012_val_00005480.JPEG,default
imagenet_c/brightness/5/ILSVRC2012_val_00012957.JPEG,default
imagenet_c/pixelate/2/ILSVRC2012_val_00014844.JPEG,default
imagenet_c/jpeg_compression/5/ILSVRC2012_val_00009653.JPEG,default
imagenet_c/glass_blur/1/ILSVRC2012_val_00033410.JPEG,default
imagenet_c/jpeg_compression/4/ILSVRC2012_val_00008422.JPEG,default
imagenet_c/zoom_blur/4/ILSVRC2012_val_00037373.JPEG,default
imagenet_c/contrast/4/ILSVRC2012_val_00024861.JPEG,default
imagenet_c/impulse_noise/1/ILSVRC2012_val_00023122.JPEG,default
imagenet_c/pixelate/5/ILSVRC2012_val_00009197.JPEG,default
imagenet_c/glass_blur/3/ILSVRC2012_val_00014487.JPEG,default
imagenet_c/elastic_transform/2/ILSVRC2012_val_00043618.JPEG,default
imagenet_c/impulse_noise/4/ILSVRC2012_val_00019438.JPEG,default
imagenet_c/snow/1/ILSVRC2012_val_00036309.JPEG,default
imagenet_c/jpeg_compression/1/ILSVRC2012_val_00029777.JPEG,default
imagenet_c/pixelate/3/ILSVRC2012_val_00036298.JPEG,default
imagenet_c/defocus_blur/4/ILSVRC2012_val_00040829.JPEG,default
imagenet_c/jpeg_compression/1/ILSVRC2012_val_00015422.JPEG,default
imagenet_c/impulse_noise/2/ILSVRC2012_val_00013152.JPEG,default
imagenet_c/jpeg_compression/5/ILSVRC2012_val_00001149.JPEG,default
imagenet_c/motion_blur/2/ILSVRC2012_val_00027309.JPEG,default
imagenet_c/glass_blur/5/ILSVRC2012_val_00046469.JPEG,default
imagenet_c/impulse_noise/3/ILSVRC2012_val_00020883.JPEG,default
imagenet_c/jpeg_compression/2/ILSVRC2012_val_00027286.JPEG,default
imagenet_c/zoom_blur/4/ILSVRC2012_val_00002493.JPEG,default
imagenet_c/jpeg_compression/1/ILSVRC2012_val_00049357.JPEG,default
imagenet_c/zoom_blur/3/ILSVRC2012_val_00028087.JPEG,default
imagenet_c/frost/3/ILSVRC2012_val_00032706.JPEG,default
imagenet_c/glass_blur/2/ILSVRC2012_val_00007621.JPEG,default
imagenet_c/zoom_blur/1/ILSVRC2012_val_00009211.JPEG,default
imagenet_c/contrast/3/ILSVRC2012_val_00002193.JPEG,default
imagenet_c/impulse_noise/1/ILSVRC2012_val_00011786.JPEG,default
imagenet_c/motion_blur/3/ILSVRC2012_val_00010985.JPEG,default
imagenet_c/shot_noise/3/ILSVRC2012_val_00027628.JPEG,default
imagenet_c/gaussian_noise/5/ILSVRC2012_val_00036656.JPEG,default
imagenet_c/shot_noise/5/ILSVRC2012_val_00047667.JPEG,default
imagenet_c/frost/5/ILSVRC2012_val_00037720.JPEG,default
imagenet_c/motion_blur/2/ILSVRC2012_val_00046993.JPEG,default
imagenet_c/snow/1/ILSVRC2012_val_00018549.JPEG,default
imagenet_c/elastic_transform/4/ILSVRC2012_val_00020390.JPEG,default
imagenet_c/brightness/1/ILSVRC2012_val_00043488.JPEG,default
imagenet_c/impulse_noise/1/ILSVRC2012_val_00012965.JPEG,default
imagenet_c/contrast/1/ILSVRC2012_val_00016007.JPEG,default
imagenet_c/elastic_transform/5/ILSVRC2012_val_00039199.JPEG,default
imagenet_c/brightness/3/ILSVRC2012_val_00041757.JPEG,default
imagenet_c/elastic_transform/3/ILSVRC2012_val_00020063.JPEG,default
imagenet_c/shot_noise/1/ILSVRC2012_val_00036558.JPEG,default
imagenet_c/contrast/5/ILSVRC2012_val_00036946.JPEG,default
imagenet_c/gaussian_noise/2/ILSVRC2012_val_00034380.JPEG,default
imagenet_c/defocus_blur/3/ILSVRC2012_val_00030855.JPEG,default
imagenet_c/glass_blur/3/ILSVRC2012_val_00004441.JPEG,default
imagenet_c/defocus_blur/3/ILSVRC2012_val_00026806.JPEG,default
imagenet_c/frost/5/ILSVRC2012_val_00037769.JPEG,default
imagenet_c/glass_blur/1/ILSVRC2012_val_00021673.JPEG,default
imagenet_c/jpeg_compression/2/ILSVRC2012_val_00040943.JPEG,default
imagenet_c/elastic_transform/4/ILSVRC2012_val_00006862.JPEG,default
imagenet_c/motion_blur/2/ILSVRC2012_val_00022400.JPEG,default
imagenet_c/motion_blur/2/ILSVRC2012_val_00029383.JPEG,default
imagenet_c/shot_noise/2/ILSVRC2012_val_00041515.JPEG,default
imagenet_c/gaussian_noise/1/ILSVRC2012_val_00043438.JPEG,default
imagenet_c/brightness/2/ILSVRC2012_val_00007864.JPEG,default
imagenet_c/pixelate/4/ILSVRC2012_val_00045360.JPEG,default
imagenet_c/contrast/2/ILSVRC2012_val_00008485.JPEG,default
imagenet_c/pixelate/2/ILSVRC2012_val_00001754.JPEG,default
imagenet_c/frost/2/ILSVRC2012_val_00014886.JPEG,default
imagenet_c/gaussian_noise/2/ILSVRC2012_val_00014175.JPEG,default
imagenet_c/jpeg_compression/2/ILSVRC2012_val_00030325.JPEG,default
imagenet_c/fog/1/ILSVRC2012_val_00035043.JPEG,default
imagenet_c/brightness/5/ILSVRC2012_val_00043980.JPEG,default
imagenet_c/contrast/4/ILSVRC2012_val_00010300.JPEG,default
imagenet_c/pixelate/1/ILSVRC2012_val_00016754.JPEG,default
imagenet_c/frost/5/ILSVRC2012_val_00033879.JPEG,default
imagenet_c/motion_blur/5/ILSVRC2012_val_00002389.JPEG,default
imagenet_c/elastic_transform/4/ILSVRC2012_val_00015532.JPEG,default
imagenet_c/zoom_blur/2/ILSVRC2012_val_00047393.JPEG,default
imagenet_c/motion_blur/5/ILSVRC2012_val_00010679.JPEG,default
imagenet_c/gaussian_noise/3/ILSVRC2012_val_00043540.JPEG,default
imagenet_c/brightness/2/ILSVRC2012_val_00031353.JPEG,default
imagenet_c/frost/3/ILSVRC2012_val_00003366.JPEG,default
imagenet_c/zoom_blur/5/ILSVRC2012_val_00037742.JPEG,default
imagenet_c/glass_blur/3/ILSVRC2012_val_00005015.JPEG,default
imagenet_c/frost/2/ILSVRC2012_val_00000489.JPEG,default
imagenet_c/motion_blur/5/ILSVRC2012_val_00022627.JPEG,default
imagenet_c/impulse_noise/5/ILSVRC2012_val_00041105.JPEG,default
imagenet_c/elastic_transform/3/ILSVRC2012_val_00031796.JPEG,default
imagenet_c/snow/3/ILSVRC2012_val_00040883.JPEG,default
imagenet_c/contrast/1/ILSVRC2012_val_00029992.JPEG,default
imagenet_c/pixelate/5/ILSVRC2012_val_00020351.JPEG,default
imagenet_c/shot_noise/2/ILSVRC2012_val_00001365.JPEG,default
imagenet_c/jpeg_compression/1/ILSVRC2012_val_00012300.JPEG,default
imagenet_c/shot_noise/1/ILSVRC2012_val_00045977.JPEG,default
imagenet_c/fog/4/ILSVRC2012_val_00047770.JPEG,default
imagenet_c/jpeg_compression/2/ILSVRC2012_val_00023178.JPEG,default
imagenet_c/fog/3/ILSVRC2012_val_00036654.JPEG,default
imagenet_c/glass_blur/4/ILSVRC2012_val_00015320.JPEG,default
imagenet_c/frost/1/ILSVRC2012_val_00023274.JPEG,default
imagenet_c/gaussian_noise/4/ILSVRC2012_val_00010567.JPEG,default
imagenet_c/impulse_noise/5/ILSVRC2012_val_00018726.JPEG,default
imagenet_c/fog/3/ILSVRC2012_val_00038444.JPEG,default
imagenet_c/defocus_blur/4/ILSVRC2012_val_00011192.JPEG,default
imagenet_c/impulse_noise/3/ILSVRC2012_val_00013575.JPEG,default
imagenet_c/fog/2/ILSVRC2012_val_00044109.JPEG,default
imagenet_c/fog/4/ILSVRC2012_val_00032786.JPEG,default
imagenet_c/frost/4/ILSVRC2012_val_00002926.JPEG,default
imagenet_c/glass_blur/3/ILSVRC2012_val_00042651.JPEG,default
imagenet_c/glass_blur/3/ILSVRC2012_val_00018845.JPEG,default
imagenet_c/snow/2/ILSVRC2012_val_00019213.JPEG,default
imagenet_c/zoom_blur/1/ILSVRC2012_val_00003651.JPEG,default
imagenet_c/motion_blur/2/ILSVRC2012_val_00011672.JPEG,default
imagenet_c/defocus_blur/5/ILSVRC2012_val_00013952.JPEG,default
imagenet_c/brightness/5/ILSVRC2012_val_00046309.JPEG,default
imagenet_c/impulse_noise/5/ILSVRC2012_val_00031316.JPEG,default
imagenet_c/impulse_noise/5/ILSVRC2012_val_00002026.JPEG,default
imagenet_c/gaussian_noise/3/ILSVRC2012_val_00046441.JPEG,default
imagenet_c/glass_blur/4/ILSVRC2012_val_00047145.JPEG,default
imagenet_c/gaussian_noise/4/ILSVRC2012_val_00034416.JPEG,default
imagenet_c/motion_blur/5/ILSVRC2012_val_00001156.JPEG,default
imagenet_c/glass_blur/3/ILSVRC2012_val_00026503.JPEG,default
imagenet_c/shot_noise/4/ILSVRC2012_val_00045071.JPEG,default
imagenet_c/glass_blur/4/ILSVRC2012_val_00015879.JPEG,default
imagenet_c/glass_blur/3/ILSVRC2012_val_00009098.JPEG,default
imagenet_c/impulse_noise/4/ILSVRC2012_val_00049612.JPEG,default
imagenet_c/defocus_blur/1/ILSVRC2012_val_00026079.JPEG,default
imagenet_c/zoom_blur/2/ILSVRC2012_val_00025354.JPEG,default
imagenet_c/fog/1/ILSVRC2012_val_00032894.JPEG,default
imagenet_c/brightness/4/ILSVRC2012_val_00017152.JPEG,default
imagenet_c/gaussian_noise/1/ILSVRC2012_val_00004802.JPEG,default
imagenet_c/elastic_transform/3/ILSVRC2012_val_00042285.JPEG,default
imagenet_c/contrast/5/ILSVRC2012_val_00018475.JPEG,default
imagenet_c/zoom_blur/1/ILSVRC2012_val_00040499.JPEG,default
imagenet_c/brightness/4/ILSVRC2012_val_00029602.JPEG,default
imagenet_c/frost/2/ILSVRC2012_val_00006997.JPEG,default
imagenet_c/pixelate/5/ILSVRC2012_val_00018222.JPEG,default
imagenet_c/fog/4/ILSVRC2012_val_00034480.JPEG,default
imagenet_c/frost/3/ILSVRC2012_val_00040978.JPEG,default
imagenet_c/contrast/3/ILSVRC2012_val_00020648.JPEG,default
imagenet_c/zoom_blur/2/ILSVRC2012_val_00046694.JPEG,default
imagenet_c/motion_blur/4/ILSVRC2012_val_00001023.JPEG,default
imagenet_c/snow/4/ILSVRC2012_val_00035991.JPEG,default
imagenet_c/pixelate/5/ILSVRC2012_val_00003689.JPEG,default
imagenet_c/shot_noise/2/ILSVRC2012_val_00025575.JPEG,default
imagenet_c/frost/5/ILSVRC2012_val_00004663.JPEG,default
imagenet_c/elastic_transform/3/ILSVRC2012_val_00029449.JPEG,default
imagenet_c/snow/2/ILSVRC2012_val_00030827.JPEG,default
imagenet_c/pixelate/5/ILSVRC2012_val_00035065.JPEG,default
imagenet_c/fog/4/ILSVRC2012_val_00022426.JPEG,default
imagenet_c/shot_noise/2/ILSVRC2012_val_00041459.JPEG,default
imagenet_c/impulse_noise/1/ILSVRC2012_val_00040494.JPEG,default
imagenet_c/impulse_noise/3/ILSVRC2012_val_00016789.JPEG,default
imagenet_c/snow/2/ILSVRC2012_val_00045834.JPEG,default
imagenet_c/contrast/3/ILSVRC2012_val_00048930.JPEG,default
imagenet_c/frost/2/ILSVRC2012_val_00030379.JPEG,default
imagenet_c/jpeg_compression/3/ILSVRC2012_val_00024585.JPEG,default
imagenet_c/elastic_transform/2/ILSVRC2012_val_00043001.JPEG,default
imagenet_c/gaussian_noise/3/ILSVRC2012_val_00025358.JPEG,default
imagenet_c/defocus_blur/4/ILSVRC2012_val_00016390.JPEG,default
imagenet_c/contrast/5/ILSVRC2012_val_00011231.JPEG,default
imagenet_c/glass_blur/4/ILSVRC2012_val_00001501.JPEG,default
imagenet_c/jpeg_compression/5/ILSVRC2012_val_00021635.JPEG,default
imagenet_c/brightness/4/ILSVRC2012_val_00013547.JPEG,default
imagenet_c/contrast/4/ILSVRC2012_val_00040748.JPEG,default
imagenet_c/jpeg_compression/3/ILSVRC2012_val_00016566.JPEG,default
imagenet_c/elastic_transform/2/ILSVRC2012_val_00035812.JPEG,default
imagenet_c/frost/3/ILSVRC2012_val_00014470.JPEG,default
imagenet_c/fog/1/ILSVRC2012_val_00046619.JPEG,default
imagenet_c/elastic_transform/5/ILSVRC2012_val_00001087.JPEG,default
imagenet_c/shot_noise/1/ILSVRC2012_val_00046563.JPEG,default
imagenet_c/contrast/5/ILSVRC2012_val_00024161.JPEG,default
imagenet_c/frost/4/ILSVRC2012_val_00049428.JPEG,default
imagenet_c/pixelate/5/ILSVRC2012_val_00044907.JPEG,default
imagenet_c/elastic_transform/3/ILSVRC2012_val_00016861.JPEG,default
imagenet_c/fog/4/ILSVRC2012_val_00009929.JPEG,default
imagenet_c/snow/4/ILSVRC2012_val_00007494.JPEG,default
imagenet_c/pixelate/1/ILSVRC2012_val_00037206.JPEG,default
imagenet_c/fog/5/ILSVRC2012_val_00004867.JPEG,default
imagenet_c/pixelate/3/ILSVRC2012_val_00018628.JPEG,default
imagenet_c/brightness/2/ILSVRC2012_val_00025817.JPEG,default
imagenet_c/shot_noise/4/ILSVRC2012_val_00011797.JPEG,default
imagenet_c/gaussian_noise/2/ILSVRC2012_val_00022949.JPEG,default
imagenet_c/frost/4/ILSVRC2012_val_00027597.JPEG,default
imagenet_c/contrast/4/ILSVRC2012_val_00028761.JPEG,default
imagenet_c/snow/1/ILSVRC2012_val_00044651.JPEG,default
imagenet_c/elastic_transform/1/ILSVRC2012_val_00008832.JPEG,default
imagenet_c/impulse_noise/5/ILSVRC2012_val_00012344.JPEG,default
imagenet_c/snow/5/ILSVRC2012_val_00039230.JPEG,default
imagenet_c/brightness/2/ILSVRC2012_val_00044383.JPEG,default
imagenet_c/pixelate/4/ILSVRC2012_val_00023269.JPEG,default
imagenet_c/zoom_blur/5/ILSVRC2012_val_00028471.JPEG,default
imagenet_c/gaussian_noise/1/ILSVRC2012_val_00001182.JPEG,default
imagenet_c/jpeg_compression/1/ILSVRC2012_val_00031717.JPEG,default
imagenet_c/motion_blur/5/ILSVRC2012_val_00001660.JPEG,default
imagenet_c/brightness/1/ILSVRC2012_val_00014705.JPEG,default
imagenet_c/contrast/3/ILSVRC2012_val_00023104.JPEG,default
imagenet_c/frost/4/ILSVRC2012_val_00036199.JPEG,default
imagenet_c/pixelate/4/ILSVRC2012_val_00012579.JPEG,default
imagenet_c/motion_blur/3/ILSVRC2012_val_00006739.JPEG,default
imagenet_c/defocus_blur/5/ILSVRC2012_val_00022820.JPEG,default
imagenet_c/jpeg_compression/2/ILSVRC2012_val_00018614.JPEG,default
imagenet_c/jpeg_compression/1/ILSVRC2012_val_00041304.JPEG,default
imagenet_c/glass_blur/5/ILSVRC2012_val_00049774.JPEG,default
imagenet_c/defocus_blur/5/ILSVRC2012_val_00031801.JPEG,default
imagenet_c/zoom_blur/3/ILSVRC2012_val_00018324.JPEG,default
imagenet_c/glass_blur/1/ILSVRC2012_val_00045137.JPEG,default
imagenet_c/frost/5/ILSVRC2012_val_00030628.JPEG,default
imagenet_c/elastic_transform/1/ILSVRC2012_val_00008882.JPEG,default
imagenet_c/pixelate/2/ILSVRC2012_val_00004522.JPEG,default
imagenet_c/gaussian_noise/5/ILSVRC2012_val_00002705.JPEG,default
imagenet_c/pixelate/1/ILSVRC2012_val_00025108.JPEG,default
imagenet_c/impulse_noise/3/ILSVRC2012_val_00037962.JPEG,default
imagenet_c/frost/2/ILSVRC2012_val_00011613.JPEG,default
imagenet_c/jpeg_compression/1/ILSVRC2012_val_00023505.JPEG,default
imagenet_c/impulse_noise/5/ILSVRC2012_val_00022781.JPEG,default
imagenet_c/pixelate/2/ILSVRC2012_val_00013179.JPEG,default
imagenet_c/frost/4/ILSVRC2012_val_00004980.JPEG,default
imagenet_c/motion_blur/2/ILSVRC2012_val_00000645.JPEG,default
imagenet_c/jpeg_compression/4/ILSVRC2012_val_00008288.JPEG,default
imagenet_c/fog/5/ILSVRC2012_val_00026337.JPEG,default
imagenet_c/elastic_transform/3/ILSVRC2012_val_00020096.JPEG,default
imagenet_c/elastic_transform/2/ILSVRC2012_val_00049306.JPEG,default
imagenet_c/impulse_noise/3/ILSVRC2012_val_00038501.JPEG,default
imagenet_c/motion_blur/1/ILSVRC2012_val_00039438.JPEG,default
imagenet_c/fog/4/ILSVRC2012_val_00007241.JPEG,default
imagenet_c/fog/5/ILSVRC2012_val_00035358.JPEG,default
imagenet_c/jpeg_compression/2/ILSVRC2012_val_00000753.JPEG,default
imagenet_c/jpeg_compression/4/ILSVRC2012_val_00002215.JPEG,default
imagenet_c/gaussian_noise/5/ILSVRC2012_val_00013382.JPEG,default
imagenet_c/impulse_noise/5/ILSVRC2012_val_00035198.JPEG,default
imagenet_c/motion_blur/1/ILSVRC2012_val_00042740.JPEG,default
imagenet_c/contrast/5/ILSVRC2012_val_00016676.JPEG,default
imagenet_c/frost/3/ILSVRC2012_val_00026875.JPEG,default
imagenet_c/brightness/1/ILSVRC2012_val_00025860.JPEG,default
imagenet_c/elastic_transform/5/ILSVRC2012_val_00036707.JPEG,default
imagenet_c/pixelate/4/ILSVRC2012_val_00002885.JPEG,default
imagenet_c/snow/2/ILSVRC2012_val_00020845.JPEG,default
imagenet_c/defocus_blur/3/ILSVRC2012_val_00024003.JPEG,default
imagenet_c/motion_blur/1/ILSVRC2012_val_00016850.JPEG,default
imagenet_c/defocus_blur/1/ILSVRC2012_val_00034549.JPEG,default
imagenet_c/brightness/2/ILSVRC2012_val_00042539.JPEG,default
imagenet_c/impulse_noise/3/ILSVRC2012_val_00006287.JPEG,default
imagenet_c/frost/2/ILSVRC2012_val_00038366.JPEG,default
imagenet_c/snow/5/ILSVRC2012_val_00041237.JPEG,default
imagenet_c/gaussian_noise/5/ILSVRC2012_val_00009867.JPEG,default
imagenet_c/impulse_noise/4/ILSVRC2012_val_00012649.JPEG,default
imagenet_c/glass_blur/5/ILSVRC2012_val_00040900.JPEG,default
imagenet_c/brightness/3/ILSVRC2012_val_00006921.JPEG,default
imagenet_c/elastic_transform/1/ILSVRC2012_val_00011608.JPEG,default
imagenet_c/gaussian_noise/3/ILSVRC2012_val_00000968.JPEG,default
imagenet_c/brightness/3/ILSVRC2012_val_00022524.JPEG,default
imagenet_c/pixelate/3/ILSVRC2012_val_00024414.JPEG,default
imagenet_c/fog/5/ILSVRC2012_val_00041847.JPEG,default
imagenet_c/impulse_noise/3/ILSVRC2012_val_00024846.JPEG,default
imagenet_c/pixelate/1/ILSVRC2012_val_00021898.JPEG,default
imagenet_c/pixelate/4/ILSVRC2012_val_00007078.JPEG,default
imagenet_c/contrast/2/ILSVRC2012_val_00023747.JPEG,default
imagenet_c/defocus_blur/2/ILSVRC2012_val_00020960.JPEG,default
imagenet_c/shot_noise/2/ILSVRC2012_val_00000292.JPEG,default
imagenet_c/jpeg_compression/4/ILSVRC2012_val_00018401.JPEG,default
imagenet_c/contrast/4/ILSVRC2012_val_00027934.JPEG,default
imagenet_c/contrast/1/ILSVRC2012_val_00028218.JPEG,default
imagenet_c/impulse_noise/1/ILSVRC2012_val_00011969.JPEG,default
imagenet_c/jpeg_compression/5/ILSVRC2012_val_00022579.JPEG,default
imagenet_c/fog/3/ILSVRC2012_val_00033787.JPEG,default
imagenet_c/motion_blur/1/ILSVRC2012_val_00002729.JPEG,default
imagenet_c/zoom_blur/4/ILSVRC2012_val_00024002.JPEG,default
imagenet_c/shot_noise/5/ILSVRC2012_val_00032437.JPEG,default
imagenet_c/brightness/4/ILSVRC2012_val_00040215.JPEG,default
imagenet_c/snow/5/ILSVRC2012_val_00012287.JPEG,default
imagenet_c/fog/2/ILSVRC2012_val_00007099.JPEG,default
imagenet_c/impulse_noise/1/ILSVRC2012_val_00049014.JPEG,default
imagenet_c/defocus_blur/1/ILSVRC2012_val_00015736.JPEG,default
imagenet_c/impulse_noise/4/ILSVRC2012_val_00015052.JPEG,default
imagenet_c/elastic_transform/4/ILSVRC2012_val_00028479.JPEG,default
imagenet_c/impulse_noise/4/ILSVRC2012_val_00001298.JPEG,default
imagenet_c/defocus_blur/5/ILSVRC2012_val_00018451.JPEG,default
imagenet_c/zoom_blur/4/ILSVRC2012_val_00037321.JPEG,default
imagenet_c/brightness/4/ILSVRC2012_val_00016006.JPEG,default
imagenet_c/snow/3/ILSVRC2012_val_00012001.JPEG,default
imagenet_c/gaussian_noise/5/ILSVRC2012_val_00019093.JPEG,default
imagenet_c/elastic_transform/1/ILSVRC2012_val_00010561.JPEG,default
imagenet_c/impulse_noise/1/ILSVRC2012_val_00006976.JPEG,default
imagenet_c/frost/1/ILSVRC2012_val_00025930.JPEG,default
imagenet_c/elastic_transform/3/ILSVRC2012_val_00048353.JPEG,default
imagenet_c/motion_blur/1/ILSVRC2012_val_00012459.JPEG,default
imagenet_c/defocus_blur/2/ILSVRC2012_val_00031473.JPEG,default
imagenet_c/glass_blur/4/ILSVRC2012_val_00006103.JPEG,default
imagenet_c/shot_noise/1/ILSVRC2012_val_00045218.JPEG,default
imagenet_c/brightness/1/ILSVRC2012_val_00007844.JPEG,default
imagenet_c/frost/3/ILSVRC2012_val_00027383.JPEG,default
imagenet_c/pixelate/3/ILSVRC2012_val_00040075.JPEG,default
imagenet_c/pixelate/5/ILSVRC2012_val_00042366.JPEG,default
imagenet_c/elastic_transform/4/ILSVRC2012_val_00030038.JPEG,default
imagenet_c/pixelate/3/ILSVRC2012_val_00022807.JPEG,default
imagenet_c/elastic_transform/4/ILSVRC2012_val_00033376.JPEG,default
imagenet_c/jpeg_compression/4/ILSVRC2012_val_00015758.JPEG,default
imagenet_c/pixelate/4/ILSVRC2012_val_00008953.JPEG,default
imagenet_c/impulse_noise/1/ILSVRC2012_val_00029106.JPEG,default
imagenet_c/gaussian_noise/1/ILSVRC2012_val_00032883.JPEG,default
imagenet_c/frost/3/ILSVRC2012_val_00036507.JPEG,default
imagenet_c/brightness/5/ILSVRC2012_val_00045806.JPEG,default
imagenet_c/impulse_noise/3/ILSVRC2012_val_00045221.JPEG,default
imagenet_c/defocus_blur/1/ILSVRC2012_val_00004159.JPEG,default
imagenet_c/elastic_transform/3/ILSVRC2012_val_00011490.JPEG,default
imagenet_c/brightness/5/ILSVRC2012_val_00041833.JPEG,default
imagenet_c/frost/4/ILSVRC2012_val_00030147.JPEG,default
imagenet_c/brightness/2/ILSVRC2012_val_00030259.JPEG,default
imagenet_c/defocus_blur/4/ILSVRC2012_val_00005176.JPEG,default
imagenet_c/shot_noise/5/ILSVRC2012_val_00029863.JPEG,default
imagenet_c/fog/1/ILSVRC2012_val_00022228.JPEG,default
imagenet_c/brightness/4/ILSVRC2012_val_00046837.JPEG,default
imagenet_c/elastic_transform/3/ILSVRC2012_val_00032782.JPEG,default
imagenet_c/fog/4/ILSVRC2012_val_00011197.JPEG,default
imagenet_c/motion_blur/5/ILSVRC2012_val_00015537.JPEG,default
imagenet_c/elastic_transform/2/ILSVRC2012_val_00006974.JPEG,default
imagenet_c/pixelate/3/ILSVRC2012_val_00030301.JPEG,default
imagenet_c/frost/5/ILSVRC2012_val_00033709.JPEG,default
imagenet_c/gaussian_noise/2/ILSVRC2012_val_00017419.JPEG,default
imagenet_c/shot_noise/5/ILSVRC2012_val_00007141.JPEG,default
imagenet_c/shot_noise/4/ILSVRC2012_val_00024471.JPEG,default
imagenet_c/jpeg_compression/2/ILSVRC2012_val_00037192.JPEG,default
imagenet_c/contrast/1/ILSVRC2012_val_00012996.JPEG,default
imagenet_c/defocus_blur/5/ILSVRC2012_val_00022079.JPEG,default
imagenet_c/zoom_blur/5/ILSVRC2012_val_00027359.JPEG,default
imagenet_c/impulse_noise/3/ILSVRC2012_val_00012540.JPEG,default
imagenet_c/brightness/4/ILSVRC2012_val_00025986.JPEG,default
imagenet_c/snow/4/ILSVRC2012_val_00014426.JPEG,default
imagenet_c/gaussian_noise/3/ILSVRC2012_val_00009620.JPEG,default
imagenet_c/elastic_transform/1/ILSVRC2012_val_00001919.JPEG,default
imagenet_c/frost/3/ILSVRC2012_val_00014135.JPEG,default
imagenet_c/contrast/2/ILSVRC2012_val_00047636.JPEG,default
imagenet_c/snow/2/ILSVRC2012_val_00017802.JPEG,default
imagenet_c/pixelate/2/ILSVRC2012_val_00042420.JPEG,default
imagenet_c/motion_blur/3/ILSVRC2012_val_00011668.JPEG,default
imagenet_c/fog/1/ILSVRC2012_val_00049932.JPEG,default
imagenet_c/impulse_noise/3/ILSVRC2012_val_00045824.JPEG,default
imagenet_c/defocus_blur/2/ILSVRC2012_val_00026563.JPEG,default
imagenet_c/gaussian_noise/3/ILSVRC2012_val_00038699.JPEG,default
imagenet_c/impulse_noise/2/ILSVRC2012_val_00003967.JPEG,default
imagenet_c/snow/4/ILSVRC2012_val_00042386.JPEG,default
imagenet_c/impulse_noise/3/ILSVRC2012_val_00016082.JPEG,default
imagenet_c/brightness/4/ILSVRC2012_val_00000458.JPEG,default
imagenet_c/elastic_transform/3/ILSVRC2012_val_00038358.JPEG,default
imagenet_c/impulse_noise/1/ILSVRC2012_val_00049464.JPEG,default
imagenet_c/jpeg_compression/4/ILSVRC2012_val_00003294.JPEG,default
imagenet_c/gaussian_noise/3/ILSVRC2012_val_00039167.JPEG,default
imagenet_c/fog/5/ILSVRC2012_val_00025632.JPEG,default
imagenet_c/shot_noise/2/ILSVRC2012_val_00003396.JPEG,default
imagenet_c/gaussian_noise/3/ILSVRC2012_val_00037971.JPEG,default
imagenet_c/pixelate/4/ILSVRC2012_val_00012184.JPEG,default
imagenet_c/fog/2/ILSVRC2012_val_00018033.JPEG,default
imagenet_c/motion_blur/4/ILSVRC2012_val_00009204.JPEG,default
imagenet_c/frost/2/ILSVRC2012_val_00013816.JPEG,default
imagenet_c/motion_blur/1/ILSVRC2012_val_00014379.JPEG,default
imagenet_c/frost/4/ILSVRC2012_val_00045090.JPEG,default
imagenet_c/elastic_transform/1/ILSVRC2012_val_00015214.JPEG,default
imagenet_c/elastic_transform/3/ILSVRC2012_val_00038748.JPEG,default
imagenet_c/motion_blur/2/ILSVRC2012_val_00030679.JPEG,default
imagenet_c/glass_blur/4/ILSVRC2012_val_00045181.JPEG,default
imagenet_c/brightness/5/ILSVRC2012_val_00049687.JPEG,default
imagenet_c/gaussian_noise/4/ILSVRC2012_val_00001567.JPEG,default
imagenet_c/fog/5/ILSVRC2012_val_00009724.JPEG,default
imagenet_c/elastic_transform/4/ILSVRC2012_val_00016346.JPEG,default
imagenet_c/impulse_noise/4/ILSVRC2012_val_00035541.JPEG,default
imagenet_c/motion_blur/1/ILSVRC2012_val_00008650.JPEG,default
imagenet_c/brightness/5/ILSVRC2012_val_00042119.JPEG,default
imagenet_c/contrast/1/ILSVRC2012_val_00031445.JPEG,default
imagenet_c/contrast/1/ILSVRC2012_val_00014123.JPEG,default
imagenet_c/contrast/2/ILSVRC2012_val_00021112.JPEG,default
imagenet_c/fog/3/ILSVRC2012_val_00037620.JPEG,default
imagenet_c/contrast/4/ILSVRC2012_val_00005920.JPEG,default
imagenet_c/pixelate/4/ILSVRC2012_val_00042574.JPEG,default
imagenet_c/pixelate/2/ILSVRC2012_val_00005278.JPEG,default
imagenet_c/snow/3/ILSVRC2012_val_00033653.JPEG,default
imagenet_c/gaussian_noise/2/ILSVRC2012_val_00047815.JPEG,default
imagenet_c/snow/1/ILSVRC2012_val_00014579.JPEG,default
imagenet_c/fog/5/ILSVRC2012_val_00016838.JPEG,default
imagenet_c/pixelate/3/ILSVRC2012_val_00007270.JPEG,default
imagenet_c/fog/4/ILSVRC2012_val_00028539.JPEG,default
imagenet_c/pixelate/3/ILSVRC2012_val_00004865.JPEG,default
imagenet_c/frost/2/ILSVRC2012_val_00037699.JPEG,default
imagenet_c/jpeg_compression/3/ILSVRC2012_val_00031106.JPEG,default
imagenet_c/pixelate/5/ILSVRC2012_val_00047576.JPEG,default
imagenet_c/snow/2/ILSVRC2012_val_00022471.JPEG,default
imagenet_c/jpeg_compression/4/ILSVRC2012_val_00008376.JPEG,default
imagenet_c/defocus_blur/2/ILSVRC2012_val_00010708.JPEG,default
imagenet_c/gaussian_noise/1/ILSVRC2012_val_00030195.JPEG,default
imagenet_c/motion_blur/4/ILSVRC2012_val_00040082.JPEG,default
imagenet_c/elastic_transform/4/ILSVRC2012_val_00036376.JPEG,default
imagenet_c/shot_noise/1/ILSVRC2012_val_00002304.JPEG,default
imagenet_c/contrast/5/ILSVRC2012_val_00008246.JPEG,default
imagenet_c/defocus_blur/4/ILSVRC2012_val_00014543.JPEG,default
imagenet_c/pixelate/2/ILSVRC2012_val_00043780.JPEG,default
imagenet_c/shot_noise/4/ILSVRC2012_val_00041790.JPEG,default
imagenet_c/snow/5/ILSVRC2012_val_00039495.JPEG,default
imagenet_c/impulse_noise/1/ILSVRC2012_val_00037967.JPEG,default
imagenet_c/brightness/3/ILSVRC2012_val_00020190.JPEG,default
imagenet_c/contrast/3/ILSVRC2012_val_00000621.JPEG,default
imagenet_c/gaussian_noise/2/ILSVRC2012_val_00010319.JPEG,default
imagenet_c/brightness/1/ILSVRC2012_val_00038603.JPEG,default
imagenet_c/zoom_blur/5/ILSVRC2012_val_00007775.JPEG,default
imagenet_c/snow/5/ILSVRC2012_val_00026668.JPEG,default
imagenet_c/elastic_transform/5/ILSVRC2012_val_00044512.JPEG,default
imagenet_c/snow/3/ILSVRC2012_val_00043812.JPEG,default
imagenet_c/frost/5/ILSVRC2012_val_00023510.JPEG,default
imagenet_c/snow/4/ILSVRC2012_val_00041303.JPEG,default
imagenet_c/elastic_transform/2/ILSVRC2012_val_00011059.JPEG,default
imagenet_c/zoom_blur/3/ILSVRC2012_val_00047644.JPEG,default
imagenet_c/snow/4/ILSVRC2012_val_00028690.JPEG,default
imagenet_c/pixelate/3/ILSVRC2012_val_00040797.JPEG,default
imagenet_c/contrast/3/ILSVRC2012_val_00011282.JPEG,default
imagenet_c/snow/3/ILSVRC2012_val_00000682.JPEG,default
imagenet_c/shot_noise/4/ILSVRC2012_val_00035015.JPEG,default
imagenet_c/fog/4/ILSVRC2012_val_00000454.JPEG,default
imagenet_c/snow/5/ILSVRC2012_val_00049335.JPEG,default
imagenet_c/shot_noise/3/ILSVRC2012_val_00048262.JPEG,default
imagenet_c/brightness/5/ILSVRC2012_val_00041035.JPEG,default
imagenet_c/jpeg_compression/2/ILSVRC2012_val_00023956.JPEG,default
imagenet_c/pixelate/2/ILSVRC2012_val_00019768.JPEG,default
imagenet_c/defocus_blur/3/ILSVRC2012_val_00010656.JPEG,default
imagenet_c/fog/5/ILSVRC2012_val_00015474.JPEG,default
imagenet_c/motion_blur/3/ILSVRC2012_val_00028845.JPEG,default
imagenet_c/glass_blur/5/ILSVRC2012_val_00048984.JPEG,default
imagenet_c/contrast/5/ILSVRC2012_val_00003025.JPEG,default
imagenet_c/defocus_blur/3/ILSVRC2012_val_00006510.JPEG,default
imagenet_c/fog/2/ILSVRC2012_val_00043545.JPEG,default
imagenet_c/glass_blur/5/ILSVRC2012_val_00008276.JPEG,default
imagenet_c/brightness/5/ILSVRC2012_val_00005486.JPEG,default
imagenet_c/pixelate/5/ILSVRC2012_val_00014524.JPEG,default
imagenet_c/frost/4/ILSVRC2012_val_00018579.JPEG,default
imagenet_c/motion_blur/5/ILSVRC2012_val_00039205.JPEG,default
imagenet_c/contrast/5/ILSVRC2012_val_00028361.JPEG,default
imagenet_c/elastic_transform/5/ILSVRC2012_val_00010949.JPEG,default
imagenet_c/snow/2/ILSVRC2012_val_00047620.JPEG,default
imagenet_c/brightness/2/ILSVRC2012_val_00011830.JPEG,default
imagenet_c/fog/1/ILSVRC2012_val_00034222.JPEG,default
imagenet_c/pixelate/4/ILSVRC2012_val_00013451.JPEG,default
imagenet_c/impulse_noise/3/ILSVRC2012_val_00004191.JPEG,default
imagenet_c/pixelate/3/ILSVRC2012_val_00028495.JPEG,default
imagenet_c/elastic_transform/3/ILSVRC2012_val_00034976.JPEG,default
imagenet_c/shot_noise/1/ILSVRC2012_val_00038824.JPEG,default
imagenet_c/snow/3/ILSVRC2012_val_00019393.JPEG,default
imagenet_c/frost/1/ILSVRC2012_val_00023962.JPEG,default
imagenet_c/pixelate/5/ILSVRC2012_val_00030576.JPEG,default
imagenet_c/jpeg_compression/2/ILSVRC2012_val_00042931.JPEG,default
imagenet_c/brightness/2/ILSVRC2012_val_00002001.JPEG,default
imagenet_c/brightness/4/ILSVRC2012_val_00017614.JPEG,default
imagenet_c/snow/4/ILSVRC2012_val_00007806.JPEG,default
imagenet_c/motion_blur/2/ILSVRC2012_val_00026389.JPEG,default
imagenet_c/glass_blur/3/ILSVRC2012_val_00000260.JPEG,default
imagenet_c/zoom_blur/2/ILSVRC2012_val_00047483.JPEG,default
imagenet_c/fog/1/ILSVRC2012_val_00016128.JPEG,default
imagenet_c/pixelate/5/ILSVRC2012_val_00014527.JPEG,default
imagenet_c/snow/3/ILSVRC2012_val_00013165.JPEG,default
imagenet_c/defocus_blur/5/ILSVRC2012_val_00046461.JPEG,default
imagenet_c/jpeg_compression/5/ILSVRC2012_val_00015071.JPEG,default
imagenet_c/brightness/3/ILSVRC2012_val_00009944.JPEG,default
imagenet_c/snow/5/ILSVRC2012_val_00004482.JPEG,default
imagenet_c/brightness/4/ILSVRC2012_val_00045368.JPEG,default
imagenet_c/snow/1/ILSVRC2012_val_00008457.JPEG,default
imagenet_c/brightness/4/ILSVRC2012_val_00025389.JPEG,default
imagenet_c/contrast/2/ILSVRC2012_val_00023484.JPEG,default
imagenet_c/shot_noise/2/ILSVRC2012_val_00014191.JPEG,default
imagenet_c/contrast/3/ILSVRC2012_val_00027574.JPEG,default
imagenet_c/fog/1/ILSVRC2012_val_00019802.JPEG,default
imagenet_c/shot_noise/4/ILSVRC2012_val_00048516.JPEG,default
imagenet_c/fog/3/ILSVRC2012_val_00042773.JPEG,default
imagenet_c/pixelate/3/ILSVRC2012_val_00049037.JPEG,default
imagenet_c/pixelate/5/ILSVRC2012_val_00007886.JPEG,default
imagenet_c/jpeg_compression/4/ILSVRC2012_val_00044918.JPEG,default
imagenet_c/snow/1/ILSVRC2012_val_00029136.JPEG,default
imagenet_c/shot_noise/2/ILSVRC2012_val_00029274.JPEG,default
imagenet_c/pixelate/1/ILSVRC2012_val_00012642.JPEG,default
imagenet_c/shot_noise/4/ILSVRC2012_val_00031371.JPEG,default
imagenet_c/zoom_blur/2/ILSVRC2012_val_00012341.JPEG,default
imagenet_c/shot_noise/1/ILSVRC2012_val_00019000.JPEG,default
imagenet_c/gaussian_noise/5/ILSVRC2012_val_00005498.JPEG,default
imagenet_c/glass_blur/5/ILSVRC2012_val_00026952.JPEG,default
imagenet_c/contrast/2/ILSVRC2012_val_00013737.JPEG,default
imagenet_c/brightness/4/ILSVRC2012_val_00041696.JPEG,default
imagenet_c/pixelate/1/ILSVRC2012_val_00013683.JPEG,default
imagenet_c/pixelate/3/ILSVRC2012_val_00041590.JPEG,default
imagenet_c/glass_blur/2/ILSVRC2012_val_00023521.JPEG,default
imagenet_c/snow/3/ILSVRC2012_val_00042431.JPEG,default
imagenet_c/gaussian_noise/4/ILSVRC2012_val_00000920.JPEG,default
imagenet_c/impulse_noise/3/ILSVRC2012_val_00047521.JPEG,default
imagenet_c/defocus_blur/3/ILSVRC2012_val_00011284.JPEG,default
imagenet_c/pixelate/4/ILSVRC2012_val_00002151.JPEG,default
imagenet_c/motion_blur/5/ILSVRC2012_val_00033725.JPEG,default
imagenet_c/brightness/2/ILSVRC2012_val_00027046.JPEG,default
imagenet_c/impulse_noise/1/ILSVRC2012_val_00026909.JPEG,default
imagenet_c/elastic_transform/4/ILSVRC2012_val_00038785.JPEG,default
imagenet_c/snow/1/ILSVRC2012_val_00008695.JPEG,default
imagenet_c/gaussian_noise/1/ILSVRC2012_val_00007533.JPEG,default
imagenet_c/shot_noise/1/ILSVRC2012_val_00024841.JPEG,default
imagenet_c/glass_blur/5/ILSVRC2012_val_00048278.JPEG,default
imagenet_c/brightness/4/ILSVRC2012_val_00039074.JPEG,default
imagenet_c/impulse_noise/2/ILSVRC2012_val_00025202.JPEG,default
imagenet_c/frost/4/ILSVRC2012_val_00018277.JPEG,default
imagenet_c/contrast/2/ILSVRC2012_val_00027317.JPEG,default
imagenet_c/impulse_noise/3/ILSVRC2012_val_00017446.JPEG,default
imagenet_c/pixelate/5/ILSVRC2012_val_00029805.JPEG,default
imagenet_c/glass_blur/3/ILSVRC2012_val_00003857.JPEG,default
imagenet_c/zoom_blur/1/ILSVRC2012_val_00007361.JPEG,default
imagenet_c/pixelate/4/ILSVRC2012_val_00046650.JPEG,default
imagenet_c/fog/3/ILSVRC2012_val_00010083.JPEG,default
imagenet_c/frost/3/ILSVRC2012_val_00005654.JPEG,default
imagenet_c/snow/2/ILSVRC2012_val_00032990.JPEG,default
imagenet_c/shot_noise/3/ILSVRC2012_val_00025514.JPEG,default
imagenet_c/defocus_blur/5/ILSVRC2012_val_00018090.JPEG,default
imagenet_c/gaussian_noise/3/ILSVRC2012_val_00004504.JPEG,default
imagenet_c/gaussian_noise/5/ILSVRC2012_val_00016933.JPEG,default
imagenet_c/contrast/3/ILSVRC2012_val_00017774.JPEG,default
imagenet_c/shot_noise/1/ILSVRC2012_val_00019554.JPEG,default
imagenet_c/motion_blur/4/ILSVRC2012_val_00003222.JPEG,default
imagenet_c/shot_noise/3/ILSVRC2012_val_00003998.JPEG,default
imagenet_c/snow/5/ILSVRC2012_val_00015363.JPEG,default
imagenet_c/glass_blur/2/ILSVRC2012_val_00045902.JPEG,default
imagenet_c/glass_blur/5/ILSVRC2012_val_00022419.JPEG,default
imagenet_c/elastic_transform/2/ILSVRC2012_val_00020702.JPEG,default
imagenet_c/pixelate/4/ILSVRC2012_val_00034165.JPEG,default
imagenet_c/brightness/4/ILSVRC2012_val_00042167.JPEG,default
imagenet_c/contrast/4/ILSVRC2012_val_00016610.JPEG,default
imagenet_c/zoom_blur/3/ILSVRC2012_val_00033309.JPEG,default
imagenet_c/zoom_blur/2/ILSVRC2012_val_00040441.JPEG,default
imagenet_c/motion_blur/4/ILSVRC2012_val_00028188.JPEG,default
imagenet_c/gaussian_noise/4/ILSVRC2012_val_00030525.JPEG,default
imagenet_c/jpeg_compression/5/ILSVRC2012_val_00000931.JPEG,default
imagenet_c/jpeg_compression/3/ILSVRC2012_val_00038171.JPEG,default
imagenet_c/contrast/5/ILSVRC2012_val_00007618.JPEG,default
imagenet_c/glass_blur/1/ILSVRC2012_val_00049267.JPEG,default
imagenet_c/gaussian_noise/5/ILSVRC2012_val_00023936.JPEG,default
imagenet_c/brightness/4/ILSVRC2012_val_00038147.JPEG,default
imagenet_c/gaussian_noise/2/ILSVRC2012_val_00043691.JPEG,default
imagenet_c/frost/5/ILSVRC2012_val_00034096.JPEG,default
imagenet_c/motion_blur/3/ILSVRC2012_val_00041667.JPEG,default
imagenet_c/pixelate/1/ILSVRC2012_val_00004416.JPEG,default
imagenet_c/fog/5/ILSVRC2012_val_00032026.JPEG,default
imagenet_c/brightness/1/ILSVRC2012_val_00049582.JPEG,default
imagenet_c/glass_blur/3/ILSVRC2012_val_00024065.JPEG,default
imagenet_c/contrast/3/ILSVRC2012_val_00035899.JPEG,default
imagenet_c/frost/2/ILSVRC2012_val_00007364.JPEG,default
imagenet_c/shot_noise/1/ILSVRC2012_val_00043775.JPEG,default
imagenet_c/motion_blur/2/ILSVRC2012_val_00008413.JPEG,default
imagenet_c/brightness/3/ILSVRC2012_val_00037186.JPEG,default
imagenet_c/impulse_noise/2/ILSVRC2012_val_00038099.JPEG,default
imagenet_c/elastic_transform/3/ILSVRC2012_val_00019288.JPEG,default
imagenet_c/frost/4/ILSVRC2012_val_00006160.JPEG,default
imagenet_c/impulse_noise/2/ILSVRC2012_val_00030034.JPEG,default
imagenet_c/fog/3/ILSVRC2012_val_00030308.JPEG,default
imagenet_c/shot_noise/4/ILSVRC2012_val_00010779.JPEG,default
imagenet_c/zoom_blur/4/ILSVRC2012_val_00020389.JPEG,default
imagenet_c/glass_blur/1/ILSVRC2012_val_00043002.JPEG,default
imagenet_c/brightness/2/ILSVRC2012_val_00004133.JPEG,default
imagenet_c/zoom_blur/3/ILSVRC2012_val_00031724.JPEG,default
imagenet_c/jpeg_compression/3/ILSVRC2012_val_00039593.JPEG,default
imagenet_c/brightness/2/ILSVRC2012_val_00018472.JPEG,default
imagenet_c/pixelate/5/ILSVRC2012_val_00042498.JPEG,default
imagenet_c/elastic_transform/5/ILSVRC2012_val_00045938.JPEG,default
imagenet_c/brightness/4/ILSVRC2012_val_00047386.JPEG,default
imagenet_c/snow/5/ILSVRC2012_val_00017148.JPEG,default
imagenet_c/defocus_blur/5/ILSVRC2012_val_00028701.JPEG,default
imagenet_c/fog/3/ILSVRC2012_val_00010727.JPEG,default
imagenet_c/impulse_noise/4/ILSVRC2012_val_00049013.JPEG,default
imagenet_c/jpeg_compression/5/ILSVRC2012_val_00028403.JPEG,default
imagenet_c/zoom_blur/2/ILSVRC2012_val_00040768.JPEG,default
imagenet_c/shot_noise/4/ILSVRC2012_val_00013950.JPEG,default
imagenet_c/frost/3/ILSVRC2012_val_00037963.JPEG,default
imagenet_c/frost/1/ILSVRC2012_val_00019466.JPEG,default
imagenet_c/snow/4/ILSVRC2012_val_00011936.JPEG,default
imagenet_c/jpeg_compression/5/ILSVRC2012_val_00011157.JPEG,default
imagenet_c/frost/5/ILSVRC2012_val_00018289.JPEG,default
imagenet_c/glass_blur/1/ILSVRC2012_val_00030489.JPEG,default
imagenet_c/elastic_transform/2/ILSVRC2012_val_00018924.JPEG,default
imagenet_c/fog/1/ILSVRC2012_val_00028580.JPEG,default
imagenet_c/brightness/1/ILSVRC2012_val_00036857.JPEG,default
imagenet_c/snow/3/ILSVRC2012_val_00038151.JPEG,default
imagenet_c/shot_noise/5/ILSVRC2012_val_00012638.JPEG,default
imagenet_c/gaussian_noise/5/ILSVRC2012_val_00012865.JPEG,default
imagenet_c/defocus_blur/3/ILSVRC2012_val_00036488.JPEG,default
imagenet_c/defocus_blur/2/ILSVRC2012_val_00023382.JPEG,default
imagenet_c/fog/2/ILSVRC2012_val_00034825.JPEG,default
imagenet_c/frost/3/ILSVRC2012_val_00017797.JPEG,default
imagenet_c/fog/4/ILSVRC2012_val_00011273.JPEG,default
imagenet_c/pixelate/5/ILSVRC2012_val_00037854.JPEG,default
imagenet_c/elastic_transform/5/ILSVRC2012_val_00037225.JPEG,default
imagenet_c/shot_noise/4/ILSVRC2012_val_00043725.JPEG,default
imagenet_c/shot_noise/4/ILSVRC2012_val_00002604.JPEG,default
imagenet_c/jpeg_compression/1/ILSVRC2012_val_00013163.JPEG,default
imagenet_c/glass_blur/1/ILSVRC2012_val_00017615.JPEG,default
imagenet_c/defocus_blur/4/ILSVRC2012_val_00040213.JPEG,default
imagenet_c/fog/2/ILSVRC2012_val_00001291.JPEG,default
imagenet_c/elastic_transform/1/ILSVRC2012_val_00013481.JPEG,default
imagenet_c/impulse_noise/1/ILSVRC2012_val_00040629.JPEG,default
imagenet_c/snow/2/ILSVRC2012_val_00045410.JPEG,default
imagenet_c/gaussian_noise/1/ILSVRC2012_val_00028504.JPEG,default
imagenet_c/jpeg_compression/2/ILSVRC2012_val_00039316.JPEG,default
imagenet_c/snow/3/ILSVRC2012_val_00036115.JPEG,default
imagenet_c/snow/3/ILSVRC2012_val_00039040.JPEG,default
imagenet_c/brightness/1/ILSVRC2012_val_00001340.JPEG,default
imagenet_c/brightness/3/ILSVRC2012_val_00043678.JPEG,default
imagenet_c/contrast/3/ILSVRC2012_val_00001953.JPEG,default
imagenet_c/motion_blur/1/ILSVRC2012_val_00024620.JPEG,default
imagenet_c/gaussian_noise/3/ILSVRC2012_val_00017631.JPEG,default
imagenet_c/jpeg_compression/4/ILSVRC2012_val_00006061.JPEG,default
imagenet_c/gaussian_noise/4/ILSVRC2012_val_00008768.JPEG,default
imagenet_c/brightness/1/ILSVRC2012_val_00025634.JPEG,default
imagenet_c/snow/4/ILSVRC2012_val_00007686.JPEG,default
imagenet_c/pixelate/3/ILSVRC2012_val_00025917.JPEG,default
imagenet_c/shot_noise/5/ILSVRC2012_val_00037357.JPEG,default
imagenet_c/elastic_transform/3/ILSVRC2012_val_00007132.JPEG,default
imagenet_c/impulse_noise/5/ILSVRC2012_val_00038775.JPEG,default
imagenet_c/pixelate/2/ILSVRC2012_val_00017795.JPEG,default
imagenet_c/impulse_noise/2/ILSVRC2012_val_00005817.JPEG,default
imagenet_c/elastic_transform/3/ILSVRC2012_val_00045813.JPEG,default
imagenet_c/elastic_transform/2/ILSVRC2012_val_00029341.JPEG,default
imagenet_c/shot_noise/2/ILSVRC2012_val_00020809.JPEG,default
imagenet_c/snow/5/ILSVRC2012_val_00004125.JPEG,default
imagenet_c/defocus_blur/2/ILSVRC2012_val_00004247.JPEG,default
imagenet_c/motion_blur/5/ILSVRC2012_val_00001154.JPEG,default
imagenet_c/pixelate/2/ILSVRC2012_val_00047818.JPEG,default
imagenet_c/elastic_transform/1/ILSVRC2012_val_00003867.JPEG,default
imagenet_c/motion_blur/5/ILSVRC2012_val_00015501.JPEG,default
imagenet_c/elastic_transform/5/ILSVRC2012_val_00042224.JPEG,default
imagenet_c/pixelate/4/ILSVRC2012_val_00021719.JPEG,default
imagenet_c/jpeg_compression/4/ILSVRC2012_val_00024434.JPEG,default
imagenet_c/brightness/2/ILSVRC2012_val_00032442.JPEG,default
imagenet_c/defocus_blur/5/ILSVRC2012_val_00015288.JPEG,default
imagenet_c/shot_noise/1/ILSVRC2012_val_00034427.JPEG,default
imagenet_c/frost/4/ILSVRC2012_val_00048504.JPEG,default
imagenet_c/brightness/3/ILSVRC2012_val_00010987.JPEG,default
imagenet_c/defocus_blur/5/ILSVRC2012_val_00036684.JPEG,default
imagenet_c/brightness/1/ILSVRC2012_val_00018753.JPEG,default
imagenet_c/fog/1/ILSVRC2012_val_00001497.JPEG,default
imagenet_c/frost/3/ILSVRC2012_val_00020485.JPEG,default
imagenet_c/jpeg_compression/2/ILSVRC2012_val_00030547.JPEG,default
imagenet_c/fog/2/ILSVRC2012_val_00002018.JPEG,default
imagenet_c/defocus_blur/2/ILSVRC2012_val_00026574.JPEG,default
imagenet_c/jpeg_compression/5/ILSVRC2012_val_00036839.JPEG,default
imagenet_c/brightness/5/ILSVRC2012_val_00017923.JPEG,default
imagenet_c/impulse_noise/4/ILSVRC2012_val_00008999.JPEG,default
imagenet_c/zoom_blur/5/ILSVRC2012_val_00017168.JPEG,default
imagenet_c/zoom_blur/5/ILSVRC2012_val_00027784.JPEG,default
imagenet_c/zoom_blur/5/ILSVRC2012_val_00001210.JPEG,default
imagenet_c/impulse_noise/4/ILSVRC2012_val_00008452.JPEG,default
imagenet_c/shot_noise/4/ILSVRC2012_val_00002360.JPEG,default
imagenet_c/snow/5/ILSVRC2012_val_00040964.JPEG,default
imagenet_c/jpeg_compression/3/ILSVRC2012_val_00004174.JPEG,default
imagenet_c/motion_blur/2/ILSVRC2012_val_00029748.JPEG,default
imagenet_c/zoom_blur/3/ILSVRC2012_val_00019670.JPEG,default
imagenet_c/defocus_blur/2/ILSVRC2012_val_00029043.JPEG,default
imagenet_c/gaussian_noise/5/ILSVRC2012_val_00037735.JPEG,default
imagenet_c/pixelate/3/ILSVRC2012_val_00048425.JPEG,default
imagenet_c/frost/5/ILSVRC2012_val_00044519.JPEG,default
imagenet_c/snow/4/ILSVRC2012_val_00011513.JPEG,default
imagenet_c/gaussian_noise/2/ILSVRC2012_val_00048619.JPEG,default
imagenet_c/fog/5/ILSVRC2012_val_00039805.JPEG,default
imagenet_c/pixelate/2/ILSVRC2012_val_00032402.JPEG,default
imagenet_c/jpeg_compression/2/ILSVRC2012_val_00037158.JPEG,default
imagenet_c/zoom_blur/5/ILSVRC2012_val_00000143.JPEG,default
imagenet_c/gaussian_noise/2/ILSVRC2012_val_00003885.JPEG,default
imagenet_c/pixelate/4/ILSVRC2012_val_00011800.JPEG,default
imagenet_c/shot_noise/4/ILSVRC2012_val_00011269.JPEG,default
imagenet_c/brightness/5/ILSVRC2012_val_00001169.JPEG,default
imagenet_c/impulse_noise/3/ILSVRC2012_val_00049387.JPEG,default
imagenet_c/shot_noise/4/ILSVRC2012_val_00010948.JPEG,default
imagenet_c/defocus_blur/2/ILSVRC2012_val_00006042.JPEG,default
imagenet_c/gaussian_noise/2/ILSVRC2012_val_00018545.JPEG,default
imagenet_c/shot_noise/2/ILSVRC2012_val_00026816.JPEG,default
imagenet_c/jpeg_compression/3/ILSVRC2012_val_00021087.JPEG,default
imagenet_c/brightness/3/ILSVRC2012_val_00047995.JPEG,default
imagenet_c/brightness/4/ILSVRC2012_val_00045591.JPEG,default
imagenet_c/glass_blur/4/ILSVRC2012_val_00040574.JPEG,default
imagenet_c/contrast/3/ILSVRC2012_val_00040506.JPEG,default
imagenet_c/glass_blur/3/ILSVRC2012_val_00016436.JPEG,default
imagenet_c/pixelate/2/ILSVRC2012_val_00023036.JPEG,default
imagenet_c/pixelate/4/ILSVRC2012_val_00030979.JPEG,default
imagenet_c/impulse_noise/4/ILSVRC2012_val_00020871.JPEG,default
imagenet_c/glass_blur/1/ILSVRC2012_val_00034258.JPEG,default
imagenet_c/fog/2/ILSVRC2012_val_00023911.JPEG,default
imagenet_c/contrast/4/ILSVRC2012_val_00014294.JPEG,default
imagenet_c/elastic_transform/4/ILSVRC2012_val_00043936.JPEG,default
imagenet_c/motion_blur/4/ILSVRC2012_val_00035155.JPEG,default
imagenet_c/fog/4/ILSVRC2012_val_00043092.JPEG,default
imagenet_c/defocus_blur/2/ILSVRC2012_val_00019434.JPEG,default
imagenet_c/defocus_blur/3/ILSVRC2012_val_00032630.JPEG,default
imagenet_c/gaussian_noise/1/ILSVRC2012_val_00041149.JPEG,default
imagenet_c/frost/3/ILSVRC2012_val_00025444.JPEG,default
imagenet_c/jpeg_compression/2/ILSVRC2012_val_00034138.JPEG,default
imagenet_c/defocus_blur/1/ILSVRC2012_val_00020491.JPEG,default
imagenet_c/defocus_blur/1/ILSVRC2012_val_00005199.JPEG,default
imagenet_c/shot_noise/1/ILSVRC2012_val_00049173.JPEG,default
imagenet_c/shot_noise/3/ILSVRC2012_val_00046895.JPEG,default
imagenet_c/defocus_blur/4/ILSVRC2012_val_00006296.JPEG,default
imagenet_c/gaussian_noise/2/ILSVRC2012_val_00027994.JPEG,default
imagenet_c/snow/3/ILSVRC2012_val_00028976.JPEG,default
imagenet_c/gaussian_noise/4/ILSVRC2012_val_00034558.JPEG,default
imagenet_c/gaussian_noise/3/ILSVRC2012_val_00021939.JPEG,default
imagenet_c/glass_blur/1/ILSVRC2012_val_00039558.JPEG,default
imagenet_c/gaussian_noise/1/ILSVRC2012_val_00044155.JPEG,default
imagenet_c/elastic_transform/5/ILSVRC2012_val_00030084.JPEG,default
imagenet_c/fog/1/ILSVRC2012_val_00009875.JPEG,default
imagenet_c/jpeg_compression/5/ILSVRC2012_val_00044915.JPEG,default
imagenet_c/glass_blur/3/ILSVRC2012_val_00024713.JPEG,default
imagenet_c/motion_blur/1/ILSVRC2012_val_00012959.JPEG,default
imagenet_c/motion_blur/4/ILSVRC2012_val_00000615.JPEG,default
imagenet_c/frost/4/ILSVRC2012_val_00049844.JPEG,default
imagenet_c/motion_blur/4/ILSVRC2012_val_00033983.JPEG,default
imagenet_c/jpeg_compression/2/ILSVRC2012_val_00043168.JPEG,default
imagenet_c/shot_noise/2/ILSVRC2012_val_00046661.JPEG,default
imagenet_c/fog/3/ILSVRC2012_val_00014003.JPEG,default
imagenet_c/motion_blur/4/ILSVRC2012_val_00043019.JPEG,default
imagenet_c/motion_blur/2/ILSVRC2012_val_00022964.JPEG,default
imagenet_c/motion_blur/5/ILSVRC2012_val_00029866.JPEG,default
imagenet_c/jpeg_compression/3/ILSVRC2012_val_00045041.JPEG,default
imagenet_c/jpeg_compression/5/ILSVRC2012_val_00006682.JPEG,default
imagenet_c/snow/1/ILSVRC2012_val_00000673.JPEG,default
imagenet_c/pixelate/1/ILSVRC2012_val_00046634.JPEG,default
imagenet_c/jpeg_compression/4/ILSVRC2012_val_00029485.JPEG,default
imagenet_c/defocus_blur/4/ILSVRC2012_val_00005711.JPEG,default
imagenet_c/jpeg_compression/4/ILSVRC2012_val_00000325.JPEG,default
imagenet_c/defocus_blur/1/ILSVRC2012_val_00038425.JPEG,default
imagenet_c/glass_blur/2/ILSVRC2012_val_00021220.JPEG,default
imagenet_c/impulse_noise/4/ILSVRC2012_val_00000039.JPEG,default
imagenet_c/shot_noise/2/ILSVRC2012_val_00005665.JPEG,default
imagenet_c/impulse_noise/1/ILSVRC2012_val_00049068.JPEG,default
imagenet_c/jpeg_compression/1/ILSVRC2012_val_00045772.JPEG,default
imagenet_c/glass_blur/3/ILSVRC2012_val_00038141.JPEG,default
imagenet_c/defocus_blur/5/ILSVRC2012_val_00042247.JPEG,default
imagenet_c/zoom_blur/4/ILSVRC2012_val_00007472.JPEG,default
imagenet_c/glass_blur/2/ILSVRC2012_val_00044631.JPEG,default
imagenet_c/gaussian_noise/2/ILSVRC2012_val_00015707.JPEG,default
imagenet_c/elastic_transform/1/ILSVRC2012_val_00012529.JPEG,default
imagenet_c/jpeg_compression/1/ILSVRC2012_val_00035230.JPEG,default
imagenet_c/snow/2/ILSVRC2012_val_00047207.JPEG,default
imagenet_c/defocus_blur/3/ILSVRC2012_val_00033114.JPEG,default
imagenet_c/zoom_blur/3/ILSVRC2012_val_00021665.JPEG,default
imagenet_c/motion_blur/5/ILSVRC2012_val_00044791.JPEG,default
imagenet_c/shot_noise/5/ILSVRC2012_val_00005166.JPEG,default
imagenet_c/jpeg_compression/4/ILSVRC2012_val_00038506.JPEG,default
imagenet_c/elastic_transform/4/ILSVRC2012_val_00035866.JPEG,default
imagenet_c/fog/1/ILSVRC2012_val_00001801.JPEG,default
imagenet_c/frost/3/ILSVRC2012_val_00024242.JPEG,default
imagenet_c/defocus_blur/3/ILSVRC2012_val_00013295.JPEG,default
imagenet_c/contrast/4/ILSVRC2012_val_00016837.JPEG,default
imagenet_c/contrast/4/ILSVRC2012_val_00047962.JPEG,default
imagenet_c/jpeg_compression/3/ILSVRC2012_val_00016549.JPEG,default
imagenet_c/defocus_blur/4/ILSVRC2012_val_00011337.JPEG,default
imagenet_c/pixelate/3/ILSVRC2012_val_00041082.JPEG,default
imagenet_c/shot_noise/5/ILSVRC2012_val_00009142.JPEG,default
imagenet_c/defocus_blur/4/ILSVRC2012_val_00007607.JPEG,default
imagenet_c/motion_blur/4/ILSVRC2012_val_00045694.JPEG,default
imagenet_c/elastic_transform/5/ILSVRC2012_val_00007978.JPEG,default
imagenet_c/snow/2/ILSVRC2012_val_00001551.JPEG,default
imagenet_c/gaussian_noise/2/ILSVRC2012_val_00012295.JPEG,default
imagenet_c/shot_noise/4/ILSVRC2012_val_00032553.JPEG,default
imagenet_c/motion_blur/2/ILSVRC2012_val_00016151.JPEG,default
imagenet_c/gaussian_noise/2/ILSVRC2012_val_00012054.JPEG,default
imagenet_c/impulse_noise/2/ILSVRC2012_val_00032339.JPEG,default
imagenet_c/glass_blur/5/ILSVRC2012_val_00011266.JPEG,default
imagenet_c/gaussian_noise/2/ILSVRC2012_val_00038302.JPEG,default
imagenet_c/jpeg_compression/1/ILSVRC2012_val_00013942.JPEG,default
imagenet_c/zoom_blur/2/ILSVRC2012_val_00034592.JPEG,default
imagenet_c/fog/3/ILSVRC2012_val_00002156.JPEG,default
imagenet_c/glass_blur/2/ILSVRC2012_val_00025406.JPEG,default
imagenet_c/pixelate/1/ILSVRC2012_val_00035385.JPEG,default
imagenet_c/motion_blur/1/ILSVRC2012_val_00036681.JPEG,default
imagenet_c/shot_noise/5/ILSVRC2012_val_00022294.JPEG,default
imagenet_c/glass_blur/2/ILSVRC2012_val_00027099.JPEG,default
imagenet_c/zoom_blur/1/ILSVRC2012_val_00019442.JPEG,default
imagenet_c/impulse_noise/2/ILSVRC2012_val_00002676.JPEG,default
imagenet_c/defocus_blur/2/ILSVRC2012_val_00006324.JPEG,default
imagenet_c/shot_noise/5/ILSVRC2012_val_00039362.JPEG,default
imagenet_c/brightness/4/ILSVRC2012_val_00042975.JPEG,default
imagenet_c/frost/4/ILSVRC2012_val_00001269.JPEG,default
imagenet_c/jpeg_compression/2/ILSVRC2012_val_00020595.JPEG,default
imagenet_c/brightness/2/ILSVRC2012_val_00011928.JPEG,default
imagenet_c/jpeg_compression/3/ILSVRC2012_val_00003507.JPEG,default
imagenet_c/frost/1/ILSVRC2012_val_00008426.JPEG,default
imagenet_c/contrast/5/ILSVRC2012_val_00001639.JPEG,default
imagenet_c/shot_noise/4/ILSVRC2012_val_00008610.JPEG,default
imagenet_c/glass_blur/1/ILSVRC2012_val_00042403.JPEG,default
imagenet_c/brightness/2/ILSVRC2012_val_00015225.JPEG,default
imagenet_c/motion_blur/3/ILSVRC2012_val_00036201.JPEG,default
imagenet_c/glass_blur/1/ILSVRC2012_val_00045509.JPEG,default
imagenet_c/motion_blur/5/ILSVRC2012_val_00019504.JPEG,default
imagenet_c/defocus_blur/2/ILSVRC2012_val_00041327.JPEG,default
imagenet_c/brightness/1/ILSVRC2012_val_00037654.JPEG,default
imagenet_c/snow/2/ILSVRC2012_val_00029202.JPEG,default
imagenet_c/shot_noise/5/ILSVRC2012_val_00031862.JPEG,default
imagenet_c/frost/2/ILSVRC2012_val_00013416.JPEG,default
imagenet_c/frost/2/ILSVRC2012_val_00008060.JPEG,default
imagenet_c/frost/4/ILSVRC2012_val_00021410.JPEG,default
imagenet_c/elastic_transform/1/ILSVRC2012_val_00043928.JPEG,default
imagenet_c/snow/5/ILSVRC2012_val_00049890.JPEG,default
imagenet_c/contrast/5/ILSVRC2012_val_00012778.JPEG,default
imagenet_c/shot_noise/4/ILSVRC2012_val_00022481.JPEG,default
imagenet_c/glass_blur/1/ILSVRC2012_val_00045274.JPEG,default
imagenet_c/shot_noise/2/ILSVRC2012_val_00047402.JPEG,default
imagenet_c/shot_noise/2/ILSVRC2012_val_00042784.JPEG,default
imagenet_c/glass_blur/2/ILSVRC2012_val_00010752.JPEG,default
imagenet_c/fog/5/ILSVRC2012_val_00002091.JPEG,default
imagenet_c/fog/2/ILSVRC2012_val_00006153.JPEG,default
imagenet_c/zoom_blur/3/ILSVRC2012_val_00007846.JPEG,default
imagenet_c/zoom_blur/3/ILSVRC2012_val_00045394.JPEG,default
imagenet_c/impulse_noise/4/ILSVRC2012_val_00047565.JPEG,default
imagenet_c/snow/4/ILSVRC2012_val_00009975.JPEG,default
imagenet_c/jpeg_compression/5/ILSVRC2012_val_00020770.JPEG,default
imagenet_c/pixelate/5/ILSVRC2012_val_00007685.JPEG,default
imagenet_c/impulse_noise/4/ILSVRC2012_val_00031341.JPEG,default
imagenet_c/fog/4/ILSVRC2012_val_00018082.JPEG,default
imagenet_c/defocus_blur/4/ILSVRC2012_val_00001603.JPEG,default
imagenet_c/gaussian_noise/3/ILSVRC2012_val_00010108.JPEG,default
imagenet_c/elastic_transform/3/ILSVRC2012_val_00049153.JPEG,default
imagenet_c/glass_blur/4/ILSVRC2012_val_00010396.JPEG,default
imagenet_c/glass_blur/5/ILSVRC2012_val_00000377.JPEG,default
imagenet_c/pixelate/2/ILSVRC2012_val_00035661.JPEG,default
imagenet_c/defocus_blur/1/ILSVRC2012_val_00010330.JPEG,default
imagenet_c/glass_blur/3/ILSVRC2012_val_00008649.JPEG,default
imagenet_c/glass_blur/5/ILSVRC2012_val_00044974.JPEG,default
imagenet_c/jpeg_compression/1/ILSVRC2012_val_00025071.JPEG,default
imagenet_c/jpeg_compression/5/ILSVRC2012_val_00019697.JPEG,default
imagenet_c/shot_noise/2/ILSVRC2012_val_00036493.JPEG,default
imagenet_c/frost/3/ILSVRC2012_val_00024024.JPEG,default
imagenet_c/zoom_blur/3/ILSVRC2012_val_00007248.JPEG,default
imagenet_c/impulse_noise/1/ILSVRC2012_val_00012874.JPEG,default
imagenet_c/fog/3/ILSVRC2012_val_00023156.JPEG,default
imagenet_c/impulse_noise/4/ILSVRC2012_val_00017106.JPEG,default
imagenet_c/snow/1/ILSVRC2012_val_00041646.JPEG,default
imagenet_c/contrast/3/ILSVRC2012_val_00000083.JPEG,default
imagenet_c/defocus_blur/2/ILSVRC2012_val_00049275.JPEG,default
imagenet_c/contrast/4/ILSVRC2012_val_00003880.JPEG,default
imagenet_c/shot_noise/3/ILSVRC2012_val_00022813.JPEG,default
imagenet_c/brightness/3/ILSVRC2012_val_00028940.JPEG,default
imagenet_c/zoom_blur/4/ILSVRC2012_val_00009691.JPEG,default
imagenet_c/zoom_blur/2/ILSVRC2012_val_00049459.JPEG,default
imagenet_c/pixelate/2/ILSVRC2012_val_00031651.JPEG,default
imagenet_c/gaussian_noise/5/ILSVRC2012_val_00005401.JPEG,default
imagenet_c/zoom_blur/4/ILSVRC2012_val_00023093.JPEG,default
imagenet_c/motion_blur/2/ILSVRC2012_val_00037124.JPEG,default
imagenet_c/zoom_blur/5/ILSVRC2012_val_00006913.JPEG,default
imagenet_c/jpeg_compression/4/ILSVRC2012_val_00037501.JPEG,default
imagenet_c/shot_noise/1/ILSVRC2012_val_00039973.JPEG,default
imagenet_c/shot_noise/5/ILSVRC2012_val_00028735.JPEG,default
imagenet_c/jpeg_compression/2/ILSVRC2012_val_00045241.JPEG,default
imagenet_c/brightness/2/ILSVRC2012_val_00020022.JPEG,default
imagenet_c/impulse_noise/4/ILSVRC2012_val_00030601.JPEG,default
imagenet_c/contrast/3/ILSVRC2012_val_00022582.JPEG,default
imagenet_c/impulse_noise/4/ILSVRC2012_val_00026254.JPEG,default
imagenet_c/jpeg_compression/2/ILSVRC2012_val_00029914.JPEG,default
imagenet_c/shot_noise/1/ILSVRC2012_val_00028558.JPEG,default
imagenet_c/impulse_noise/1/ILSVRC2012_val_00027759.JPEG,default
imagenet_c/snow/2/ILSVRC2012_val_00047942.JPEG,default
imagenet_c/glass_blur/2/ILSVRC2012_val_00044710.JPEG,default
imagenet_c/frost/5/ILSVRC2012_val_00021565.JPEG,default
imagenet_c/glass_blur/2/ILSVRC2012_val_00041080.JPEG,default
imagenet_c/contrast/2/ILSVRC2012_val_00002519.JPEG,default
imagenet_c/elastic_transform/4/ILSVRC2012_val_00023494.JPEG,default
imagenet_c/impulse_noise/2/ILSVRC2012_val_00020358.JPEG,default
imagenet_c/brightness/1/ILSVRC2012_val_00028043.JPEG,default
imagenet_c/pixelate/4/ILSVRC2012_val_00041108.JPEG,default
imagenet_c/pixelate/4/ILSVRC2012_val_00007221.JPEG,default
imagenet_c/jpeg_compression/4/ILSVRC2012_val_00039352.JPEG,default
imagenet_c/glass_blur/4/ILSVRC2012_val_00045143.JPEG,default
imagenet_c/jpeg_compression/2/ILSVRC2012_val_00013905.JPEG,default
imagenet_c/snow/5/ILSVRC2012_val_00032770.JPEG,default
imagenet_c/zoom_blur/5/ILSVRC2012_val_00031962.JPEG,default
imagenet_c/snow/4/ILSVRC2012_val_00025801.JPEG,default
imagenet_c/motion_blur/3/ILSVRC2012_val_00023586.JPEG,default
imagenet_c/gaussian_noise/3/ILSVRC2012_val_00010415.JPEG,default
imagenet_c/jpeg_compression/2/ILSVRC2012_val_00035208.JPEG,default
imagenet_c/impulse_noise/4/ILSVRC2012_val_00002065.JPEG,default
imagenet_c/jpeg_compression/5/ILSVRC2012_val_00036636.JPEG,default
imagenet_c/elastic_transform/1/ILSVRC2012_val_00035200.JPEG,default
imagenet_c/jpeg_compression/1/ILSVRC2012_val_00040253.JPEG,default
imagenet_c/fog/3/ILSVRC2012_val_00019122.JPEG,default
imagenet_c/jpeg_compression/1/ILSVRC2012_val_00043922.JPEG,default
imagenet_c/defocus_blur/1/ILSVRC2012_val_00020101.JPEG,default
imagenet_c/frost/3/ILSVRC2012_val_00024890.JPEG,default
imagenet_c/brightness/5/ILSVRC2012_val_00022674.JPEG,default
imagenet_c/frost/4/ILSVRC2012_val_00021560.JPEG,default
imagenet_c/pixelate/1/ILSVRC2012_val_00006587.JPEG,default
imagenet_c/motion_blur/5/ILSVRC2012_val_00030670.JPEG,default
imagenet_c/brightness/3/ILSVRC2012_val_00042200.JPEG,default
imagenet_c/jpeg_compression/2/ILSVRC2012_val_00022707.JPEG,default
imagenet_c/gaussian_noise/5/ILSVRC2012_val_00019866.JPEG,default
imagenet_c/frost/4/ILSVRC2012_val_00037601.JPEG,default
imagenet_c/fog/5/ILSVRC2012_val_00010607.JPEG,default
imagenet_c/frost/3/ILSVRC2012_val_00032213.JPEG,default
imagenet_c/pixelate/4/ILSVRC2012_val_00035393.JPEG,default
imagenet_c/elastic_transform/5/ILSVRC2012_val_00046099.JPEG,default
imagenet_c/brightness/1/ILSVRC2012_val_00016871.JPEG,default
imagenet_c/pixelate/4/ILSVRC2012_val_00044909.JPEG,default
imagenet_c/impulse_noise/5/ILSVRC2012_val_00000527.JPEG,default
imagenet_c/fog/1/ILSVRC2012_val_00048319.JPEG,default
imagenet_c/contrast/5/ILSVRC2012_val_00013948.JPEG,default
imagenet_c/jpeg_compression/5/ILSVRC2012_val_00038593.JPEG,default
imagenet_c/pixelate/5/ILSVRC2012_val_00026834.JPEG,default
imagenet_c/impulse_noise/4/ILSVRC2012_val_00006208.JPEG,default
imagenet_c/snow/2/ILSVRC2012_val_00023770.JPEG,default
imagenet_c/motion_blur/1/ILSVRC2012_val_00030621.JPEG,default
imagenet_c/pixelate/2/ILSVRC2012_val_00031034.JPEG,default
imagenet_c/gaussian_noise/2/ILSVRC2012_val_00030160.JPEG,default
imagenet_c/frost/1/ILSVRC2012_val_00038121.JPEG,default
imagenet_c/glass_blur/3/ILSVRC2012_val_00029431.JPEG,default
imagenet_c/brightness/5/ILSVRC2012_val_00003918.JPEG,default
imagenet_c/fog/3/ILSVRC2012_val_00001004.JPEG,default
imagenet_c/defocus_blur/3/ILSVRC2012_val_00014499.JPEG,default
imagenet_c/elastic_transform/4/ILSVRC2012_val_00020818.JPEG,default
imagenet_c/jpeg_compression/3/ILSVRC2012_val_00047357.JPEG,default
imagenet_c/gaussian_noise/3/ILSVRC2012_val_00049768.JPEG,default
imagenet_c/contrast/3/ILSVRC2012_val_00005577.JPEG,default
imagenet_c/shot_noise/2/ILSVRC2012_val_00030764.JPEG,default
imagenet_c/gaussian_noise/3/ILSVRC2012_val_00012859.JPEG,default
imagenet_c/motion_blur/3/ILSVRC2012_val_00014358.JPEG,default
imagenet_c/defocus_blur/1/ILSVRC2012_val_00031985.JPEG,default
imagenet_c/zoom_blur/5/ILSVRC2012_val_00012197.JPEG,default
imagenet_c/impulse_noise/1/ILSVRC2012_val_00015621.JPEG,default
imagenet_c/jpeg_compression/4/ILSVRC2012_val_00049290.JPEG,default
imagenet_c/fog/5/ILSVRC2012_val_00043849.JPEG,default
imagenet_c/frost/5/ILSVRC2012_val_00018487.JPEG,default
imagenet_c/pixelate/2/ILSVRC2012_val_00017165.JPEG,default
imagenet_c/glass_blur/1/ILSVRC2012_val_00006729.JPEG,default
imagenet_c/defocus_blur/1/ILSVRC2012_val_00028927.JPEG,default
imagenet_c/shot_noise/5/ILSVRC2012_val_00020576.JPEG,default
imagenet_c/defocus_blur/3/ILSVRC2012_val_00038805.JPEG,default
imagenet_c/brightness/1/ILSVRC2012_val_00027331.JPEG,default
imagenet_c/brightness/2/ILSVRC2012_val_00019223.JPEG,default
imagenet_c/impulse_noise/3/ILSVRC2012_val_00006464.JPEG,default
imagenet_c/glass_blur/1/ILSVRC2012_val_00043274.JPEG,default
imagenet_c/zoom_blur/5/ILSVRC2012_val_00007304.JPEG,default
imagenet_c/frost/4/ILSVRC2012_val_00013058.JPEG,default
imagenet_c/jpeg_compression/3/ILSVRC2012_val_00043213.JPEG,default
imagenet_c/jpeg_compression/4/ILSVRC2012_val_00007048.JPEG,default
imagenet_c/gaussian_noise/3/ILSVRC2012_val_00004446.JPEG,default
imagenet_c/defocus_blur/2/ILSVRC2012_val_00043886.JPEG,default
imagenet_c/pixelate/5/ILSVRC2012_val_00001599.JPEG,default
imagenet_c/gaussian_noise/1/ILSVRC2012_val_00009318.JPEG,default
imagenet_c/impulse_noise/5/ILSVRC2012_val_00049429.JPEG,default
imagenet_c/motion_blur/1/ILSVRC2012_val_00036883.JPEG,default
imagenet_c/defocus_blur/2/ILSVRC2012_val_00041869.JPEG,default
imagenet_c/contrast/2/ILSVRC2012_val_00003278.JPEG,default
imagenet_c/impulse_noise/3/ILSVRC2012_val_00002366.JPEG,default
imagenet_c/pixelate/3/ILSVRC2012_val_00021286.JPEG,default
imagenet_c/snow/4/ILSVRC2012_val_00020658.JPEG,default
imagenet_c/pixelate/5/ILSVRC2012_val_00006784.JPEG,default
imagenet_c/jpeg_compression/1/ILSVRC2012_val_00014865.JPEG,default
imagenet_c/shot_noise/3/ILSVRC2012_val_00047799.JPEG,default
imagenet_c/gaussian_noise/1/ILSVRC2012_val_00000857.JPEG,default
imagenet_c/motion_blur/3/ILSVRC2012_val_00027538.JPEG,default
imagenet_c/frost/3/ILSVRC2012_val_00013074.JPEG,default
imagenet_c/elastic_transform/1/ILSVRC2012_val_00012485.JPEG,default
imagenet_c/frost/1/ILSVRC2012_val_00046861.JPEG,default
imagenet_c/contrast/1/ILSVRC2012_val_00034149.JPEG,default
imagenet_c/shot_noise/2/ILSVRC2012_val_00011959.JPEG,default
imagenet_c/brightness/1/ILSVRC2012_val_00032348.JPEG,default
imagenet_c/frost/2/ILSVRC2012_val_00013787.JPEG,default
imagenet_c/impulse_noise/5/ILSVRC2012_val_00047725.JPEG,default
imagenet_c/contrast/5/ILSVRC2012_val_00045219.JPEG,default
imagenet_c/contrast/1/ILSVRC2012_val_00003710.JPEG,default
imagenet_c/zoom_blur/1/ILSVRC2012_val_00034083.JPEG,default
imagenet_c/elastic_transform/4/ILSVRC2012_val_00000508.JPEG,default
imagenet_c/brightness/5/ILSVRC2012_val_00044079.JPEG,default
imagenet_c/frost/1/ILSVRC2012_val_00035850.JPEG,default
imagenet_c/shot_noise/3/ILSVRC2012_val_00042178.JPEG,default
imagenet_c/motion_blur/4/ILSVRC2012_val_00039532.JPEG,default
imagenet_c/frost/4/ILSVRC2012_val_00036339.JPEG,default
imagenet_c/glass_blur/2/ILSVRC2012_val_00033736.JPEG,default
imagenet_c/brightness/3/ILSVRC2012_val_00003520.JPEG,default
imagenet_c/pixelate/4/ILSVRC2012_val_00011313.JPEG,default
imagenet_c/glass_blur/5/ILSVRC2012_val_00048564.JPEG,default
imagenet_c/impulse_noise/1/ILSVRC2012_val_00023010.JPEG,default
imagenet_c/impulse_noise/2/ILSVRC2012_val_00018998.JPEG,default
imagenet_c/contrast/1/ILSVRC2012_val_00030647.JPEG,default
imagenet_c/shot_noise/4/ILSVRC2012_val_00027261.JPEG,default
imagenet_c/impulse_noise/4/ILSVRC2012_val_00034603.JPEG,default
imagenet_c/pixelate/2/ILSVRC2012_val_00047033.JPEG,default
imagenet_c/snow/5/ILSVRC2012_val_00037661.JPEG,default
imagenet_c/shot_noise/4/ILSVRC2012_val_00019444.JPEG,default
imagenet_c/glass_blur/1/ILSVRC2012_val_00002510.JPEG,default
imagenet_c/pixelate/3/ILSVRC2012_val_00025403.JPEG,default
imagenet_c/glass_blur/4/ILSVRC2012_val_00025745.JPEG,default
imagenet_c/frost/5/ILSVRC2012_val_00013986.JPEG,default
imagenet_c/brightness/4/ILSVRC2012_val_00048441.JPEG,default
imagenet_c/impulse_noise/2/ILSVRC2012_val_00010009.JPEG,default
imagenet_c/glass_blur/2/ILSVRC2012_val_00001020.JPEG,default
imagenet_c/elastic_transform/4/ILSVRC2012_val_00044833.JPEG,default
imagenet_c/frost/3/ILSVRC2012_val_00000767.JPEG,default
imagenet_c/elastic_transform/2/ILSVRC2012_val_00049701.JPEG,default
imagenet_c/frost/3/ILSVRC2012_val_00042528.JPEG,default
imagenet_c/defocus_blur/3/ILSVRC2012_val_00010748.JPEG,default
imagenet_c/zoom_blur/5/ILSVRC2012_val_00009704.JPEG,default
imagenet_c/snow/5/ILSVRC2012_val_00029642.JPEG,default
imagenet_c/glass_blur/2/ILSVRC2012_val_00040006.JPEG,default
imagenet_c/impulse_noise/1/ILSVRC2012_val_00039468.JPEG,default
imagenet_c/motion_blur/3/ILSVRC2012_val_00031761.JPEG,default
imagenet_c/defocus_blur/4/ILSVRC2012_val_00049836.JPEG,default
imagenet_c/impulse_noise/4/ILSVRC2012_val_00007552.JPEG,default
imagenet_c/defocus_blur/3/ILSVRC2012_val_00024905.JPEG,default
imagenet_c/impulse_noise/4/ILSVRC2012_val_00024060.JPEG,default
imagenet_c/impulse_noise/5/ILSVRC2012_val_00016819.JPEG,default
imagenet_c/contrast/1/ILSVRC2012_val_00027702.JPEG,default
imagenet_c/zoom_blur/4/ILSVRC2012_val_00036164.JPEG,default
imagenet_c/defocus_blur/2/ILSVRC2012_val_00020296.JPEG,default
imagenet_c/frost/2/ILSVRC2012_val_00017284.JPEG,default
imagenet_c/contrast/4/ILSVRC2012_val_00019408.JPEG,default
imagenet_c/glass_blur/5/ILSVRC2012_val_00014872.JPEG,default
imagenet_c/fog/5/ILSVRC2012_val_00047887.JPEG,default
imagenet_c/shot_noise/3/ILSVRC2012_val_00023140.JPEG,default
imagenet_c/gaussian_noise/2/ILSVRC2012_val_00023534.JPEG,default
imagenet_c/gaussian_noise/2/ILSVRC2012_val_00031652.JPEG,default
imagenet_c/pixelate/1/ILSVRC2012_val_00019904.JPEG,default
imagenet_c/jpeg_compression/1/ILSVRC2012_val_00021862.JPEG,default
imagenet_c/impulse_noise/4/ILSVRC2012_val_00007953.JPEG,default
imagenet_c/contrast/3/ILSVRC2012_val_00015827.JPEG,default
imagenet_c/zoom_blur/1/ILSVRC2012_val_00014637.JPEG,default
imagenet_c/glass_blur/1/ILSVRC2012_val_00019553.JPEG,default
imagenet_c/zoom_blur/1/ILSVRC2012_val_00039001.JPEG,default
imagenet_c/jpeg_compression/3/ILSVRC2012_val_00026235.JPEG,default
imagenet_c/zoom_blur/1/ILSVRC2012_val_00007822.JPEG,default
imagenet_c/impulse_noise/5/ILSVRC2012_val_00014018.JPEG,default
imagenet_c/motion_blur/5/ILSVRC2012_val_00003508.JPEG,default
imagenet_c/contrast/3/ILSVRC2012_val_00015473.JPEG,default
imagenet_c/gaussian_noise/5/ILSVRC2012_val_00008261.JPEG,default
imagenet_c/jpeg_compression/4/ILSVRC2012_val_00027596.JPEG,default
imagenet_c/frost/2/ILSVRC2012_val_00000897.JPEG,default
imagenet_c/zoom_blur/3/ILSVRC2012_val_00028935.JPEG,default
imagenet_c/brightness/5/ILSVRC2012_val_00016247.JPEG,default
imagenet_c/elastic_transform/5/ILSVRC2012_val_00017706.JPEG,default
imagenet_c/pixelate/5/ILSVRC2012_val_00010453.JPEG,default
imagenet_c/motion_blur/4/ILSVRC2012_val_00010377.JPEG,default
imagenet_c/impulse_noise/2/ILSVRC2012_val_00006980.JPEG,default
imagenet_c/contrast/2/ILSVRC2012_val_00032722.JPEG,default
imagenet_c/contrast/3/ILSVRC2012_val_00045907.JPEG,default
imagenet_c/frost/2/ILSVRC2012_val_00017078.JPEG,default
imagenet_c/impulse_noise/5/ILSVRC2012_val_00019264.JPEG,default
imagenet_c/pixelate/2/ILSVRC2012_val_00026779.JPEG,default
imagenet_c/frost/1/ILSVRC2012_val_00019159.JPEG,default
imagenet_c/jpeg_compression/1/ILSVRC2012_val_00024876.JPEG,default
imagenet_c/gaussian_noise/5/ILSVRC2012_val_00023082.JPEG,default
imagenet_c/motion_blur/4/ILSVRC2012_val_00023937.JPEG,default
imagenet_c/impulse_noise/4/ILSVRC2012_val_00024614.JPEG,default
imagenet_c/elastic_transform/1/ILSVRC2012_val_00008511.JPEG,default
imagenet_c/zoom_blur/2/ILSVRC2012_val_00009658.JPEG,default
imagenet_c/contrast/3/ILSVRC2012_val_00013717.JPEG,default
imagenet_c/glass_blur/5/ILSVRC2012_val_00033622.JPEG,default
imagenet_c/gaussian_noise/5/ILSVRC2012_val_00040646.JPEG,default
imagenet_c/fog/3/ILSVRC2012_val_00040481.JPEG,default
imagenet_c/snow/5/ILSVRC2012_val_00037839.JPEG,default
imagenet_c/pixelate/5/ILSVRC2012_val_00031182.JPEG,default
imagenet_c/elastic_transform/4/ILSVRC2012_val_00002133.JPEG,default
imagenet_c/snow/5/ILSVRC2012_val_00023229.JPEG,default
imagenet_c/contrast/1/ILSVRC2012_val_00005029.JPEG,default
imagenet_c/pixelate/1/ILSVRC2012_val_00030759.JPEG,default
imagenet_c/jpeg_compression/1/ILSVRC2012_val_00023822.JPEG,default
imagenet_c/glass_blur/2/ILSVRC2012_val_00022053.JPEG,default
imagenet_c/jpeg_compression/2/ILSVRC2012_val_00043429.JPEG,default
imagenet_c/snow/5/ILSVRC2012_val_00002607.JPEG,default
imagenet_c/motion_blur/2/ILSVRC2012_val_00007228.JPEG,default
imagenet_c/motion_blur/2/ILSVRC2012_val_00037218.JPEG,default
imagenet_c/glass_blur/3/ILSVRC2012_val_00042607.JPEG,default
imagenet_c/glass_blur/5/ILSVRC2012_val_00031079.JPEG,default
imagenet_c/jpeg_compression/5/ILSVRC2012_val_00008398.JPEG,default
imagenet_c/elastic_transform/2/ILSVRC2012_val_00013439.JPEG,default
imagenet_c/snow/3/ILSVRC2012_val_00049659.JPEG,default
imagenet_c/jpeg_compression/3/ILSVRC2012_val_00008244.JPEG,default
imagenet_c/impulse_noise/4/ILSVRC2012_val_00045817.JPEG,default
imagenet_c/jpeg_compression/3/ILSVRC2012_val_00019452.JPEG,default
imagenet_c/impulse_noise/2/ILSVRC2012_val_00012098.JPEG,default
imagenet_c/snow/3/ILSVRC2012_val_00021037.JPEG,default
imagenet_c/motion_blur/5/ILSVRC2012_val_00020130.JPEG,default
imagenet_c/brightness/2/ILSVRC2012_val_00027853.JPEG,default
imagenet_c/fog/5/ILSVRC2012_val_00014262.JPEG,default
imagenet_c/defocus_blur/3/ILSVRC2012_val_00039643.JPEG,default
imagenet_c/elastic_transform/1/ILSVRC2012_val_00048161.JPEG,default
imagenet_c/motion_blur/1/ILSVRC2012_val_00036730.JPEG,default
imagenet_c/glass_blur/1/ILSVRC2012_val_00020519.JPEG,default
imagenet_c/gaussian_noise/2/ILSVRC2012_val_00044382.JPEG,default
imagenet_c/elastic_transform/3/ILSVRC2012_val_00012969.JPEG,default
imagenet_c/brightness/2/ILSVRC2012_val_00027349.JPEG,default
imagenet_c/brightness/5/ILSVRC2012_val_00008254.JPEG,default
imagenet_c/glass_blur/3/ILSVRC2012_val_00008252.JPEG,default
imagenet_c/zoom_blur/1/ILSVRC2012_val_00016879.JPEG,default
imagenet_c/frost/4/ILSVRC2012_val_00028272.JPEG,default
imagenet_c/brightness/4/ILSVRC2012_val_00018321.JPEG,default
imagenet_c/contrast/1/ILSVRC2012_val_00049955.JPEG,default
imagenet_c/gaussian_noise/2/ILSVRC2012_val_00006592.JPEG,default
imagenet_c/contrast/1/ILSVRC2012_val_00041113.JPEG,default
imagenet_c/glass_blur/3/ILSVRC2012_val_00022760.JPEG,default
imagenet_c/frost/4/ILSVRC2012_val_00034468.JPEG,default
imagenet_c/frost/4/ILSVRC2012_val_00014242.JPEG,default
imagenet_c/gaussian_noise/4/ILSVRC2012_val_00045916.JPEG,default
imagenet_c/defocus_blur/2/ILSVRC2012_val_00038450.JPEG,default
imagenet_c/zoom_blur/4/ILSVRC2012_val_00007911.JPEG,default
imagenet_c/gaussian_noise/1/ILSVRC2012_val_00022635.JPEG,default
imagenet_c/contrast/4/ILSVRC2012_val_00009927.JPEG,default
imagenet_c/fog/1/ILSVRC2012_val_00005371.JPEG,default
imagenet_c/gaussian_noise/4/ILSVRC2012_val_00026763.JPEG,default
imagenet_c/motion_blur/2/ILSVRC2012_val_00028709.JPEG,default
imagenet_c/elastic_transform/2/ILSVRC2012_val_00021471.JPEG,default
imagenet_c/zoom_blur/3/ILSVRC2012_val_00039054.JPEG,default
imagenet_c/fog/1/ILSVRC2012_val_00045297.JPEG,default
imagenet_c/shot_noise/1/ILSVRC2012_val_00038930.JPEG,default
imagenet_c/shot_noise/2/ILSVRC2012_val_00038200.JPEG,default
imagenet_c/impulse_noise/4/ILSVRC2012_val_00009373.JPEG,default
imagenet_c/shot_noise/4/ILSVRC2012_val_00018633.JPEG,default
imagenet_c/glass_blur/5/ILSVRC2012_val_00031773.JPEG,default
imagenet_c/brightness/2/ILSVRC2012_val_00045949.JPEG,default
imagenet_c/contrast/4/ILSVRC2012_val_00041765.JPEG,default
imagenet_c/glass_blur/1/ILSVRC2012_val_00028589.JPEG,default
imagenet_c/frost/1/ILSVRC2012_val_00008507.JPEG,default
imagenet_c/impulse_noise/2/ILSVRC2012_val_00037405.JPEG,default
imagenet_c/contrast/4/ILSVRC2012_val_00007435.JPEG,default
imagenet_c/snow/4/ILSVRC2012_val_00049496.JPEG,default
imagenet_c/glass_blur/3/ILSVRC2012_val_00027085.JPEG,default
imagenet_c/brightness/4/ILSVRC2012_val_00020712.JPEG,default
imagenet_c/snow/2/ILSVRC2012_val_00001657.JPEG,default
imagenet_c/frost/4/ILSVRC2012_val_00037226.JPEG,default
imagenet_c/fog/1/ILSVRC2012_val_00025004.JPEG,default
imagenet_c/elastic_transform/5/ILSVRC2012_val_00022270.JPEG,default
imagenet_c/elastic_transform/2/ILSVRC2012_val_00005456.JPEG,default
imagenet_c/snow/3/ILSVRC2012_val_00001247.JPEG,default
imagenet_c/shot_noise/4/ILSVRC2012_val_00038344.JPEG,default
imagenet_c/glass_blur/1/ILSVRC2012_val_00012327.JPEG,default
imagenet_c/shot_noise/1/ILSVRC2012_val_00022739.JPEG,default
imagenet_c/shot_noise/2/ILSVRC2012_val_00041064.JPEG,default
imagenet_c/elastic_transform/1/ILSVRC2012_val_00007592.JPEG,default
imagenet_c/glass_blur/3/ILSVRC2012_val_00022246.JPEG,default
imagenet_c/elastic_transform/1/ILSVRC2012_val_00047625.JPEG,default
imagenet_c/shot_noise/2/ILSVRC2012_val_00033679.JPEG,default
imagenet_c/brightness/4/ILSVRC2012_val_00034493.JPEG,default
imagenet_c/motion_blur/1/ILSVRC2012_val_00024790.JPEG,default
imagenet_c/brightness/3/ILSVRC2012_val_00007039.JPEG,default
imagenet_c/pixelate/1/ILSVRC2012_val_00026849.JPEG,default
imagenet_c/fog/2/ILSVRC2012_val_00033190.JPEG,default
imagenet_c/contrast/4/ILSVRC2012_val_00039549.JPEG,default
imagenet_c/snow/5/ILSVRC2012_val_00032647.JPEG,default
imagenet_c/fog/2/ILSVRC2012_val_00025176.JPEG,default
imagenet_c/gaussian_noise/4/ILSVRC2012_val_00021174.JPEG,default
imagenet_c/shot_noise/1/ILSVRC2012_val_00041663.JPEG,default
imagenet_c/pixelate/4/ILSVRC2012_val_00039889.JPEG,default
imagenet_c/glass_blur/4/ILSVRC2012_val_00026971.JPEG,default
imagenet_c/glass_blur/5/ILSVRC2012_val_00005748.JPEG,default
imagenet_c/defocus_blur/2/ILSVRC2012_val_00026407.JPEG,default
imagenet_c/jpeg_compression/2/ILSVRC2012_val_00022366.JPEG,default
imagenet_c/brightness/3/ILSVRC2012_val_00006177.JPEG,default
imagenet_c/snow/5/ILSVRC2012_val_00037236.JPEG,default
imagenet_c/glass_blur/1/ILSVRC2012_val_00030689.JPEG,default
imagenet_c/motion_blur/3/ILSVRC2012_val_00002710.JPEG,default
imagenet_c/contrast/5/ILSVRC2012_val_00006106.JPEG,default
imagenet_c/frost/1/ILSVRC2012_val_00026883.JPEG,default
imagenet_c/defocus_blur/3/ILSVRC2012_val_00021734.JPEG,default
imagenet_c/impulse_noise/4/ILSVRC2012_val_00003156.JPEG,default
imagenet_c/impulse_noise/2/ILSVRC2012_val_00003573.JPEG,default
imagenet_c/jpeg_compression/2/ILSVRC2012_val_00038189.JPEG,default
imagenet_c/fog/1/ILSVRC2012_val_00020437.JPEG,default
imagenet_c/frost/5/ILSVRC2012_val_00038429.JPEG,default
imagenet_c/motion_blur/2/ILSVRC2012_val_00024627.JPEG,default
imagenet_c/defocus_blur/2/ILSVRC2012_val_00017498.JPEG,default
imagenet_c/brightness/1/ILSVRC2012_val_00039065.JPEG,default
imagenet_c/snow/1/ILSVRC2012_val_00003589.JPEG,default
imagenet_c/elastic_transform/5/ILSVRC2012_val_00011635.JPEG,default
imagenet_c/motion_blur/5/ILSVRC2012_val_00011263.JPEG,default
imagenet_c/elastic_transform/1/ILSVRC2012_val_00047557.JPEG,default
imagenet_c/frost/1/ILSVRC2012_val_00017167.JPEG,default
imagenet_c/contrast/5/ILSVRC2012_val_00005992.JPEG,default
imagenet_c/defocus_blur/4/ILSVRC2012_val_00033764.JPEG,default
imagenet_c/zoom_blur/4/ILSVRC2012_val_00005791.JPEG,default
imagenet_c/jpeg_compression/1/ILSVRC2012_val_00017411.JPEG,default
imagenet_c/pixelate/2/ILSVRC2012_val_00033204.JPEG,default
imagenet_c/brightness/2/ILSVRC2012_val_00009099.JPEG,default
imagenet_c/snow/4/ILSVRC2012_val_00013300.JPEG,default
imagenet_c/brightness/4/ILSVRC2012_val_00005953.JPEG,default
imagenet_c/elastic_transform/3/ILSVRC2012_val_00037015.JPEG,default
imagenet_c/impulse_noise/4/ILSVRC2012_val_00022328.JPEG,default
imagenet_c/jpeg_compression/4/ILSVRC2012_val_00017859.JPEG,default
imagenet_c/gaussian_noise/1/ILSVRC2012_val_00019940.JPEG,default
imagenet_c/impulse_noise/3/ILSVRC2012_val_00048484.JPEG,default
imagenet_c/snow/2/ILSVRC2012_val_00032866.JPEG,default
imagenet_c/defocus_blur/2/ILSVRC2012_val_00048094.JPEG,default
imagenet_c/contrast/1/ILSVRC2012_val_00021595.JPEG,default
imagenet_c/pixelate/1/ILSVRC2012_val_00035258.JPEG,default
imagenet_c/glass_blur/5/ILSVRC2012_val_00041111.JPEG,default
imagenet_c/snow/4/ILSVRC2012_val_00003333.JPEG,default
imagenet_c/snow/4/ILSVRC2012_val_00009153.JPEG,default
imagenet_c/gaussian_noise/2/ILSVRC2012_val_00045154.JPEG,default
imagenet_c/defocus_blur/1/ILSVRC2012_val_00001183.JPEG,default
imagenet_c/shot_noise/3/ILSVRC2012_val_00045381.JPEG,default
imagenet_c/defocus_blur/2/ILSVRC2012_val_00025418.JPEG,default
imagenet_c/defocus_blur/4/ILSVRC2012_val_00020882.JPEG,default
imagenet_c/zoom_blur/1/ILSVRC2012_val_00032664.JPEG,default
imagenet_c/frost/1/ILSVRC2012_val_00026365.JPEG,default
imagenet_c/shot_noise/2/ILSVRC2012_val_00037110.JPEG,default
imagenet_c/fog/1/ILSVRC2012_val_00042656.JPEG,default
imagenet_c/motion_blur/3/ILSVRC2012_val_00003414.JPEG,default
imagenet_c/defocus_blur/4/ILSVRC2012_val_00032034.JPEG,default
imagenet_c/motion_blur/1/ILSVRC2012_val_00010960.JPEG,default
imagenet_c/gaussian_noise/3/ILSVRC2012_val_00009732.JPEG,default
imagenet_c/glass_blur/1/ILSVRC2012_val_00035421.JPEG,default
imagenet_c/glass_blur/1/ILSVRC2012_val_00002532.JPEG,default
imagenet_c/frost/1/ILSVRC2012_val_00017665.JPEG,default
imagenet_c/frost/4/ILSVRC2012_val_00011162.JPEG,default
imagenet_c/glass_blur/5/ILSVRC2012_val_00011723.JPEG,default
imagenet_c/contrast/5/ILSVRC2012_val_00043749.JPEG,default
imagenet_c/gaussian_noise/1/ILSVRC2012_val_00039424.JPEG,default
imagenet_c/elastic_transform/5/ILSVRC2012_val_00006408.JPEG,default
imagenet_c/brightness/1/ILSVRC2012_val_00006381.JPEG,default
imagenet_c/frost/1/ILSVRC2012_val_00038127.JPEG,default
imagenet_c/fog/2/ILSVRC2012_val_00039517.JPEG,default
imagenet_c/frost/2/ILSVRC2012_val_00024579.JPEG,default
imagenet_c/impulse_noise/5/ILSVRC2012_val_00005075.JPEG,default
imagenet_c/defocus_blur/3/ILSVRC2012_val_00012946.JPEG,default
imagenet_c/elastic_transform/5/ILSVRC2012_val_00049839.JPEG,default
imagenet_c/motion_blur/2/ILSVRC2012_val_00048093.JPEG,default
imagenet_c/impulse_noise/2/ILSVRC2012_val_00005281.JPEG,default
imagenet_c/impulse_noise/2/ILSVRC2012_val_00004385.JPEG,default
imagenet_c/fog/2/ILSVRC2012_val_00023288.JPEG,default
imagenet_c/brightness/4/ILSVRC2012_val_00035635.JPEG,default
imagenet_c/impulse_noise/1/ILSVRC2012_val_00030801.JPEG,default
imagenet_c/glass_blur/3/ILSVRC2012_val_00047861.JPEG,default
imagenet_c/gaussian_noise/1/ILSVRC2012_val_00014803.JPEG,default
imagenet_c/brightness/2/ILSVRC2012_val_00041907.JPEG,default
imagenet_c/frost/5/ILSVRC2012_val_00027059.JPEG,default
imagenet_c/pixelate/1/ILSVRC2012_val_00001353.JPEG,default
imagenet_c/shot_noise/4/ILSVRC2012_val_00026210.JPEG,default
imagenet_c/zoom_blur/5/ILSVRC2012_val_00049006.JPEG,default
imagenet_c/zoom_blur/1/ILSVRC2012_val_00029749.JPEG,default
imagenet_c/elastic_transform/1/ILSVRC2012_val_00009284.JPEG,default
imagenet_c/fog/4/ILSVRC2012_val_00040530.JPEG,default
imagenet_c/defocus_blur/3/ILSVRC2012_val_00007118.JPEG,default
imagenet_c/fog/1/ILSVRC2012_val_00009477.JPEG,default
imagenet_c/fog/5/ILSVRC2012_val_00008608.JPEG,default
imagenet_c/zoom_blur/2/ILSVRC2012_val_00012249.JPEG,default
imagenet_c/zoom_blur/5/ILSVRC2012_val_00037422.JPEG,default
imagenet_c/zoom_blur/3/ILSVRC2012_val_00033583.JPEG,default
imagenet_c/glass_blur/1/ILSVRC2012_val_00009768.JPEG,default
imagenet_c/shot_noise/1/ILSVRC2012_val_00029625.JPEG,default
imagenet_c/glass_blur/4/ILSVRC2012_val_00026345.JPEG,default
imagenet_c/jpeg_compression/3/ILSVRC2012_val_00028630.JPEG,default
imagenet_c/pixelate/1/ILSVRC2012_val_00049663.JPEG,default
imagenet_c/impulse_noise/2/ILSVRC2012_val_00001293.JPEG,default
imagenet_c/pixelate/3/ILSVRC2012_val_00042166.JPEG,default
imagenet_c/brightness/5/ILSVRC2012_val_00012076.JPEG,default
imagenet_c/elastic_transform/5/ILSVRC2012_val_00038259.JPEG,default
imagenet_c/contrast/1/ILSVRC2012_val_00046104.JPEG,default
imagenet_c/pixelate/3/ILSVRC2012_val_00022600.JPEG,default
imagenet_c/elastic_transform/4/ILSVRC2012_val_00015862.JPEG,default
imagenet_c/jpeg_compression/2/ILSVRC2012_val_00024820.JPEG,default
imagenet_c/elastic_transform/5/ILSVRC2012_val_00016751.JPEG,default
imagenet_c/motion_blur/3/ILSVRC2012_val_00003510.JPEG,default
imagenet_c/frost/3/ILSVRC2012_val_00006911.JPEG,default
imagenet_c/brightness/1/ILSVRC2012_val_00031393.JPEG,default
imagenet_c/defocus_blur/5/ILSVRC2012_val_00019974.JPEG,default
imagenet_c/snow/2/ILSVRC2012_val_00042958.JPEG,default
imagenet_c/motion_blur/5/ILSVRC2012_val_00036134.JPEG,default
imagenet_c/defocus_blur/5/ILSVRC2012_val_00030144.JPEG,default
imagenet_c/fog/2/ILSVRC2012_val_00028123.JPEG,default
imagenet_c/brightness/2/ILSVRC2012_val_00037415.JPEG,default
imagenet_c/frost/5/ILSVRC2012_val_00020419.JPEG,default
imagenet_c/elastic_transform/1/ILSVRC2012_val_00010236.JPEG,default
imagenet_c/contrast/4/ILSVRC2012_val_00047922.JPEG,default
imagenet_c/jpeg_compression/1/ILSVRC2012_val_00018949.JPEG,default
imagenet_c/pixelate/1/ILSVRC2012_val_00014847.JPEG,default
imagenet_c/shot_noise/2/ILSVRC2012_val_00011083.JPEG,default
imagenet_c/glass_blur/4/ILSVRC2012_val_00008863.JPEG,default
imagenet_c/jpeg_compression/3/ILSVRC2012_val_00048206.JPEG,default
imagenet_c/pixelate/2/ILSVRC2012_val_00009599.JPEG,default
imagenet_c/frost/4/ILSVRC2012_val_00024076.JPEG,default
imagenet_c/shot_noise/3/ILSVRC2012_val_00041257.JPEG,default
imagenet_c/contrast/2/ILSVRC2012_val_00046735.JPEG,default
imagenet_c/elastic_transform/1/ILSVRC2012_val_00042326.JPEG,default
imagenet_c/frost/2/ILSVRC2012_val_00021027.JPEG,default
imagenet_c/pixelate/3/ILSVRC2012_val_00019582.JPEG,default
imagenet_c/fog/5/ILSVRC2012_val_00022217.JPEG,default
imagenet_c/fog/2/ILSVRC2012_val_00013345.JPEG,default
imagenet_c/zoom_blur/1/ILSVRC2012_val_00024779.JPEG,default
imagenet_c/frost/5/ILSVRC2012_val_00004184.JPEG,default
imagenet_c/contrast/4/ILSVRC2012_val_00022968.JPEG,default
imagenet_c/jpeg_compression/4/ILSVRC2012_val_00006902.JPEG,default
imagenet_c/fog/4/ILSVRC2012_val_00031365.JPEG,default
imagenet_c/elastic_transform/5/ILSVRC2012_val_00024698.JPEG,default
imagenet_c/impulse_noise/2/ILSVRC2012_val_00012654.JPEG,default
imagenet_c/shot_noise/4/ILSVRC2012_val_00014568.JPEG,default
imagenet_c/brightness/1/ILSVRC2012_val_00041636.JPEG,default
imagenet_c/impulse_noise/4/ILSVRC2012_val_00047134.JPEG,default
imagenet_c/fog/4/ILSVRC2012_val_00049011.JPEG,default
imagenet_c/jpeg_compression/1/ILSVRC2012_val_00025445.JPEG,default
imagenet_c/contrast/2/ILSVRC2012_val_00033794.JPEG,default
imagenet_c/pixelate/2/ILSVRC2012_val_00009555.JPEG,default
imagenet_c/fog/5/ILSVRC2012_val_00022620.JPEG,default
imagenet_c/defocus_blur/4/ILSVRC2012_val_00023728.JPEG,default
imagenet_c/frost/4/ILSVRC2012_val_00024042.JPEG,default
imagenet_c/glass_blur/2/ILSVRC2012_val_00040799.JPEG,default
imagenet_c/defocus_blur/1/ILSVRC2012_val_00032076.JPEG,default
imagenet_c/fog/3/ILSVRC2012_val_00007902.JPEG,default
imagenet_c/contrast/5/ILSVRC2012_val_00036353.JPEG,default
imagenet_c/glass_blur/3/ILSVRC2012_val_00022962.JPEG,default
imagenet_c/gaussian_noise/2/ILSVRC2012_val_00031134.JPEG,default
imagenet_c/pixelate/3/ILSVRC2012_val_00020722.JPEG,default
imagenet_c/pixelate/1/ILSVRC2012_val_00036305.JPEG,default
imagenet_c/defocus_blur/4/ILSVRC2012_val_00006777.JPEG,default
imagenet_c/defocus_blur/5/ILSVRC2012_val_00037875.JPEG,default
imagenet_c/frost/5/ILSVRC2012_val_00024617.JPEG,default
imagenet_c/snow/1/ILSVRC2012_val_00020611.JPEG,default
imagenet_c/defocus_blur/4/ILSVRC2012_val_00029523.JPEG,default
imagenet_c/elastic_transform/2/ILSVRC2012_val_00020787.JPEG,default
imagenet_c/elastic_transform/4/ILSVRC2012_val_00046496.JPEG,default
imagenet_c/zoom_blur/5/ILSVRC2012_val_00045680.JPEG,default
imagenet_c/impulse_noise/5/ILSVRC2012_val_00041874.JPEG,default
imagenet_c/gaussian_noise/5/ILSVRC2012_val_00004932.JPEG,default
imagenet_c/jpeg_compression/1/ILSVRC2012_val_00000413.JPEG,default
imagenet_c/elastic_transform/5/ILSVRC2012_val_00030807.JPEG,default
imagenet_c/glass_blur/1/ILSVRC2012_val_00047493.JPEG,default
imagenet_c/motion_blur/5/ILSVRC2012_val_00038185.JPEG,default
imagenet_c/gaussian_noise/2/ILSVRC2012_val_00039909.JPEG,default
imagenet_c/brightness/4/ILSVRC2012_val_00028448.JPEG,default
imagenet_c/fog/1/ILSVRC2012_val_00030556.JPEG,default
imagenet_c/glass_blur/5/ILSVRC2012_val_00014720.JPEG,default
imagenet_c/gaussian_noise/2/ILSVRC2012_val_00022285.JPEG,default
imagenet_c/contrast/2/ILSVRC2012_val_00016044.JPEG,default
imagenet_c/jpeg_compression/2/ILSVRC2012_val_00023501.JPEG,default
imagenet_c/motion_blur/3/ILSVRC2012_val_00019584.JPEG,default
imagenet_c/motion_blur/5/ILSVRC2012_val_00012545.JPEG,default
imagenet_c/motion_blur/3/ILSVRC2012_val_00023952.JPEG,default
imagenet_c/glass_blur/1/ILSVRC2012_val_00004692.JPEG,default
imagenet_c/snow/4/ILSVRC2012_val_00025907.JPEG,default
imagenet_c/jpeg_compression/3/ILSVRC2012_val_00000815.JPEG,default
imagenet_c/glass_blur/2/ILSVRC2012_val_00015697.JPEG,default
imagenet_c/shot_noise/1/ILSVRC2012_val_00010333.JPEG,default
imagenet_c/contrast/3/ILSVRC2012_val_00015247.JPEG,default
imagenet_c/impulse_noise/4/ILSVRC2012_val_00016521.JPEG,default
imagenet_c/impulse_noise/2/ILSVRC2012_val_00022465.JPEG,default
imagenet_c/jpeg_compression/5/ILSVRC2012_val_00029557.JPEG,default
imagenet_c/jpeg_compression/1/ILSVRC2012_val_00021692.JPEG,default
imagenet_c/glass_blur/2/ILSVRC2012_val_00025046.JPEG,default
imagenet_c/contrast/2/ILSVRC2012_val_00020425.JPEG,default
imagenet_c/fog/3/ILSVRC2012_val_00007823.JPEG,default
imagenet_c/brightness/3/ILSVRC2012_val_00037021.JPEG,default
imagenet_c/shot_noise/2/ILSVRC2012_val_00029031.JPEG,default
imagenet_c/frost/4/ILSVRC2012_val_00024391.JPEG,default
imagenet_c/fog/4/ILSVRC2012_val_00000778.JPEG,default
imagenet_c/gaussian_noise/4/ILSVRC2012_val_00033825.JPEG,default
imagenet_c/fog/3/ILSVRC2012_val_00008904.JPEG,default
imagenet_c/defocus_blur/3/ILSVRC2012_val_00003250.JPEG,default
imagenet_c/contrast/4/ILSVRC2012_val_00037386.JPEG,default
imagenet_c/snow/5/ILSVRC2012_val_00002301.JPEG,default
imagenet_c/pixelate/2/ILSVRC2012_val_00024864.JPEG,default
imagenet_c/glass_blur/4/ILSVRC2012_val_00013569.JPEG,default
imagenet_c/glass_blur/1/ILSVRC2012_val_00039395.JPEG,default
imagenet_c/zoom_blur/5/ILSVRC2012_val_00001690.JPEG,default
imagenet_c/gaussian_noise/3/ILSVRC2012_val_00037843.JPEG,default
imagenet_c/motion_blur/1/ILSVRC2012_val_00028163.JPEG,default
imagenet_c/zoom_blur/4/ILSVRC2012_val_00017582.JPEG,default
imagenet_c/frost/2/ILSVRC2012_val_00001527.JPEG,default
imagenet_c/frost/5/ILSVRC2012_val_00038389.JPEG,default
imagenet_c/pixelate/3/ILSVRC2012_val_00029322.JPEG,default
imagenet_c/shot_noise/5/ILSVRC2012_val_00038607.JPEG,default
imagenet_c/gaussian_noise/3/ILSVRC2012_val_00049383.JPEG,default
imagenet_c/frost/3/ILSVRC2012_val_00022909.JPEG,default
imagenet_c/snow/4/ILSVRC2012_val_00027573.JPEG,default
imagenet_c/shot_noise/5/ILSVRC2012_val_00000070.JPEG,default
imagenet_c/defocus_blur/5/ILSVRC2012_val_00005163.JPEG,default
imagenet_c/motion_blur/3/ILSVRC2012_val_00020241.JPEG,default
imagenet_c/zoom_blur/5/ILSVRC2012_val_00007413.JPEG,default
imagenet_c/motion_blur/3/ILSVRC2012_val_00012434.JPEG,default
imagenet_c/defocus_blur/5/ILSVRC2012_val_00046396.JPEG,default
imagenet_c/pixelate/4/ILSVRC2012_val_00018171.JPEG,default
imagenet_c/jpeg_compression/3/ILSVRC2012_val_00041639.JPEG,default
imagenet_c/pixelate/1/ILSVRC2012_val_00037419.JPEG,default
imagenet_c/brightness/5/ILSVRC2012_val_00028842.JPEG,default
imagenet_c/impulse_noise/4/ILSVRC2012_val_00035508.JPEG,default
imagenet_c/gaussian_noise/5/ILSVRC2012_val_00040172.JPEG,default
imagenet_c/contrast/1/ILSVRC2012_val_00008808.JPEG,default
imagenet_c/jpeg_compression/5/ILSVRC2012_val_00015877.JPEG,default
imagenet_c/jpeg_compression/5/ILSVRC2012_val_00005966.JPEG,default
imagenet_c/pixelate/2/ILSVRC2012_val_00036018.JPEG,default
imagenet_c/frost/5/ILSVRC2012_val_00001166.JPEG,default
imagenet_c/gaussian_noise/1/ILSVRC2012_val_00001918.JPEG,default
imagenet_c/pixelate/4/ILSVRC2012_val_00007229.JPEG,default
imagenet_c/shot_noise/3/ILSVRC2012_val_00023421.JPEG,default
imagenet_c/impulse_noise/3/ILSVRC2012_val_00044844.JPEG,default
imagenet_c/contrast/5/ILSVRC2012_val_00024615.JPEG,default
imagenet_c/elastic_transform/1/ILSVRC2012_val_00030870.JPEG,default
imagenet_c/motion_blur/2/ILSVRC2012_val_00015554.JPEG,default
imagenet_c/zoom_blur/5/ILSVRC2012_val_00002399.JPEG,default
imagenet_c/impulse_noise/2/ILSVRC2012_val_00012091.JPEG,default
imagenet_c/shot_noise/2/ILSVRC2012_val_00012257.JPEG,default
imagenet_c/defocus_blur/2/ILSVRC2012_val_00023959.JPEG,default
imagenet_c/brightness/3/ILSVRC2012_val_00003079.JPEG,default
imagenet_c/brightness/2/ILSVRC2012_val_00046939.JPEG,default
imagenet_c/motion_blur/4/ILSVRC2012_val_00017546.JPEG,default
imagenet_c/gaussian_noise/4/ILSVRC2012_val_00031697.JPEG,default
imagenet_c/elastic_transform/3/ILSVRC2012_val_00015844.JPEG,default
imagenet_c/contrast/5/ILSVRC2012_val_00044588.JPEG,default
imagenet_c/impulse_noise/2/ILSVRC2012_val_00016211.JPEG,default
imagenet_c/gaussian_noise/1/ILSVRC2012_val_00035679.JPEG,default
imagenet_c/defocus_blur/1/ILSVRC2012_val_00037750.JPEG,default
imagenet_c/glass_blur/2/ILSVRC2012_val_00018319.JPEG,default
imagenet_c/brightness/2/ILSVRC2012_val_00034026.JPEG,default
imagenet_c/jpeg_compression/2/ILSVRC2012_val_00020150.JPEG,default
imagenet_c/snow/4/ILSVRC2012_val_00006504.JPEG,default
imagenet_c/impulse_noise/1/ILSVRC2012_val_00028349.JPEG,default
imagenet_c/defocus_blur/1/ILSVRC2012_val_00006523.JPEG,default
imagenet_c/frost/3/ILSVRC2012_val_00028876.JPEG,default
imagenet_c/frost/2/ILSVRC2012_val_00034016.JPEG,default
imagenet_c/jpeg_compression/1/ILSVRC2012_val_00019973.JPEG,default
imagenet_c/fog/1/ILSVRC2012_val_00008800.JPEG,default
imagenet_c/fog/4/ILSVRC2012_val_00033444.JPEG,default
imagenet_c/zoom_blur/4/ILSVRC2012_val_00033933.JPEG,default
imagenet_c/elastic_transform/1/ILSVRC2012_val_00016178.JPEG,default
imagenet_c/gaussian_noise/3/ILSVRC2012_val_00026938.JPEG,default
imagenet_c/motion_blur/3/ILSVRC2012_val_00015335.JPEG,default
imagenet_c/fog/2/ILSVRC2012_val_00027098.JPEG,default
imagenet_c/glass_blur/2/ILSVRC2012_val_00046160.JPEG,default
imagenet_c/gaussian_noise/3/ILSVRC2012_val_00032093.JPEG,default
imagenet_c/brightness/1/ILSVRC2012_val_00002264.JPEG,default
imagenet_c/frost/2/ILSVRC2012_val_00013216.JPEG,default
imagenet_c/motion_blur/2/ILSVRC2012_val_00026968.JPEG,default
imagenet_c/shot_noise/1/ILSVRC2012_val_00037887.JPEG,default
imagenet_c/brightness/4/ILSVRC2012_val_00015255.JPEG,default
imagenet_c/elastic_transform/4/ILSVRC2012_val_00002520.JPEG,default
imagenet_c/elastic_transform/5/ILSVRC2012_val_00005592.JPEG,default
imagenet_c/impulse_noise/3/ILSVRC2012_val_00002162.JPEG,default
imagenet_c/shot_noise/1/ILSVRC2012_val_00032496.JPEG,default
imagenet_c/snow/5/ILSVRC2012_val_00027044.JPEG,default
imagenet_c/zoom_blur/1/ILSVRC2012_val_00040332.JPEG,default
imagenet_c/fog/5/ILSVRC2012_val_00044690.JPEG,default
imagenet_c/brightness/3/ILSVRC2012_val_00034135.JPEG,default
imagenet_c/contrast/5/ILSVRC2012_val_00001806.JPEG,default
imagenet_c/jpeg_compression/3/ILSVRC2012_val_00027019.JPEG,default
imagenet_c/pixelate/2/ILSVRC2012_val_00012872.JPEG,default
imagenet_c/frost/5/ILSVRC2012_val_00001738.JPEG,default
imagenet_c/elastic_transform/3/ILSVRC2012_val_00023462.JPEG,default
imagenet_c/snow/3/ILSVRC2012_val_00003442.JPEG,default
imagenet_c/gaussian_noise/4/ILSVRC2012_val_00003844.JPEG,default
imagenet_c/defocus_blur/4/ILSVRC2012_val_00044739.JPEG,default
imagenet_c/shot_noise/3/ILSVRC2012_val_00009201.JPEG,default
imagenet_c/contrast/5/ILSVRC2012_val_00000627.JPEG,default
imagenet_c/frost/2/ILSVRC2012_val_00021824.JPEG,default
imagenet_c/motion_blur/3/ILSVRC2012_val_00034859.JPEG,default
imagenet_c/frost/5/ILSVRC2012_val_00005162.JPEG,default
imagenet_c/frost/2/ILSVRC2012_val_00048377.JPEG,default
imagenet_c/contrast/2/ILSVRC2012_val_00006001.JPEG,default
imagenet_c/elastic_transform/4/ILSVRC2012_val_00019733.JPEG,default
imagenet_c/motion_blur/1/ILSVRC2012_val_00049748.JPEG,default
imagenet_c/snow/2/ILSVRC2012_val_00029747.JPEG,default
imagenet_c/jpeg_compression/2/ILSVRC2012_val_00042272.JPEG,default
imagenet_c/zoom_blur/4/ILSVRC2012_val_00016042.JPEG,default
imagenet_c/fog/2/ILSVRC2012_val_00004581.JPEG,default
imagenet_c/elastic_transform/5/ILSVRC2012_val_00006509.JPEG,default
imagenet_c/contrast/1/ILSVRC2012_val_00045081.JPEG,default
imagenet_c/elastic_transform/2/ILSVRC2012_val_00025345.JPEG,default
imagenet_c/jpeg_compression/2/ILSVRC2012_val_00034091.JPEG,default
imagenet_c/elastic_transform/5/ILSVRC2012_val_00044173.JPEG,default
imagenet_c/defocus_blur/3/ILSVRC2012_val_00018386.JPEG,default
imagenet_c/gaussian_noise/1/ILSVRC2012_val_00005571.JPEG,default
imagenet_c/brightness/3/ILSVRC2012_val_00044367.JPEG,default
imagenet_c/gaussian_noise/4/ILSVRC2012_val_00034372.JPEG,default
imagenet_c/contrast/4/ILSVRC2012_val_00049406.JPEG,default
imagenet_c/motion_blur/2/ILSVRC2012_val_00027312.JPEG,default
imagenet_c/motion_blur/1/ILSVRC2012_val_00023618.JPEG,default
imagenet_c/brightness/5/ILSVRC2012_val_00027889.JPEG,default
imagenet_c/frost/3/ILSVRC2012_val_00023763.JPEG,default
imagenet_c/shot_noise/4/ILSVRC2012_val_00016605.JPEG,default
imagenet_c/motion_blur/5/ILSVRC2012_val_00035919.JPEG,default
imagenet_c/impulse_noise/3/ILSVRC2012_val_00005851.JPEG,default
imagenet_c/impulse_noise/4/ILSVRC2012_val_00042827.JPEG,default
imagenet_c/frost/4/ILSVRC2012_val_00003921.JPEG,default
imagenet_c/shot_noise/2/ILSVRC2012_val_00014503.JPEG,default
imagenet_c/pixelate/3/ILSVRC2012_val_00009605.JPEG,default
imagenet_c/contrast/1/ILSVRC2012_val_00035188.JPEG,default
imagenet_c/defocus_blur/3/ILSVRC2012_val_00042309.JPEG,default
imagenet_c/snow/4/ILSVRC2012_val_00003251.JPEG,default
imagenet_c/defocus_blur/5/ILSVRC2012_val_00033467.JPEG,default
imagenet_c/brightness/3/ILSVRC2012_val_00044037.JPEG,default
imagenet_c/zoom_blur/3/ILSVRC2012_val_00011318.JPEG,default
imagenet_c/motion_blur/5/ILSVRC2012_val_00010370.JPEG,default
imagenet_c/gaussian_noise/2/ILSVRC2012_val_00027078.JPEG,default
imagenet_c/contrast/4/ILSVRC2012_val_00017064.JPEG,default
imagenet_c/snow/5/ILSVRC2012_val_00012696.JPEG,default
imagenet_c/snow/5/ILSVRC2012_val_00034635.JPEG,default
imagenet_c/motion_blur/4/ILSVRC2012_val_00033040.JPEG,default
imagenet_c/elastic_transform/3/ILSVRC2012_val_00047693.JPEG,default
imagenet_c/motion_blur/2/ILSVRC2012_val_00004491.JPEG,default
imagenet_c/frost/2/ILSVRC2012_val_00026663.JPEG,default
imagenet_c/shot_noise/5/ILSVRC2012_val_00012631.JPEG,default
imagenet_c/motion_blur/1/ILSVRC2012_val_00018611.JPEG,default
imagenet_c/glass_blur/4/ILSVRC2012_val_00023197.JPEG,default
imagenet_c/contrast/1/ILSVRC2012_val_00037057.JPEG,default
imagenet_c/shot_noise/1/ILSVRC2012_val_00034027.JPEG,default
imagenet_c/zoom_blur/5/ILSVRC2012_val_00032170.JPEG,default
imagenet_c/elastic_transform/2/ILSVRC2012_val_00006662.JPEG,default
imagenet_c/fog/1/ILSVRC2012_val_00024485.JPEG,default
imagenet_c/shot_noise/4/ILSVRC2012_val_00034376.JPEG,default
imagenet_c/impulse_noise/5/ILSVRC2012_val_00036049.JPEG,default
imagenet_c/jpeg_compression/4/ILSVRC2012_val_00011972.JPEG,default
imagenet_c/motion_blur/1/ILSVRC2012_val_00033774.JPEG,default
imagenet_c/fog/3/ILSVRC2012_val_00029845.JPEG,default
imagenet_c/glass_blur/3/ILSVRC2012_val_00035338.JPEG,default
imagenet_c/motion_blur/5/ILSVRC2012_val_00014027.JPEG,default
imagenet_c/elastic_transform/1/ILSVRC2012_val_00046161.JPEG,default
imagenet_c/zoom_blur/4/ILSVRC2012_val_00043115.JPEG,default
imagenet_c/brightness/1/ILSVRC2012_val_00022060.JPEG,default
imagenet_c/gaussian_noise/5/ILSVRC2012_val_00002820.JPEG,default
imagenet_c/brightness/3/ILSVRC2012_val_00026989.JPEG,default
imagenet_c/contrast/5/ILSVRC2012_val_00010007.JPEG,default
imagenet_c/pixelate/3/ILSVRC2012_val_00038609.JPEG,default
imagenet_c/brightness/1/ILSVRC2012_val_00020988.JPEG,default
imagenet_c/snow/2/ILSVRC2012_val_00018120.JPEG,default
imagenet_c/brightness/3/ILSVRC2012_val_00043693.JPEG,default
imagenet_c/brightness/5/ILSVRC2012_val_00022577.JPEG,default
imagenet_c/brightness/1/ILSVRC2012_val_00013841.JPEG,default
imagenet_c/gaussian_noise/5/ILSVRC2012_val_00022336.JPEG,default
imagenet_c/pixelate/1/ILSVRC2012_val_00047627.JPEG,default
imagenet_c/impulse_noise/3/ILSVRC2012_val_00012970.JPEG,default
imagenet_c/motion_blur/2/ILSVRC2012_val_00006380.JPEG,default
imagenet_c/brightness/4/ILSVRC2012_val_00003800.JPEG,default
imagenet_c/defocus_blur/3/ILSVRC2012_val_00029312.JPEG,default
imagenet_c/fog/3/ILSVRC2012_val_00017571.JPEG,default
imagenet_c/frost/2/ILSVRC2012_val_00045844.JPEG,default
imagenet_c/glass_blur/1/ILSVRC2012_val_00025672.JPEG,default
imagenet_c/motion_blur/2/ILSVRC2012_val_00034381.JPEG,default
imagenet_c/elastic_transform/1/ILSVRC2012_val_00012217.JPEG,default
imagenet_c/jpeg_compression/3/ILSVRC2012_val_00017455.JPEG,default
imagenet_c/gaussian_noise/2/ILSVRC2012_val_00019790.JPEG,default
imagenet_c/zoom_blur/4/ILSVRC2012_val_00027119.JPEG,default
imagenet_c/snow/2/ILSVRC2012_val_00028100.JPEG,default
imagenet_c/impulse_noise/2/ILSVRC2012_val_00033160.JPEG,default
imagenet_c/snow/1/ILSVRC2012_val_00020450.JPEG,default
imagenet_c/shot_noise/4/ILSVRC2012_val_00003912.JPEG,default
imagenet_c/jpeg_compression/3/ILSVRC2012_val_00029959.JPEG,default
imagenet_c/motion_blur/2/ILSVRC2012_val_00020316.JPEG,default
imagenet_c/impulse_noise/1/ILSVRC2012_val_00006917.JPEG,default
imagenet_c/defocus_blur/2/ILSVRC2012_val_00019905.JPEG,default
imagenet_c/pixelate/3/ILSVRC2012_val_00008308.JPEG,default
imagenet_c/elastic_transform/2/ILSVRC2012_val_00001474.JPEG,default
imagenet_c/elastic_transform/3/ILSVRC2012_val_00035761.JPEG,default
imagenet_c/shot_noise/4/ILSVRC2012_val_00029530.JPEG,default
imagenet_c/fog/3/ILSVRC2012_val_00004737.JPEG,default
imagenet_c/frost/2/ILSVRC2012_val_00021748.JPEG,default
imagenet_c/contrast/4/ILSVRC2012_val_00037548.JPEG,default
imagenet_c/zoom_blur/1/ILSVRC2012_val_00004478.JPEG,default
imagenet_c/brightness/2/ILSVRC2012_val_00009662.JPEG,default
imagenet_c/gaussian_noise/2/ILSVRC2012_val_00031310.JPEG,default
imagenet_c/contrast/1/ILSVRC2012_val_00040118.JPEG,default
imagenet_c/frost/3/ILSVRC2012_val_00002081.JPEG,default
imagenet_c/motion_blur/3/ILSVRC2012_val_00010199.JPEG,default
imagenet_c/motion_blur/1/ILSVRC2012_val_00038755.JPEG,default
imagenet_c/pixelate/2/ILSVRC2012_val_00026837.JPEG,default
imagenet_c/elastic_transform/4/ILSVRC2012_val_00018548.JPEG,default
imagenet_c/motion_blur/4/ILSVRC2012_val_00032397.JPEG,default
imagenet_c/jpeg_compression/1/ILSVRC2012_val_00021419.JPEG,default
imagenet_c/zoom_blur/5/ILSVRC2012_val_00024177.JPEG,default
imagenet_c/jpeg_compression/1/ILSVRC2012_val_00035144.JPEG,default
imagenet_c/motion_blur/3/ILSVRC2012_val_00022107.JPEG,default
imagenet_c/frost/3/ILSVRC2012_val_00046294.JPEG,default
imagenet_c/shot_noise/1/ILSVRC2012_val_00040807.JPEG,default
imagenet_c/shot_noise/4/ILSVRC2012_val_00004326.JPEG,default
imagenet_c/impulse_noise/5/ILSVRC2012_val_00018632.JPEG,default
imagenet_c/elastic_transform/1/ILSVRC2012_val_00036382.JPEG,default
imagenet_c/brightness/2/ILSVRC2012_val_00002574.JPEG,default
imagenet_c/brightness/3/ILSVRC2012_val_00000449.JPEG,default
imagenet_c/impulse_noise/2/ILSVRC2012_val_00042685.JPEG,default
imagenet_c/zoom_blur/1/ILSVRC2012_val_00040960.JPEG,default
imagenet_c/glass_blur/4/ILSVRC2012_val_00001621.JPEG,default
imagenet_c/snow/5/ILSVRC2012_val_00044517.JPEG,default
imagenet_c/shot_noise/2/ILSVRC2012_val_00037132.JPEG,default
imagenet_c/defocus_blur/2/ILSVRC2012_val_00024534.JPEG,default
imagenet_c/impulse_noise/3/ILSVRC2012_val_00042554.JPEG,default
imagenet_c/contrast/4/ILSVRC2012_val_00036237.JPEG,default
imagenet_c/impulse_noise/3/ILSVRC2012_val_00003347.JPEG,default
imagenet_c/pixelate/5/ILSVRC2012_val_00022750.JPEG,default
imagenet_c/brightness/4/ILSVRC2012_val_00005528.JPEG,default
imagenet_c/snow/4/ILSVRC2012_val_00030780.JPEG,default
imagenet_c/shot_noise/5/ILSVRC2012_val_00004239.JPEG,default
imagenet_c/impulse_noise/3/ILSVRC2012_val_00049922.JPEG,default
imagenet_c/defocus_blur/4/ILSVRC2012_val_00002331.JPEG,default
imagenet_c/glass_blur/3/ILSVRC2012_val_00049142.JPEG,default
imagenet_c/frost/4/ILSVRC2012_val_00000809.JPEG,default
imagenet_c/motion_blur/3/ILSVRC2012_val_00024799.JPEG,default
imagenet_c/frost/1/ILSVRC2012_val_00020247.JPEG,default
imagenet_c/pixelate/2/ILSVRC2012_val_00019673.JPEG,default
imagenet_c/defocus_blur/5/ILSVRC2012_val_00005720.JPEG,default
imagenet_c/motion_blur/1/ILSVRC2012_val_00020813.JPEG,default
imagenet_c/glass_blur/2/ILSVRC2012_val_00000525.JPEG,default
imagenet_c/shot_noise/5/ILSVRC2012_val_00021803.JPEG,default
imagenet_c/pixelate/1/ILSVRC2012_val_00002695.JPEG,default
imagenet_c/impulse_noise/4/ILSVRC2012_val_00025848.JPEG,default
imagenet_c/elastic_transform/5/ILSVRC2012_val_00046121.JPEG,default
imagenet_c/brightness/4/ILSVRC2012_val_00031256.JPEG,default
imagenet_c/glass_blur/2/ILSVRC2012_val_00047720.JPEG,default
imagenet_c/defocus_blur/1/ILSVRC2012_val_00004512.JPEG,default
imagenet_c/zoom_blur/3/ILSVRC2012_val_00046525.JPEG,default
imagenet_c/jpeg_compression/5/ILSVRC2012_val_00021882.JPEG,default
imagenet_c/zoom_blur/1/ILSVRC2012_val_00016835.JPEG,default
imagenet_c/gaussian_noise/5/ILSVRC2012_val_00022838.JPEG,default
imagenet_c/zoom_blur/3/ILSVRC2012_val_00013149.JPEG,default
imagenet_c/contrast/5/ILSVRC2012_val_00025748.JPEG,default
imagenet_c/gaussian_noise/4/ILSVRC2012_val_00008535.JPEG,default
imagenet_c/jpeg_compression/1/ILSVRC2012_val_00042902.JPEG,default
imagenet_c/defocus_blur/1/ILSVRC2012_val_00045259.JPEG,default
imagenet_c/glass_blur/3/ILSVRC2012_val_00045237.JPEG,default
imagenet_c/zoom_blur/2/ILSVRC2012_val_00017180.JPEG,default
imagenet_c/defocus_blur/4/ILSVRC2012_val_00017863.JPEG,default
imagenet_c/fog/4/ILSVRC2012_val_00024775.JPEG,default
imagenet_c/shot_noise/3/ILSVRC2012_val_00006750.JPEG,default
imagenet_c/defocus_blur/4/ILSVRC2012_val_00018427.JPEG,default
imagenet_c/motion_blur/1/ILSVRC2012_val_00043666.JPEG,default
imagenet_c/shot_noise/5/ILSVRC2012_val_00014136.JPEG,default
imagenet_c/elastic_transform/3/ILSVRC2012_val_00048220.JPEG,default
imagenet_c/pixelate/2/ILSVRC2012_val_00034533.JPEG,default
imagenet_c/contrast/1/ILSVRC2012_val_00028428.JPEG,default
imagenet_c/frost/2/ILSVRC2012_val_00027493.JPEG,default
imagenet_c/brightness/4/ILSVRC2012_val_00015413.JPEG,default
imagenet_c/contrast/1/ILSVRC2012_val_00030960.JPEG,default
imagenet_c/glass_blur/1/ILSVRC2012_val_00020987.JPEG,default
imagenet_c/zoom_blur/4/ILSVRC2012_val_00038088.JPEG,default
imagenet_c/shot_noise/4/ILSVRC2012_val_00026128.JPEG,default
imagenet_c/gaussian_noise/5/ILSVRC2012_val_00015118.JPEG,default
imagenet_c/impulse_noise/4/ILSVRC2012_val_00046771.JPEG,default
imagenet_c/glass_blur/1/ILSVRC2012_val_00032726.JPEG,default
imagenet_c/contrast/4/ILSVRC2012_val_00018598.JPEG,default
imagenet_c/shot_noise/1/ILSVRC2012_val_00033792.JPEG,default
imagenet_c/impulse_noise/1/ILSVRC2012_val_00013319.JPEG,default
imagenet_c/zoom_blur/3/ILSVRC2012_val_00025762.JPEG,default
imagenet_c/jpeg_compression/4/ILSVRC2012_val_00044872.JPEG,default
imagenet_c/pixelate/1/ILSVRC2012_val_00030438.JPEG,default
imagenet_c/motion_blur/1/ILSVRC2012_val_00045032.JPEG,default
imagenet_c/pixelate/5/ILSVRC2012_val_00040391.JPEG,default
imagenet_c/zoom_blur/1/ILSVRC2012_val_00004806.JPEG,default
imagenet_c/frost/1/ILSVRC2012_val_00041437.JPEG,default
imagenet_c/shot_noise/2/ILSVRC2012_val_00049336.JPEG,default
imagenet_c/contrast/1/ILSVRC2012_val_00020114.JPEG,default
imagenet_c/jpeg_compression/5/ILSVRC2012_val_00018364.JPEG,default
imagenet_c/pixelate/4/ILSVRC2012_val_00040292.JPEG,default
imagenet_c/gaussian_noise/2/ILSVRC2012_val_00002884.JPEG,default
imagenet_c/fog/1/ILSVRC2012_val_00022286.JPEG,default
imagenet_c/frost/5/ILSVRC2012_val_00028790.JPEG,default
imagenet_c/snow/4/ILSVRC2012_val_00026708.JPEG,default
imagenet_c/jpeg_compression/4/ILSVRC2012_val_00047064.JPEG,default
imagenet_c/fog/5/ILSVRC2012_val_00030063.JPEG,default
imagenet_c/jpeg_compression/2/ILSVRC2012_val_00035477.JPEG,default
imagenet_c/frost/2/ILSVRC2012_val_00037129.JPEG,default
imagenet_c/glass_blur/4/ILSVRC2012_val_00020672.JPEG,default
imagenet_c/brightness/4/ILSVRC2012_val_00040300.JPEG,default
imagenet_c/impulse_noise/5/ILSVRC2012_val_00043741.JPEG,default
imagenet_c/brightness/4/ILSVRC2012_val_00012561.JPEG,default
imagenet_c/zoom_blur/2/ILSVRC2012_val_00021687.JPEG,default
imagenet_c/pixelate/3/ILSVRC2012_val_00036906.JPEG,default
imagenet_c/shot_noise/3/ILSVRC2012_val_00029793.JPEG,default
imagenet_c/fog/3/ILSVRC2012_val_00013099.JPEG,default
imagenet_c/zoom_blur/4/ILSVRC2012_val_00036090.JPEG,default
imagenet_c/impulse_noise/4/ILSVRC2012_val_00014052.JPEG,default
imagenet_c/zoom_blur/3/ILSVRC2012_val_00049583.JPEG,default
imagenet_c/frost/3/ILSVRC2012_val_00034783.JPEG,default
imagenet_c/motion_blur/5/ILSVRC2012_val_00002897.JPEG,default
imagenet_c/snow/4/ILSVRC2012_val_00029194.JPEG,default
imagenet_c/shot_noise/1/ILSVRC2012_val_00041965.JPEG,default
imagenet_c/pixelate/2/ILSVRC2012_val_00028995.JPEG,default
imagenet_c/snow/1/ILSVRC2012_val_00017840.JPEG,default
imagenet_c/pixelate/5/ILSVRC2012_val_00002094.JPEG,default
imagenet_c/pixelate/2/ILSVRC2012_val_00007832.JPEG,default
imagenet_c/motion_blur/1/ILSVRC2012_val_00034885.JPEG,default
imagenet_c/frost/4/ILSVRC2012_val_00008577.JPEG,default
imagenet_c/elastic_transform/3/ILSVRC2012_val_00032321.JPEG,default
imagenet_c/glass_blur/2/ILSVRC2012_val_00038907.JPEG,default
imagenet_c/jpeg_compression/4/ILSVRC2012_val_00005883.JPEG,default
imagenet_c/motion_blur/3/ILSVRC2012_val_00038451.JPEG,default
imagenet_c/pixelate/1/ILSVRC2012_val_00024709.JPEG,default
imagenet_c/glass_blur/2/ILSVRC2012_val_00049256.JPEG,default
imagenet_c/pixelate/2/ILSVRC2012_val_00039923.JPEG,default
imagenet_c/impulse_noise/5/ILSVRC2012_val_00003849.JPEG,default
imagenet_c/defocus_blur/3/ILSVRC2012_val_00042037.JPEG,default
imagenet_c/motion_blur/5/ILSVRC2012_val_00033425.JPEG,default
imagenet_c/impulse_noise/4/ILSVRC2012_val_00022346.JPEG,default
imagenet_c/jpeg_compression/3/ILSVRC2012_val_00041731.JPEG,default
imagenet_c/snow/3/ILSVRC2012_val_00011069.JPEG,default
imagenet_c/frost/4/ILSVRC2012_val_00037374.JPEG,default
imagenet_c/frost/3/ILSVRC2012_val_00026430.JPEG,default
imagenet_c/contrast/1/ILSVRC2012_val_00005235.JPEG,default
imagenet_c/contrast/5/ILSVRC2012_val_00012412.JPEG,default
imagenet_c/gaussian_noise/4/ILSVRC2012_val_00046605.JPEG,default
imagenet_c/motion_blur/3/ILSVRC2012_val_00012142.JPEG,default
imagenet_c/pixelate/4/ILSVRC2012_val_00038003.JPEG,default
imagenet_c/brightness/4/ILSVRC2012_val_00024306.JPEG,default
imagenet_c/frost/1/ILSVRC2012_val_00010210.JPEG,default
imagenet_c/frost/4/ILSVRC2012_val_00028421.JPEG,default
imagenet_c/elastic_transform/1/ILSVRC2012_val_00022120.JPEG,default
imagenet_c/zoom_blur/1/ILSVRC2012_val_00004490.JPEG,default
imagenet_c/contrast/2/ILSVRC2012_val_00027480.JPEG,default
imagenet_c/glass_blur/4/ILSVRC2012_val_00001673.JPEG,default
imagenet_c/jpeg_compression/4/ILSVRC2012_val_00011148.JPEG,default
imagenet_c/zoom_blur/1/ILSVRC2012_val_00007540.JPEG,default
imagenet_c/zoom_blur/5/ILSVRC2012_val_00040746.JPEG,default
imagenet_c/defocus_blur/1/ILSVRC2012_val_00040823.JPEG,default
imagenet_c/frost/4/ILSVRC2012_val_00044849.JPEG,default
imagenet_c/jpeg_compression/4/ILSVRC2012_val_00026651.JPEG,default
imagenet_c/fog/1/ILSVRC2012_val_00038949.JPEG,default
imagenet_c/fog/5/ILSVRC2012_val_00007362.JPEG,default
imagenet_c/zoom_blur/4/ILSVRC2012_val_00049208.JPEG,default
imagenet_c/contrast/2/ILSVRC2012_val_00026281.JPEG,default
imagenet_c/elastic_transform/1/ILSVRC2012_val_00012766.JPEG,default
imagenet_c/frost/5/ILSVRC2012_val_00020259.JPEG,default
imagenet_c/glass_blur/1/ILSVRC2012_val_00016009.JPEG,default
imagenet_c/contrast/1/ILSVRC2012_val_00029366.JPEG,default
imagenet_c/frost/3/ILSVRC2012_val_00027975.JPEG,default
imagenet_c/impulse_noise/2/ILSVRC2012_val_00029574.JPEG,default
imagenet_c/snow/1/ILSVRC2012_val_00044033.JPEG,default
imagenet_c/zoom_blur/2/ILSVRC2012_val_00015101.JPEG,default
imagenet_c/elastic_transform/3/ILSVRC2012_val_00013218.JPEG,default
imagenet_c/shot_noise/3/ILSVRC2012_val_00034803.JPEG,default
imagenet_c/contrast/4/ILSVRC2012_val_00017340.JPEG,default
imagenet_c/elastic_transform/5/ILSVRC2012_val_00012077.JPEG,default
imagenet_c/glass_blur/3/ILSVRC2012_val_00028127.JPEG,default
imagenet_c/pixelate/2/ILSVRC2012_val_00033123.JPEG,default
imagenet_c/brightness/3/ILSVRC2012_val_00000874.JPEG,default
imagenet_c/zoom_blur/4/ILSVRC2012_val_00038066.JPEG,default
imagenet_c/jpeg_compression/1/ILSVRC2012_val_00018795.JPEG,default
imagenet_c/motion_blur/1/ILSVRC2012_val_00035595.JPEG,default
imagenet_c/jpeg_compression/5/ILSVRC2012_val_00043709.JPEG,default
imagenet_c/gaussian_noise/5/ILSVRC2012_val_00044552.JPEG,default
imagenet_c/impulse_noise/1/ILSVRC2012_val_00012296.JPEG,default
imagenet_c/elastic_transform/1/ILSVRC2012_val_00032438.JPEG,default
imagenet_c/shot_noise/2/ILSVRC2012_val_00044881.JPEG,default
imagenet_c/defocus_blur/1/ILSVRC2012_val_00043908.JPEG,default
imagenet_c/contrast/1/ILSVRC2012_val_00037051.JPEG,default
imagenet_c/jpeg_compression/1/ILSVRC2012_val_00002102.JPEG,default
imagenet_c/impulse_noise/3/ILSVRC2012_val_00004651.JPEG,default
imagenet_c/zoom_blur/4/ILSVRC2012_val_00000971.JPEG,default
imagenet_c/contrast/3/ILSVRC2012_val_00039947.JPEG,default
imagenet_c/pixelate/2/ILSVRC2012_val_00036957.JPEG,default
imagenet_c/impulse_noise/5/ILSVRC2012_val_00037986.JPEG,default
imagenet_c/pixelate/4/ILSVRC2012_val_00046984.JPEG,default
imagenet_c/gaussian_noise/2/ILSVRC2012_val_00027544.JPEG,default
imagenet_c/impulse_noise/1/ILSVRC2012_val_00029282.JPEG,default
imagenet_c/pixelate/3/ILSVRC2012_val_00041420.JPEG,default
imagenet_c/defocus_blur/1/ILSVRC2012_val_00011774.JPEG,default
imagenet_c/frost/3/ILSVRC2012_val_00001330.JPEG,default
imagenet_c/jpeg_compression/2/ILSVRC2012_val_00031400.JPEG,default
imagenet_c/contrast/3/ILSVRC2012_val_00020282.JPEG,default
imagenet_c/frost/1/ILSVRC2012_val_00015771.JPEG,default
imagenet_c/gaussian_noise/1/ILSVRC2012_val_00017824.JPEG,default
imagenet_c/snow/3/ILSVRC2012_val_00048993.JPEG,default
imagenet_c/motion_blur/2/ILSVRC2012_val_00002233.JPEG,default
imagenet_c/zoom_blur/3/ILSVRC2012_val_00013644.JPEG,default
imagenet_c/shot_noise/1/ILSVRC2012_val_00038778.JPEG,default
imagenet_c/contrast/5/ILSVRC2012_val_00032001.JPEG,default
imagenet_c/contrast/4/ILSVRC2012_val_00049952.JPEG,default
imagenet_c/motion_blur/2/ILSVRC2012_val_00046341.JPEG,default
imagenet_c/jpeg_compression/1/ILSVRC2012_val_00023683.JPEG,default
imagenet_c/brightness/1/ILSVRC2012_val_00026754.JPEG,default
imagenet_c/zoom_blur/4/ILSVRC2012_val_00045158.JPEG,default
imagenet_c/elastic_transform/4/ILSVRC2012_val_00033321.JPEG,default
imagenet_c/brightness/2/ILSVRC2012_val_00002599.JPEG,default
imagenet_c/frost/4/ILSVRC2012_val_00042074.JPEG,default
imagenet_c/fog/2/ILSVRC2012_val_00038319.JPEG,default
imagenet_c/motion_blur/2/ILSVRC2012_val_00036912.JPEG,default
imagenet_c/frost/3/ILSVRC2012_val_00028714.JPEG,default
imagenet_c/zoom_blur/4/ILSVRC2012_val_00031543.JPEG,default
imagenet_c/defocus_blur/3/ILSVRC2012_val_00033560.JPEG,default
imagenet_c/gaussian_noise/5/ILSVRC2012_val_00038019.JPEG,default
imagenet_c/brightness/2/ILSVRC2012_val_00006958.JPEG,default
imagenet_c/jpeg_compression/3/ILSVRC2012_val_00016309.JPEG,default
imagenet_c/zoom_blur/2/ILSVRC2012_val_00014033.JPEG,default
imagenet_c/fog/3/ILSVRC2012_val_00018323.JPEG,default
imagenet_c/contrast/5/ILSVRC2012_val_00040580.JPEG,default
imagenet_c/fog/3/ILSVRC2012_val_00038822.JPEG,default
imagenet_c/shot_noise/4/ILSVRC2012_val_00002400.JPEG,default
imagenet_c/defocus_blur/2/ILSVRC2012_val_00022790.JPEG,default
imagenet_c/impulse_noise/2/ILSVRC2012_val_00039615.JPEG,default
imagenet_c/fog/3/ILSVRC2012_val_00042795.JPEG,default
imagenet_c/motion_blur/5/ILSVRC2012_val_00048956.JPEG,default
imagenet_c/impulse_noise/5/ILSVRC2012_val_00028443.JPEG,default
imagenet_c/contrast/1/ILSVRC2012_val_00025595.JPEG,default
imagenet_c/gaussian_noise/2/ILSVRC2012_val_00001402.JPEG,default
imagenet_c/contrast/1/ILSVRC2012_val_00038460.JPEG,default
imagenet_c/snow/1/ILSVRC2012_val_00040378.JPEG,default
imagenet_c/motion_blur/1/ILSVRC2012_val_00012535.JPEG,default
imagenet_c/shot_noise/2/ILSVRC2012_val_00003657.JPEG,default
imagenet_c/shot_noise/3/ILSVRC2012_val_00007642.JPEG,default
imagenet_c/jpeg_compression/3/ILSVRC2012_val_00018049.JPEG,default
imagenet_c/contrast/1/ILSVRC2012_val_00028768.JPEG,default
imagenet_c/frost/4/ILSVRC2012_val_00049753.JPEG,default
imagenet_c/impulse_noise/2/ILSVRC2012_val_00037121.JPEG,default
imagenet_c/pixelate/2/ILSVRC2012_val_00011020.JPEG,default
imagenet_c/jpeg_compression/5/ILSVRC2012_val_00047639.JPEG,default
imagenet_c/motion_blur/1/ILSVRC2012_val_00039280.JPEG,default
imagenet_c/shot_noise/2/ILSVRC2012_val_00039729.JPEG,default
imagenet_c/zoom_blur/1/ILSVRC2012_val_00016011.JPEG,default
imagenet_c/shot_noise/2/ILSVRC2012_val_00033011.JPEG,default
imagenet_c/frost/5/ILSVRC2012_val_00001817.JPEG,default
imagenet_c/shot_noise/3/ILSVRC2012_val_00007144.JPEG,default
imagenet_c/zoom_blur/3/ILSVRC2012_val_00012912.JPEG,default
imagenet_c/contrast/1/ILSVRC2012_val_00029349.JPEG,default
imagenet_c/gaussian_noise/2/ILSVRC2012_val_00001798.JPEG,default
imagenet_c/impulse_noise/1/ILSVRC2012_val_00017038.JPEG,default
imagenet_c/gaussian_noise/5/ILSVRC2012_val_00020794.JPEG,default
imagenet_c/shot_noise/2/ILSVRC2012_val_00009995.JPEG,default
imagenet_c/gaussian_noise/4/ILSVRC2012_val_00028083.JPEG,default
imagenet_c/gaussian_noise/2/ILSVRC2012_val_00004131.JPEG,default
imagenet_c/contrast/1/ILSVRC2012_val_00010262.JPEG,default
imagenet_c/fog/2/ILSVRC2012_val_00028997.JPEG,default
imagenet_c/contrast/5/ILSVRC2012_val_00003663.JPEG,default
imagenet_c/defocus_blur/4/ILSVRC2012_val_00002188.JPEG,default
imagenet_c/glass_blur/3/ILSVRC2012_val_00039921.JPEG,default
imagenet_c/jpeg_compression/3/ILSVRC2012_val_00031490.JPEG,default
imagenet_c/impulse_noise/5/ILSVRC2012_val_00047874.JPEG,default
imagenet_c/brightness/2/ILSVRC2012_val_00019244.JPEG,default
imagenet_c/brightness/1/ILSVRC2012_val_00019911.JPEG,default
imagenet_c/contrast/1/ILSVRC2012_val_00007841.JPEG,default
imagenet_c/glass_blur/4/ILSVRC2012_val_00048453.JPEG,default
imagenet_c/brightness/1/ILSVRC2012_val_00028080.JPEG,default
imagenet_c/snow/2/ILSVRC2012_val_00036336.JPEG,default
imagenet_c/contrast/5/ILSVRC2012_val_00046926.JPEG,default
imagenet_c/brightness/3/ILSVRC2012_val_00030473.JPEG,default
imagenet_c/elastic_transform/5/ILSVRC2012_val_00026897.JPEG,default
imagenet_c/zoom_blur/2/ILSVRC2012_val_00049957.JPEG,default
imagenet_c/shot_noise/3/ILSVRC2012_val_00015240.JPEG,default
imagenet_c/brightness/2/ILSVRC2012_val_00043135.JPEG,default
imagenet_c/contrast/2/ILSVRC2012_val_00032765.JPEG,default
imagenet_c/frost/2/ILSVRC2012_val_00048731.JPEG,default
imagenet_c/motion_blur/2/ILSVRC2012_val_00036410.JPEG,default
imagenet_c/elastic_transform/3/ILSVRC2012_val_00033506.JPEG,default
imagenet_c/glass_blur/5/ILSVRC2012_val_00028793.JPEG,default
imagenet_c/contrast/4/ILSVRC2012_val_00049927.JPEG,default
imagenet_c/gaussian_noise/5/ILSVRC2012_val_00034337.JPEG,default
imagenet_c/pixelate/1/ILSVRC2012_val_00000036.JPEG,default
imagenet_c/snow/5/ILSVRC2012_val_00013500.JPEG,default
imagenet_c/gaussian_noise/4/ILSVRC2012_val_00003544.JPEG,default
imagenet_c/brightness/2/ILSVRC2012_val_00026015.JPEG,default
imagenet_c/contrast/4/ILSVRC2012_val_00024004.JPEG,default
imagenet_c/impulse_noise/3/ILSVRC2012_val_00028767.JPEG,default
imagenet_c/gaussian_noise/3/ILSVRC2012_val_00047611.JPEG,default
imagenet_c/defocus_blur/3/ILSVRC2012_val_00010807.JPEG,default
imagenet_c/glass_blur/2/ILSVRC2012_val_00025866.JPEG,default
imagenet_c/shot_noise/1/ILSVRC2012_val_00009742.JPEG,default
imagenet_c/contrast/1/ILSVRC2012_val_00039577.JPEG,default
imagenet_c/motion_blur/1/ILSVRC2012_val_00039639.JPEG,default
imagenet_c/gaussian_noise/5/ILSVRC2012_val_00027728.JPEG,default
imagenet_c/fog/5/ILSVRC2012_val_00039680.JPEG,default
imagenet_c/shot_noise/3/ILSVRC2012_val_00024173.JPEG,default
imagenet_c/snow/4/ILSVRC2012_val_00036501.JPEG,default
imagenet_c/shot_noise/5/ILSVRC2012_val_00025413.JPEG,default
imagenet_c/defocus_blur/1/ILSVRC2012_val_00041774.JPEG,default
imagenet_c/gaussian_noise/3/ILSVRC2012_val_00019563.JPEG,default
imagenet_c/brightness/3/ILSVRC2012_val_00034280.JPEG,default
imagenet_c/zoom_blur/5/ILSVRC2012_val_00027540.JPEG,default
imagenet_c/snow/3/ILSVRC2012_val_00008690.JPEG,default
imagenet_c/glass_blur/3/ILSVRC2012_val_00045391.JPEG,default
imagenet_c/glass_blur/2/ILSVRC2012_val_00048042.JPEG,default
imagenet_c/snow/5/ILSVRC2012_val_00033523.JPEG,default
imagenet_c/gaussian_noise/5/ILSVRC2012_val_00020591.JPEG,default
imagenet_c/shot_noise/3/ILSVRC2012_val_00007653.JPEG,default
imagenet_c/pixelate/4/ILSVRC2012_val_00042050.JPEG,default
imagenet_c/contrast/1/ILSVRC2012_val_00017159.JPEG,default
imagenet_c/pixelate/5/ILSVRC2012_val_00033066.JPEG,default
imagenet_c/fog/4/ILSVRC2012_val_00026071.JPEG,default
imagenet_c/gaussian_noise/5/ILSVRC2012_val_00019330.JPEG,default
imagenet_c/elastic_transform/3/ILSVRC2012_val_00009343.JPEG,default
imagenet_c/brightness/5/ILSVRC2012_val_00042647.JPEG,default
imagenet_c/snow/5/ILSVRC2012_val_00049594.JPEG,default
imagenet_c/glass_blur/4/ILSVRC2012_val_00047664.JPEG,default
imagenet_c/jpeg_compression/3/ILSVRC2012_val_00035586.JPEG,default
imagenet_c/frost/1/ILSVRC2012_val_00016069.JPEG,default
imagenet_c/frost/5/ILSVRC2012_val_00028926.JPEG,default
imagenet_c/fog/4/ILSVRC2012_val_00035062.JPEG,default
imagenet_c/gaussian_noise/5/ILSVRC2012_val_00004323.JPEG,default
imagenet_c/zoom_blur/4/ILSVRC2012_val_00017769.JPEG,default
imagenet_c/defocus_blur/3/ILSVRC2012_val_00018936.JPEG,default
imagenet_c/frost/3/ILSVRC2012_val_00016885.JPEG,default
imagenet_c/shot_noise/2/ILSVRC2012_val_00041461.JPEG,default
imagenet_c/elastic_transform/4/ILSVRC2012_val_00049546.JPEG,default
imagenet_c/defocus_blur/3/ILSVRC2012_val_00007256.JPEG,default
imagenet_c/brightness/1/ILSVRC2012_val_00041547.JPEG,default
imagenet_c/shot_noise/1/ILSVRC2012_val_00046023.JPEG,default
imagenet_c/contrast/3/ILSVRC2012_val_00018443.JPEG,default
imagenet_c/contrast/3/ILSVRC2012_val_00004307.JPEG,default
imagenet_c/frost/2/ILSVRC2012_val_00010270.JPEG,default
imagenet_c/shot_noise/4/ILSVRC2012_val_00031483.JPEG,default
imagenet_c/gaussian_noise/5/ILSVRC2012_val_00012462.JPEG,default
imagenet_c/contrast/1/ILSVRC2012_val_00006169.JPEG,default
imagenet_c/glass_blur/2/ILSVRC2012_val_00006492.JPEG,default
imagenet_c/impulse_noise/4/ILSVRC2012_val_00003108.JPEG,default
imagenet_c/shot_noise/4/ILSVRC2012_val_00028532.JPEG,default
imagenet_c/gaussian_noise/5/ILSVRC2012_val_00016256.JPEG,default
imagenet_c/jpeg_compression/1/ILSVRC2012_val_00009738.JPEG,default
imagenet_c/glass_blur/3/ILSVRC2012_val_00047367.JPEG,default
imagenet_c/contrast/2/ILSVRC2012_val_00025157.JPEG,default
imagenet_c/defocus_blur/2/ILSVRC2012_val_00034158.JPEG,default
imagenet_c/motion_blur/3/ILSVRC2012_val_00014621.JPEG,default
imagenet_c/contrast/3/ILSVRC2012_val_00004052.JPEG,default
imagenet_c/frost/4/ILSVRC2012_val_00027141.JPEG,default
imagenet_c/impulse_noise/4/ILSVRC2012_val_00001612.JPEG,default
imagenet_c/elastic_transform/5/ILSVRC2012_val_00046428.JPEG,default
imagenet_c/brightness/5/ILSVRC2012_val_00024717.JPEG,default
imagenet_c/gaussian_noise/1/ILSVRC2012_val_00008431.JPEG,default
imagenet_c/contrast/5/ILSVRC2012_val_00030785.JPEG,default
imagenet_c/zoom_blur/4/ILSVRC2012_val_00046982.JPEG,default
imagenet_c/contrast/2/ILSVRC2012_val_00018147.JPEG,default
imagenet_c/contrast/4/ILSVRC2012_val_00015070.JPEG,default
imagenet_c/impulse_noise/3/ILSVRC2012_val_00037204.JPEG,default
imagenet_c/shot_noise/5/ILSVRC2012_val_00039785.JPEG,default
imagenet_c/fog/3/ILSVRC2012_val_00028234.JPEG,default
imagenet_c/defocus_blur/5/ILSVRC2012_val_00005116.JPEG,default
imagenet_c/jpeg_compression/1/ILSVRC2012_val_00004998.JPEG,default
imagenet_c/defocus_blur/1/ILSVRC2012_val_00023087.JPEG,default
imagenet_c/fog/5/ILSVRC2012_val_00007004.JPEG,default
imagenet_c/shot_noise/2/ILSVRC2012_val_00011942.JPEG,default
imagenet_c/contrast/3/ILSVRC2012_val_00036277.JPEG,default
imagenet_c/shot_noise/3/ILSVRC2012_val_00022742.JPEG,default
imagenet_c/snow/3/ILSVRC2012_val_00008573.JPEG,default
imagenet_c/shot_noise/2/ILSVRC2012_val_00029573.JPEG,default
imagenet_c/brightness/1/ILSVRC2012_val_00013534.JPEG,default
imagenet_c/impulse_noise/3/ILSVRC2012_val_00048784.JPEG,default
imagenet_c/frost/3/ILSVRC2012_val_00048867.JPEG,default
imagenet_c/gaussian_noise/1/ILSVRC2012_val_00010444.JPEG,default
imagenet_c/frost/1/ILSVRC2012_val_00048579.JPEG,default
imagenet_c/snow/1/ILSVRC2012_val_00034191.JPEG,default
imagenet_c/fog/4/ILSVRC2012_val_00026036.JPEG,default
imagenet_c/fog/2/ILSVRC2012_val_00026818.JPEG,default
imagenet_c/zoom_blur/3/ILSVRC2012_val_00021167.JPEG,default
imagenet_c/glass_blur/2/ILSVRC2012_val_00038937.JPEG,default
imagenet_c/brightness/2/ILSVRC2012_val_00034886.JPEG,default
imagenet_c/impulse_noise/2/ILSVRC2012_val_00042620.JPEG,default
imagenet_c/jpeg_compression/1/ILSVRC2012_val_00035827.JPEG,default
imagenet_c/gaussian_noise/4/ILSVRC2012_val_00018909.JPEG,default
imagenet_c/defocus_blur/4/ILSVRC2012_val_00014846.JPEG,default
imagenet_c/elastic_transform/2/ILSVRC2012_val_00009655.JPEG,default
imagenet_c/pixelate/5/ILSVRC2012_val_00012968.JPEG,default
imagenet_c/jpeg_compression/4/ILSVRC2012_val_00027613.JPEG,default
imagenet_c/pixelate/4/ILSVRC2012_val_00035840.JPEG,default
imagenet_c/contrast/5/ILSVRC2012_val_00023524.JPEG,default
imagenet_c/elastic_transform/4/ILSVRC2012_val_00038312.JPEG,default
imagenet_c/jpeg_compression/4/ILSVRC2012_val_00049929.JPEG,default
imagenet_c/brightness/1/ILSVRC2012_val_00001668.JPEG,default
imagenet_c/jpeg_compression/4/ILSVRC2012_val_00046515.JPEG,default
imagenet_c/impulse_noise/2/ILSVRC2012_val_00025139.JPEG,default
imagenet_c/pixelate/5/ILSVRC2012_val_00000745.JPEG,default
imagenet_c/jpeg_compression/5/ILSVRC2012_val_00018657.JPEG,default
imagenet_c/fog/5/ILSVRC2012_val_00000286.JPEG,default
imagenet_c/defocus_blur/2/ILSVRC2012_val_00014626.JPEG,default
imagenet_c/elastic_transform/1/ILSVRC2012_val_00002597.JPEG,default
imagenet_c/zoom_blur/3/ILSVRC2012_val_00003263.JPEG,default
imagenet_c/jpeg_compression/2/ILSVRC2012_val_00020857.JPEG,default
imagenet_c/contrast/1/ILSVRC2012_val_00048064.JPEG,default
imagenet_c/elastic_transform/1/ILSVRC2012_val_00034852.JPEG,default
imagenet_c/gaussian_noise/5/ILSVRC2012_val_00000598.JPEG,default
imagenet_c/snow/5/ILSVRC2012_val_00034498.JPEG,default
imagenet_c/gaussian_noise/1/ILSVRC2012_val_00008486.JPEG,default
imagenet_c/gaussian_noise/4/ILSVRC2012_val_00033571.JPEG,default
imagenet_c/snow/1/ILSVRC2012_val_00007553.JPEG,default
imagenet_c/brightness/4/ILSVRC2012_val_00046411.JPEG,default
imagenet_c/zoom_blur/1/ILSVRC2012_val_00005814.JPEG,default
imagenet_c/gaussian_noise/1/ILSVRC2012_val_00004536.JPEG,default
imagenet_c/brightness/4/ILSVRC2012_val_00016458.JPEG,default
imagenet_c/elastic_transform/1/ILSVRC2012_val_00015385.JPEG,default
imagenet_c/contrast/1/ILSVRC2012_val_00032306.JPEG,default
imagenet_c/gaussian_noise/1/ILSVRC2012_val_00017352.JPEG,default
imagenet_c/pixelate/2/ILSVRC2012_val_00002867.JPEG,default
imagenet_c/contrast/5/ILSVRC2012_val_00031933.JPEG,default
imagenet_c/glass_blur/4/ILSVRC2012_val_00008020.JPEG,default
imagenet_c/zoom_blur/5/ILSVRC2012_val_00042244.JPEG,default
imagenet_c/shot_noise/4/ILSVRC2012_val_00033363.JPEG,default
imagenet_c/gaussian_noise/1/ILSVRC2012_val_00047079.JPEG,default
imagenet_c/elastic_transform/2/ILSVRC2012_val_00031554.JPEG,default
imagenet_c/frost/4/ILSVRC2012_val_00022406.JPEG,default
imagenet_c/elastic_transform/1/ILSVRC2012_val_00034288.JPEG,default
imagenet_c/frost/4/ILSVRC2012_val_00035950.JPEG,default
imagenet_c/shot_noise/2/ILSVRC2012_val_00010197.JPEG,default
imagenet_c/snow/3/ILSVRC2012_val_00028072.JPEG,default
imagenet_c/motion_blur/4/ILSVRC2012_val_00039649.JPEG,default
imagenet_c/brightness/4/ILSVRC2012_val_00034891.JPEG,default
imagenet_c/shot_noise/4/ILSVRC2012_val_00021480.JPEG,default
imagenet_c/elastic_transform/5/ILSVRC2012_val_00035948.JPEG,default
imagenet_c/pixelate/3/ILSVRC2012_val_00025788.JPEG,default
imagenet_c/snow/5/ILSVRC2012_val_00009840.JPEG,default
imagenet_c/zoom_blur/5/ILSVRC2012_val_00020952.JPEG,default
imagenet_c/impulse_noise/2/ILSVRC2012_val_00045177.JPEG,default
imagenet_c/motion_blur/4/ILSVRC2012_val_00004220.JPEG,default
imagenet_c/brightness/5/ILSVRC2012_val_00046684.JPEG,default
imagenet_c/frost/3/ILSVRC2012_val_00029316.JPEG,default
imagenet_c/pixelate/3/ILSVRC2012_val_00040311.JPEG,default
imagenet_c/motion_blur/5/ILSVRC2012_val_00026602.JPEG,default
imagenet_c/motion_blur/1/ILSVRC2012_val_00047759.JPEG,default
imagenet_c/pixelate/3/ILSVRC2012_val_00017484.JPEG,default
imagenet_c/defocus_blur/5/ILSVRC2012_val_00026020.JPEG,default
imagenet_c/shot_noise/2/ILSVRC2012_val_00007603.JPEG,default
imagenet_c/motion_blur/5/ILSVRC2012_val_00035442.JPEG,default
imagenet_c/pixelate/3/ILSVRC2012_val_00024360.JPEG,default
imagenet_c/glass_blur/4/ILSVRC2012_val_00011099.JPEG,default
imagenet_c/zoom_blur/1/ILSVRC2012_val_00034890.JPEG,default
imagenet_c/zoom_blur/1/ILSVRC2012_val_00010471.JPEG,default
imagenet_c/shot_noise/2/ILSVRC2012_val_00006743.JPEG,default
imagenet_c/jpeg_compression/5/ILSVRC2012_val_00039047.JPEG,default
imagenet_c/gaussian_noise/2/ILSVRC2012_val_00014442.JPEG,default
imagenet_c/fog/3/ILSVRC2012_val_00013291.JPEG,default
imagenet_c/defocus_blur/4/ILSVRC2012_val_00025513.JPEG,default
imagenet_c/motion_blur/1/ILSVRC2012_val_00037176.JPEG,default
imagenet_c/shot_noise/5/ILSVRC2012_val_00016279.JPEG,default
imagenet_c/zoom_blur/2/ILSVRC2012_val_00045960.JPEG,default
imagenet_c/gaussian_noise/5/ILSVRC2012_val_00043493.JPEG,default
imagenet_c/elastic_transform/5/ILSVRC2012_val_00010998.JPEG,default
imagenet_c/glass_blur/3/ILSVRC2012_val_00011378.JPEG,default
imagenet_c/impulse_noise/4/ILSVRC2012_val_00014230.JPEG,default
imagenet_c/pixelate/2/ILSVRC2012_val_00039790.JPEG,default
imagenet_c/frost/1/ILSVRC2012_val_00029620.JPEG,default
imagenet_c/pixelate/1/ILSVRC2012_val_00028643.JPEG,default
imagenet_c/brightness/5/ILSVRC2012_val_00023042.JPEG,default
imagenet_c/gaussian_noise/1/ILSVRC2012_val_00044298.JPEG,default
imagenet_c/contrast/5/ILSVRC2012_val_00005796.JPEG,default
imagenet_c/frost/5/ILSVRC2012_val_00009550.JPEG,default
imagenet_c/fog/4/ILSVRC2012_val_00020606.JPEG,default
imagenet_c/jpeg_compression/4/ILSVRC2012_val_00018039.JPEG,default
imagenet_c/fog/2/ILSVRC2012_val_00023814.JPEG,default
imagenet_c/elastic_transform/3/ILSVRC2012_val_00000106.JPEG,default
imagenet_c/elastic_transform/4/ILSVRC2012_val_00018689.JPEG,default
imagenet_c/zoom_blur/4/ILSVRC2012_val_00031551.JPEG,default
imagenet_c/gaussian_noise/2/ILSVRC2012_val_00001181.JPEG,default
imagenet_c/brightness/3/ILSVRC2012_val_00040198.JPEG,default
imagenet_c/fog/4/ILSVRC2012_val_00005388.JPEG,default
imagenet_c/defocus_blur/3/ILSVRC2012_val_00046607.JPEG,default
imagenet_c/shot_noise/4/ILSVRC2012_val_00006632.JPEG,default
imagenet_c/elastic_transform/3/ILSVRC2012_val_00016360.JPEG,default
imagenet_c/gaussian_noise/2/ILSVRC2012_val_00032225.JPEG,default
imagenet_c/fog/2/ILSVRC2012_val_00019274.JPEG,default
imagenet_c/gaussian_noise/2/ILSVRC2012_val_00003201.JPEG,default
imagenet_c/gaussian_noise/5/ILSVRC2012_val_00035740.JPEG,default
imagenet_c/elastic_transform/1/ILSVRC2012_val_00037871.JPEG,default
imagenet_c/snow/5/ILSVRC2012_val_00009292.JPEG,default
imagenet_c/shot_noise/3/ILSVRC2012_val_00031478.JPEG,default
imagenet_c/zoom_blur/5/ILSVRC2012_val_00024575.JPEG,default
imagenet_c/defocus_blur/1/ILSVRC2012_val_00031487.JPEG,default
imagenet_c/snow/3/ILSVRC2012_val_00046234.JPEG,default
imagenet_c/gaussian_noise/2/ILSVRC2012_val_00036435.JPEG,default
imagenet_c/glass_blur/2/ILSVRC2012_val_00025987.JPEG,default
imagenet_c/motion_blur/3/ILSVRC2012_val_00020064.JPEG,default
imagenet_c/impulse_noise/3/ILSVRC2012_val_00045004.JPEG,default
imagenet_c/fog/5/ILSVRC2012_val_00033012.JPEG,default
imagenet_c/pixelate/5/ILSVRC2012_val_00007324.JPEG,default
imagenet_c/shot_noise/2/ILSVRC2012_val_00028560.JPEG,default
imagenet_c/frost/5/ILSVRC2012_val_00043269.JPEG,default
imagenet_c/zoom_blur/3/ILSVRC2012_val_00008899.JPEG,default
imagenet_c/jpeg_compression/3/ILSVRC2012_val_00017344.JPEG,default
imagenet_c/brightness/5/ILSVRC2012_val_00023292.JPEG,default
imagenet_c/shot_noise/3/ILSVRC2012_val_00022924.JPEG,default
imagenet_c/shot_noise/1/ILSVRC2012_val_00040581.JPEG,default
imagenet_c/fog/5/ILSVRC2012_val_00023192.JPEG,default
imagenet_c/brightness/3/ILSVRC2012_val_00001534.JPEG,default
imagenet_c/glass_blur/2/ILSVRC2012_val_00021930.JPEG,default
imagenet_c/gaussian_noise/1/ILSVRC2012_val_00018243.JPEG,default
imagenet_c/elastic_transform/2/ILSVRC2012_val_00041290.JPEG,default
imagenet_c/elastic_transform/3/ILSVRC2012_val_00033896.JPEG,default
imagenet_c/shot_noise/1/ILSVRC2012_val_00004473.JPEG,default
imagenet_c/elastic_transform/4/ILSVRC2012_val_00022476.JPEG,default
imagenet_c/jpeg_compression/1/ILSVRC2012_val_00014544.JPEG,default
imagenet_c/zoom_blur/5/ILSVRC2012_val_00044817.JPEG,default
imagenet_c/jpeg_compression/4/ILSVRC2012_val_00015389.JPEG,default
imagenet_c/contrast/1/ILSVRC2012_val_00013892.JPEG,default
imagenet_c/glass_blur/1/ILSVRC2012_val_00012145.JPEG,default
imagenet_c/elastic_transform/3/ILSVRC2012_val_00049409.JPEG,default
imagenet_c/snow/3/ILSVRC2012_val_00005449.JPEG,default
imagenet_c/zoom_blur/3/ILSVRC2012_val_00041145.JPEG,default
imagenet_c/brightness/1/ILSVRC2012_val_00003190.JPEG,default
imagenet_c/defocus_blur/5/ILSVRC2012_val_00029811.JPEG,default
imagenet_c/motion_blur/3/ILSVRC2012_val_00047175.JPEG,default
imagenet_c/zoom_blur/2/ILSVRC2012_val_00027618.JPEG,default
imagenet_c/impulse_noise/2/ILSVRC2012_val_00032340.JPEG,default
imagenet_c/motion_blur/3/ILSVRC2012_val_00015838.JPEG,default
imagenet_c/defocus_blur/5/ILSVRC2012_val_00019440.JPEG,default
imagenet_c/frost/2/ILSVRC2012_val_00049329.JPEG,default
imagenet_c/jpeg_compression/2/ILSVRC2012_val_00014699.JPEG,default
imagenet_c/glass_blur/5/ILSVRC2012_val_00005645.JPEG,default
imagenet_c/glass_blur/5/ILSVRC2012_val_00018908.JPEG,default
imagenet_c/fog/1/ILSVRC2012_val_00036475.JPEG,default
imagenet_c/motion_blur/2/ILSVRC2012_val_00023248.JPEG,default
imagenet_c/pixelate/3/ILSVRC2012_val_00017348.JPEG,default
imagenet_c/motion_blur/4/ILSVRC2012_val_00042823.JPEG,default
imagenet_c/shot_noise/3/ILSVRC2012_val_00021878.JPEG,default
imagenet_c/defocus_blur/5/ILSVRC2012_val_00036885.JPEG,default
imagenet_c/glass_blur/2/ILSVRC2012_val_00045147.JPEG,default
imagenet_c/gaussian_noise/3/ILSVRC2012_val_00040924.JPEG,default
imagenet_c/gaussian_noise/4/ILSVRC2012_val_00034453.JPEG,default
imagenet_c/shot_noise/5/ILSVRC2012_val_00045974.JPEG,default
imagenet_c/pixelate/4/ILSVRC2012_val_00033025.JPEG,default
imagenet_c/defocus_blur/5/ILSVRC2012_val_00043876.JPEG,default
imagenet_c/zoom_blur/1/ILSVRC2012_val_00044302.JPEG,default
imagenet_c/impulse_noise/4/ILSVRC2012_val_00042772.JPEG,default
imagenet_c/defocus_blur/3/ILSVRC2012_val_00036696.JPEG,default
imagenet_c/snow/3/ILSVRC2012_val_00007517.JPEG,default
imagenet_c/frost/2/ILSVRC2012_val_00006693.JPEG,default
imagenet_c/zoom_blur/5/ILSVRC2012_val_00033482.JPEG,default
imagenet_c/impulse_noise/4/ILSVRC2012_val_00035734.JPEG,default
imagenet_c/fog/1/ILSVRC2012_val_00031426.JPEG,default
imagenet_c/zoom_blur/1/ILSVRC2012_val_00048170.JPEG,default
imagenet_c/glass_blur/1/ILSVRC2012_val_00023020.JPEG,default
imagenet_c/elastic_transform/2/ILSVRC2012_val_00005971.JPEG,default
imagenet_c/jpeg_compression/4/ILSVRC2012_val_00028058.JPEG,default
imagenet_c/jpeg_compression/3/ILSVRC2012_val_00004621.JPEG,default
imagenet_c/jpeg_compression/1/ILSVRC2012_val_00026625.JPEG,default
imagenet_c/pixelate/3/ILSVRC2012_val_00008571.JPEG,default
imagenet_c/brightness/2/ILSVRC2012_val_00045840.JPEG,default
imagenet_c/defocus_blur/1/ILSVRC2012_val_00042945.JPEG,default
imagenet_c/impulse_noise/3/ILSVRC2012_val_00007449.JPEG,default
imagenet_c/motion_blur/3/ILSVRC2012_val_00031257.JPEG,default
imagenet_c/jpeg_compression/1/ILSVRC2012_val_00046573.JPEG,default
imagenet_c/frost/5/ILSVRC2012_val_00018353.JPEG,default
imagenet_c/elastic_transform/5/ILSVRC2012_val_00046272.JPEG,default
imagenet_c/glass_blur/1/ILSVRC2012_val_00038908.JPEG,default
imagenet_c/frost/3/ILSVRC2012_val_00005200.JPEG,default
imagenet_c/impulse_noise/5/ILSVRC2012_val_00027509.JPEG,default
imagenet_c/jpeg_compression/4/ILSVRC2012_val_00010553.JPEG,default
imagenet_c/pixelate/2/ILSVRC2012_val_00037598.JPEG,default
imagenet_c/fog/3/ILSVRC2012_val_00014905.JPEG,default
imagenet_c/frost/4/ILSVRC2012_val_00026231.JPEG,default
imagenet_c/contrast/1/ILSVRC2012_val_00026544.JPEG,default
imagenet_c/jpeg_compression/2/ILSVRC2012_val_00012068.JPEG,default
imagenet_c/zoom_blur/2/ILSVRC2012_val_00045546.JPEG,default
imagenet_c/contrast/1/ILSVRC2012_val_00044133.JPEG,default
imagenet_c/defocus_blur/1/ILSVRC2012_val_00044310.JPEG,default
imagenet_c/pixelate/1/ILSVRC2012_val_00015655.JPEG,default
imagenet_c/snow/3/ILSVRC2012_val_00038551.JPEG,default
imagenet_c/gaussian_noise/5/ILSVRC2012_val_00013975.JPEG,default
imagenet_c/contrast/2/ILSVRC2012_val_00023395.JPEG,default
imagenet_c/frost/5/ILSVRC2012_val_00009212.JPEG,default
imagenet_c/snow/2/ILSVRC2012_val_00019952.JPEG,default
imagenet_c/shot_noise/3/ILSVRC2012_val_00040324.JPEG,default
imagenet_c/shot_noise/2/ILSVRC2012_val_00014976.JPEG,default
imagenet_c/frost/4/ILSVRC2012_val_00047158.JPEG,default
imagenet_c/defocus_blur/2/ILSVRC2012_val_00013792.JPEG,default
imagenet_c/contrast/2/ILSVRC2012_val_00002362.JPEG,default
imagenet_c/jpeg_compression/3/ILSVRC2012_val_00041680.JPEG,default
imagenet_c/gaussian_noise/3/ILSVRC2012_val_00043879.JPEG,default
imagenet_c/defocus_blur/3/ILSVRC2012_val_00011264.JPEG,default
imagenet_c/shot_noise/1/ILSVRC2012_val_00015949.JPEG,default
imagenet_c/fog/2/ILSVRC2012_val_00027470.JPEG,default
imagenet_c/fog/3/ILSVRC2012_val_00045918.JPEG,default
imagenet_c/fog/4/ILSVRC2012_val_00042236.JPEG,default
imagenet_c/frost/2/ILSVRC2012_val_00014638.JPEG,default
imagenet_c/brightness/1/ILSVRC2012_val_00035300.JPEG,default
imagenet_c/snow/1/ILSVRC2012_val_00031351.JPEG,default
imagenet_c/motion_blur/5/ILSVRC2012_val_00009438.JPEG,default
imagenet_c/pixelate/3/ILSVRC2012_val_00001518.JPEG,default
imagenet_c/impulse_noise/2/ILSVRC2012_val_00008991.JPEG,default
imagenet_c/glass_blur/4/ILSVRC2012_val_00005428.JPEG,default
imagenet_c/defocus_blur/2/ILSVRC2012_val_00046475.JPEG,default
imagenet_c/gaussian_noise/3/ILSVRC2012_val_00020350.JPEG,default
imagenet_c/jpeg_compression/5/ILSVRC2012_val_00033325.JPEG,default
imagenet_c/zoom_blur/5/ILSVRC2012_val_00020618.JPEG,default
imagenet_c/impulse_noise/4/ILSVRC2012_val_00025516.JPEG,default
imagenet_c/pixelate/1/ILSVRC2012_val_00040707.JPEG,default
imagenet_c/pixelate/1/ILSVRC2012_val_00047748.JPEG,default
imagenet_c/brightness/5/ILSVRC2012_val_00022296.JPEG,default
imagenet_c/motion_blur/5/ILSVRC2012_val_00045990.JPEG,default
imagenet_c/defocus_blur/3/ILSVRC2012_val_00000274.JPEG,default
imagenet_c/gaussian_noise/2/ILSVRC2012_val_00025984.JPEG,default
imagenet_c/impulse_noise/1/ILSVRC2012_val_00048314.JPEG,default
imagenet_c/contrast/4/ILSVRC2012_val_00038513.JPEG,default
imagenet_c/impulse_noise/1/ILSVRC2012_val_00041744.JPEG,default
imagenet_c/elastic_transform/5/ILSVRC2012_val_00027903.JPEG,default
imagenet_c/zoom_blur/5/ILSVRC2012_val_00003594.JPEG,default
imagenet_c/defocus_blur/2/ILSVRC2012_val_00005253.JPEG,default
imagenet_c/jpeg_compression/1/ILSVRC2012_val_00033023.JPEG,default
imagenet_c/motion_blur/1/ILSVRC2012_val_00037923.JPEG,default
imagenet_c/defocus_blur/1/ILSVRC2012_val_00030046.JPEG,default
imagenet_c/zoom_blur/1/ILSVRC2012_val_00040262.JPEG,default
imagenet_c/defocus_blur/1/ILSVRC2012_val_00030743.JPEG,default
imagenet_c/shot_noise/2/ILSVRC2012_val_00027356.JPEG,default
imagenet_c/frost/3/ILSVRC2012_val_00005455.JPEG,default
imagenet_c/frost/1/ILSVRC2012_val_00002443.JPEG,default
imagenet_c/fog/5/ILSVRC2012_val_00005232.JPEG,default
imagenet_c/fog/1/ILSVRC2012_val_00031735.JPEG,default
imagenet_c/impulse_noise/1/ILSVRC2012_val_00039739.JPEG,default
imagenet_c/pixelate/3/ILSVRC2012_val_00026997.JPEG,default
imagenet_c/gaussian_noise/4/ILSVRC2012_val_00042087.JPEG,default
imagenet_c/gaussian_noise/5/ILSVRC2012_val_00010286.JPEG,default
imagenet_c/jpeg_compression/5/ILSVRC2012_val_00024421.JPEG,default
imagenet_c/snow/3/ILSVRC2012_val_00012233.JPEG,default
imagenet_c/gaussian_noise/3/ILSVRC2012_val_00011866.JPEG,default
imagenet_c/elastic_transform/5/ILSVRC2012_val_00027644.JPEG,default
imagenet_c/frost/4/ILSVRC2012_val_00002221.JPEG,default
imagenet_c/glass_blur/4/ILSVRC2012_val_00020876.JPEG,default
imagenet_c/contrast/4/ILSVRC2012_val_00021811.JPEG,default
imagenet_c/motion_blur/4/ILSVRC2012_val_00031247.JPEG,default
imagenet_c/pixelate/2/ILSVRC2012_val_00013115.JPEG,default
imagenet_c/glass_blur/1/ILSVRC2012_val_00013030.JPEG,default
imagenet_c/elastic_transform/4/ILSVRC2012_val_00032565.JPEG,default
imagenet_c/elastic_transform/5/ILSVRC2012_val_00036329.JPEG,default
imagenet_c/defocus_blur/3/ILSVRC2012_val_00007662.JPEG,default
imagenet_c/motion_blur/5/ILSVRC2012_val_00038420.JPEG,default
imagenet_c/motion_blur/5/ILSVRC2012_val_00040141.JPEG,default
imagenet_c/snow/3/ILSVRC2012_val_00001785.JPEG,default
imagenet_c/fog/3/ILSVRC2012_val_00023899.JPEG,default
imagenet_c/brightness/3/ILSVRC2012_val_00038540.JPEG,default
imagenet_c/defocus_blur/3/ILSVRC2012_val_00000789.JPEG,default
imagenet_c/brightness/4/ILSVRC2012_val_00024633.JPEG,default
imagenet_c/snow/2/ILSVRC2012_val_00041996.JPEG,default
imagenet_c/fog/4/ILSVRC2012_val_00002350.JPEG,default
imagenet_c/jpeg_compression/4/ILSVRC2012_val_00021554.JPEG,default
imagenet_c/motion_blur/1/ILSVRC2012_val_00049527.JPEG,default
imagenet_c/jpeg_compression/1/ILSVRC2012_val_00017820.JPEG,default
imagenet_c/gaussian_noise/4/ILSVRC2012_val_00049325.JPEG,default
imagenet_c/shot_noise/5/ILSVRC2012_val_00032205.JPEG,default
imagenet_c/pixelate/1/ILSVRC2012_val_00019915.JPEG,default
imagenet_c/shot_noise/5/ILSVRC2012_val_00001308.JPEG,default
imagenet_c/snow/3/ILSVRC2012_val_00021669.JPEG,default
imagenet_c/shot_noise/3/ILSVRC2012_val_00042492.JPEG,default
imagenet_c/shot_noise/1/ILSVRC2012_val_00010659.JPEG,default
imagenet_c/frost/4/ILSVRC2012_val_00017524.JPEG,default
imagenet_c/shot_noise/1/ILSVRC2012_val_00010841.JPEG,default
imagenet_c/impulse_noise/5/ILSVRC2012_val_00028398.JPEG,default
imagenet_c/contrast/5/ILSVRC2012_val_00044479.JPEG,default
imagenet_c/shot_noise/3/ILSVRC2012_val_00014121.JPEG,default
imagenet_c/brightness/2/ILSVRC2012_val_00031682.JPEG,default
imagenet_c/motion_blur/3/ILSVRC2012_val_00025881.JPEG,default
imagenet_c/defocus_blur/5/ILSVRC2012_val_00038594.JPEG,default
imagenet_c/motion_blur/3/ILSVRC2012_val_00008053.JPEG,default
imagenet_c/gaussian_noise/1/ILSVRC2012_val_00023110.JPEG,default
imagenet_c/snow/2/ILSVRC2012_val_00021894.JPEG,default
imagenet_c/fog/1/ILSVRC2012_val_00034398.JPEG,default
imagenet_c/contrast/3/ILSVRC2012_val_00032486.JPEG,default
imagenet_c/elastic_transform/3/ILSVRC2012_val_00001793.JPEG,default
imagenet_c/shot_noise/3/ILSVRC2012_val_00048171.JPEG,default
imagenet_c/zoom_blur/5/ILSVRC2012_val_00045426.JPEG,default
imagenet_c/jpeg_compression/3/ILSVRC2012_val_00040577.JPEG,default
imagenet_c/jpeg_compression/3/ILSVRC2012_val_00029332.JPEG,default
imagenet_c/snow/5/ILSVRC2012_val_00000620.JPEG,default
imagenet_c/jpeg_compression/2/ILSVRC2012_val_00044857.JPEG,default
imagenet_c/gaussian_noise/5/ILSVRC2012_val_00012877.JPEG,default
imagenet_c/contrast/3/ILSVRC2012_val_00017575.JPEG,default
imagenet_c/frost/3/ILSVRC2012_val_00034189.JPEG,default
imagenet_c/zoom_blur/1/ILSVRC2012_val_00027105.JPEG,default
imagenet_c/contrast/4/ILSVRC2012_val_00001415.JPEG,default
imagenet_c/glass_blur/2/ILSVRC2012_val_00049832.JPEG,default
imagenet_c/frost/4/ILSVRC2012_val_00044555.JPEG,default
imagenet_c/snow/1/ILSVRC2012_val_00004289.JPEG,default
imagenet_c/jpeg_compression/3/ILSVRC2012_val_00025209.JPEG,default
imagenet_c/impulse_noise/4/ILSVRC2012_val_00020294.JPEG,default
imagenet_c/elastic_transform/2/ILSVRC2012_val_00012292.JPEG,default
imagenet_c/elastic_transform/5/ILSVRC2012_val_00003362.JPEG,default
imagenet_c/impulse_noise/4/ILSVRC2012_val_00048168.JPEG,default
imagenet_c/shot_noise/1/ILSVRC2012_val_00035021.JPEG,default
imagenet_c/motion_blur/3/ILSVRC2012_val_00020614.JPEG,default
imagenet_c/pixelate/1/ILSVRC2012_val_00031898.JPEG,default
imagenet_c/motion_blur/1/ILSVRC2012_val_00008556.JPEG,default
imagenet_c/contrast/3/ILSVRC2012_val_00021731.JPEG,default
imagenet_c/shot_noise/1/ILSVRC2012_val_00037736.JPEG,default
imagenet_c/fog/5/ILSVRC2012_val_00015095.JPEG,default
imagenet_c/gaussian_noise/1/ILSVRC2012_val_00028737.JPEG,default
imagenet_c/jpeg_compression/4/ILSVRC2012_val_00036539.JPEG,default
imagenet_c/shot_noise/4/ILSVRC2012_val_00006422.JPEG,default
imagenet_c/impulse_noise/5/ILSVRC2012_val_00018329.JPEG,default
imagenet_c/impulse_noise/5/ILSVRC2012_val_00030359.JPEG,default
imagenet_c/zoom_blur/5/ILSVRC2012_val_00022011.JPEG,default
imagenet_c/defocus_blur/4/ILSVRC2012_val_00005911.JPEG,default
imagenet_c/fog/5/ILSVRC2012_val_00031026.JPEG,default
imagenet_c/jpeg_compression/5/ILSVRC2012_val_00046907.JPEG,default
imagenet_c/defocus_blur/3/ILSVRC2012_val_00038341.JPEG,default
imagenet_c/pixelate/4/ILSVRC2012_val_00043611.JPEG,default
imagenet_c/snow/3/ILSVRC2012_val_00020828.JPEG,default
imagenet_c/defocus_blur/1/ILSVRC2012_val_00005619.JPEG,default
imagenet_c/motion_blur/5/ILSVRC2012_val_00045523.JPEG,default
imagenet_c/motion_blur/5/ILSVRC2012_val_00002744.JPEG,default
imagenet_c/pixelate/4/ILSVRC2012_val_00033590.JPEG,default
imagenet_c/defocus_blur/4/ILSVRC2012_val_00009646.JPEG,default
imagenet_c/snow/4/ILSVRC2012_val_00013335.JPEG,default
imagenet_c/zoom_blur/4/ILSVRC2012_val_00044026.JPEG,default
imagenet_c/elastic_transform/4/ILSVRC2012_val_00035201.JPEG,default
imagenet_c/glass_blur/2/ILSVRC2012_val_00033939.JPEG,default
imagenet_c/snow/4/ILSVRC2012_val_00012064.JPEG,default
imagenet_c/impulse_noise/1/ILSVRC2012_val_00014958.JPEG,default
imagenet_c/pixelate/5/ILSVRC2012_val_00033327.JPEG,default
imagenet_c/snow/4/ILSVRC2012_val_00003416.JPEG,default
imagenet_c/gaussian_noise/1/ILSVRC2012_val_00000891.JPEG,default
imagenet_c/shot_noise/5/ILSVRC2012_val_00011464.JPEG,default
imagenet_c/defocus_blur/2/ILSVRC2012_val_00029962.JPEG,default
imagenet_c/pixelate/5/ILSVRC2012_val_00019850.JPEG,default
imagenet_c/zoom_blur/5/ILSVRC2012_val_00017241.JPEG,default
imagenet_c/glass_blur/3/ILSVRC2012_val_00020592.JPEG,default
imagenet_c/frost/1/ILSVRC2012_val_00038898.JPEG,default
imagenet_c/brightness/2/ILSVRC2012_val_00047577.JPEG,default
imagenet_c/contrast/5/ILSVRC2012_val_00014093.JPEG,default
imagenet_c/defocus_blur/2/ILSVRC2012_val_00021498.JPEG,default
imagenet_c/jpeg_compression/1/ILSVRC2012_val_00020338.JPEG,default
imagenet_c/frost/4/ILSVRC2012_val_00027479.JPEG,default
imagenet_c/glass_blur/2/ILSVRC2012_val_00040256.JPEG,default
imagenet_c/fog/4/ILSVRC2012_val_00004041.JPEG,default
imagenet_c/defocus_blur/5/ILSVRC2012_val_00044254.JPEG,default
imagenet_c/motion_blur/2/ILSVRC2012_val_00018040.JPEG,default
imagenet_c/impulse_noise/3/ILSVRC2012_val_00000197.JPEG,default
imagenet_c/zoom_blur/5/ILSVRC2012_val_00024917.JPEG,default
imagenet_c/zoom_blur/5/ILSVRC2012_val_00000811.JPEG,default
imagenet_c/snow/3/ILSVRC2012_val_00034311.JPEG,default
imagenet_c/snow/5/ILSVRC2012_val_00023883.JPEG,default
imagenet_c/defocus_blur/5/ILSVRC2012_val_00040959.JPEG,default
imagenet_c/elastic_transform/2/ILSVRC2012_val_00025922.JPEG,default
imagenet_c/impulse_noise/3/ILSVRC2012_val_00029990.JPEG,default
imagenet_c/shot_noise/2/ILSVRC2012_val_00023660.JPEG,default
imagenet_c/jpeg_compression/3/ILSVRC2012_val_00032679.JPEG,default
imagenet_c/snow/2/ILSVRC2012_val_00005431.JPEG,default
imagenet_c/gaussian_noise/5/ILSVRC2012_val_00048222.JPEG,default
imagenet_c/brightness/4/ILSVRC2012_val_00021944.JPEG,default
imagenet_c/zoom_blur/4/ILSVRC2012_val_00010413.JPEG,default
imagenet_c/zoom_blur/4/ILSVRC2012_val_00014920.JPEG,default
imagenet_c/defocus_blur/1/ILSVRC2012_val_00000406.JPEG,default
imagenet_c/shot_noise/4/ILSVRC2012_val_00012153.JPEG,default
imagenet_c/gaussian_noise/2/ILSVRC2012_val_00006569.JPEG,default
imagenet_c/frost/2/ILSVRC2012_val_00012622.JPEG,default
imagenet_c/shot_noise/1/ILSVRC2012_val_00000863.JPEG,default
imagenet_c/frost/2/ILSVRC2012_val_00026819.JPEG,default
imagenet_c/impulse_noise/2/ILSVRC2012_val_00026463.JPEG,default
imagenet_c/zoom_blur/1/ILSVRC2012_val_00015805.JPEG,default
imagenet_c/jpeg_compression/5/ILSVRC2012_val_00007752.JPEG,default
imagenet_c/zoom_blur/1/ILSVRC2012_val_00015246.JPEG,default
imagenet_c/pixelate/2/ILSVRC2012_val_00038733.JPEG,default
imagenet_c/motion_blur/3/ILSVRC2012_val_00005749.JPEG,default
imagenet_c/impulse_noise/4/ILSVRC2012_val_00037102.JPEG,default
imagenet_c/impulse_noise/1/ILSVRC2012_val_00043273.JPEG,default
imagenet_c/zoom_blur/5/ILSVRC2012_val_00029321.JPEG,default
imagenet_c/snow/3/ILSVRC2012_val_00025693.JPEG,default
imagenet_c/brightness/2/ILSVRC2012_val_00027971.JPEG,default
imagenet_c/impulse_noise/3/ILSVRC2012_val_00028304.JPEG,default
imagenet_c/glass_blur/3/ILSVRC2012_val_00037690.JPEG,default
imagenet_c/frost/2/ILSVRC2012_val_00009259.JPEG,default
imagenet_c/elastic_transform/1/ILSVRC2012_val_00038204.JPEG,default
imagenet_c/motion_blur/5/ILSVRC2012_val_00005143.JPEG,default
imagenet_c/pixelate/4/ILSVRC2012_val_00008416.JPEG,default
imagenet_c/jpeg_compression/3/ILSVRC2012_val_00008642.JPEG,default
imagenet_c/impulse_noise/2/ILSVRC2012_val_00000155.JPEG,default
imagenet_c/brightness/4/ILSVRC2012_val_00032107.JPEG,default
imagenet_c/zoom_blur/2/ILSVRC2012_val_00012240.JPEG,default
imagenet_c/zoom_blur/5/ILSVRC2012_val_00024644.JPEG,default
imagenet_c/frost/5/ILSVRC2012_val_00034930.JPEG,default
imagenet_c/contrast/3/ILSVRC2012_val_00010149.JPEG,default
imagenet_c/defocus_blur/3/ILSVRC2012_val_00007774.JPEG,default
imagenet_c/snow/2/ILSVRC2012_val_00037539.JPEG,default
imagenet_c/defocus_blur/2/ILSVRC2012_val_00026586.JPEG,default
imagenet_c/gaussian_noise/3/ILSVRC2012_val_00020636.JPEG,default
imagenet_c/pixelate/2/ILSVRC2012_val_00047937.JPEG,default
imagenet_c/snow/2/ILSVRC2012_val_00044128.JPEG,default
imagenet_c/zoom_blur/4/ILSVRC2012_val_00003525.JPEG,default
imagenet_c/gaussian_noise/1/ILSVRC2012_val_00017362.JPEG,default
imagenet_c/jpeg_compression/1/ILSVRC2012_val_00049877.JPEG,default
imagenet_c/elastic_transform/2/ILSVRC2012_val_00010520.JPEG,default
imagenet_c/frost/2/ILSVRC2012_val_00004951.JPEG,default
imagenet_c/frost/5/ILSVRC2012_val_00007531.JPEG,default
imagenet_c/fog/1/ILSVRC2012_val_00018255.JPEG,default
imagenet_c/fog/4/ILSVRC2012_val_00041945.JPEG,default
imagenet_c/motion_blur/3/ILSVRC2012_val_00003660.JPEG,default
imagenet_c/elastic_transform/1/ILSVRC2012_val_00022147.JPEG,default
imagenet_c/impulse_noise/5/ILSVRC2012_val_00042582.JPEG,default
imagenet_c/contrast/2/ILSVRC2012_val_00033247.JPEG,default
imagenet_c/jpeg_compression/4/ILSVRC2012_val_00004357.JPEG,default
imagenet_c/contrast/4/ILSVRC2012_val_00046653.JPEG,default
imagenet_c/glass_blur/1/ILSVRC2012_val_00026745.JPEG,default
imagenet_c/shot_noise/1/ILSVRC2012_val_00006018.JPEG,default
imagenet_c/shot_noise/4/ILSVRC2012_val_00043959.JPEG,default
imagenet_c/jpeg_compression/2/ILSVRC2012_val_00013305.JPEG,default
imagenet_c/zoom_blur/2/ILSVRC2012_val_00034474.JPEG,default
imagenet_c/defocus_blur/1/ILSVRC2012_val_00042080.JPEG,default
imagenet_c/glass_blur/2/ILSVRC2012_val_00048596.JPEG,default
imagenet_c/snow/2/ILSVRC2012_val_00038040.JPEG,default
imagenet_c/glass_blur/1/ILSVRC2012_val_00023613.JPEG,default
imagenet_c/motion_blur/4/ILSVRC2012_val_00020078.JPEG,default
imagenet_c/jpeg_compression/4/ILSVRC2012_val_00016210.JPEG,default
imagenet_c/gaussian_noise/1/ILSVRC2012_val_00041454.JPEG,default
imagenet_c/brightness/4/ILSVRC2012_val_00027302.JPEG,default
imagenet_c/glass_blur/4/ILSVRC2012_val_00011443.JPEG,default
imagenet_c/contrast/5/ILSVRC2012_val_00030247.JPEG,default
imagenet_c/fog/2/ILSVRC2012_val_00007214.JPEG,default
imagenet_c/pixelate/4/ILSVRC2012_val_00041674.JPEG,default
imagenet_c/contrast/3/ILSVRC2012_val_00027072.JPEG,default
imagenet_c/jpeg_compression/1/ILSVRC2012_val_00012757.JPEG,default
imagenet_c/pixelate/4/ILSVRC2012_val_00021097.JPEG,default
imagenet_c/motion_blur/5/ILSVRC2012_val_00038404.JPEG,default
imagenet_c/gaussian_noise/5/ILSVRC2012_val_00035220.JPEG,default
imagenet_c/shot_noise/1/ILSVRC2012_val_00021508.JPEG,default
imagenet_c/impulse_noise/2/ILSVRC2012_val_00013254.JPEG,default
imagenet_c/glass_blur/2/ILSVRC2012_val_00030324.JPEG,default
imagenet_c/pixelate/5/ILSVRC2012_val_00035698.JPEG,default
imagenet_c/contrast/2/ILSVRC2012_val_00036275.JPEG,default
imagenet_c/glass_blur/2/ILSVRC2012_val_00047407.JPEG,default
imagenet_c/shot_noise/5/ILSVRC2012_val_00030797.JPEG,default
imagenet_c/snow/4/ILSVRC2012_val_00037754.JPEG,default
imagenet_c/impulse_noise/3/ILSVRC2012_val_00025981.JPEG,default
imagenet_c/frost/2/ILSVRC2012_val_00025124.JPEG,default
imagenet_c/jpeg_compression/1/ILSVRC2012_val_00025145.JPEG,default
imagenet_c/gaussian_noise/2/ILSVRC2012_val_00017489.JPEG,default
imagenet_c/shot_noise/4/ILSVRC2012_val_00046928.JPEG,default
imagenet_c/glass_blur/5/ILSVRC2012_val_00004031.JPEG,default
imagenet_c/jpeg_compression/2/ILSVRC2012_val_00010153.JPEG,default
imagenet_c/shot_noise/1/ILSVRC2012_val_00011881.JPEG,default
imagenet_c/glass_blur/2/ILSVRC2012_val_00005335.JPEG,default
imagenet_c/jpeg_compression/1/ILSVRC2012_val_00039289.JPEG,default
imagenet_c/elastic_transform/1/ILSVRC2012_val_00030432.JPEG,default
imagenet_c/contrast/4/ILSVRC2012_val_00023053.JPEG,default
imagenet_c/elastic_transform/3/ILSVRC2012_val_00041809.JPEG,default
imagenet_c/zoom_blur/5/ILSVRC2012_val_00033089.JPEG,default
imagenet_c/brightness/4/ILSVRC2012_val_00000977.JPEG,default
imagenet_c/glass_blur/2/ILSVRC2012_val_00038872.JPEG,default
imagenet_c/brightness/1/ILSVRC2012_val_00028090.JPEG,default
imagenet_c/defocus_blur/4/ILSVRC2012_val_00033638.JPEG,default
imagenet_c/pixelate/3/ILSVRC2012_val_00001463.JPEG,default
imagenet_c/frost/1/ILSVRC2012_val_00009973.JPEG,default
imagenet_c/fog/4/ILSVRC2012_val_00003046.JPEG,default
imagenet_c/jpeg_compression/2/ILSVRC2012_val_00038523.JPEG,default
imagenet_c/impulse_noise/2/ILSVRC2012_val_00004285.JPEG,default
imagenet_c/defocus_blur/2/ILSVRC2012_val_00027571.JPEG,default
imagenet_c/contrast/2/ILSVRC2012_val_00003536.JPEG,default
imagenet_c/impulse_noise/5/ILSVRC2012_val_00001125.JPEG,default
imagenet_c/gaussian_noise/4/ILSVRC2012_val_00003961.JPEG,default
imagenet_c/motion_blur/2/ILSVRC2012_val_00043178.JPEG,default
imagenet_c/contrast/4/ILSVRC2012_val_00041676.JPEG,default
imagenet_c/shot_noise/2/ILSVRC2012_val_00004728.JPEG,default
imagenet_c/glass_blur/3/ILSVRC2012_val_00042608.JPEG,default
imagenet_c/fog/2/ILSVRC2012_val_00039071.JPEG,default
imagenet_c/motion_blur/4/ILSVRC2012_val_00022010.JPEG,default
imagenet_c/jpeg_compression/5/ILSVRC2012_val_00047452.JPEG,default
imagenet_c/brightness/2/ILSVRC2012_val_00035928.JPEG,default
imagenet_c/impulse_noise/2/ILSVRC2012_val_00040527.JPEG,default
imagenet_c/pixelate/2/ILSVRC2012_val_00028621.JPEG,default
imagenet_c/fog/4/ILSVRC2012_val_00014405.JPEG,default
imagenet_c/shot_noise/1/ILSVRC2012_val_00005921.JPEG,default
imagenet_c/defocus_blur/1/ILSVRC2012_val_00040796.JPEG,default
imagenet_c/pixelate/5/ILSVRC2012_val_00041837.JPEG,default
imagenet_c/contrast/3/ILSVRC2012_val_00008005.JPEG,default
imagenet_c/zoom_blur/1/ILSVRC2012_val_00026237.JPEG,default
imagenet_c/zoom_blur/4/ILSVRC2012_val_00046937.JPEG,default
imagenet_c/jpeg_compression/3/ILSVRC2012_val_00012009.JPEG,default
imagenet_c/contrast/4/ILSVRC2012_val_00009579.JPEG,default
imagenet_c/brightness/3/ILSVRC2012_val_00023948.JPEG,default
imagenet_c/contrast/5/ILSVRC2012_val_00007029.JPEG,default
imagenet_c/defocus_blur/2/ILSVRC2012_val_00007614.JPEG,default
imagenet_c/snow/4/ILSVRC2012_val_00039090.JPEG,default
imagenet_c/snow/2/ILSVRC2012_val_00008128.JPEG,default
imagenet_c/glass_blur/4/ILSVRC2012_val_00043445.JPEG,default
imagenet_c/brightness/1/ILSVRC2012_val_00016931.JPEG,default
imagenet_c/motion_blur/1/ILSVRC2012_val_00034752.JPEG,default
imagenet_c/defocus_blur/5/ILSVRC2012_val_00038184.JPEG,default
imagenet_c/brightness/4/ILSVRC2012_val_00035170.JPEG,default
imagenet_c/impulse_noise/4/ILSVRC2012_val_00007898.JPEG,default
imagenet_c/frost/1/ILSVRC2012_val_00008738.JPEG,default
imagenet_c/motion_blur/3/ILSVRC2012_val_00012652.JPEG,default
imagenet_c/glass_blur/3/ILSVRC2012_val_00016159.JPEG,default
imagenet_c/fog/1/ILSVRC2012_val_00013499.JPEG,default
imagenet_c/fog/5/ILSVRC2012_val_00037096.JPEG,default
imagenet_c/brightness/1/ILSVRC2012_val_00033919.JPEG,default
imagenet_c/defocus_blur/2/ILSVRC2012_val_00001936.JPEG,default
imagenet_c/zoom_blur/4/ILSVRC2012_val_00010942.JPEG,default
imagenet_c/contrast/3/ILSVRC2012_val_00023063.JPEG,default
imagenet_c/brightness/5/ILSVRC2012_val_00012699.JPEG,default
imagenet_c/contrast/5/ILSVRC2012_val_00045093.JPEG,default
imagenet_c/frost/2/ILSVRC2012_val_00021528.JPEG,default
imagenet_c/brightness/2/ILSVRC2012_val_00014840.JPEG,default
imagenet_c/impulse_noise/5/ILSVRC2012_val_00001406.JPEG,default
imagenet_c/snow/5/ILSVRC2012_val_00006756.JPEG,default
imagenet_c/snow/2/ILSVRC2012_val_00013588.JPEG,default
imagenet_c/elastic_transform/5/ILSVRC2012_val_00010681.JPEG,default
imagenet_c/snow/2/ILSVRC2012_val_00027083.JPEG,default
imagenet_c/pixelate/3/ILSVRC2012_val_00030967.JPEG,default
imagenet_c/snow/3/ILSVRC2012_val_00000711.JPEG,default
imagenet_c/brightness/4/ILSVRC2012_val_00027090.JPEG,default
imagenet_c/shot_noise/4/ILSVRC2012_val_00047567.JPEG,default
imagenet_c/fog/1/ILSVRC2012_val_00001658.JPEG,default
imagenet_c/jpeg_compression/1/ILSVRC2012_val_00036146.JPEG,default
imagenet_c/snow/2/ILSVRC2012_val_00040080.JPEG,default
imagenet_c/defocus_blur/5/ILSVRC2012_val_00022375.JPEG,default
imagenet_c/shot_noise/5/ILSVRC2012_val_00017184.JPEG,default
imagenet_c/snow/2/ILSVRC2012_val_00023879.JPEG,default
imagenet_c/frost/1/ILSVRC2012_val_00042141.JPEG,default
imagenet_c/shot_noise/3/ILSVRC2012_val_00002179.JPEG,default
imagenet_c/contrast/3/ILSVRC2012_val_00041001.JPEG,default
imagenet_c/impulse_noise/5/ILSVRC2012_val_00032414.JPEG,default
imagenet_c/pixelate/4/ILSVRC2012_val_00017076.JPEG,default
imagenet_c/shot_noise/5/ILSVRC2012_val_00008180.JPEG,default
imagenet_c/frost/5/ILSVRC2012_val_00013581.JPEG,default
imagenet_c/pixelate/3/ILSVRC2012_val_00036214.JPEG,default
imagenet_c/frost/3/ILSVRC2012_val_00008218.JPEG,default
imagenet_c/frost/1/ILSVRC2012_val_00016680.JPEG,default
imagenet_c/elastic_transform/4/ILSVRC2012_val_00008782.JPEG,default
imagenet_c/elastic_transform/2/ILSVRC2012_val_00045126.JPEG,default
imagenet_c/fog/1/ILSVRC2012_val_00031767.JPEG,default
imagenet_c/shot_noise/1/ILSVRC2012_val_00009399.JPEG,default
imagenet_c/zoom_blur/3/ILSVRC2012_val_00012451.JPEG,default
imagenet_c/zoom_blur/3/ILSVRC2012_val_00020088.JPEG,default
imagenet_c/gaussian_noise/5/ILSVRC2012_val_00009015.JPEG,default
imagenet_c/elastic_transform/3/ILSVRC2012_val_00020416.JPEG,default
imagenet_c/zoom_blur/4/ILSVRC2012_val_00035909.JPEG,default
imagenet_c/snow/5/ILSVRC2012_val_00008567.JPEG,default
imagenet_c/pixelate/1/ILSVRC2012_val_00004614.JPEG,default
imagenet_c/zoom_blur/1/ILSVRC2012_val_00021860.JPEG,default
imagenet_c/elastic_transform/1/ILSVRC2012_val_00003412.JPEG,default
imagenet_c/brightness/2/ILSVRC2012_val_00039341.JPEG,default
imagenet_c/elastic_transform/3/ILSVRC2012_val_00010237.JPEG,default
imagenet_c/glass_blur/2/ILSVRC2012_val_00043785.JPEG,default
imagenet_c/gaussian_noise/4/ILSVRC2012_val_00022193.JPEG,default
imagenet_c/motion_blur/2/ILSVRC2012_val_00031641.JPEG,default
imagenet_c/defocus_blur/4/ILSVRC2012_val_00032327.JPEG,default
imagenet_c/pixelate/2/ILSVRC2012_val_00034098.JPEG,default
imagenet_c/fog/5/ILSVRC2012_val_00007563.JPEG,default
imagenet_c/defocus_blur/3/ILSVRC2012_val_00022511.JPEG,default
imagenet_c/zoom_blur/2/ILSVRC2012_val_00012628.JPEG,default
imagenet_c/glass_blur/3/ILSVRC2012_val_00036438.JPEG,default
imagenet_c/pixelate/5/ILSVRC2012_val_00024955.JPEG,default
imagenet_c/pixelate/5/ILSVRC2012_val_00004497.JPEG,default
imagenet_c/elastic_transform/4/ILSVRC2012_val_00034787.JPEG,default
imagenet_c/motion_blur/4/ILSVRC2012_val_00035902.JPEG,default
imagenet_c/gaussian_noise/4/ILSVRC2012_val_00048159.JPEG,default
imagenet_c/jpeg_compression/5/ILSVRC2012_val_00049592.JPEG,default
imagenet_c/gaussian_noise/5/ILSVRC2012_val_00023478.JPEG,default
imagenet_c/impulse_noise/3/ILSVRC2012_val_00032941.JPEG,default
imagenet_c/elastic_transform/3/ILSVRC2012_val_00002336.JPEG,default
imagenet_c/jpeg_compression/2/ILSVRC2012_val_00031970.JPEG,default
imagenet_c/elastic_transform/4/ILSVRC2012_val_00033260.JPEG,default
imagenet_c/shot_noise/4/ILSVRC2012_val_00003228.JPEG,default
imagenet_c/pixelate/3/ILSVRC2012_val_00009177.JPEG,default
imagenet_c/elastic_transform/5/ILSVRC2012_val_00040649.JPEG,default
imagenet_c/contrast/5/ILSVRC2012_val_00034703.JPEG,default
imagenet_c/elastic_transform/5/ILSVRC2012_val_00028419.JPEG,default
imagenet_c/glass_blur/3/ILSVRC2012_val_00003893.JPEG,default
imagenet_c/jpeg_compression/3/ILSVRC2012_val_00011558.JPEG,default
imagenet_c/snow/3/ILSVRC2012_val_00040282.JPEG,default
imagenet_c/fog/2/ILSVRC2012_val_00036732.JPEG,default
imagenet_c/elastic_transform/2/ILSVRC2012_val_00012753.JPEG,default
imagenet_c/impulse_noise/3/ILSVRC2012_val_00011265.JPEG,default
imagenet_c/jpeg_compression/5/ILSVRC2012_val_00004347.JPEG,default
imagenet_c/zoom_blur/5/ILSVRC2012_val_00003593.JPEG,default
imagenet_c/jpeg_compression/3/ILSVRC2012_val_00028928.JPEG,default
imagenet_c/elastic_transform/4/ILSVRC2012_val_00025102.JPEG,default
imagenet_c/zoom_blur/3/ILSVRC2012_val_00002961.JPEG,default
imagenet_c/shot_noise/3/ILSVRC2012_val_00044474.JPEG,default
imagenet_c/jpeg_compression/1/ILSVRC2012_val_00010439.JPEG,default
imagenet_c/shot_noise/5/ILSVRC2012_val_00043223.JPEG,default
imagenet_c/impulse_noise/3/ILSVRC2012_val_00008745.JPEG,default
imagenet_c/glass_blur/4/ILSVRC2012_val_00043120.JPEG,default
imagenet_c/pixelate/4/ILSVRC2012_val_00042652.JPEG,default
imagenet_c/fog/2/ILSVRC2012_val_00024954.JPEG,default
imagenet_c/impulse_noise/5/ILSVRC2012_val_00033868.JPEG,default
imagenet_c/zoom_blur/4/ILSVRC2012_val_00005341.JPEG,default
imagenet_c/contrast/1/ILSVRC2012_val_00037443.JPEG,default
imagenet_c/jpeg_compression/2/ILSVRC2012_val_00036499.JPEG,default
imagenet_c/gaussian_noise/4/ILSVRC2012_val_00038788.JPEG,default
imagenet_c/defocus_blur/5/ILSVRC2012_val_00000378.JPEG,default
imagenet_c/snow/4/ILSVRC2012_val_00021338.JPEG,default
imagenet_c/zoom_blur/3/ILSVRC2012_val_00006096.JPEG,default
imagenet_c/snow/2/ILSVRC2012_val_00028587.JPEG,default
imagenet_c/elastic_transform/3/ILSVRC2012_val_00036308.JPEG,default
imagenet_c/brightness/5/ILSVRC2012_val_00035071.JPEG,default
imagenet_c/motion_blur/1/ILSVRC2012_val_00000630.JPEG,default
imagenet_c/gaussian_noise/3/ILSVRC2012_val_00032701.JPEG,default
imagenet_c/glass_blur/3/ILSVRC2012_val_00038870.JPEG,default
imagenet_c/pixelate/3/ILSVRC2012_val_00026335.JPEG,default
imagenet_c/impulse_noise/2/ILSVRC2012_val_00044759.JPEG,default
imagenet_c/glass_blur/4/ILSVRC2012_val_00030686.JPEG,default
imagenet_c/impulse_noise/4/ILSVRC2012_val_00034148.JPEG,default
imagenet_c/shot_noise/5/ILSVRC2012_val_00033685.JPEG,default
imagenet_c/impulse_noise/1/ILSVRC2012_val_00043992.JPEG,default
imagenet_c/fog/2/ILSVRC2012_val_00005714.JPEG,default
imagenet_c/jpeg_compression/1/ILSVRC2012_val_00026528.JPEG,default
imagenet_c/snow/5/ILSVRC2012_val_00035441.JPEG,default
imagenet_c/defocus_blur/5/ILSVRC2012_val_00028806.JPEG,default
imagenet_c/elastic_transform/2/ILSVRC2012_val_00048849.JPEG,default
imagenet_c/snow/4/ILSVRC2012_val_00039464.JPEG,default
imagenet_c/zoom_blur/1/ILSVRC2012_val_00010848.JPEG,default
imagenet_c/contrast/3/ILSVRC2012_val_00017300.JPEG,default
imagenet_c/pixelate/3/ILSVRC2012_val_00033407.JPEG,default
imagenet_c/motion_blur/2/ILSVRC2012_val_00012807.JPEG,default
imagenet_c/glass_blur/1/ILSVRC2012_val_00029484.JPEG,default
imagenet_c/contrast/1/ILSVRC2012_val_00000543.JPEG,default
imagenet_c/brightness/1/ILSVRC2012_val_00021866.JPEG,default
imagenet_c/impulse_noise/3/ILSVRC2012_val_00041727.JPEG,default
imagenet_c/pixelate/3/ILSVRC2012_val_00033661.JPEG,default
imagenet_c/zoom_blur/3/ILSVRC2012_val_00044260.JPEG,default
imagenet_c/fog/2/ILSVRC2012_val_00008075.JPEG,default
imagenet_c/zoom_blur/1/ILSVRC2012_val_00014713.JPEG,default
imagenet_c/defocus_blur/1/ILSVRC2012_val_00029371.JPEG,default
imagenet_c/motion_blur/5/ILSVRC2012_val_00019792.JPEG,default
imagenet_c/contrast/3/ILSVRC2012_val_00042283.JPEG,default
imagenet_c/zoom_blur/2/ILSVRC2012_val_00032143.JPEG,default
imagenet_c/defocus_blur/4/ILSVRC2012_val_00024661.JPEG,default
imagenet_c/glass_blur/5/ILSVRC2012_val_00044053.JPEG,default
imagenet_c/elastic_transform/2/ILSVRC2012_val_00042168.JPEG,default
imagenet_c/motion_blur/5/ILSVRC2012_val_00035536.JPEG,default
imagenet_c/pixelate/5/ILSVRC2012_val_00039396.JPEG,default
imagenet_c/defocus_blur/5/ILSVRC2012_val_00001653.JPEG,default
imagenet_c/jpeg_compression/4/ILSVRC2012_val_00005438.JPEG,default
imagenet_c/shot_noise/3/ILSVRC2012_val_00047660.JPEG,default
imagenet_c/motion_blur/1/ILSVRC2012_val_00049879.JPEG,default
imagenet_c/brightness/2/ILSVRC2012_val_00009097.JPEG,default
imagenet_c/fog/5/ILSVRC2012_val_00022876.JPEG,default
imagenet_c/fog/3/ILSVRC2012_val_00033124.JPEG,default
imagenet_c/pixelate/1/ILSVRC2012_val_00046279.JPEG,default
imagenet_c/jpeg_compression/1/ILSVRC2012_val_00000757.JPEG,default
imagenet_c/defocus_blur/5/ILSVRC2012_val_00046375.JPEG,default
imagenet_c/motion_blur/2/ILSVRC2012_val_00010606.JPEG,default
imagenet_c/pixelate/1/ILSVRC2012_val_00040684.JPEG,default
imagenet_c/contrast/5/ILSVRC2012_val_00019064.JPEG,default
imagenet_c/shot_noise/3/ILSVRC2012_val_00007956.JPEG,default
imagenet_c/defocus_blur/2/ILSVRC2012_val_00013995.JPEG,default
imagenet_c/elastic_transform/5/ILSVRC2012_val_00031146.JPEG,default
imagenet_c/fog/2/ILSVRC2012_val_00045723.JPEG,default
imagenet_c/zoom_blur/2/ILSVRC2012_val_00043866.JPEG,default
imagenet_c/contrast/2/ILSVRC2012_val_00004790.JPEG,default
imagenet_c/contrast/5/ILSVRC2012_val_00002594.JPEG,default
imagenet_c/gaussian_noise/4/ILSVRC2012_val_00016592.JPEG,default
imagenet_c/elastic_transform/5/ILSVRC2012_val_00006565.JPEG,default
imagenet_c/motion_blur/4/ILSVRC2012_val_00025753.JPEG,default
imagenet_c/pixelate/3/ILSVRC2012_val_00020718.JPEG,default
imagenet_c/elastic_transform/1/ILSVRC2012_val_00035094.JPEG,default
imagenet_c/impulse_noise/2/ILSVRC2012_val_00048279.JPEG,default
imagenet_c/shot_noise/1/ILSVRC2012_val_00030109.JPEG,default
imagenet_c/shot_noise/1/ILSVRC2012_val_00033630.JPEG,default
imagenet_c/defocus_blur/4/ILSVRC2012_val_00017146.JPEG,default
imagenet_c/brightness/2/ILSVRC2012_val_00024439.JPEG,default
imagenet_c/jpeg_compression/5/ILSVRC2012_val_00049446.JPEG,default
imagenet_c/impulse_noise/1/ILSVRC2012_val_00035226.JPEG,default
imagenet_c/impulse_noise/5/ILSVRC2012_val_00001064.JPEG,default
imagenet_c/impulse_noise/2/ILSVRC2012_val_00010343.JPEG,default
imagenet_c/gaussian_noise/4/ILSVRC2012_val_00029480.JPEG,default
imagenet_c/pixelate/1/ILSVRC2012_val_00045386.JPEG,default
imagenet_c/brightness/4/ILSVRC2012_val_00029463.JPEG,default
imagenet_c/motion_blur/1/ILSVRC2012_val_00023051.JPEG,default
imagenet_c/elastic_transform/4/ILSVRC2012_val_00012469.JPEG,default
imagenet_c/zoom_blur/4/ILSVRC2012_val_00028396.JPEG,default
imagenet_c/glass_blur/3/ILSVRC2012_val_00041584.JPEG,default
imagenet_c/frost/2/ILSVRC2012_val_00005689.JPEG,default
imagenet_c/fog/3/ILSVRC2012_val_00049872.JPEG,default
imagenet_c/impulse_noise/2/ILSVRC2012_val_00007997.JPEG,default
imagenet_c/frost/1/ILSVRC2012_val_00021693.JPEG,default
imagenet_c/pixelate/3/ILSVRC2012_val_00048321.JPEG,default
imagenet_c/pixelate/1/ILSVRC2012_val_00043897.JPEG,default
imagenet_c/motion_blur/5/ILSVRC2012_val_00041900.JPEG,default
imagenet_c/pixelate/3/ILSVRC2012_val_00026174.JPEG,default
imagenet_c/defocus_blur/2/ILSVRC2012_val_00028858.JPEG,default
imagenet_c/motion_blur/1/ILSVRC2012_val_00022056.JPEG,default
imagenet_c/impulse_noise/5/ILSVRC2012_val_00040151.JPEG,default
imagenet_c/fog/1/ILSVRC2012_val_00009249.JPEG,default
imagenet_c/gaussian_noise/5/ILSVRC2012_val_00031831.JPEG,default
imagenet_c/contrast/1/ILSVRC2012_val_00028868.JPEG,default
imagenet_c/brightness/5/ILSVRC2012_val_00016466.JPEG,default
imagenet_c/fog/4/ILSVRC2012_val_00046091.JPEG,default
imagenet_c/elastic_transform/3/ILSVRC2012_val_00023089.JPEG,default
imagenet_c/elastic_transform/4/ILSVRC2012_val_00011790.JPEG,default
imagenet_c/impulse_noise/4/ILSVRC2012_val_00017402.JPEG,default
imagenet_c/snow/5/ILSVRC2012_val_00042762.JPEG,default
imagenet_c/gaussian_noise/1/ILSVRC2012_val_00000801.JPEG,default
imagenet_c/glass_blur/4/ILSVRC2012_val_00030298.JPEG,default
imagenet_c/elastic_transform/2/ILSVRC2012_val_00046513.JPEG,default
imagenet_c/fog/1/ILSVRC2012_val_00012666.JPEG,default
imagenet_c/gaussian_noise/5/ILSVRC2012_val_00030499.JPEG,default
imagenet_c/motion_blur/4/ILSVRC2012_val_00044456.JPEG,default
imagenet_c/shot_noise/5/ILSVRC2012_val_00023040.JPEG,default
imagenet_c/fog/2/ILSVRC2012_val_00000002.JPEG,default
imagenet_c/gaussian_noise/3/ILSVRC2012_val_00023668.JPEG,default
imagenet_c/gaussian_noise/3/ILSVRC2012_val_00048674.JPEG,default
imagenet_c/jpeg_compression/5/ILSVRC2012_val_00043503.JPEG,default
imagenet_c/fog/5/ILSVRC2012_val_00004333.JPEG,default
imagenet_c/defocus_blur/4/ILSVRC2012_val_00042956.JPEG,default
imagenet_c/glass_blur/5/ILSVRC2012_val_00039670.JPEG,default
imagenet_c/zoom_blur/3/ILSVRC2012_val_00028040.JPEG,default
imagenet_c/gaussian_noise/1/ILSVRC2012_val_00031230.JPEG,default
imagenet_c/motion_blur/3/ILSVRC2012_val_00010036.JPEG,default
imagenet_c/gaussian_noise/3/ILSVRC2012_val_00036400.JPEG,default
imagenet_c/fog/3/ILSVRC2012_val_00008358.JPEG,default
imagenet_c/defocus_blur/3/ILSVRC2012_val_00037848.JPEG,default
imagenet_c/brightness/2/ILSVRC2012_val_00039197.JPEG,default
imagenet_c/snow/1/ILSVRC2012_val_00006702.JPEG,default
imagenet_c/snow/3/ILSVRC2012_val_00031525.JPEG,default
imagenet_c/pixelate/1/ILSVRC2012_val_00005325.JPEG,default
imagenet_c/shot_noise/5/ILSVRC2012_val_00007794.JPEG,default
imagenet_c/shot_noise/2/ILSVRC2012_val_00030220.JPEG,default
imagenet_c/motion_blur/3/ILSVRC2012_val_00001444.JPEG,default
imagenet_c/contrast/5/ILSVRC2012_val_00038379.JPEG,default
imagenet_c/shot_noise/2/ILSVRC2012_val_00002337.JPEG,default
imagenet_c/jpeg_compression/1/ILSVRC2012_val_00047655.JPEG,default
imagenet_c/impulse_noise/3/ILSVRC2012_val_00002585.JPEG,default
imagenet_c/snow/4/ILSVRC2012_val_00009311.JPEG,default
imagenet_c/fog/2/ILSVRC2012_val_00012593.JPEG,default
imagenet_c/pixelate/2/ILSVRC2012_val_00004087.JPEG,default
imagenet_c/jpeg_compression/2/ILSVRC2012_val_00008164.JPEG,default
imagenet_c/fog/4/ILSVRC2012_val_00047681.JPEG,default
imagenet_c/glass_blur/4/ILSVRC2012_val_00017667.JPEG,default
imagenet_c/defocus_blur/3/ILSVRC2012_val_00028960.JPEG,default
imagenet_c/jpeg_compression/4/ILSVRC2012_val_00019956.JPEG,default
imagenet_c/glass_blur/3/ILSVRC2012_val_00034862.JPEG,default
imagenet_c/defocus_blur/2/ILSVRC2012_val_00013075.JPEG,default
imagenet_c/brightness/4/ILSVRC2012_val_00044829.JPEG,default
imagenet_c/motion_blur/3/ILSVRC2012_val_00015003.JPEG,default
imagenet_c/motion_blur/2/ILSVRC2012_val_00004973.JPEG,default
imagenet_c/jpeg_compression/1/ILSVRC2012_val_00021163.JPEG,default
imagenet_c/zoom_blur/1/ILSVRC2012_val_00006918.JPEG,default
imagenet_c/gaussian_noise/4/ILSVRC2012_val_00002186.JPEG,default
imagenet_c/pixelate/3/ILSVRC2012_val_00005608.JPEG,default
imagenet_c/zoom_blur/3/ILSVRC2012_val_00011567.JPEG,default
imagenet_c/glass_blur/2/ILSVRC2012_val_00035544.JPEG,default
imagenet_c/glass_blur/5/ILSVRC2012_val_00026643.JPEG,default
imagenet_c/shot_noise/3/ILSVRC2012_val_00032613.JPEG,default
imagenet_c/zoom_blur/1/ILSVRC2012_val_00024710.JPEG,default
imagenet_c/brightness/4/ILSVRC2012_val_00018658.JPEG,default
imagenet_c/contrast/2/ILSVRC2012_val_00016111.JPEG,default
imagenet_c/elastic_transform/4/ILSVRC2012_val_00030048.JPEG,default
imagenet_c/elastic_transform/5/ILSVRC2012_val_00018065.JPEG,default
imagenet_c/fog/3/ILSVRC2012_val_00015764.JPEG,default
imagenet_c/contrast/5/ILSVRC2012_val_00028191.JPEG,default
imagenet_c/contrast/3/ILSVRC2012_val_00038916.JPEG,default
imagenet_c/motion_blur/3/ILSVRC2012_val_00035688.JPEG,default
imagenet_c/zoom_blur/5/ILSVRC2012_val_00022287.JPEG,default
imagenet_c/frost/3/ILSVRC2012_val_00004188.JPEG,default
imagenet_c/glass_blur/4/ILSVRC2012_val_00041181.JPEG,default
imagenet_c/frost/1/ILSVRC2012_val_00042161.JPEG,default
imagenet_c/defocus_blur/1/ILSVRC2012_val_00002476.JPEG,default
imagenet_c/defocus_blur/3/ILSVRC2012_val_00037827.JPEG,default
imagenet_c/shot_noise/1/ILSVRC2012_val_00003866.JPEG,default
imagenet_c/elastic_transform/2/ILSVRC2012_val_00023628.JPEG,default
imagenet_c/fog/2/ILSVRC2012_val_00046112.JPEG,default
imagenet_c/frost/4/ILSVRC2012_val_00042143.JPEG,default
imagenet_c/pixelate/2/ILSVRC2012_val_00029755.JPEG,default
imagenet_c/snow/1/ILSVRC2012_val_00012804.JPEG,default
imagenet_c/elastic_transform/3/ILSVRC2012_val_00021511.JPEG,default
imagenet_c/shot_noise/3/ILSVRC2012_val_00000145.JPEG,default
imagenet_c/zoom_blur/3/ILSVRC2012_val_00040526.JPEG,default
imagenet_c/pixelate/2/ILSVRC2012_val_00007545.JPEG,default
imagenet_c/jpeg_compression/1/ILSVRC2012_val_00015575.JPEG,default
imagenet_c/elastic_transform/1/ILSVRC2012_val_00001767.JPEG,default
imagenet_c/motion_blur/4/ILSVRC2012_val_00028807.JPEG,default
imagenet_c/shot_noise/3/ILSVRC2012_val_00006564.JPEG,default
imagenet_c/fog/5/ILSVRC2012_val_00044171.JPEG,default
imagenet_c/glass_blur/5/ILSVRC2012_val_00047284.JPEG,default
imagenet_c/brightness/5/ILSVRC2012_val_00026980.JPEG,default
imagenet_c/contrast/3/ILSVRC2012_val_00002544.JPEG,default
imagenet_c/gaussian_noise/5/ILSVRC2012_val_00049343.JPEG,default
imagenet_c/snow/1/ILSVRC2012_val_00032058.JPEG,default
imagenet_c/zoom_blur/2/ILSVRC2012_val_00000214.JPEG,default
imagenet_c/motion_blur/3/ILSVRC2012_val_00015233.JPEG,default
imagenet_c/zoom_blur/3/ILSVRC2012_val_00001327.JPEG,default
imagenet_c/snow/4/ILSVRC2012_val_00001304.JPEG,default
imagenet_c/zoom_blur/4/ILSVRC2012_val_00029704.JPEG,default
imagenet_c/brightness/5/ILSVRC2012_val_00009073.JPEG,default
imagenet_c/contrast/2/ILSVRC2012_val_00008147.JPEG,default
imagenet_c/contrast/1/ILSVRC2012_val_00007658.JPEG,default
imagenet_c/motion_blur/1/ILSVRC2012_val_00018865.JPEG,default
imagenet_c/elastic_transform/3/ILSVRC2012_val_00048786.JPEG,default
imagenet_c/pixelate/4/ILSVRC2012_val_00032345.JPEG,default
imagenet_c/gaussian_noise/1/ILSVRC2012_val_00032589.JPEG,default
imagenet_c/gaussian_noise/4/ILSVRC2012_val_00031161.JPEG,default
imagenet_c/gaussian_noise/2/ILSVRC2012_val_00044856.JPEG,default
imagenet_c/contrast/3/ILSVRC2012_val_00012937.JPEG,default
imagenet_c/snow/3/ILSVRC2012_val_00010664.JPEG,default
imagenet_c/gaussian_noise/3/ILSVRC2012_val_00033913.JPEG,default
imagenet_c/elastic_transform/1/ILSVRC2012_val_00003626.JPEG,default
imagenet_c/elastic_transform/1/ILSVRC2012_val_00034472.JPEG,default
imagenet_c/pixelate/2/ILSVRC2012_val_00029608.JPEG,default
imagenet_c/pixelate/5/ILSVRC2012_val_00039263.JPEG,default
imagenet_c/brightness/1/ILSVRC2012_val_00022425.JPEG,default
imagenet_c/brightness/2/ILSVRC2012_val_00016868.JPEG,default
imagenet_c/pixelate/3/ILSVRC2012_val_00045671.JPEG,default
imagenet_c/impulse_noise/4/ILSVRC2012_val_00039999.JPEG,default
imagenet_c/glass_blur/5/ILSVRC2012_val_00032361.JPEG,default
imagenet_c/motion_blur/1/ILSVRC2012_val_00027621.JPEG,default
imagenet_c/impulse_noise/4/ILSVRC2012_val_00002254.JPEG,default
imagenet_c/zoom_blur/5/ILSVRC2012_val_00018226.JPEG,default
imagenet_c/motion_blur/1/ILSVRC2012_val_00000034.JPEG,default
imagenet_c/motion_blur/2/ILSVRC2012_val_00037286.JPEG,default
imagenet_c/impulse_noise/1/ILSVRC2012_val_00008099.JPEG,default
imagenet_c/defocus_blur/4/ILSVRC2012_val_00003489.JPEG,default
imagenet_c/elastic_transform/3/ILSVRC2012_val_00005037.JPEG,default
imagenet_c/elastic_transform/3/ILSVRC2012_val_00036213.JPEG,default
imagenet_c/shot_noise/2/ILSVRC2012_val_00037495.JPEG,default
imagenet_c/pixelate/2/ILSVRC2012_val_00034317.JPEG,default
imagenet_c/pixelate/5/ILSVRC2012_val_00028904.JPEG,default
imagenet_c/zoom_blur/2/ILSVRC2012_val_00000509.JPEG,default
imagenet_c/jpeg_compression/5/ILSVRC2012_val_00029882.JPEG,default
imagenet_c/frost/5/ILSVRC2012_val_00003405.JPEG,default
imagenet_c/elastic_transform/5/ILSVRC2012_val_00030582.JPEG,default
imagenet_c/jpeg_compression/5/ILSVRC2012_val_00007333.JPEG,default
imagenet_c/brightness/5/ILSVRC2012_val_00002235.JPEG,default
imagenet_c/brightness/1/ILSVRC2012_val_00036954.JPEG,default
imagenet_c/elastic_transform/5/ILSVRC2012_val_00010485.JPEG,default
imagenet_c/fog/2/ILSVRC2012_val_00046796.JPEG,default
imagenet_c/motion_blur/3/ILSVRC2012_val_00003811.JPEG,default
imagenet_c/elastic_transform/1/ILSVRC2012_val_00037561.JPEG,default
imagenet_c/fog/4/ILSVRC2012_val_00028903.JPEG,default
imagenet_c/jpeg_compression/5/ILSVRC2012_val_00041218.JPEG,default
imagenet_c/motion_blur/3/ILSVRC2012_val_00019114.JPEG,default
imagenet_c/impulse_noise/5/ILSVRC2012_val_00000255.JPEG,default
imagenet_c/brightness/1/ILSVRC2012_val_00017491.JPEG,default
imagenet_c/motion_blur/3/ILSVRC2012_val_00036689.JPEG,default
imagenet_c/snow/1/ILSVRC2012_val_00017929.JPEG,default
imagenet_c/motion_blur/4/ILSVRC2012_val_00011208.JPEG,default
imagenet_c/frost/2/ILSVRC2012_val_00014299.JPEG,default
imagenet_c/shot_noise/5/ILSVRC2012_val_00044060.JPEG,default
imagenet_c/pixelate/5/ILSVRC2012_val_00010246.JPEG,default
imagenet_c/elastic_transform/2/ILSVRC2012_val_00028652.JPEG,default
imagenet_c/contrast/2/ILSVRC2012_val_00021912.JPEG,default
imagenet_c/pixelate/3/ILSVRC2012_val_00037274.JPEG,default
imagenet_c/snow/2/ILSVRC2012_val_00039284.JPEG,default
imagenet_c/jpeg_compression/3/ILSVRC2012_val_00044013.JPEG,default
imagenet_c/motion_blur/4/ILSVRC2012_val_00015891.JPEG,default
imagenet_c/motion_blur/1/ILSVRC2012_val_00007447.JPEG,default
imagenet_c/fog/2/ILSVRC2012_val_00013146.JPEG,default
imagenet_c/elastic_transform/1/ILSVRC2012_val_00037872.JPEG,default
imagenet_c/fog/2/ILSVRC2012_val_00012632.JPEG,default
imagenet_c/brightness/1/ILSVRC2012_val_00036790.JPEG,default
imagenet_c/impulse_noise/2/ILSVRC2012_val_00019320.JPEG,default
imagenet_c/frost/1/ILSVRC2012_val_00045833.JPEG,default
imagenet_c/contrast/3/ILSVRC2012_val_00022139.JPEG,default
imagenet_c/gaussian_noise/5/ILSVRC2012_val_00008445.JPEG,default
imagenet_c/impulse_noise/4/ILSVRC2012_val_00035413.JPEG,default
imagenet_c/snow/3/ILSVRC2012_val_00035691.JPEG,default
imagenet_c/jpeg_compression/5/ILSVRC2012_val_00021262.JPEG,default
imagenet_c/motion_blur/2/ILSVRC2012_val_00040540.JPEG,default
imagenet_c/brightness/1/ILSVRC2012_val_00001130.JPEG,default
imagenet_c/frost/2/ILSVRC2012_val_00019074.JPEG,default
imagenet_c/contrast/3/ILSVRC2012_val_00046774.JPEG,default
imagenet_c/defocus_blur/1/ILSVRC2012_val_00018363.JPEG,default
imagenet_c/pixelate/3/ILSVRC2012_val_00000551.JPEG,default
imagenet_c/glass_blur/4/ILSVRC2012_val_00009076.JPEG,default
imagenet_c/motion_blur/4/ILSVRC2012_val_00001459.JPEG,default
imagenet_c/gaussian_noise/1/ILSVRC2012_val_00023594.JPEG,default
imagenet_c/glass_blur/1/ILSVRC2012_val_00010324.JPEG,default
imagenet_c/frost/2/ILSVRC2012_val_00008867.JPEG,default
imagenet_c/elastic_transform/5/ILSVRC2012_val_00013029.JPEG,default
imagenet_c/defocus_blur/5/ILSVRC2012_val_00000632.JPEG,default
imagenet_c/elastic_transform/5/ILSVRC2012_val_00019250.JPEG,default
imagenet_c/frost/2/ILSVRC2012_val_00041716.JPEG,default
imagenet_c/pixelate/4/ILSVRC2012_val_00007468.JPEG,default
imagenet_c/zoom_blur/2/ILSVRC2012_val_00024171.JPEG,default
imagenet_c/brightness/5/ILSVRC2012_val_00041952.JPEG,default
imagenet_c/zoom_blur/3/ILSVRC2012_val_00021581.JPEG,default
imagenet_c/zoom_blur/2/ILSVRC2012_val_00036644.JPEG,default
imagenet_c/impulse_noise/1/ILSVRC2012_val_00044926.JPEG,default
imagenet_c/snow/3/ILSVRC2012_val_00028557.JPEG,default
imagenet_c/frost/1/ILSVRC2012_val_00012761.JPEG,default
imagenet_c/impulse_noise/4/ILSVRC2012_val_00023867.JPEG,default
imagenet_c/brightness/2/ILSVRC2012_val_00015942.JPEG,default
imagenet_c/defocus_blur/3/ILSVRC2012_val_00014226.JPEG,default
imagenet_c/frost/2/ILSVRC2012_val_00031536.JPEG,default
imagenet_c/glass_blur/5/ILSVRC2012_val_00024113.JPEG,default
imagenet_c/gaussian_noise/2/ILSVRC2012_val_00024328.JPEG,default
imagenet_c/gaussian_noise/1/ILSVRC2012_val_00045089.JPEG,default
imagenet_c/defocus_blur/3/ILSVRC2012_val_00006512.JPEG,default
imagenet_c/brightness/2/ILSVRC2012_val_00043304.JPEG,default
imagenet_c/motion_blur/4/ILSVRC2012_val_00021910.JPEG,default
imagenet_c/jpeg_compression/2/ILSVRC2012_val_00040304.JPEG,default
imagenet_c/shot_noise/5/ILSVRC2012_val_00000251.JPEG,default
imagenet_c/brightness/3/ILSVRC2012_val_00011901.JPEG,default
imagenet_c/motion_blur/4/ILSVRC2012_val_00048419.JPEG,default
imagenet_c/zoom_blur/4/ILSVRC2012_val_00019783.JPEG,default
imagenet_c/motion_blur/5/ILSVRC2012_val_00037108.JPEG,default
imagenet_c/gaussian_noise/5/ILSVRC2012_val_00043123.JPEG,default
imagenet_c/frost/3/ILSVRC2012_val_00030168.JPEG,default
imagenet_c/pixelate/5/ILSVRC2012_val_00020465.JPEG,default
imagenet_c/gaussian_noise/1/ILSVRC2012_val_00046904.JPEG,default
imagenet_c/gaussian_noise/5/ILSVRC2012_val_00008329.JPEG,default
imagenet_c/contrast/5/ILSVRC2012_val_00048728.JPEG,default
imagenet_c/brightness/5/ILSVRC2012_val_00045216.JPEG,default
imagenet_c/impulse_noise/4/ILSVRC2012_val_00047028.JPEG,default
imagenet_c/fog/3/ILSVRC2012_val_00044066.JPEG,default
imagenet_c/jpeg_compression/3/ILSVRC2012_val_00003021.JPEG,default
imagenet_c/impulse_noise/2/ILSVRC2012_val_00049688.JPEG,default
imagenet_c/brightness/2/ILSVRC2012_val_00019413.JPEG,default
imagenet_c/elastic_transform/4/ILSVRC2012_val_00024236.JPEG,default
imagenet_c/contrast/1/ILSVRC2012_val_00006796.JPEG,default
imagenet_c/pixelate/1/ILSVRC2012_val_00004103.JPEG,default
imagenet_c/brightness/3/ILSVRC2012_val_00030986.JPEG,default
imagenet_c/zoom_blur/5/ILSVRC2012_val_00021329.JPEG,default
imagenet_c/motion_blur/2/ILSVRC2012_val_00017205.JPEG,default
imagenet_c/gaussian_noise/4/ILSVRC2012_val_00026794.JPEG,default
imagenet_c/elastic_transform/1/ILSVRC2012_val_00014277.JPEG,default
imagenet_c/elastic_transform/4/ILSVRC2012_val_00015658.JPEG,default
imagenet_c/fog/3/ILSVRC2012_val_00049500.JPEG,default
imagenet_c/defocus_blur/5/ILSVRC2012_val_00038545.JPEG,default
imagenet_c/motion_blur/5/ILSVRC2012_val_00026184.JPEG,default
imagenet_c/frost/3/ILSVRC2012_val_00042478.JPEG,default
imagenet_c/snow/1/ILSVRC2012_val_00012458.JPEG,default
imagenet_c/snow/1/ILSVRC2012_val_00015851.JPEG,default
imagenet_c/defocus_blur/2/ILSVRC2012_val_00013497.JPEG,default
imagenet_c/glass_blur/4/ILSVRC2012_val_00048880.JPEG,default
imagenet_c/snow/3/ILSVRC2012_val_00005745.JPEG,default
imagenet_c/defocus_blur/4/ILSVRC2012_val_00011818.JPEG,default
imagenet_c/motion_blur/3/ILSVRC2012_val_00014064.JPEG,default
imagenet_c/glass_blur/5/ILSVRC2012_val_00043208.JPEG,default
imagenet_c/defocus_blur/3/ILSVRC2012_val_00037308.JPEG,default
imagenet_c/zoom_blur/3/ILSVRC2012_val_00014792.JPEG,default
imagenet_c/shot_noise/5/ILSVRC2012_val_00002348.JPEG,default
imagenet_c/zoom_blur/5/ILSVRC2012_val_00045909.JPEG,default
imagenet_c/pixelate/1/ILSVRC2012_val_00000472.JPEG,default
imagenet_c/motion_blur/2/ILSVRC2012_val_00013100.JPEG,default
imagenet_c/fog/4/ILSVRC2012_val_00028705.JPEG,default
imagenet_c/frost/4/ILSVRC2012_val_00029762.JPEG,default
imagenet_c/jpeg_compression/5/ILSVRC2012_val_00025446.JPEG,default
imagenet_c/brightness/2/ILSVRC2012_val_00019571.JPEG,default
imagenet_c/pixelate/2/ILSVRC2012_val_00003948.JPEG,default
imagenet_c/contrast/5/ILSVRC2012_val_00026316.JPEG,default
imagenet_c/elastic_transform/2/ILSVRC2012_val_00007007.JPEG,default
imagenet_c/jpeg_compression/1/ILSVRC2012_val_00029304.JPEG,default
imagenet_c/glass_blur/2/ILSVRC2012_val_00041673.JPEG,default
imagenet_c/motion_blur/5/ILSVRC2012_val_00013662.JPEG,default
imagenet_c/brightness/3/ILSVRC2012_val_00045228.JPEG,default
imagenet_c/defocus_blur/2/ILSVRC2012_val_00037473.JPEG,default
imagenet_c/jpeg_compression/2/ILSVRC2012_val_00032750.JPEG,default
imagenet_c/impulse_noise/3/ILSVRC2012_val_00025338.JPEG,default
imagenet_c/snow/4/ILSVRC2012_val_00000755.JPEG,default
imagenet_c/pixelate/5/ILSVRC2012_val_00007306.JPEG,default
imagenet_c/pixelate/4/ILSVRC2012_val_00026455.JPEG,default
imagenet_c/contrast/4/ILSVRC2012_val_00027611.JPEG,default
imagenet_c/shot_noise/3/ILSVRC2012_val_00012826.JPEG,default
imagenet_c/brightness/1/ILSVRC2012_val_00043944.JPEG,default
imagenet_c/motion_blur/4/ILSVRC2012_val_00039214.JPEG,default
imagenet_c/fog/2/ILSVRC2012_val_00016544.JPEG,default
imagenet_c/fog/3/ILSVRC2012_val_00027909.JPEG,default
imagenet_c/snow/3/ILSVRC2012_val_00040793.JPEG,default
imagenet_c/frost/2/ILSVRC2012_val_00031669.JPEG,default
imagenet_c/contrast/3/ILSVRC2012_val_00017210.JPEG,default
imagenet_c/brightness/1/ILSVRC2012_val_00047179.JPEG,default
imagenet_c/defocus_blur/3/ILSVRC2012_val_00045973.JPEG,default
imagenet_c/impulse_noise/1/ILSVRC2012_val_00002537.JPEG,default
imagenet_c/fog/5/ILSVRC2012_val_00026007.JPEG,default
imagenet_c/shot_noise/2/ILSVRC2012_val_00020929.JPEG,default
imagenet_c/jpeg_compression/5/ILSVRC2012_val_00030181.JPEG,default
imagenet_c/contrast/1/ILSVRC2012_val_00004690.JPEG,default
imagenet_c/defocus_blur/4/ILSVRC2012_val_00048928.JPEG,default
imagenet_c/motion_blur/4/ILSVRC2012_val_00040478.JPEG,default
imagenet_c/jpeg_compression/1/ILSVRC2012_val_00039223.JPEG,default
imagenet_c/jpeg_compression/2/ILSVRC2012_val_00043243.JPEG,default
imagenet_c/frost/3/ILSVRC2012_val_00031924.JPEG,default
imagenet_c/jpeg_compression/3/ILSVRC2012_val_00016153.JPEG,default
imagenet_c/elastic_transform/3/ILSVRC2012_val_00019615.JPEG,default
imagenet_c/impulse_noise/2/ILSVRC2012_val_00037227.JPEG,default
imagenet_c/fog/1/ILSVRC2012_val_00029871.JPEG,default
imagenet_c/pixelate/5/ILSVRC2012_val_00008440.JPEG,default
imagenet_c/motion_blur/2/ILSVRC2012_val_00001880.JPEG,default
imagenet_c/jpeg_compression/3/ILSVRC2012_val_00010376.JPEG,default
imagenet_c/brightness/4/ILSVRC2012_val_00025079.JPEG,default
imagenet_c/motion_blur/4/ILSVRC2012_val_00013040.JPEG,default
imagenet_c/zoom_blur/1/ILSVRC2012_val_00000616.JPEG,default
imagenet_c/snow/5/ILSVRC2012_val_00049555.JPEG,default
imagenet_c/frost/5/ILSVRC2012_val_00003423.JPEG,default
imagenet_c/snow/1/ILSVRC2012_val_00025191.JPEG,default
imagenet_c/elastic_transform/4/ILSVRC2012_val_00038905.JPEG,default
imagenet_c/impulse_noise/4/ILSVRC2012_val_00021975.JPEG,default
imagenet_c/motion_blur/1/ILSVRC2012_val_00041217.JPEG,default
imagenet_c/snow/1/ILSVRC2012_val_00038640.JPEG,default
imagenet_c/defocus_blur/2/ILSVRC2012_val_00049174.JPEG,default
imagenet_c/jpeg_compression/4/ILSVRC2012_val_00013028.JPEG,default
imagenet_c/pixelate/1/ILSVRC2012_val_00006252.JPEG,default
imagenet_c/shot_noise/3/ILSVRC2012_val_00024774.JPEG,default
imagenet_c/frost/2/ILSVRC2012_val_00042270.JPEG,default
imagenet_c/jpeg_compression/1/ILSVRC2012_val_00041219.JPEG,default
