image_location,class
images_largescale/sun/images/sun_aaaevyiuguntlerb.jpg,default
images_largescale/sun/images/sun_aaaxbrksvmdyrhpe.jpg,default
images_largescale/sun/images/sun_aabdnapdlxgundoj.jpg,default
images_largescale/sun/images/sun_aabhejjpplbkgsjf.jpg,default
images_largescale/sun/images/sun_aabnajscpqjtzuqw.jpg,default
images_largescale/sun/images/sun_aaboiisrlesicibm.jpg,default
images_largescale/sun/images/sun_aabtemlmesogqbbp.jpg,default
images_largescale/sun/images/sun_aaburprgspbdkmlm.jpg,default
images_largescale/sun/images/sun_aabzgoowomavupwl.jpg,default
images_largescale/sun/images/sun_aabztucakfyheoby.jpg,default
images_largescale/sun/images/sun_aacbgqunsjqeatcv.jpg,default
images_largescale/sun/images/sun_aacegqrsghanpufn.jpg,default
images_largescale/sun/images/sun_aachrbwzcgqlvynh.jpg,default
images_largescale/sun/images/sun_aacjktmrhydsnuto.jpg,default
images_largescale/sun/images/sun_aaclxutvocldyldo.jpg,default
images_largescale/sun/images/sun_aacsyfzmhxfiqnkh.jpg,default
images_largescale/sun/images/sun_aactdkoosrrhjqcd.jpg,default
images_largescale/sun/images/sun_aacxjdyothvyafjs.jpg,default
images_largescale/sun/images/sun_aacykkmwtykjfldf.jpg,default
images_largescale/sun/images/sun_aadbmpmxxatythtm.jpg,default
images_largescale/sun/images/sun_aaddlugegruqrhqt.jpg,default
images_largescale/sun/images/sun_aadfkenqeixsswhx.jpg,default
images_largescale/sun/images/sun_aadjawzwvnwnkvjo.jpg,default
images_largescale/sun/images/sun_aadjujhlnmtjoegt.jpg,default
images_largescale/sun/images/sun_aadkehivpcchisvr.jpg,default
images_largescale/sun/images/sun_aaebeslnjbpbmsnb.jpg,default
images_largescale/sun/images/sun_aaegrbxogokacwmz.jpg,default
images_largescale/sun/images/sun_aaehdjnttebqedol.jpg,default
images_largescale/sun/images/sun_aaeoijzygsllimwl.jpg,default
images_largescale/sun/images/sun_aaeomwfhrnyhyytq.jpg,default
images_largescale/sun/images/sun_aaeonpcwemmakdap.jpg,default
images_largescale/sun/images/sun_aaetebtkjxzlugai.jpg,default
images_largescale/sun/images/sun_aafcenazuuykcysr.jpg,default
images_largescale/sun/images/sun_aafdsgxdpvduwusj.jpg,default
images_largescale/sun/images/sun_aaficjpvcqagdksb.jpg,default
images_largescale/sun/images/sun_aafjjnugpsuiktvh.jpg,default
images_largescale/sun/images/sun_aaflmulbtigwigtw.jpg,default
images_largescale/sun/images/sun_aafqfjpechscyidz.jpg,default
images_largescale/sun/images/sun_aaftrsomnraltfsi.jpg,default
images_largescale/sun/images/sun_aafxxheamiukhuop.jpg,default
images_largescale/sun/images/sun_aafymxvlnrmlbzdm.jpg,default
images_largescale/sun/images/sun_aafzgakyteziydrw.jpg,default
images_largescale/sun/images/sun_aafzqvlgregcdhmq.jpg,default
images_largescale/sun/images/sun_aagkrwwxayqfeara.jpg,default
images_largescale/sun/images/sun_aaglmeoytxxwabhl.jpg,default
images_largescale/sun/images/sun_aagmhmrjglsylbay.jpg,default
images_largescale/sun/images/sun_aagplssxsrfcuzsk.jpg,default
images_largescale/sun/images/sun_aagvwgntclshghai.jpg,default
images_largescale/sun/images/sun_aagxuxuhykxuovev.jpg,default
images_largescale/sun/images/sun_aagzczontectgtzw.jpg,default
images_largescale/sun/images/sun_aahcmgfrmcokhjel.jpg,default
images_largescale/sun/images/sun_aahexoaqdioqftdp.jpg,default
images_largescale/sun/images/sun_aahfwwaqscmctvmp.jpg,default
images_largescale/sun/images/sun_aahhwojhuuryfsqv.jpg,default
images_largescale/sun/images/sun_aahhxgeflpnpxbdp.jpg,default
images_largescale/sun/images/sun_aahjsajmsehqtuox.jpg,default
images_largescale/sun/images/sun_aahnnrrchvysxnpw.jpg,default
images_largescale/sun/images/sun_aahuhkgrezrabnqz.jpg,default
images_largescale/sun/images/sun_aahvhfbgsatvtmax.jpg,default
images_largescale/sun/images/sun_aahvmvlcxghnyqng.jpg,default
images_largescale/sun/images/sun_aahwnmtqsrhocysw.jpg,default
images_largescale/sun/images/sun_aahzdgkgzpnapuoe.jpg,default
images_largescale/sun/images/sun_aahzjgdxldtqgixg.jpg,default
images_largescale/sun/images/sun_aaifkdzmoajrzxqn.jpg,default
images_largescale/sun/images/sun_aainjqctyswzidnk.jpg,default
images_largescale/sun/images/sun_aaiqiqcggrskoqgy.jpg,default
images_largescale/sun/images/sun_aaiquffkgurupglf.jpg,default
images_largescale/sun/images/sun_aaispeummyknccnf.jpg,default
images_largescale/sun/images/sun_aaiypczsdyaelmjj.jpg,default
images_largescale/sun/images/sun_aajbpjiklpyxlqwy.jpg,default
images_largescale/sun/images/sun_aajpeglygiguwgds.jpg,default
images_largescale/sun/images/sun_aajqlbdsflcxdswb.jpg,default
images_largescale/sun/images/sun_aajtooazsvygdxkc.jpg,default
images_largescale/sun/images/sun_aajttwmkstixpqmk.jpg,default
images_largescale/sun/images/sun_aakapegvuarnrrdn.jpg,default
images_largescale/sun/images/sun_aakcsrzaffplufaw.jpg,default
images_largescale/sun/images/sun_aakdsiijvzzclecx.jpg,default
images_largescale/sun/images/sun_aakejejikrwdsqwu.jpg,default
images_largescale/sun/images/sun_aakoljrbggcwwglg.jpg,default
images_largescale/sun/images/sun_aakpomocpypnummz.jpg,default
images_largescale/sun/images/sun_aaktidlqfwmplzqb.jpg,default
images_largescale/sun/images/sun_aakvgwqgvptikdto.jpg,default
images_largescale/sun/images/sun_aakxstvefcqliiqm.jpg,default
images_largescale/sun/images/sun_aakzcxgvqxelbaud.jpg,default
images_largescale/sun/images/sun_aakzptgwfdzpuocq.jpg,default
images_largescale/sun/images/sun_aalauatnbjxfdgve.jpg,default
images_largescale/sun/images/sun_aalcoddsgakiyibg.jpg,default
images_largescale/sun/images/sun_aalgazelhtohvsjh.jpg,default
images_largescale/sun/images/sun_aalirgdryghmlscz.jpg,default
images_largescale/sun/images/sun_aalxbocnraukuels.jpg,default
images_largescale/sun/images/sun_aamlzecjkxlnoedl.jpg,default
images_largescale/sun/images/sun_aammenykykfqqkti.jpg,default
images_largescale/sun/images/sun_aamsdbqhyyzabsdt.jpg,default
images_largescale/sun/images/sun_aanafaqxplcjyuxy.jpg,default
images_largescale/sun/images/sun_aanaknomjadnnnqw.jpg,default
images_largescale/sun/images/sun_aanbwlebfocyspxi.jpg,default
images_largescale/sun/images/sun_aanfjwabnufovale.jpg,default
images_largescale/sun/images/sun_aangkajdydimnqru.jpg,default
images_largescale/sun/images/sun_aanhozxxjmtlqupr.jpg,default
images_largescale/sun/images/sun_aanjgkilxhsgjsyw.jpg,default
images_largescale/sun/images/sun_aanqcbjapypsveuq.jpg,default
images_largescale/sun/images/sun_aanwfmutvphbkcln.jpg,default
images_largescale/sun/images/sun_aanwybhpvpvtmrcr.jpg,default
images_largescale/sun/images/sun_aanxseqcxbrdzxot.jpg,default
images_largescale/sun/images/sun_aanxzwimnkyznmue.jpg,default
images_largescale/sun/images/sun_aaohmceweijvtinz.jpg,default
images_largescale/sun/images/sun_aaomijklbnkhdfkl.jpg,default
images_largescale/sun/images/sun_aaooosasuiphyaqx.jpg,default
images_largescale/sun/images/sun_aaoyxwmohooautpx.jpg,default
images_largescale/sun/images/sun_aapfaivxqoynnwwp.jpg,default
images_largescale/sun/images/sun_aapgkrlljmozucwm.jpg,default
images_largescale/sun/images/sun_aaphylbydnsgasiw.jpg,default
images_largescale/sun/images/sun_aaplislzjjryczqn.jpg,default
images_largescale/sun/images/sun_aappiadbdpnwjmvy.jpg,default
images_largescale/sun/images/sun_aapquuytawgijsqv.jpg,default
images_largescale/sun/images/sun_aapsmpcewelltrln.jpg,default
images_largescale/sun/images/sun_aapsxmikghxbzhcl.jpg,default
images_largescale/sun/images/sun_aapwmnzassfnbxot.jpg,default
images_largescale/sun/images/sun_aapymkzhpzyqngqq.jpg,default
images_largescale/sun/images/sun_aaqddhjrmpfucyvn.jpg,default
images_largescale/sun/images/sun_aaqfmkvdwukffrst.jpg,default
images_largescale/sun/images/sun_aaqkmeplqshccetc.jpg,default
images_largescale/sun/images/sun_aaqmguemgebwhtzk.jpg,default
images_largescale/sun/images/sun_aaqmwoznjsxeugwv.jpg,default
images_largescale/sun/images/sun_aaqyzvrweabdxjzo.jpg,default
images_largescale/sun/images/sun_aarcsysvarqbmixx.jpg,default
images_largescale/sun/images/sun_aarcvwmjjypcggay.jpg,default
images_largescale/sun/images/sun_aargzbmzbgvcrxdx.jpg,default
images_largescale/sun/images/sun_aarhbeqcuzhoshba.jpg,default
images_largescale/sun/images/sun_aarjdwroehjyksta.jpg,default
images_largescale/sun/images/sun_aarjscjypoelbxfv.jpg,default
images_largescale/sun/images/sun_aarmmadewjlbhrev.jpg,default
images_largescale/sun/images/sun_aarnmhmjnoywelfb.jpg,default
images_largescale/sun/images/sun_aarnowbohcejqgzi.jpg,default
images_largescale/sun/images/sun_aarognxryzgyygjm.jpg,default
images_largescale/sun/images/sun_aarpxpyanfjsgfzq.jpg,default
images_largescale/sun/images/sun_aarqbtbaezqldppt.jpg,default
images_largescale/sun/images/sun_aarrlvxxrjxftsuu.jpg,default
images_largescale/sun/images/sun_aarvyzttplcitjyz.jpg,default
images_largescale/sun/images/sun_aarzathtxpurptlp.jpg,default
images_largescale/sun/images/sun_aasaqpsgrixxkxwb.jpg,default
images_largescale/sun/images/sun_aasfikqmwssopeco.jpg,default
images_largescale/sun/images/sun_aasgetprfehpmoje.jpg,default
images_largescale/sun/images/sun_aasnakciqizlatuu.jpg,default
images_largescale/sun/images/sun_aasnyevjyhwkkarx.jpg,default
images_largescale/sun/images/sun_aaspqbxzxykukpck.jpg,default
images_largescale/sun/images/sun_aasrozcidkphxctl.jpg,default
images_largescale/sun/images/sun_aasvwavwelwxbdwa.jpg,default
images_largescale/sun/images/sun_aasvxkbqllghdlyh.jpg,default
images_largescale/sun/images/sun_aatcuchbwduufdys.jpg,default
images_largescale/sun/images/sun_aatjcflefwzdyhwb.jpg,default
images_largescale/sun/images/sun_aatmcixgrmtkorwy.jpg,default
images_largescale/sun/images/sun_aatmvkznuuvmbdzp.jpg,default
images_largescale/sun/images/sun_aatrywoavdzwwzqi.jpg,default
images_largescale/sun/images/sun_aatuevemihdecair.jpg,default
images_largescale/sun/images/sun_aaudprltorosqtwv.jpg,default
images_largescale/sun/images/sun_aaulapocjffusovo.jpg,default
images_largescale/sun/images/sun_aauqbpbonptakhna.jpg,default
images_largescale/sun/images/sun_aauuytnrpbdfyftz.jpg,default
images_largescale/sun/images/sun_aavchcbptaerhcfy.jpg,default
images_largescale/sun/images/sun_aavdprprnrxfisth.jpg,default
images_largescale/sun/images/sun_aavgffdllieopxov.jpg,default
images_largescale/sun/images/sun_aavmchfjuxkpmnuv.jpg,default
images_largescale/sun/images/sun_aavmjsbjgqgddgbj.jpg,default
images_largescale/sun/images/sun_aavnxbgwcongmaji.jpg,default
images_largescale/sun/images/sun_aavodbcpygkggnfp.jpg,default
images_largescale/sun/images/sun_aavsxfyavhvnhyea.jpg,default
images_largescale/sun/images/sun_aavucrukdczphkhi.jpg,default
images_largescale/sun/images/sun_aavxmbkulzqweeqg.jpg,default
images_largescale/sun/images/sun_aawfqxoijglulfff.jpg,default
images_largescale/sun/images/sun_aawhdevrygemjwtx.jpg,default
images_largescale/sun/images/sun_aawotkdinltejzwq.jpg,default
images_largescale/sun/images/sun_aawubblscezjkcdm.jpg,default
images_largescale/sun/images/sun_aawxjmvikpfbctln.jpg,default
images_largescale/sun/images/sun_aaxbwyppauhuccba.jpg,default
images_largescale/sun/images/sun_aaxpyxtvdcroofxz.jpg,default
images_largescale/sun/images/sun_aaxrfcondpfwzvwl.jpg,default
images_largescale/sun/images/sun_aaxtzlpstustrmbe.jpg,default
images_largescale/sun/images/sun_aaxzmstowpgnrynb.jpg,default
images_largescale/sun/images/sun_aayckstqypnzgxzi.jpg,default
images_largescale/sun/images/sun_aayfhklpssisjupm.jpg,default
images_largescale/sun/images/sun_aayhfsgwdqffnzra.jpg,default
images_largescale/sun/images/sun_aayjqorvapelsedo.jpg,default
images_largescale/sun/images/sun_aaylmcpggscemgxs.jpg,default
images_largescale/sun/images/sun_aaylzyqlqrsmfwif.jpg,default
images_largescale/sun/images/sun_aayounnakjpewywf.jpg,default
images_largescale/sun/images/sun_aayqqqhaitxweuow.jpg,default
images_largescale/sun/images/sun_aaysiohzbbdyrddc.jpg,default
images_largescale/sun/images/sun_aazejxcvlspsybrp.jpg,default
images_largescale/sun/images/sun_aazhocejkooaqkrm.jpg,default
images_largescale/sun/images/sun_aazkehcblogstlyh.jpg,default
images_largescale/sun/images/sun_aazlrivihkzadlce.jpg,default
images_largescale/sun/images/sun_aazndklnazhmuylc.jpg,default
images_largescale/sun/images/sun_aazqmnvflqsmlqcs.jpg,default
images_largescale/sun/images/sun_aazsvpdsdkqbnfco.jpg,default
images_largescale/sun/images/sun_aaztvmjoufvznlzk.jpg,default
images_largescale/sun/images/sun_aazzvarbcoruzokj.jpg,default
images_largescale/sun/images/sun_abaathvjsmddcbvm.jpg,default
images_largescale/sun/images/sun_abacdgzgdoeqehps.jpg,default
images_largescale/sun/images/sun_abamyocureeadlff.jpg,default
images_largescale/sun/images/sun_abarcsryfbjhpwng.jpg,default
images_largescale/sun/images/sun_abaunfvgmgvcyxtw.jpg,default
images_largescale/sun/images/sun_abbafpeapugghxch.jpg,default
images_largescale/sun/images/sun_abbbbfhfjmdeltyl.jpg,default
images_largescale/sun/images/sun_abbqcayafbukcafl.jpg,default
images_largescale/sun/images/sun_abbrjtbznnaxloqz.jpg,default
images_largescale/sun/images/sun_abbtimwgskvvaeps.jpg,default
images_largescale/sun/images/sun_abcbaynhfvbgmsgy.jpg,default
images_largescale/sun/images/sun_abcdlivxmvasohmv.jpg,default
images_largescale/sun/images/sun_abcfypazpvkhprij.jpg,default
images_largescale/sun/images/sun_abchiucpmiemkirg.jpg,default
images_largescale/sun/images/sun_abcjtniiyogfjhtc.jpg,default
images_largescale/sun/images/sun_abcmoxvvzmbtaxwq.jpg,default
images_largescale/sun/images/sun_abcpeewyhvidbotl.jpg,default
images_largescale/sun/images/sun_abcwbwwkyytyynpk.jpg,default
images_largescale/sun/images/sun_abcxnrzizjgcwkdn.jpg,default
images_largescale/sun/images/sun_abcyirznwlncevwj.jpg,default
images_largescale/sun/images/sun_abcyjaldutojveyz.jpg,default
images_largescale/sun/images/sun_abdcdpcxfjgghnrv.jpg,default
images_largescale/sun/images/sun_abdeywxfnrysjfzz.jpg,default
images_largescale/sun/images/sun_abdezdjssqdxdywy.jpg,default
images_largescale/sun/images/sun_abdfkkplyjawgohc.jpg,default
images_largescale/sun/images/sun_abdkefcpylibfeto.jpg,default
images_largescale/sun/images/sun_abdoxebvkrdofyyh.jpg,default
images_largescale/sun/images/sun_abdqfmnccfyuqsjh.jpg,default
images_largescale/sun/images/sun_abdqkhltcthudfjc.jpg,default
images_largescale/sun/images/sun_abdulxymarqnjwgh.jpg,default
images_largescale/sun/images/sun_abdwxdewjhuvunym.jpg,default
images_largescale/sun/images/sun_abdzccycoipeevzc.jpg,default
images_largescale/sun/images/sun_abdztwtjprqilmtk.jpg,default
images_largescale/sun/images/sun_abeekczvczotppul.jpg,default
images_largescale/sun/images/sun_abegpcurpiloqsrx.jpg,default
images_largescale/sun/images/sun_abegzbxshsqjqsdp.jpg,default
images_largescale/sun/images/sun_abekxrpakfsoxpbr.jpg,default
images_largescale/sun/images/sun_abfbwwwkvsobvbru.jpg,default
images_largescale/sun/images/sun_abfelkclvnowojtk.jpg,default
images_largescale/sun/images/sun_abfgoadggoomtdlx.jpg,default
images_largescale/sun/images/sun_abfimntynjdmcgxt.jpg,default
images_largescale/sun/images/sun_abfjinqelxxuyioc.jpg,default
images_largescale/sun/images/sun_abfxzrehlsmyzuna.jpg,default
images_largescale/sun/images/sun_abfzljoynokklbxo.jpg,default
images_largescale/sun/images/sun_abgbxeeejoaqnzgo.jpg,default
images_largescale/sun/images/sun_abgcocxknkfvizah.jpg,default
images_largescale/sun/images/sun_abgcsawydxsfeaih.jpg,default
images_largescale/sun/images/sun_abgnjxmfpjlihxkn.jpg,default
images_largescale/sun/images/sun_abgphcuiuotybfpa.jpg,default
images_largescale/sun/images/sun_abgqnzsgcvsnveaq.jpg,default
images_largescale/sun/images/sun_abguyzpomgdytkxe.jpg,default
images_largescale/sun/images/sun_abgvpjpmrdkncxnb.jpg,default
images_largescale/sun/images/sun_abhagkrdtsffboqc.jpg,default
images_largescale/sun/images/sun_abhdwxcqinxtyvao.jpg,default
images_largescale/sun/images/sun_abhgxxdhsjhyhhta.jpg,default
images_largescale/sun/images/sun_abhkzgkcasfzpbmu.jpg,default
images_largescale/sun/images/sun_abhmashfqsaurtif.jpg,default
images_largescale/sun/images/sun_abhqottbstaahjwc.jpg,default
images_largescale/sun/images/sun_abhtevkqhuyreloq.jpg,default
images_largescale/sun/images/sun_abhtlegzqrusxkjj.jpg,default
images_largescale/sun/images/sun_abhucdweiguoztut.jpg,default
images_largescale/sun/images/sun_abhxayemhxaimtew.jpg,default
images_largescale/sun/images/sun_abibpwpjxiknnerb.jpg,default
images_largescale/sun/images/sun_abiddtktqgvkfyvc.jpg,default
images_largescale/sun/images/sun_abidnecetxktrvwj.jpg,default
images_largescale/sun/images/sun_abiupbaqorwsxejm.jpg,default
images_largescale/sun/images/sun_abiwsjgysiyvcmyy.jpg,default
images_largescale/sun/images/sun_abiyxzwgkjnuroap.jpg,default
images_largescale/sun/images/sun_abizrmxfaewqsukw.jpg,default
images_largescale/sun/images/sun_abizvqvpuuyksusp.jpg,default
images_largescale/sun/images/sun_abjauuqefihxqire.jpg,default
images_largescale/sun/images/sun_abjcqdwasqexeqka.jpg,default
images_largescale/sun/images/sun_abjedcbmdfyudtzj.jpg,default
images_largescale/sun/images/sun_abjhrsviyzstjcjj.jpg,default
images_largescale/sun/images/sun_abjjjzpnylcynago.jpg,default
images_largescale/sun/images/sun_abjkwkawctptshmr.jpg,default
images_largescale/sun/images/sun_abjndiqxedvnnvwg.jpg,default
images_largescale/sun/images/sun_abjsadahbnggbxlq.jpg,default
images_largescale/sun/images/sun_abjstuqmctcsqlsf.jpg,default
images_largescale/sun/images/sun_abjxfjcrqxjhbkhi.jpg,default
images_largescale/sun/images/sun_abjzruaecfoytrfx.jpg,default
images_largescale/sun/images/sun_abkhxgnturbmacax.jpg,default
images_largescale/sun/images/sun_abkqbyzdxallycev.jpg,default
images_largescale/sun/images/sun_abksofudrjfdqmaj.jpg,default
images_largescale/sun/images/sun_abktmmreusnujejq.jpg,default
images_largescale/sun/images/sun_abkxgivwkttteybv.jpg,default
images_largescale/sun/images/sun_abljayxmgyhdolen.jpg,default
images_largescale/sun/images/sun_ablkcnyaijgaqjto.jpg,default
images_largescale/sun/images/sun_ablnwzudvwerflmr.jpg,default
images_largescale/sun/images/sun_ablroqqtvidoxupx.jpg,default
images_largescale/sun/images/sun_ablsxpxovlmoqxjy.jpg,default
images_largescale/sun/images/sun_ablszvymfcdnhepr.jpg,default
images_largescale/sun/images/sun_abmbgvlmxsbhqbmv.jpg,default
images_largescale/sun/images/sun_abmcdmwutwzpmkvx.jpg,default
images_largescale/sun/images/sun_abmenyhvhcxlkyof.jpg,default
images_largescale/sun/images/sun_abmjeivuuyamkbzl.jpg,default
images_largescale/sun/images/sun_abmlxmypgehlmjaq.jpg,default
images_largescale/sun/images/sun_abmmqgahasfltmcw.jpg,default
images_largescale/sun/images/sun_abmowmdieacmeliu.jpg,default
images_largescale/sun/images/sun_abmqfuqlnqvyvwsw.jpg,default
images_largescale/sun/images/sun_abmtngdfwgsslcuc.jpg,default
images_largescale/sun/images/sun_abmvacaaqlzdboaq.jpg,default
images_largescale/sun/images/sun_abmwcdruvrszogsl.jpg,default
images_largescale/sun/images/sun_abnefoqjdsjmkfqf.jpg,default
images_largescale/sun/images/sun_abnfbcundpafounh.jpg,default
images_largescale/sun/images/sun_abniyuuqmjbuicmy.jpg,default
images_largescale/sun/images/sun_abnptmztoyjaizwn.jpg,default
images_largescale/sun/images/sun_abntnqiepjsatbff.jpg,default
images_largescale/sun/images/sun_abnwdxrsxgvgzkvu.jpg,default
images_largescale/sun/images/sun_abnxeyvepgragvcb.jpg,default
images_largescale/sun/images/sun_abnzgooppfrrcdfs.jpg,default
images_largescale/sun/images/sun_abocxtxdgguupemx.jpg,default
images_largescale/sun/images/sun_abodzietikravtlm.jpg,default
images_largescale/sun/images/sun_abofnwbbmvxmcfor.jpg,default
images_largescale/sun/images/sun_abohxbskznglnrhv.jpg,default
images_largescale/sun/images/sun_abokeplpazkdxpps.jpg,default
images_largescale/sun/images/sun_abolmdoybsblyhrf.jpg,default
images_largescale/sun/images/sun_abomdrwhmwumthbh.jpg,default
images_largescale/sun/images/sun_abomkyqwyrwdszhi.jpg,default
images_largescale/sun/images/sun_abommhzkchdtwdbv.jpg,default
images_largescale/sun/images/sun_abonzsfyiabbzqzp.jpg,default
images_largescale/sun/images/sun_abooxrbqbyrkwndm.jpg,default
images_largescale/sun/images/sun_aboqqlnpqcqfghfo.jpg,default
images_largescale/sun/images/sun_abosbgvpolhwqyli.jpg,default
images_largescale/sun/images/sun_abovaeuxuwstmtbm.jpg,default
images_largescale/sun/images/sun_abowtotrrzpbhvqh.jpg,default
images_largescale/sun/images/sun_aboytmnnpuwezzbx.jpg,default
images_largescale/sun/images/sun_aboyurcbwgeebkdm.jpg,default
images_largescale/sun/images/sun_aboyxwazwtfsyjyo.jpg,default
images_largescale/sun/images/sun_abphzaneesctxlqz.jpg,default
images_largescale/sun/images/sun_abpkbylxsdnceggx.jpg,default
images_largescale/sun/images/sun_abqaamobpeckykne.jpg,default
images_largescale/sun/images/sun_abqcqnlcixhhbqaa.jpg,default
images_largescale/sun/images/sun_abqfajxgmfhwibng.jpg,default
images_largescale/sun/images/sun_abqgxpgmmphsspfg.jpg,default
images_largescale/sun/images/sun_abqowiqiensqhtgz.jpg,default
images_largescale/sun/images/sun_abqrutpqcotqqwil.jpg,default
images_largescale/sun/images/sun_abqwkcjnkkjpmaod.jpg,default
images_largescale/sun/images/sun_abriguhrihnxbuzz.jpg,default
images_largescale/sun/images/sun_abrjpcjtxlxwefsy.jpg,default
images_largescale/sun/images/sun_abrkzyxojgrjgmaw.jpg,default
images_largescale/sun/images/sun_abrmnmnsgorbelvb.jpg,default
images_largescale/sun/images/sun_abrtnhnapwbkmhda.jpg,default
images_largescale/sun/images/sun_abrvkgcicupmeqcj.jpg,default
images_largescale/sun/images/sun_abrwdgsipagiljbz.jpg,default
images_largescale/sun/images/sun_abrweotigrhyddid.jpg,default
images_largescale/sun/images/sun_abryvtdrfxfaxwyx.jpg,default
images_largescale/sun/images/sun_absbescotjzchkig.jpg,default
images_largescale/sun/images/sun_absitpbkzyrvmnem.jpg,default
images_largescale/sun/images/sun_absizbuqygehvgpu.jpg,default
images_largescale/sun/images/sun_abslgwqmibnkgbkg.jpg,default
images_largescale/sun/images/sun_abslralhfdjiodeh.jpg,default
images_largescale/sun/images/sun_absmdrbbmptsifan.jpg,default
images_largescale/sun/images/sun_absopkcdtdbuumro.jpg,default
images_largescale/sun/images/sun_abstfohqbixajqpg.jpg,default
images_largescale/sun/images/sun_abstvjilmxprhetc.jpg,default
images_largescale/sun/images/sun_abswujbjpwcwwudv.jpg,default
images_largescale/sun/images/sun_absxzamwemzkegmz.jpg,default
images_largescale/sun/images/sun_abtbpogjqunthflq.jpg,default
images_largescale/sun/images/sun_abthhtcgfbrhutdh.jpg,default
images_largescale/sun/images/sun_abtnlhwybuwithex.jpg,default
images_largescale/sun/images/sun_abtqzugjwdqtqpot.jpg,default
images_largescale/sun/images/sun_abtrnbvpppgczjim.jpg,default
images_largescale/sun/images/sun_abtytkshkrzkjhdq.jpg,default
images_largescale/sun/images/sun_abulrpiruxyrrzgh.jpg,default
images_largescale/sun/images/sun_abumagbrnbjdmhzd.jpg,default
images_largescale/sun/images/sun_abumhqkxpyevttns.jpg,default
images_largescale/sun/images/sun_abuqjepkyzmfqoxe.jpg,default
images_largescale/sun/images/sun_abuulrqoifrmacrb.jpg,default
images_largescale/sun/images/sun_abuwqcofbenlwulz.jpg,default
images_largescale/sun/images/sun_abuxagxtyjqidams.jpg,default
images_largescale/sun/images/sun_abuyerbrwfrujntz.jpg,default
images_largescale/sun/images/sun_abuyxuswhtgbzmqm.jpg,default
images_largescale/sun/images/sun_abvarigovbodzdzi.jpg,default
images_largescale/sun/images/sun_abvcjjxmecbfvqvy.jpg,default
images_largescale/sun/images/sun_abvedfvketgrwwqc.jpg,default
images_largescale/sun/images/sun_abvuopilcgfdjkbr.jpg,default
images_largescale/sun/images/sun_abvwdbnshzdktuvb.jpg,default
images_largescale/sun/images/sun_abvwdvoaajvcmdjg.jpg,default
images_largescale/sun/images/sun_abvzybwqpmcypbeb.jpg,default
images_largescale/sun/images/sun_abwbxlmmderxajmd.jpg,default
images_largescale/sun/images/sun_abwcalychnvomdxn.jpg,default
images_largescale/sun/images/sun_abwdsfuvrmebvzio.jpg,default
images_largescale/sun/images/sun_abwifzxvrylhjhzt.jpg,default
images_largescale/sun/images/sun_abwkllyjdxvhmfio.jpg,default
images_largescale/sun/images/sun_abwltkecajoiypdl.jpg,default
images_largescale/sun/images/sun_abwmrcejictqjzmq.jpg,default
images_largescale/sun/images/sun_abwoztqadgtuzwyp.jpg,default
images_largescale/sun/images/sun_abwrfonymxobioyv.jpg,default
images_largescale/sun/images/sun_abwsdvzxvopsvuby.jpg,default
images_largescale/sun/images/sun_abwssewwarkbfjqr.jpg,default
images_largescale/sun/images/sun_abwunrmvslyfakfv.jpg,default
images_largescale/sun/images/sun_abwxkiusxpwcaclh.jpg,default
images_largescale/sun/images/sun_abwzoqmgiujbzfvc.jpg,default
images_largescale/sun/images/sun_abwzwwgtobpmbspv.jpg,default
images_largescale/sun/images/sun_abxfrfeftwmoqwqs.jpg,default
images_largescale/sun/images/sun_abxkanhzjgbwyxqs.jpg,default
images_largescale/sun/images/sun_abyammbaiqmdpcxo.jpg,default
images_largescale/sun/images/sun_abybmfbnmlztrjpm.jpg,default
images_largescale/sun/images/sun_abybxftfcwebcfls.jpg,default
images_largescale/sun/images/sun_abydfmdyqyieeram.jpg,default
images_largescale/sun/images/sun_abyhbuktzutntqql.jpg,default
images_largescale/sun/images/sun_abyhedvsrqxcstcy.jpg,default
images_largescale/sun/images/sun_abyidesehxlvmzuc.jpg,default
images_largescale/sun/images/sun_abylkkpaudaxysxg.jpg,default
images_largescale/sun/images/sun_abymuvxdfwezfqjx.jpg,default
images_largescale/sun/images/sun_abyojyseyvsbjzif.jpg,default
images_largescale/sun/images/sun_abyolwrgksznhuqz.jpg,default
images_largescale/sun/images/sun_abyslesqmfvkscyo.jpg,default
images_largescale/sun/images/sun_abyyejwjqqpjjxtr.jpg,default
images_largescale/sun/images/sun_abzeptsaeqkuexgb.jpg,default
images_largescale/sun/images/sun_abzhrxuxlpeyikcn.jpg,default
images_largescale/sun/images/sun_abziscvrdtwajpyf.jpg,default
images_largescale/sun/images/sun_abzmppmowwqdcqov.jpg,default
images_largescale/sun/images/sun_abzorgamcedshvju.jpg,default
images_largescale/sun/images/sun_abzqwltqbkwbvlqm.jpg,default
images_largescale/sun/images/sun_abzxdwfaynnlysye.jpg,default
images_largescale/sun/images/sun_abzxwafmepmejvlk.jpg,default
images_largescale/sun/images/sun_abzzgheipuekwadu.jpg,default
images_largescale/sun/images/sun_acaecxgzhfkfqldr.jpg,default
images_largescale/sun/images/sun_acamgowzstmxpuwy.jpg,default
images_largescale/sun/images/sun_acattnijkpfumpru.jpg,default
images_largescale/sun/images/sun_acauzaywmnavhevc.jpg,default
images_largescale/sun/images/sun_acawtgnxrradyfxa.jpg,default
images_largescale/sun/images/sun_acbbbbeueelzragz.jpg,default
images_largescale/sun/images/sun_acbbnhcqyppgjsnh.jpg,default
images_largescale/sun/images/sun_acbdstpiyptqdksq.jpg,default
images_largescale/sun/images/sun_acbeefkxpymwevpk.jpg,default
images_largescale/sun/images/sun_acbepshmjrchgmyc.jpg,default
images_largescale/sun/images/sun_acbtlkutfvojmcai.jpg,default
images_largescale/sun/images/sun_acbwccvsvaufgxsv.jpg,default
images_largescale/sun/images/sun_acbzrogxsilovusf.jpg,default
images_largescale/sun/images/sun_accahibghzdvevmw.jpg,default
images_largescale/sun/images/sun_accdcrrouzxezgaj.jpg,default
images_largescale/sun/images/sun_acciglgqslouwqpv.jpg,default
images_largescale/sun/images/sun_accmljhlopmxvykh.jpg,default
images_largescale/sun/images/sun_accnszhttjmwsrjb.jpg,default
images_largescale/sun/images/sun_accvpoocavlmmbwm.jpg,default
images_largescale/sun/images/sun_acdbmfzgmtajvshl.jpg,default
images_largescale/sun/images/sun_acdggrrooqmoicde.jpg,default
images_largescale/sun/images/sun_acdkvovecujhgvdj.jpg,default
images_largescale/sun/images/sun_acdlhljkkdvvcnmp.jpg,default
images_largescale/sun/images/sun_acdlvrkvodarohwm.jpg,default
images_largescale/sun/images/sun_acdnkecslbstahry.jpg,default
images_largescale/sun/images/sun_acdomwgsonpzgtmd.jpg,default
images_largescale/sun/images/sun_acdumyesyyrpbylk.jpg,default
images_largescale/sun/images/sun_acdvolifjpkuhbav.jpg,default
images_largescale/sun/images/sun_acdvwldxhnpscbjo.jpg,default
images_largescale/sun/images/sun_acebwlwlbivavdcn.jpg,default
images_largescale/sun/images/sun_acecbesdnsqijtva.jpg,default
images_largescale/sun/images/sun_aceemxbgbhxkkebr.jpg,default
images_largescale/sun/images/sun_acehnjqlajfvhqkc.jpg,default
images_largescale/sun/images/sun_aceixysijstuihde.jpg,default
images_largescale/sun/images/sun_acemgkfdtznezidz.jpg,default
images_largescale/sun/images/sun_acemtuxdvjwacxbf.jpg,default
images_largescale/sun/images/sun_aceoahietocqjyty.jpg,default
images_largescale/sun/images/sun_acepvoqkrexmzeqk.jpg,default
images_largescale/sun/images/sun_aceusazccevgaxsb.jpg,default
images_largescale/sun/images/sun_acexnnaqwvwovewa.jpg,default
images_largescale/sun/images/sun_aceyvvwsgtcuouih.jpg,default
images_largescale/sun/images/sun_aceztgmiqkbghnpu.jpg,default
images_largescale/sun/images/sun_acfbqplfoqfohnbj.jpg,default
images_largescale/sun/images/sun_acfdobipxyydyxek.jpg,default
images_largescale/sun/images/sun_acfggivnbgypvwex.jpg,default
images_largescale/sun/images/sun_acfhriutkutalpbs.jpg,default
images_largescale/sun/images/sun_acflyclmujervtxk.jpg,default
images_largescale/sun/images/sun_acgfoqnolmhonvdm.jpg,default
images_largescale/sun/images/sun_acghfkorvlqvksjz.jpg,default
images_largescale/sun/images/sun_acgimamekqabvvcc.jpg,default
images_largescale/sun/images/sun_acgqlaffwykwlqrl.jpg,default
images_largescale/sun/images/sun_acgrzdzmapxunjho.jpg,default
images_largescale/sun/images/sun_achcblqojtfygyuu.jpg,default
images_largescale/sun/images/sun_achekaqguxkbtjsa.jpg,default
images_largescale/sun/images/sun_acheplfqfupdnlqa.jpg,default
images_largescale/sun/images/sun_achffcguuwclxvvv.jpg,default
images_largescale/sun/images/sun_achohbknzxdcgkwg.jpg,default
images_largescale/sun/images/sun_achskybafcfvuzed.jpg,default
images_largescale/sun/images/sun_achtfjzfjpvcxjjv.jpg,default
images_largescale/sun/images/sun_achtzsbsthyiuozj.jpg,default
images_largescale/sun/images/sun_achufyzeodyonrpu.jpg,default
images_largescale/sun/images/sun_achycjfbzxxywpzf.jpg,default
images_largescale/sun/images/sun_achzkesyxujljvxm.jpg,default
images_largescale/sun/images/sun_acicylvgdwpjsknl.jpg,default
images_largescale/sun/images/sun_acihekkdwhxvkrkv.jpg,default
images_largescale/sun/images/sun_acihqubetpwdeupe.jpg,default
images_largescale/sun/images/sun_aciiyxvycgsxqwvn.jpg,default
images_largescale/sun/images/sun_acipmwepbntxoxou.jpg,default
images_largescale/sun/images/sun_acisqpcarukkfafl.jpg,default
images_largescale/sun/images/sun_acivyttwyvawlkdg.jpg,default
images_largescale/sun/images/sun_acjduqzweostyisd.jpg,default
images_largescale/sun/images/sun_acjegasmfpqavzmb.jpg,default
images_largescale/sun/images/sun_acjelvqboawdtxle.jpg,default
images_largescale/sun/images/sun_acjicpxnwqghfsck.jpg,default
images_largescale/sun/images/sun_acjrqjiqihzskbzu.jpg,default
images_largescale/sun/images/sun_acjtpjdzvahsgowt.jpg,default
images_largescale/sun/images/sun_acjwuysgbxylfjor.jpg,default
images_largescale/sun/images/sun_ackdwnmnaehpqggg.jpg,default
images_largescale/sun/images/sun_ackillobvrmbwpyh.jpg,default
images_largescale/sun/images/sun_acklffcwmayvnfqm.jpg,default
images_largescale/sun/images/sun_acknjtmunzndlkvo.jpg,default
images_largescale/sun/images/sun_ackwmjaqpbkdpzer.jpg,default
images_largescale/sun/images/sun_ackxqlutmgbepoqz.jpg,default
images_largescale/sun/images/sun_ackzjbzjsdtcqcvl.jpg,default
images_largescale/sun/images/sun_ackzydggopidfvhd.jpg,default
images_largescale/sun/images/sun_aclcaksixadamlpg.jpg,default
images_largescale/sun/images/sun_acldfctnbrisxzjh.jpg,default
images_largescale/sun/images/sun_aclgcxxfjdwjcizz.jpg,default
images_largescale/sun/images/sun_aclrclkwijumrkla.jpg,default
images_largescale/sun/images/sun_acluswowtzoncihu.jpg,default
images_largescale/sun/images/sun_aclwsftrzfzdhunq.jpg,default
images_largescale/sun/images/sun_acmjixuneuyrdnbr.jpg,default
images_largescale/sun/images/sun_acmniwzushechmve.jpg,default
images_largescale/sun/images/sun_acmookakxdyzfkge.jpg,default
images_largescale/sun/images/sun_acmpotyqmuvlktuy.jpg,default
images_largescale/sun/images/sun_acmqzvseywftfsre.jpg,default
images_largescale/sun/images/sun_acmsalepztlqkyrd.jpg,default
images_largescale/sun/images/sun_acmxgkhwaxgfuoav.jpg,default
images_largescale/sun/images/sun_acmxnsedgirrlcgi.jpg,default
images_largescale/sun/images/sun_acnbaldbmliidvue.jpg,default
images_largescale/sun/images/sun_acnejulenwgaktsf.jpg,default
images_largescale/sun/images/sun_acnmnignachxgymu.jpg,default
images_largescale/sun/images/sun_acnrybwrmirwhbcs.jpg,default
images_largescale/sun/images/sun_acnryoazzajdlmiv.jpg,default
images_largescale/sun/images/sun_acnxlqccwhkncqsx.jpg,default
images_largescale/sun/images/sun_acoarvisbjoashol.jpg,default
images_largescale/sun/images/sun_acoikjrsqfvxbfqa.jpg,default
images_largescale/sun/images/sun_acolfrufuksjzdsq.jpg,default
images_largescale/sun/images/sun_acolgmguuqhxwdjg.jpg,default
images_largescale/sun/images/sun_acoqwgaqwkyghrmv.jpg,default
images_largescale/sun/images/sun_acouabqjcblyznzk.jpg,default
images_largescale/sun/images/sun_acozgyrtrnvimtxj.jpg,default
images_largescale/sun/images/sun_acozztgrmnbuasww.jpg,default
images_largescale/sun/images/sun_acpbhtuhtayjoqro.jpg,default
images_largescale/sun/images/sun_acpbqvmkaukvfgbe.jpg,default
images_largescale/sun/images/sun_acpdtbftkljpltwn.jpg,default
images_largescale/sun/images/sun_acpeqjxleuzrimeg.jpg,default
images_largescale/sun/images/sun_acpfpggrdtmdbzil.jpg,default
images_largescale/sun/images/sun_acpioktbodjjmdpz.jpg,default
images_largescale/sun/images/sun_acpjftxxyvzhmbvh.jpg,default
images_largescale/sun/images/sun_acpotfpuquqfjwzs.jpg,default
images_largescale/sun/images/sun_acpxaistqyimycdc.jpg,default
images_largescale/sun/images/sun_acpxpptvngiwlxvy.jpg,default
images_largescale/sun/images/sun_acqdeebwilpbhnzi.jpg,default
images_largescale/sun/images/sun_acqdliewftseozat.jpg,default
images_largescale/sun/images/sun_acqehcuppttlvpsu.jpg,default
images_largescale/sun/images/sun_acqenkpbmqqpsuws.jpg,default
images_largescale/sun/images/sun_acqfbagzjwlljgrb.jpg,default
images_largescale/sun/images/sun_acqjxcfbtwpxaaef.jpg,default
images_largescale/sun/images/sun_acqkqticsyuapvci.jpg,default
images_largescale/sun/images/sun_acqorgyskauidqfl.jpg,default
images_largescale/sun/images/sun_acqqqiqviovlqjol.jpg,default
images_largescale/sun/images/sun_acqrqctjkzmglxoj.jpg,default
images_largescale/sun/images/sun_acrabuysavihhrfq.jpg,default
images_largescale/sun/images/sun_acrbvetgiwtbvpid.jpg,default
images_largescale/sun/images/sun_acrejmztbxlutdst.jpg,default
images_largescale/sun/images/sun_acrjpxxcrbowyuqf.jpg,default
images_largescale/sun/images/sun_acrlbqgopqzeghmq.jpg,default
images_largescale/sun/images/sun_acrnxgmfzlyllatc.jpg,default
images_largescale/sun/images/sun_acrrlciylobhxiso.jpg,default
images_largescale/sun/images/sun_acrtbbnzfvwtptcp.jpg,default
images_largescale/sun/images/sun_acrvwdwcnqgbvcbi.jpg,default
images_largescale/sun/images/sun_acrwxlrtvcsxapuo.jpg,default
images_largescale/sun/images/sun_acsasrbxrkdobhzf.jpg,default
images_largescale/sun/images/sun_acsposxmihkhdutz.jpg,default
images_largescale/sun/images/sun_acsrlqfhdigotoqr.jpg,default
images_largescale/sun/images/sun_acstkbbwvcfiftmo.jpg,default
images_largescale/sun/images/sun_acthckhgkeqnkexf.jpg,default
images_largescale/sun/images/sun_actmttqigwnqffqy.jpg,default
images_largescale/sun/images/sun_actsdtqgzjlmoiqr.jpg,default
images_largescale/sun/images/sun_actttcearskxgrxg.jpg,default
images_largescale/sun/images/sun_acuexwlypmvysydi.jpg,default
images_largescale/sun/images/sun_acuholkqaqasmsas.jpg,default
images_largescale/sun/images/sun_acupwsafbhbvxyuy.jpg,default
images_largescale/sun/images/sun_acutkwwbhhnjxbim.jpg,default
images_largescale/sun/images/sun_acuvooxyypbsmphm.jpg,default
images_largescale/sun/images/sun_acuycqhdodhgjvai.jpg,default
images_largescale/sun/images/sun_acvfzparkonwhuzc.jpg,default
images_largescale/sun/images/sun_acviagnxrxwdlyir.jpg,default
images_largescale/sun/images/sun_acviddvmsaqumvnb.jpg,default
images_largescale/sun/images/sun_acvjnccckrkbgwsx.jpg,default
images_largescale/sun/images/sun_acvlzgdzyxwxqkba.jpg,default
images_largescale/sun/images/sun_acvmeyclrpszikxo.jpg,default
images_largescale/sun/images/sun_acvmvlhjxbbgikae.jpg,default
images_largescale/sun/images/sun_acvozbbasnhaskkr.jpg,default
images_largescale/sun/images/sun_acvtqugjwsnoxpro.jpg,default
images_largescale/sun/images/sun_acvuafbtcfwnbzae.jpg,default
images_largescale/sun/images/sun_acvwkynbvdpsmddq.jpg,default
images_largescale/sun/images/sun_acwgepilxfobgymk.jpg,default
images_largescale/sun/images/sun_acwjdlmixuzsflzc.jpg,default
images_largescale/sun/images/sun_acwsikcmiuygwwrw.jpg,default
images_largescale/sun/images/sun_acwvdleiqyxpcuxd.jpg,default
images_largescale/sun/images/sun_acwxxuplowrtjiio.jpg,default
images_largescale/sun/images/sun_acxcewddynxdxcwu.jpg,default
images_largescale/sun/images/sun_acxdijcmkawhkhob.jpg,default
images_largescale/sun/images/sun_acxfetmjbfevjbse.jpg,default
images_largescale/sun/images/sun_acxgfxgqtcrhrjqc.jpg,default
images_largescale/sun/images/sun_acxhuubuhtrtapkv.jpg,default
images_largescale/sun/images/sun_acxoaatpqtofxfxz.jpg,default
images_largescale/sun/images/sun_acxrekyjufmyzesi.jpg,default
images_largescale/sun/images/sun_acxsqhqgdyzncejp.jpg,default
images_largescale/sun/images/sun_acxtlssrlfsryvac.jpg,default
images_largescale/sun/images/sun_acxxublhtnfknymt.jpg,default
images_largescale/sun/images/sun_acyahsvukoqirhvs.jpg,default
images_largescale/sun/images/sun_acybsugmsseagxvy.jpg,default
images_largescale/sun/images/sun_acycomgjnmnvquiy.jpg,default
images_largescale/sun/images/sun_acycvscwuxrguqic.jpg,default
images_largescale/sun/images/sun_acygzqqyhazeaznc.jpg,default
images_largescale/sun/images/sun_acyjrzznztmroglp.jpg,default
images_largescale/sun/images/sun_acymggahdbyovcws.jpg,default
images_largescale/sun/images/sun_acyocbqbslnhpwqb.jpg,default
images_largescale/sun/images/sun_acypmnujalygkunp.jpg,default
images_largescale/sun/images/sun_acypqnpcbnnelrzd.jpg,default
images_largescale/sun/images/sun_acyqdciyhsnshscm.jpg,default
images_largescale/sun/images/sun_acyqshhlvjvgbiuw.jpg,default
images_largescale/sun/images/sun_acyreyvclnedknju.jpg,default
images_largescale/sun/images/sun_aczbdlwpktwbauuj.jpg,default
images_largescale/sun/images/sun_aczmpiilolvjelct.jpg,default
images_largescale/sun/images/sun_acznatzfabgzevoo.jpg,default
images_largescale/sun/images/sun_aczpuaqawfrkmeuq.jpg,default
images_largescale/sun/images/sun_aczvszibbgjhksez.jpg,default
images_largescale/sun/images/sun_aczxiqmpaelsbcmt.jpg,default
images_largescale/sun/images/sun_adaecflqayuluxar.jpg,default
images_largescale/sun/images/sun_adakrksiaupvjycv.jpg,default
images_largescale/sun/images/sun_adatfltwfmjorlcd.jpg,default
images_largescale/sun/images/sun_adaudabdwnzkdglq.jpg,default
images_largescale/sun/images/sun_adaylgrrsdyzwsop.jpg,default
images_largescale/sun/images/sun_adayqyhvynbhxezi.jpg,default
images_largescale/sun/images/sun_adbdqzigzwipuipr.jpg,default
images_largescale/sun/images/sun_adbflablcshuhpro.jpg,default
images_largescale/sun/images/sun_adbjekwkvqzmcsml.jpg,default
images_largescale/sun/images/sun_adbrshcbufkhctac.jpg,default
images_largescale/sun/images/sun_adbymuzeqfdwlerv.jpg,default
images_largescale/sun/images/sun_adbzpsqksvtmkmjy.jpg,default
images_largescale/sun/images/sun_adcctdabyxmhioeg.jpg,default
images_largescale/sun/images/sun_adcmxrsdxrjoootb.jpg,default
images_largescale/sun/images/sun_adcntiquvlfgnhms.jpg,default
images_largescale/sun/images/sun_adcseptdhxkiyfvt.jpg,default
images_largescale/sun/images/sun_adcsisxyhussrhwj.jpg,default
images_largescale/sun/images/sun_adcvdvsmyvxlyfig.jpg,default
images_largescale/sun/images/sun_adcyfdxqbqicmdnr.jpg,default
images_largescale/sun/images/sun_addirgxlpridthpb.jpg,default
images_largescale/sun/images/sun_addjhhoeletfhddt.jpg,default
images_largescale/sun/images/sun_addjmbecauoouorq.jpg,default
images_largescale/sun/images/sun_addobahtnltscpaj.jpg,default
images_largescale/sun/images/sun_addpqpwdfajotahz.jpg,default
images_largescale/sun/images/sun_addrillrufgamhyu.jpg,default
images_largescale/sun/images/sun_addtdkycxbqlpfqa.jpg,default
images_largescale/sun/images/sun_addyeclrvczekoaq.jpg,default
images_largescale/sun/images/sun_addygpcojcqbnnyj.jpg,default
images_largescale/sun/images/sun_adecmaumusxsltqi.jpg,default
images_largescale/sun/images/sun_adeheyhwdlpssbsi.jpg,default
images_largescale/sun/images/sun_adeijyzmzxwseagi.jpg,default
images_largescale/sun/images/sun_adekocyiolghbhca.jpg,default
images_largescale/sun/images/sun_adelbgkxaewbxymf.jpg,default
images_largescale/sun/images/sun_adelkguqxprydsna.jpg,default
images_largescale/sun/images/sun_adetnwfivwbqgvsl.jpg,default
images_largescale/sun/images/sun_adewxrqklzqltsxt.jpg,default
images_largescale/sun/images/sun_adfagesfevsrxndt.jpg,default
images_largescale/sun/images/sun_adfaplehteysqgun.jpg,default
images_largescale/sun/images/sun_adfbklddfqkgoynz.jpg,default
images_largescale/sun/images/sun_adffxglrjpdlfvmh.jpg,default
images_largescale/sun/images/sun_adfhqrxkbngtjpjx.jpg,default
images_largescale/sun/images/sun_adfsozvetjnubmgb.jpg,default
images_largescale/sun/images/sun_adftfievybbpahwl.jpg,default
images_largescale/sun/images/sun_adfyczgpbxsioynh.jpg,default
images_largescale/sun/images/sun_adfyjfzitahxgcaf.jpg,default
images_largescale/sun/images/sun_adfzvpneqfqbfcnq.jpg,default
images_largescale/sun/images/sun_adgabjwneasgrrdd.jpg,default
images_largescale/sun/images/sun_adgaixruvrdwmbyh.jpg,default
images_largescale/sun/images/sun_adggmatxsyujsxta.jpg,default
images_largescale/sun/images/sun_adgjlkpdyosbnnlj.jpg,default
images_largescale/sun/images/sun_adgraqjkdvtsdonf.jpg,default
images_largescale/sun/images/sun_adgwbztfudnooptz.jpg,default
images_largescale/sun/images/sun_adgwxwivrkdjyocl.jpg,default
images_largescale/sun/images/sun_adgykrlymnfhzhqa.jpg,default
images_largescale/sun/images/sun_adhcrwiajfamofuj.jpg,default
images_largescale/sun/images/sun_adhiuhfnugwlgvls.jpg,default
images_largescale/sun/images/sun_adhnoxscoslxsjgv.jpg,default
images_largescale/sun/images/sun_adhqtgdyogaqndin.jpg,default
images_largescale/sun/images/sun_adhwcoyqqcbnjgqb.jpg,default
images_largescale/sun/images/sun_adhwholkeuezccfu.jpg,default
images_largescale/sun/images/sun_adhzdexxngmolyvq.jpg,default
images_largescale/sun/images/sun_adhzmjzdukyjrhbh.jpg,default
images_largescale/sun/images/sun_adhzxmqvrxhydoya.jpg,default
images_largescale/sun/images/sun_adiayunexrsnpnbo.jpg,default
images_largescale/sun/images/sun_adieuwfkgxeuxdxg.jpg,default
images_largescale/sun/images/sun_adigxnvwspknvlgl.jpg,default
images_largescale/sun/images/sun_adikzhwykaxwrvop.jpg,default
images_largescale/sun/images/sun_adineafdugsmagwx.jpg,default
images_largescale/sun/images/sun_aditmzlhyzvghrmk.jpg,default
images_largescale/sun/images/sun_adiwcltppanfzciw.jpg,default
images_largescale/sun/images/sun_adjcgdvmemboqenj.jpg,default
images_largescale/sun/images/sun_adjeewfulwvklvhz.jpg,default
images_largescale/sun/images/sun_adjfweayhsqnaiga.jpg,default
images_largescale/sun/images/sun_adjlepvuitklskrz.jpg,default
images_largescale/sun/images/sun_adjshadiaqdzlpup.jpg,default
images_largescale/sun/images/sun_adjtqejxefqxpykw.jpg,default
images_largescale/sun/images/sun_adjykrvdsociebtb.jpg,default
images_largescale/sun/images/sun_adkeovalbkluzeri.jpg,default
images_largescale/sun/images/sun_adkgtlulsdewopud.jpg,default
images_largescale/sun/images/sun_adkuczkjaifxtlop.jpg,default
images_largescale/sun/images/sun_adkvekgtxwydbklw.jpg,default
images_largescale/sun/images/sun_adkwweprgeumpslv.jpg,default
images_largescale/sun/images/sun_adkybkohqpwchboh.jpg,default
images_largescale/sun/images/sun_adljaexxtiaphbmp.jpg,default
images_largescale/sun/images/sun_adlsavfxcjkctdfu.jpg,default
images_largescale/sun/images/sun_adlusvaedrhmsrdd.jpg,default
images_largescale/sun/images/sun_adlyujwmikouiwcj.jpg,default
images_largescale/sun/images/sun_adlzecaeopekvtxi.jpg,default
images_largescale/sun/images/sun_admdebmjdqloaqqq.jpg,default
images_largescale/sun/images/sun_admehzzcyrwqeagf.jpg,default
images_largescale/sun/images/sun_admgptczcopaahjn.jpg,default
images_largescale/sun/images/sun_admpgbmuihsurqbp.jpg,default
images_largescale/sun/images/sun_admracxklbywatbm.jpg,default
images_largescale/sun/images/sun_admrfwgvfpkevxyo.jpg,default
images_largescale/sun/images/sun_admsrwgunjlccwsz.jpg,default
images_largescale/sun/images/sun_admtwvuvcarjiixe.jpg,default
images_largescale/sun/images/sun_admujifcmuxokahj.jpg,default
images_largescale/sun/images/sun_admwpxevydqeetgp.jpg,default
images_largescale/sun/images/sun_admyoykzgcxommkd.jpg,default
images_largescale/sun/images/sun_admyqiqnmovlefxa.jpg,default
images_largescale/sun/images/sun_admzoythtujleopp.jpg,default
images_largescale/sun/images/sun_adnbmwlbcngkewnf.jpg,default
images_largescale/sun/images/sun_adngvjhedubzjpid.jpg,default
images_largescale/sun/images/sun_adniirbjwgymoslh.jpg,default
images_largescale/sun/images/sun_adnrcuutghwggmnl.jpg,default
images_largescale/sun/images/sun_adnrhzbhsvekntfv.jpg,default
images_largescale/sun/images/sun_adnxayqveyqrpxxg.jpg,default
images_largescale/sun/images/sun_adnxdixqnsntrcke.jpg,default
images_largescale/sun/images/sun_adnxubqpwvefqjoo.jpg,default
images_largescale/sun/images/sun_adnzxzfmjotjqczp.jpg,default
images_largescale/sun/images/sun_adoccclmppxeesya.jpg,default
images_largescale/sun/images/sun_adohktpblbjsuugn.jpg,default
images_largescale/sun/images/sun_adohscuttzvykhhe.jpg,default
images_largescale/sun/images/sun_adoppbnpturwoats.jpg,default
images_largescale/sun/images/sun_adoszpkfaxlecxjo.jpg,default
images_largescale/sun/images/sun_adotjnyqsnygtyxv.jpg,default
images_largescale/sun/images/sun_adowauokdmgnysoa.jpg,default
images_largescale/sun/images/sun_adowkednntiyspra.jpg,default
images_largescale/sun/images/sun_adownsanrznwvlfa.jpg,default
images_largescale/sun/images/sun_adoxtpzaufrdffsa.jpg,default
images_largescale/sun/images/sun_adpbjcrpyetqykvt.jpg,default
images_largescale/sun/images/sun_adpczlftlsfdyqjh.jpg,default
images_largescale/sun/images/sun_adpgrybewrpybgau.jpg,default
images_largescale/sun/images/sun_adphftbywfykilgu.jpg,default
images_largescale/sun/images/sun_adpirxfonranlxqk.jpg,default
images_largescale/sun/images/sun_adpjlrumwuvudkcb.jpg,default
images_largescale/sun/images/sun_adpkghabhibjfmsz.jpg,default
images_largescale/sun/images/sun_adpkxanqzhuyosgd.jpg,default
images_largescale/sun/images/sun_adpqauwpukurrfkd.jpg,default
images_largescale/sun/images/sun_adpyedpfjufuzlec.jpg,default
images_largescale/sun/images/sun_adqgwvlpzmxinhbc.jpg,default
images_largescale/sun/images/sun_adqjylfaykeybvno.jpg,default
images_largescale/sun/images/sun_adqlxwgflukdhqjv.jpg,default
images_largescale/sun/images/sun_adqmhqsyfqgpoyna.jpg,default
images_largescale/sun/images/sun_adqmqswywtqodwjx.jpg,default
images_largescale/sun/images/sun_adqqvqlfuruthtsw.jpg,default
images_largescale/sun/images/sun_adqsbqpjnqkypegq.jpg,default
images_largescale/sun/images/sun_adqwexgmrszlxecm.jpg,default
images_largescale/sun/images/sun_adqwkrmskksjvbmj.jpg,default
images_largescale/sun/images/sun_adqxnmmvhmkvddev.jpg,default
images_largescale/sun/images/sun_adqztmfpcvpnswft.jpg,default
images_largescale/sun/images/sun_adrevaqbqmvwngsl.jpg,default
images_largescale/sun/images/sun_adrhtwnpgvbmqiul.jpg,default
images_largescale/sun/images/sun_adrirtviiozpogln.jpg,default
images_largescale/sun/images/sun_adroqcbjtjeutxwy.jpg,default
images_largescale/sun/images/sun_adrphzjdpcxlgqdk.jpg,default
images_largescale/sun/images/sun_adrptfqzpbkcadpc.jpg,default
images_largescale/sun/images/sun_adrrefnlhwspznbc.jpg,default
images_largescale/sun/images/sun_adrrvphjawgogevz.jpg,default
images_largescale/sun/images/sun_adrtyzrvdzgltbgg.jpg,default
images_largescale/sun/images/sun_adsaqedttiixgfrw.jpg,default
images_largescale/sun/images/sun_adsblodmxkkmzqpz.jpg,default
images_largescale/sun/images/sun_adsemvjhyqirtwgx.jpg,default
images_largescale/sun/images/sun_adspksewxdumktgk.jpg,default
images_largescale/sun/images/sun_adsqtgbtvuzpumxx.jpg,default
images_largescale/sun/images/sun_adsrtlkkrgeixboc.jpg,default
images_largescale/sun/images/sun_adszrhniopwfwjza.jpg,default
images_largescale/sun/images/sun_adtestgyfuhujdkq.jpg,default
images_largescale/sun/images/sun_adtfsrjpikhcvzru.jpg,default
images_largescale/sun/images/sun_adttjkmojmfrsozw.jpg,default
images_largescale/sun/images/sun_adtzimfqhvctqjdc.jpg,default
images_largescale/sun/images/sun_aduecuolowlnvcdb.jpg,default
images_largescale/sun/images/sun_aduevilaznuchfcz.jpg,default
images_largescale/sun/images/sun_adugbxdynrixbqhy.jpg,default
images_largescale/sun/images/sun_adugozwpdgupydsj.jpg,default
images_largescale/sun/images/sun_aduiscuqchitvobd.jpg,default
images_largescale/sun/images/sun_adukssjjabwmmwxu.jpg,default
images_largescale/sun/images/sun_adupgfgqempkwbxe.jpg,default
images_largescale/sun/images/sun_aduqfnlbrzanxhcx.jpg,default
images_largescale/sun/images/sun_adustdrmkqbfqjbg.jpg,default
images_largescale/sun/images/sun_aduxtbjlboeyphte.jpg,default
images_largescale/sun/images/sun_advcbifupoybibnf.jpg,default
images_largescale/sun/images/sun_advcclnxfmlvxsxn.jpg,default
images_largescale/sun/images/sun_advfsuhpokltwttm.jpg,default
images_largescale/sun/images/sun_advllqdtdaefsajw.jpg,default
images_largescale/sun/images/sun_advmbkruitlagwub.jpg,default
images_largescale/sun/images/sun_advnulrvmgmovfue.jpg,default
images_largescale/sun/images/sun_advpvpaatkrmqztw.jpg,default
images_largescale/sun/images/sun_advsjbdchvgenjcn.jpg,default
images_largescale/sun/images/sun_advsnofztmkwdbdr.jpg,default
images_largescale/sun/images/sun_advueptcquwukgpr.jpg,default
images_largescale/sun/images/sun_advwmtcgxwmoapof.jpg,default
images_largescale/sun/images/sun_advxoxobydqwuawd.jpg,default
images_largescale/sun/images/sun_adwetnksvgilopgr.jpg,default
images_largescale/sun/images/sun_adwgbjhbhgiyvboi.jpg,default
images_largescale/sun/images/sun_adwmbdtkhkezcsje.jpg,default
images_largescale/sun/images/sun_adwmqjujftwigwsk.jpg,default
images_largescale/sun/images/sun_adwsonzlpbbsppgb.jpg,default
images_largescale/sun/images/sun_adxbkgxnjhgwcksk.jpg,default
images_largescale/sun/images/sun_adxesqvrqenohgjs.jpg,default
images_largescale/sun/images/sun_adxkobqvuvqqogjv.jpg,default
images_largescale/sun/images/sun_adxufojfvqlkwzsh.jpg,default
images_largescale/sun/images/sun_adydvnnudevlbgtv.jpg,default
images_largescale/sun/images/sun_adyglgdfpqpxgxjd.jpg,default
images_largescale/sun/images/sun_adyhpcyrnvfgjulm.jpg,default
images_largescale/sun/images/sun_adyhrtcocwjzzeio.jpg,default
images_largescale/sun/images/sun_adyihzixyznkjrgs.jpg,default
images_largescale/sun/images/sun_adykbwtxdkbiidna.jpg,default
images_largescale/sun/images/sun_adykjroazbibmkha.jpg,default
images_largescale/sun/images/sun_adykqgouousexwje.jpg,default
images_largescale/sun/images/sun_adyongvucbxhodnr.jpg,default
images_largescale/sun/images/sun_adyvefsmyyblvfic.jpg,default
images_largescale/sun/images/sun_adyzbkkzklgsmymj.jpg,default
images_largescale/sun/images/sun_adyzsfzvelqgcmto.jpg,default
images_largescale/sun/images/sun_adzbmnrykxjtolsm.jpg,default
images_largescale/sun/images/sun_adzguzfbaxrxqgcw.jpg,default
images_largescale/sun/images/sun_adzjoptbohlfjntm.jpg,default
images_largescale/sun/images/sun_adzlnyobejmgfbtm.jpg,default
images_largescale/sun/images/sun_adzocdwvcxcbwids.jpg,default
images_largescale/sun/images/sun_adzogzbfijsbxcfg.jpg,default
images_largescale/sun/images/sun_adzsxoxnozonudsi.jpg,default
images_largescale/sun/images/sun_adzttrsmrquebjly.jpg,default
images_largescale/sun/images/sun_adzvzkttwdvvwydc.jpg,default
images_largescale/sun/images/sun_adzxbzyleecfewsv.jpg,default
images_largescale/sun/images/sun_adzxvucuamonedjo.jpg,default
images_largescale/sun/images/sun_adzzbzjckazfadan.jpg,default
images_largescale/sun/images/sun_aeaajzhcnggfrgza.jpg,default
images_largescale/sun/images/sun_aeaanvktzkhgrqhq.jpg,default
images_largescale/sun/images/sun_aeaaujmspgscoptw.jpg,default
images_largescale/sun/images/sun_aeackotaqoucrzkn.jpg,default
images_largescale/sun/images/sun_aeaexssuisbotwzc.jpg,default
images_largescale/sun/images/sun_aeajxftukdbchtbz.jpg,default
images_largescale/sun/images/sun_aeanemrvecceddja.jpg,default
images_largescale/sun/images/sun_aeaqfuuzsgzdsjse.jpg,default
images_largescale/sun/images/sun_aeaqnsdfewyxqmar.jpg,default
images_largescale/sun/images/sun_aeatdazoxslbbbsx.jpg,default
images_largescale/sun/images/sun_aeayhractyzjrzyn.jpg,default
images_largescale/sun/images/sun_aebcnlovnxgozqrl.jpg,default
images_largescale/sun/images/sun_aebcvprafheupjve.jpg,default
images_largescale/sun/images/sun_aebnrouieiqtaiza.jpg,default
images_largescale/sun/images/sun_aebpfvwrssbndrcq.jpg,default
images_largescale/sun/images/sun_aebuhaxzlhzlvoqg.jpg,default
images_largescale/sun/images/sun_aecavaoalnakrvjb.jpg,default
images_largescale/sun/images/sun_aecgvwhbmuepsjxw.jpg,default
images_largescale/sun/images/sun_aecjyrgbcqrldspe.jpg,default
images_largescale/sun/images/sun_aecktgtnwhgrtbtg.jpg,default
images_largescale/sun/images/sun_aeckubnerywpegtq.jpg,default
images_largescale/sun/images/sun_aecomphekrehafyx.jpg,default
images_largescale/sun/images/sun_aecqfyczegjgvyth.jpg,default
images_largescale/sun/images/sun_aecwdftjrvtsixlj.jpg,default
images_largescale/sun/images/sun_aecyatmxxhmiaaww.jpg,default
images_largescale/sun/images/sun_aecydirryxzrzpvg.jpg,default
images_largescale/sun/images/sun_aedajndyipajaagy.jpg,default
images_largescale/sun/images/sun_aedivikatxmpaaqj.jpg,default
images_largescale/sun/images/sun_aedkwqixjaerbbtk.jpg,default
images_largescale/sun/images/sun_aedngosgxlpdsplt.jpg,default
images_largescale/sun/images/sun_aedoqxondjpzptwx.jpg,default
images_largescale/sun/images/sun_aedqxovwaczlehbd.jpg,default
images_largescale/sun/images/sun_aedsxrjlrkvzfozb.jpg,default
images_largescale/sun/images/sun_aedusjytfmttlemg.jpg,default
images_largescale/sun/images/sun_aeedjobpngpvfjip.jpg,default
images_largescale/sun/images/sun_aeedlmeabymdknvz.jpg,default
images_largescale/sun/images/sun_aeeezcsscrbqebjy.jpg,default
images_largescale/sun/images/sun_aeeghadhhuojbxox.jpg,default
images_largescale/sun/images/sun_aeegkzbkzupzmvlz.jpg,default
images_largescale/sun/images/sun_aeekglkkqlptxbfs.jpg,default
images_largescale/sun/images/sun_aeemyjkzcpnqcwkq.jpg,default
images_largescale/sun/images/sun_aeenuadngrixqinw.jpg,default
images_largescale/sun/images/sun_aeeqybezqcyadyzp.jpg,default
images_largescale/sun/images/sun_aeesprkjfzvoldqq.jpg,default
images_largescale/sun/images/sun_aeevojrozcqhtqgc.jpg,default
images_largescale/sun/images/sun_aefdogbwjyyanxct.jpg,default
images_largescale/sun/images/sun_aefhfsiglmpxhhdp.jpg,default
images_largescale/sun/images/sun_aefhlnsscvzwgofi.jpg,default
images_largescale/sun/images/sun_aefodhefydsxayjf.jpg,default
images_largescale/sun/images/sun_aefpfyqiqazckynr.jpg,default
images_largescale/sun/images/sun_aefvcfxbxkegchja.jpg,default
images_largescale/sun/images/sun_aegcavswijniwadn.jpg,default
images_largescale/sun/images/sun_aeglnxtxlevipkzh.jpg,default
images_largescale/sun/images/sun_aegmgqmzbgcbokcq.jpg,default
images_largescale/sun/images/sun_aegooqpfazcagbnr.jpg,default
images_largescale/sun/images/sun_aegtdbkgssvwuzea.jpg,default
images_largescale/sun/images/sun_aegxeepvrwckyors.jpg,default
images_largescale/sun/images/sun_aehapxorjpqhyhoq.jpg,default
images_largescale/sun/images/sun_aehdonfhjxfjnshr.jpg,default
images_largescale/sun/images/sun_aeherdtnoxxjvwsm.jpg,default
images_largescale/sun/images/sun_aehgfpdowkdiuagk.jpg,default
images_largescale/sun/images/sun_aehmglmultblsvct.jpg,default
images_largescale/sun/images/sun_aehoeqwxvoywqosv.jpg,default
images_largescale/sun/images/sun_aehpgxwdalhlfsis.jpg,default
images_largescale/sun/images/sun_aehqgzhqzrsiajsj.jpg,default
images_largescale/sun/images/sun_aeialzylyficklkc.jpg,default
images_largescale/sun/images/sun_aeibtveuyvpajrld.jpg,default
images_largescale/sun/images/sun_aeicebghaoidlpeu.jpg,default
images_largescale/sun/images/sun_aeikoeagpfoupsdd.jpg,default
images_largescale/sun/images/sun_aeirxlzqrhofozan.jpg,default
images_largescale/sun/images/sun_aeixslaookutvifa.jpg,default
images_largescale/sun/images/sun_aejcebvykjvhuget.jpg,default
images_largescale/sun/images/sun_aejrdvslnaxldzwl.jpg,default
images_largescale/sun/images/sun_aejtrjvkvpgafbkk.jpg,default
images_largescale/sun/images/sun_aejvxvyvqbeuqghj.jpg,default
images_largescale/sun/images/sun_aejxxkoceteddbva.jpg,default
images_largescale/sun/images/sun_aejymyoofopgdfpx.jpg,default
images_largescale/sun/images/sun_aekkynucosyodgdj.jpg,default
images_largescale/sun/images/sun_aeklnuruadlzojhv.jpg,default
images_largescale/sun/images/sun_aekneivmloizcuhy.jpg,default
images_largescale/sun/images/sun_aeknkvxbhohlcfkc.jpg,default
images_largescale/sun/images/sun_aeknotyhilylcxww.jpg,default
images_largescale/sun/images/sun_aekqozwxzzhxwdrd.jpg,default
images_largescale/sun/images/sun_aeksrxvuiewdslqd.jpg,default
images_largescale/sun/images/sun_aektqcutbgxdrhwu.jpg,default
images_largescale/sun/images/sun_aektukdkdwkumxaa.jpg,default
images_largescale/sun/images/sun_aekvflmggrktyosi.jpg,default
images_largescale/sun/images/sun_aelikoqdertbwulp.jpg,default
images_largescale/sun/images/sun_aellatipizmphwee.jpg,default
images_largescale/sun/images/sun_aelofybbgqagrmhj.jpg,default
images_largescale/sun/images/sun_aemhvbqdohnremkv.jpg,default
images_largescale/sun/images/sun_aemltyubcdmxluwx.jpg,default
images_largescale/sun/images/sun_aemmazujdefrinnb.jpg,default
images_largescale/sun/images/sun_aemochksbofzeqin.jpg,default
images_largescale/sun/images/sun_aemphghhpqrxhxbk.jpg,default
images_largescale/sun/images/sun_aendsxsqysoknyst.jpg,default
images_largescale/sun/images/sun_aenebdjfcqckuyyv.jpg,default
images_largescale/sun/images/sun_aenkarsijclzvano.jpg,default
images_largescale/sun/images/sun_aenmxkvpbeywuvyc.jpg,default
images_largescale/sun/images/sun_aennafxukhyubzwj.jpg,default
images_largescale/sun/images/sun_aenpffkmhizmmmti.jpg,default
images_largescale/sun/images/sun_aenxooxavycbwfye.jpg,default
images_largescale/sun/images/sun_aeocgaxsqmzgbzcs.jpg,default
images_largescale/sun/images/sun_aeogmzfcougxcsxs.jpg,default
images_largescale/sun/images/sun_aeomcgdpztpspspr.jpg,default
images_largescale/sun/images/sun_aeomewipwpnsxwjz.jpg,default
images_largescale/sun/images/sun_aeoykflucadwfzfp.jpg,default
images_largescale/sun/images/sun_aepjirweixbbclqy.jpg,default
images_largescale/sun/images/sun_aepoqjdmtftuozqg.jpg,default
images_largescale/sun/images/sun_aepzowbtvbuiutrz.jpg,default
images_largescale/sun/images/sun_aeqajukkoempbtag.jpg,default
images_largescale/sun/images/sun_aeqgvtthlloqhwbg.jpg,default
images_largescale/sun/images/sun_aeqhdtefbgszpzug.jpg,default
images_largescale/sun/images/sun_aeqkqoemhraamsxb.jpg,default
images_largescale/sun/images/sun_aeqnfovqwrqxdcmd.jpg,default
images_largescale/sun/images/sun_aeqvxsrjzbspqkaf.jpg,default
images_largescale/sun/images/sun_aeqyjojgnssikufr.jpg,default
images_largescale/sun/images/sun_aerhfzpivjajerqp.jpg,default
images_largescale/sun/images/sun_aerhomvtwjnyplai.jpg,default
images_largescale/sun/images/sun_aerhzjxwxhodfuxw.jpg,default
images_largescale/sun/images/sun_aerikalammjsuonf.jpg,default
images_largescale/sun/images/sun_aerlngktujurnvvd.jpg,default
images_largescale/sun/images/sun_aermylfjqkdyfriq.jpg,default
images_largescale/sun/images/sun_aeruxasuksjnolpw.jpg,default
images_largescale/sun/images/sun_aerwmaehscumivmx.jpg,default
images_largescale/sun/images/sun_aesahomxjbgsoeae.jpg,default
images_largescale/sun/images/sun_aesbhzhwqwrrrdxa.jpg,default
images_largescale/sun/images/sun_aesehwarihlybbck.jpg,default
images_largescale/sun/images/sun_aesfyfbnlwbwvqwq.jpg,default
images_largescale/sun/images/sun_aeshjgzocozmltqm.jpg,default
images_largescale/sun/images/sun_aesjnzdrdlhriwbt.jpg,default
images_largescale/sun/images/sun_aeskzrtbpqfjnucw.jpg,default
images_largescale/sun/images/sun_aeslrqbnpalzztyy.jpg,default
images_largescale/sun/images/sun_aesmryusdxtrdneu.jpg,default
images_largescale/sun/images/sun_aessfbweivxkonvs.jpg,default
images_largescale/sun/images/sun_aessoyrtzvlnplqu.jpg,default
images_largescale/sun/images/sun_aesuyabbpkktlgxv.jpg,default
images_largescale/sun/images/sun_aeswvtyqkhvasjui.jpg,default
images_largescale/sun/images/sun_aesztpkgrxeusozn.jpg,default
images_largescale/sun/images/sun_aetapihskrllrdnt.jpg,default
images_largescale/sun/images/sun_aetapzpldmivtwbm.jpg,default
images_largescale/sun/images/sun_aetbbttentekdgnx.jpg,default
images_largescale/sun/images/sun_aetcepzichvxyefa.jpg,default
images_largescale/sun/images/sun_aetchjryjltkywlr.jpg,default
images_largescale/sun/images/sun_aetmhfdbiwtuujka.jpg,default
images_largescale/sun/images/sun_aetnxsayzeaqjwpo.jpg,default
images_largescale/sun/images/sun_aetomywauqoczrlu.jpg,default
images_largescale/sun/images/sun_aetsnaaaktevckvo.jpg,default
images_largescale/sun/images/sun_aetzfhrufzcmrnjs.jpg,default
images_largescale/sun/images/sun_aeudvnhdaflommdn.jpg,default
images_largescale/sun/images/sun_aeufjrlyporculfz.jpg,default
images_largescale/sun/images/sun_aeugbuymlfksbpfy.jpg,default
images_largescale/sun/images/sun_aeugpsywnhwcqmyl.jpg,default
images_largescale/sun/images/sun_aeuhwstngingpcok.jpg,default
images_largescale/sun/images/sun_aeupwbzjhsfgqzrw.jpg,default
images_largescale/sun/images/sun_aeutzrcersvgvbbo.jpg,default
images_largescale/sun/images/sun_aevbbiqbsrvjiyvs.jpg,default
images_largescale/sun/images/sun_aevfixljncfawakv.jpg,default
images_largescale/sun/images/sun_aevhxyosszawcwkp.jpg,default
images_largescale/sun/images/sun_aevlcizinwylhwol.jpg,default
images_largescale/sun/images/sun_aevquizefsmadyjq.jpg,default
images_largescale/sun/images/sun_aewbopkhoqojnovi.jpg,default
images_largescale/sun/images/sun_aewfqtdyarcbavrk.jpg,default
images_largescale/sun/images/sun_aewjlyqmtwhkywch.jpg,default
images_largescale/sun/images/sun_aewqbfumexhhkqvz.jpg,default
images_largescale/sun/images/sun_aewtvalbahiaxsyf.jpg,default
images_largescale/sun/images/sun_aewuyhusgzwhdtbn.jpg,default
images_largescale/sun/images/sun_aewxjertzpnetxsb.jpg,default
images_largescale/sun/images/sun_aewxwgklrzzknfsl.jpg,default
images_largescale/sun/images/sun_aewykykhdfyrvpqj.jpg,default
images_largescale/sun/images/sun_aexanwgfjsfijyaa.jpg,default
images_largescale/sun/images/sun_aexffwuthnocapjv.jpg,default
images_largescale/sun/images/sun_aexijyvcvkcljkdv.jpg,default
images_largescale/sun/images/sun_aexinqkvwqbojfrq.jpg,default
images_largescale/sun/images/sun_aexjorillmyfheym.jpg,default
images_largescale/sun/images/sun_aexkwvqjcpgmgvug.jpg,default
images_largescale/sun/images/sun_aexkzdpgihnucllw.jpg,default
images_largescale/sun/images/sun_aexltwrcspiadblf.jpg,default
images_largescale/sun/images/sun_aexmlggwjjvdhcjs.jpg,default
images_largescale/sun/images/sun_aexoueedvqqspgeq.jpg,default
images_largescale/sun/images/sun_aexrahannecqdkfz.jpg,default
images_largescale/sun/images/sun_aexscdkjkitwacrr.jpg,default
images_largescale/sun/images/sun_aexuhzypmboredqt.jpg,default
images_largescale/sun/images/sun_aexwsyjoltpjmyod.jpg,default
images_largescale/sun/images/sun_aexxaewqgjqscpcr.jpg,default
images_largescale/sun/images/sun_aeyexihuvgztcnjo.jpg,default
images_largescale/sun/images/sun_aeyfrtphzylshcwf.jpg,default
images_largescale/sun/images/sun_aeyhrsuhwaxorvkw.jpg,default
images_largescale/sun/images/sun_aeylbfnegowwfuwh.jpg,default
images_largescale/sun/images/sun_aeylitslkauqmnqw.jpg,default
images_largescale/sun/images/sun_aeylqprygppntxgt.jpg,default
images_largescale/sun/images/sun_aeynjopayoilqlfw.jpg,default
images_largescale/sun/images/sun_aeysarkarsqmuarj.jpg,default
images_largescale/sun/images/sun_aeytjmkfjgpusgcj.jpg,default
images_largescale/sun/images/sun_aeywigdwnjpmndpo.jpg,default
images_largescale/sun/images/sun_aezcbimpejuckodg.jpg,default
images_largescale/sun/images/sun_aezcfrzqubvziqhg.jpg,default
images_largescale/sun/images/sun_aezdprfjqodhogxz.jpg,default
images_largescale/sun/images/sun_aezgbkxdmdzodpfc.jpg,default
images_largescale/sun/images/sun_aezkrklzfarorihm.jpg,default
images_largescale/sun/images/sun_aezlcpiiixquwunh.jpg,default
images_largescale/sun/images/sun_aezoguozwuvllpdu.jpg,default
images_largescale/sun/images/sun_aezonpyfwpxmlyrn.jpg,default
images_largescale/sun/images/sun_aezqjpcatvtvsgqx.jpg,default
images_largescale/sun/images/sun_aezrbpcfbevhosxg.jpg,default
images_largescale/sun/images/sun_aezrznizotvxfqwk.jpg,default
images_largescale/sun/images/sun_aezydwnpmitgilfk.jpg,default
images_largescale/sun/images/sun_afadjbpibpixnuwl.jpg,default
images_largescale/sun/images/sun_afaltsjxejuvzogo.jpg,default
images_largescale/sun/images/sun_afaojmqpwmjsiafp.jpg,default
images_largescale/sun/images/sun_afarsoaylhfguowt.jpg,default
images_largescale/sun/images/sun_afastfqhxowdlkai.jpg,default
images_largescale/sun/images/sun_afbcjrvattomipgv.jpg,default
images_largescale/sun/images/sun_afbeggmohggmwikl.jpg,default
images_largescale/sun/images/sun_afbicrcxzssbhbir.jpg,default
images_largescale/sun/images/sun_afbjcajrwxczbdzq.jpg,default
images_largescale/sun/images/sun_afbkjqtrvgldvwqp.jpg,default
images_largescale/sun/images/sun_afbmmsisxsuvzoqc.jpg,default
images_largescale/sun/images/sun_afbnrhlckndpkcdb.jpg,default
images_largescale/sun/images/sun_afbqwgqvkjabhowa.jpg,default
images_largescale/sun/images/sun_afbsfeexggdhzshd.jpg,default
images_largescale/sun/images/sun_afbwubgixerlfghq.jpg,default
images_largescale/sun/images/sun_afbzusdtdjidpcud.jpg,default
images_largescale/sun/images/sun_afcawgalsmianwcp.jpg,default
images_largescale/sun/images/sun_afcbbjcuoqxfxzqs.jpg,default
images_largescale/sun/images/sun_afcbziqjyzkcshyd.jpg,default
images_largescale/sun/images/sun_afcdgsnhthhfpfzy.jpg,default
images_largescale/sun/images/sun_afchrpksxdivbcxv.jpg,default
images_largescale/sun/images/sun_afcprxjvhlajsnss.jpg,default
images_largescale/sun/images/sun_afcpzjbsulxfrnrh.jpg,default
images_largescale/sun/images/sun_afcqgkfhcrarbusm.jpg,default
images_largescale/sun/images/sun_afcwswyirxranrbh.jpg,default
images_largescale/sun/images/sun_afdaynbvsppiyvxm.jpg,default
images_largescale/sun/images/sun_afdffxayukcnmjti.jpg,default
images_largescale/sun/images/sun_afdglfvfgxhjtaky.jpg,default
images_largescale/sun/images/sun_afdipntneuszomwh.jpg,default
images_largescale/sun/images/sun_afdnzhuqaqofkprz.jpg,default
images_largescale/sun/images/sun_afdouwiuyaaykaor.jpg,default
images_largescale/sun/images/sun_afdulyhfatjjtvyj.jpg,default
images_largescale/sun/images/sun_afedpuqilxkqttsf.jpg,default
images_largescale/sun/images/sun_afegpgfimnsyrutl.jpg,default
images_largescale/sun/images/sun_afemgmuqoazuvzgd.jpg,default
images_largescale/sun/images/sun_afengwrmvrwougty.jpg,default
images_largescale/sun/images/sun_afevmzqjkgcxqsxn.jpg,default
images_largescale/sun/images/sun_afewkspjbxdkkrgu.jpg,default
images_largescale/sun/images/sun_afezgglwvtddknso.jpg,default
images_largescale/sun/images/sun_afezioxkhqsfcgpb.jpg,default
images_largescale/sun/images/sun_afezricptqyijjur.jpg,default
images_largescale/sun/images/sun_affakcmrcswctmoq.jpg,default
images_largescale/sun/images/sun_affdjfcxewpzjzsu.jpg,default
images_largescale/sun/images/sun_affdwozccadqbydd.jpg,default
images_largescale/sun/images/sun_afferxhafrjnpuri.jpg,default
images_largescale/sun/images/sun_afffezrdnbguxlgg.jpg,default
images_largescale/sun/images/sun_afffzycmvqckiuwj.jpg,default
images_largescale/sun/images/sun_affigwpkgifytnuy.jpg,default
images_largescale/sun/images/sun_affnymzswtzkrujb.jpg,default
images_largescale/sun/images/sun_affplpjpqldynzmt.jpg,default
images_largescale/sun/images/sun_affqedumnyoalmru.jpg,default
images_largescale/sun/images/sun_afgbbljicvvzmlyh.jpg,default
images_largescale/sun/images/sun_afgctkfyuosvlyey.jpg,default
images_largescale/sun/images/sun_afgcvtijkotikhvx.jpg,default
images_largescale/sun/images/sun_afgfbvsvldxvpimj.jpg,default
images_largescale/sun/images/sun_afglkspaugilqjvh.jpg,default
images_largescale/sun/images/sun_afgnsomyqopmeckq.jpg,default
images_largescale/sun/images/sun_afgowtkcyvyoywrj.jpg,default
images_largescale/sun/images/sun_afgtvfdegvmxduxs.jpg,default
images_largescale/sun/images/sun_afgxcbdwiglvvzlt.jpg,default
images_largescale/sun/images/sun_afgyyjqrotuxyaxm.jpg,default
images_largescale/sun/images/sun_afhagvtspzxkrens.jpg,default
images_largescale/sun/images/sun_afhewpcsooivmajn.jpg,default
images_largescale/sun/images/sun_afhgagqbkgfzavwl.jpg,default
images_largescale/sun/images/sun_afhigdnydjarapij.jpg,default
images_largescale/sun/images/sun_afhjfsoanlfmyyou.jpg,default
images_largescale/sun/images/sun_afhkdvryuyyjsafb.jpg,default
images_largescale/sun/images/sun_afhrysfvakkzzgin.jpg,default
images_largescale/sun/images/sun_afhvslkvcsiauvkm.jpg,default
images_largescale/sun/images/sun_afhvvwgvxxjrctil.jpg,default
images_largescale/sun/images/sun_aficgqsricqebzxb.jpg,default
images_largescale/sun/images/sun_afifqficzszgemil.jpg,default
images_largescale/sun/images/sun_afijjzyziczoqdhz.jpg,default
images_largescale/sun/images/sun_afinmakjhofvvybt.jpg,default
images_largescale/sun/images/sun_afiqewzjnikytevw.jpg,default
images_largescale/sun/images/sun_afirahbsfbhjovyq.jpg,default
images_largescale/sun/images/sun_afixufylhcaenkfm.jpg,default
images_largescale/sun/images/sun_afjcnspehuoftmyh.jpg,default
images_largescale/sun/images/sun_afjdwljgansjhvbq.jpg,default
images_largescale/sun/images/sun_afjiurgglwftitmo.jpg,default
images_largescale/sun/images/sun_afjixgqibgpfwxuw.jpg,default
images_largescale/sun/images/sun_afjlausihsodnvrl.jpg,default
images_largescale/sun/images/sun_afjsdqvzxdxcmraz.jpg,default
images_largescale/sun/images/sun_afjstzcvukqduypg.jpg,default
images_largescale/sun/images/sun_afjtgmhvbshntpbl.jpg,default
images_largescale/sun/images/sun_afjurpopkjilaeec.jpg,default
images_largescale/sun/images/sun_afjxqaxhirjblfsw.jpg,default
images_largescale/sun/images/sun_afjyijsdqpcdnjoq.jpg,default
images_largescale/sun/images/sun_afjzkjcwcpdlhioc.jpg,default
images_largescale/sun/images/sun_afkffvlxattiopeq.jpg,default
images_largescale/sun/images/sun_afkfpfcdesbszufn.jpg,default
images_largescale/sun/images/sun_afkiwejjphaiqzlc.jpg,default
images_largescale/sun/images/sun_afknhoxoxepsyzku.jpg,default
images_largescale/sun/images/sun_afkunkyicismeqsr.jpg,default
images_largescale/sun/images/sun_afkuqtjwzbjxxmnf.jpg,default
images_largescale/sun/images/sun_afkxrvagfqtynviy.jpg,default
images_largescale/sun/images/sun_afkxwauhpwpsrthq.jpg,default
images_largescale/sun/images/sun_afkxxcgwcfczxojn.jpg,default
images_largescale/sun/images/sun_afleuzuthnggxrkt.jpg,default
images_largescale/sun/images/sun_afllxcwihpqkexrf.jpg,default
images_largescale/sun/images/sun_aflojskatpeqyzqp.jpg,default
images_largescale/sun/images/sun_aflpogjifbygjslu.jpg,default
images_largescale/sun/images/sun_aflsdsqezpztmvqt.jpg,default
images_largescale/sun/images/sun_aflsqffyuwdutzaj.jpg,default
images_largescale/sun/images/sun_aflsxnghfjjquzpl.jpg,default
images_largescale/sun/images/sun_aflukaskgpfiplje.jpg,default
images_largescale/sun/images/sun_aflyvpmotcjvjmwt.jpg,default
images_largescale/sun/images/sun_afmblyumohrfkngc.jpg,default
images_largescale/sun/images/sun_afmebgqaojhrpnon.jpg,default
images_largescale/sun/images/sun_afmgzsqpwsfogicq.jpg,default
images_largescale/sun/images/sun_afmmqzzvvezqnrth.jpg,default
images_largescale/sun/images/sun_afmsvfapgepeadxd.jpg,default
images_largescale/sun/images/sun_afmuxeixzwqidgkk.jpg,default
images_largescale/sun/images/sun_afmwkexqmlinhgak.jpg,default
images_largescale/sun/images/sun_afmyjihuhlsptvfp.jpg,default
images_largescale/sun/images/sun_afnafgstcduncdkn.jpg,default
images_largescale/sun/images/sun_afnaouqvuncqwnas.jpg,default
images_largescale/sun/images/sun_afnezlyrmmdropae.jpg,default
images_largescale/sun/images/sun_afnfzvnzcnqhmqrp.jpg,default
images_largescale/sun/images/sun_afnhqsvitfkwavgx.jpg,default
images_largescale/sun/images/sun_afnmfbppdjaptjiv.jpg,default
images_largescale/sun/images/sun_afnpyiyiuxlrnnly.jpg,default
images_largescale/sun/images/sun_afnxanhvkofuxwte.jpg,default
images_largescale/sun/images/sun_afnxmrfoeeeowcqu.jpg,default
images_largescale/sun/images/sun_afnzeznffjvfsamu.jpg,default
images_largescale/sun/images/sun_afnzgeuwnkkrarpk.jpg,default
images_largescale/sun/images/sun_afoambnkjvcbbtkx.jpg,default
images_largescale/sun/images/sun_afofmwjyfklgpalb.jpg,default
images_largescale/sun/images/sun_afojpvrlsrtfyzio.jpg,default
images_largescale/sun/images/sun_afollsviyjhjwhbr.jpg,default
images_largescale/sun/images/sun_afomzewsuamngxds.jpg,default
images_largescale/sun/images/sun_afopyurpnywisbmw.jpg,default
images_largescale/sun/images/sun_afoxjfujtkgqpije.jpg,default
images_largescale/sun/images/sun_afoyuuveywzdhauu.jpg,default
images_largescale/sun/images/sun_afozovzfqstnjuxa.jpg,default
images_largescale/sun/images/sun_afozwocnwezpughq.jpg,default
images_largescale/sun/images/sun_afpblugbejpzzszg.jpg,default
images_largescale/sun/images/sun_afpcrcrhgjwkgdcx.jpg,default
images_largescale/sun/images/sun_afpgcrywnwidvycn.jpg,default
images_largescale/sun/images/sun_afpgphrzsbeqlsrv.jpg,default
images_largescale/sun/images/sun_afpnmxpubeyaukzf.jpg,default
images_largescale/sun/images/sun_afpnqehwapeidjtp.jpg,default
images_largescale/sun/images/sun_afpoilmnyscjwumw.jpg,default
images_largescale/sun/images/sun_afpozhibaesbaurc.jpg,default
images_largescale/sun/images/sun_afppljubdfqbwpro.jpg,default
images_largescale/sun/images/sun_afpqtcedifxpztdw.jpg,default
images_largescale/sun/images/sun_afpqubxfwifldqao.jpg,default
images_largescale/sun/images/sun_afprvphobqvkznoz.jpg,default
images_largescale/sun/images/sun_afqdxcsobapxzyxs.jpg,default
images_largescale/sun/images/sun_afqgbxrmirjsvmid.jpg,default
images_largescale/sun/images/sun_afqmwcxyehkptkzm.jpg,default
images_largescale/sun/images/sun_afqnohlpfocenbtn.jpg,default
images_largescale/sun/images/sun_afqnqejevdtzgdzo.jpg,default
images_largescale/sun/images/sun_afqohzoeoykxtfdb.jpg,default
images_largescale/sun/images/sun_afqrqaijzdwdijpt.jpg,default
images_largescale/sun/images/sun_afqsriblftakxnad.jpg,default
images_largescale/sun/images/sun_afqsyotnweibfvxd.jpg,default
images_largescale/sun/images/sun_afqtsivgxsxbjlok.jpg,default
images_largescale/sun/images/sun_afqvyxtbphmgnxxj.jpg,default
images_largescale/sun/images/sun_afqzniedvgxpgnhu.jpg,default
images_largescale/sun/images/sun_afqzzulxghreggeu.jpg,default
images_largescale/sun/images/sun_afrftdmnxihgehlm.jpg,default
images_largescale/sun/images/sun_afrhybpidmtotzmo.jpg,default
images_largescale/sun/images/sun_afrlcgvoxflicqrj.jpg,default
images_largescale/sun/images/sun_afrmxbpreftioliy.jpg,default
images_largescale/sun/images/sun_afrntypyqcenifoi.jpg,default
images_largescale/sun/images/sun_afrnucraiqbxseae.jpg,default
images_largescale/sun/images/sun_afrshcqxwctwtokz.jpg,default
images_largescale/sun/images/sun_afrtbgvmxhgzjaww.jpg,default
images_largescale/sun/images/sun_afrydunciubzcegp.jpg,default
images_largescale/sun/images/sun_afrznpcsbakqcuvv.jpg,default
images_largescale/sun/images/sun_afrzwkmkoohwxyxj.jpg,default
images_largescale/sun/images/sun_afsjpteynazhmmpj.jpg,default
images_largescale/sun/images/sun_afspzumcwogslezj.jpg,default
images_largescale/sun/images/sun_afsrliaohrhjvdjk.jpg,default
images_largescale/sun/images/sun_afstsgrfidnplnaj.jpg,default
images_largescale/sun/images/sun_afsvmhjhzfuawyox.jpg,default
images_largescale/sun/images/sun_afswpwhtjosxgjly.jpg,default
images_largescale/sun/images/sun_afsyjbljissbxkdd.jpg,default
images_largescale/sun/images/sun_afszewifttbkkmhp.jpg,default
images_largescale/sun/images/sun_aftdtzzskxflvuig.jpg,default
images_largescale/sun/images/sun_aftfwqztcdyulcfl.jpg,default
images_largescale/sun/images/sun_aftgpraajzrmvwop.jpg,default
images_largescale/sun/images/sun_aftprpqruvljmgdi.jpg,default
images_largescale/sun/images/sun_aftrtgspspyuoudr.jpg,default
images_largescale/sun/images/sun_afttntttyuqtauoj.jpg,default
images_largescale/sun/images/sun_aftvimzyspwswykq.jpg,default
images_largescale/sun/images/sun_afuelbtdykpjzexe.jpg,default
images_largescale/sun/images/sun_afufeysqtftjmfuy.jpg,default
images_largescale/sun/images/sun_afufwbvsmoztezgw.jpg,default
images_largescale/sun/images/sun_afulkpfqvszqgdqh.jpg,default
images_largescale/sun/images/sun_afunhjffaewoaygr.jpg,default
images_largescale/sun/images/sun_afuprzjhlakiwhxc.jpg,default
images_largescale/sun/images/sun_afuwmavnefycpnys.jpg,default
images_largescale/sun/images/sun_afvaccevsckcdkkj.jpg,default
images_largescale/sun/images/sun_afvgaydjuzjjqoqc.jpg,default
images_largescale/sun/images/sun_afvjmcszbcwjohfj.jpg,default
images_largescale/sun/images/sun_afvnshadgqhfhcqc.jpg,default
images_largescale/sun/images/sun_afvozdbicsisrmod.jpg,default
images_largescale/sun/images/sun_afvpoelegeuslizi.jpg,default
images_largescale/sun/images/sun_afvqegyesltgfekn.jpg,default
images_largescale/sun/images/sun_afvsswueofcfeoqs.jpg,default
images_largescale/sun/images/sun_afvvtqkhgklouxwf.jpg,default
images_largescale/sun/images/sun_afvwfwcpientyjsw.jpg,default
images_largescale/sun/images/sun_afvxhbefmwharpzg.jpg,default
images_largescale/sun/images/sun_afvylhdjvekwelyi.jpg,default
images_largescale/sun/images/sun_afvzrpscrrlabozq.jpg,default
images_largescale/sun/images/sun_afwbmwegcafqnbcv.jpg,default
images_largescale/sun/images/sun_afwcfmeiwspsqkdn.jpg,default
images_largescale/sun/images/sun_afweermgnkfuhcnl.jpg,default
images_largescale/sun/images/sun_afwjkvosetzkjcic.jpg,default
images_largescale/sun/images/sun_afwjvahrkautiafm.jpg,default
images_largescale/sun/images/sun_afwlbcmnnckrxobl.jpg,default
images_largescale/sun/images/sun_afwmfngkxlpspohn.jpg,default
images_largescale/sun/images/sun_afwnqhszcbmmgfxp.jpg,default
images_largescale/sun/images/sun_afwrdxshqwsbwwqa.jpg,default
images_largescale/sun/images/sun_afwswdfhqsgcycux.jpg,default
images_largescale/sun/images/sun_afwtjfnlmpekhiub.jpg,default
images_largescale/sun/images/sun_afwtkwedcyaybmcd.jpg,default
images_largescale/sun/images/sun_afwvigotucmxntpi.jpg,default
images_largescale/sun/images/sun_afwyasocmvnfbtni.jpg,default
images_largescale/sun/images/sun_afwyslubuhvpxlta.jpg,default
images_largescale/sun/images/sun_afwyxdxheffelwew.jpg,default
images_largescale/sun/images/sun_afwzalnoqqvrboys.jpg,default
images_largescale/sun/images/sun_afxaxnnxqzcicafk.jpg,default
images_largescale/sun/images/sun_afxazojzimvqhuve.jpg,default
images_largescale/sun/images/sun_afxhfhufkokokjct.jpg,default
images_largescale/sun/images/sun_afxixnxcvgghftuw.jpg,default
images_largescale/sun/images/sun_afxnbbpeooqfqyea.jpg,default
images_largescale/sun/images/sun_afxnflmimzuzzzbb.jpg,default
images_largescale/sun/images/sun_afxnftrhigdckaaa.jpg,default
images_largescale/sun/images/sun_afxnvoiglibepsfw.jpg,default
images_largescale/sun/images/sun_afxpojflxdqrzchu.jpg,default
images_largescale/sun/images/sun_afxqmketxquqoquo.jpg,default
images_largescale/sun/images/sun_afxxrahijmwbrmfe.jpg,default
images_largescale/sun/images/sun_afybdrsfxcvfnwwv.jpg,default
images_largescale/sun/images/sun_afyczgnfyhrfyjjj.jpg,default
images_largescale/sun/images/sun_afylxutjowfbrcyz.jpg,default
images_largescale/sun/images/sun_afypllzonqjfetkd.jpg,default
images_largescale/sun/images/sun_afyrgaaayyvifans.jpg,default
images_largescale/sun/images/sun_afyrjrahtzrmyppt.jpg,default
images_largescale/sun/images/sun_afyzyxbipruumlia.jpg,default
images_largescale/sun/images/sun_afzchmomnvzhbxdg.jpg,default
images_largescale/sun/images/sun_afzdegvxahiamkuw.jpg,default
images_largescale/sun/images/sun_afzdurixkybkmlmp.jpg,default
images_largescale/sun/images/sun_afzfvstbnzxzvhep.jpg,default
images_largescale/sun/images/sun_afzggydvkfjpqrno.jpg,default
images_largescale/sun/images/sun_afzhshjjojqermqf.jpg,default
images_largescale/sun/images/sun_afzkboeueetycdaa.jpg,default
images_largescale/sun/images/sun_afzpkqnqyawwsxbb.jpg,default
images_largescale/sun/images/sun_afzqnfkvuumrowib.jpg,default
images_largescale/sun/images/sun_agadveshuygeffkr.jpg,default
images_largescale/sun/images/sun_agamrwkzoekybuim.jpg,default
images_largescale/sun/images/sun_aganutlwmruufhhi.jpg,default
images_largescale/sun/images/sun_agaqfmzbvvklorsd.jpg,default
images_largescale/sun/images/sun_agaqzbzxavivjzcd.jpg,default
images_largescale/sun/images/sun_agaqzpqhbcmmvisy.jpg,default
images_largescale/sun/images/sun_agaympdvmgydapbr.jpg,default
images_largescale/sun/images/sun_agazizfobtfwzteo.jpg,default
images_largescale/sun/images/sun_agbkgladwjirilip.jpg,default
images_largescale/sun/images/sun_agbldhcoieaqxqtm.jpg,default
images_largescale/sun/images/sun_agbuuuewrxnzafng.jpg,default
images_largescale/sun/images/sun_agbwmbxnltdumeij.jpg,default
images_largescale/sun/images/sun_agbyhvwkgetbjmmm.jpg,default
images_largescale/sun/images/sun_agbzgmnnwjalxxky.jpg,default
images_largescale/sun/images/sun_agcbuglaxhouzcnc.jpg,default
images_largescale/sun/images/sun_agcdswatrpiarkpi.jpg,default
images_largescale/sun/images/sun_agcfctbkefnoasmy.jpg,default
images_largescale/sun/images/sun_agciwaxjigrlwsre.jpg,default
images_largescale/sun/images/sun_agcjeorkqregzcfo.jpg,default
images_largescale/sun/images/sun_agckfaqxnmfuttii.jpg,default
images_largescale/sun/images/sun_agcltribchciyqbe.jpg,default
images_largescale/sun/images/sun_agcmggjkxtmotith.jpg,default
images_largescale/sun/images/sun_agcmpofnawgyraxw.jpg,default
images_largescale/sun/images/sun_agcnkckwtgjyawhq.jpg,default
images_largescale/sun/images/sun_agcnocyzmizchnad.jpg,default
images_largescale/sun/images/sun_agcnsieabqwaewun.jpg,default
images_largescale/sun/images/sun_agcpaanxqtjxatsv.jpg,default
images_largescale/sun/images/sun_agcptprefjbzkrps.jpg,default
images_largescale/sun/images/sun_agcspevbadbydrhg.jpg,default
images_largescale/sun/images/sun_agcsqthkvsbrzpgg.jpg,default
images_largescale/sun/images/sun_agcsrdwupaoanjlp.jpg,default
images_largescale/sun/images/sun_agcyedsuxpawifls.jpg,default
images_largescale/sun/images/sun_agdidzgcjqixbohg.jpg,default
images_largescale/sun/images/sun_agdizxwxwcyqunta.jpg,default
images_largescale/sun/images/sun_agdjkubvzjhgtuul.jpg,default
images_largescale/sun/images/sun_agdltisdhpqzajce.jpg,default
images_largescale/sun/images/sun_agdnxdegjdlncwff.jpg,default
images_largescale/sun/images/sun_agdoqcutgbttruhx.jpg,default
images_largescale/sun/images/sun_agdowexlavqcprzz.jpg,default
images_largescale/sun/images/sun_agdydovhcthdbfuu.jpg,default
images_largescale/sun/images/sun_ageetuvuhnrpoglg.jpg,default
images_largescale/sun/images/sun_agehvlhnnzinofnp.jpg,default
images_largescale/sun/images/sun_agemdjdzgsaashhk.jpg,default
images_largescale/sun/images/sun_agemqswtqpaumisk.jpg,default
images_largescale/sun/images/sun_agenioneoaishiyg.jpg,default
images_largescale/sun/images/sun_ageuervftigfuiey.jpg,default
images_largescale/sun/images/sun_agewmeasxmzncpsq.jpg,default
images_largescale/sun/images/sun_agfbkbgqhvzmnbos.jpg,default
images_largescale/sun/images/sun_agfdrmftdzokxtnc.jpg,default
images_largescale/sun/images/sun_agfdschwpjnvdspa.jpg,default
images_largescale/sun/images/sun_agfepmviijelomju.jpg,default
images_largescale/sun/images/sun_agfhmkrkbwcxjujf.jpg,default
images_largescale/sun/images/sun_agfyvgjjrsvcyfrk.jpg,default
images_largescale/sun/images/sun_aggahpkhygfjqqgz.jpg,default
images_largescale/sun/images/sun_aggaudeghabkxemf.jpg,default
images_largescale/sun/images/sun_aggeejnnvifunlns.jpg,default
images_largescale/sun/images/sun_aggfowjpvviyezvb.jpg,default
images_largescale/sun/images/sun_aggkrctdrpqhfpwc.jpg,default
images_largescale/sun/images/sun_agglqsogjliamazl.jpg,default
images_largescale/sun/images/sun_aggnyuioecgstvee.jpg,default
images_largescale/sun/images/sun_aggpnmjzyopfvkxd.jpg,default
images_largescale/sun/images/sun_aggsvevtolyrapjm.jpg,default
images_largescale/sun/images/sun_aggtrnvkcxdbblvw.jpg,default
images_largescale/sun/images/sun_aghalhvtpjtkatqc.jpg,default
images_largescale/sun/images/sun_aghcxbzinxkqdans.jpg,default
images_largescale/sun/images/sun_aghdyeydhacmdkae.jpg,default
images_largescale/sun/images/sun_aghgnaxbqsiwukrq.jpg,default
images_largescale/sun/images/sun_aghkmbqrsfmpshxw.jpg,default
images_largescale/sun/images/sun_aghlchraqtjjniap.jpg,default
images_largescale/sun/images/sun_aghvqopyxiqrebgw.jpg,default
images_largescale/sun/images/sun_aghwkvjgfrywsdwp.jpg,default
images_largescale/sun/images/sun_aghzfpeusnbwwjcp.jpg,default
images_largescale/sun/images/sun_agidhetfqdpcsxkj.jpg,default
images_largescale/sun/images/sun_agidoefptvwlqlap.jpg,default
images_largescale/sun/images/sun_agigijxxrrlzbczt.jpg,default
images_largescale/sun/images/sun_agihdmnadqgballp.jpg,default
images_largescale/sun/images/sun_agijnduskaqzcqjt.jpg,default
images_largescale/sun/images/sun_agikppzmlldwspas.jpg,default
images_largescale/sun/images/sun_agilnxmhwjsfazxv.jpg,default
images_largescale/sun/images/sun_agiqjndggekaocra.jpg,default
images_largescale/sun/images/sun_agisianmfwlgcrqe.jpg,default
images_largescale/sun/images/sun_agitpljakcpbgteh.jpg,default
images_largescale/sun/images/sun_agiwkfikxjnfwllf.jpg,default
images_largescale/sun/images/sun_agixetllrwxjrpdv.jpg,default
images_largescale/sun/images/sun_agixllqdggtcvfjg.jpg,default
images_largescale/sun/images/sun_agiyluxegpirbhrp.jpg,default
images_largescale/sun/images/sun_agiyxkdghxdsrpna.jpg,default
images_largescale/sun/images/sun_agizmkuapbkhxqzr.jpg,default
images_largescale/sun/images/sun_agjaztynzwozfcol.jpg,default
images_largescale/sun/images/sun_agjbsqftqfbewrqh.jpg,default
images_largescale/sun/images/sun_agjisqfvruxsrgrk.jpg,default
images_largescale/sun/images/sun_agjiuwqvjcadvqrw.jpg,default
images_largescale/sun/images/sun_agjszynbpzhupawr.jpg,default
images_largescale/sun/images/sun_agjwmwyktbyoiumh.jpg,default
images_largescale/sun/images/sun_agjzzzedpwdeiyqr.jpg,default
images_largescale/sun/images/sun_agkaqisoznslwilz.jpg,default
images_largescale/sun/images/sun_agkbqjqeeklfyyeh.jpg,default
images_largescale/sun/images/sun_agkkbehrjifzxugx.jpg,default
images_largescale/sun/images/sun_agksuptuqrayarek.jpg,default
images_largescale/sun/images/sun_agkwhhxcnkdnemap.jpg,default
images_largescale/sun/images/sun_agkxqufbbpamgozh.jpg,default
images_largescale/sun/images/sun_agkyuujpyldusfdo.jpg,default
images_largescale/sun/images/sun_aglhaxdwddxsxeeh.jpg,default
images_largescale/sun/images/sun_agljjzgzdfahhtoq.jpg,default
images_largescale/sun/images/sun_agmdsnlvwtcqbjtl.jpg,default
images_largescale/sun/images/sun_agmklurggoatzncs.jpg,default
images_largescale/sun/images/sun_agmncjmjwolbqgdd.jpg,default
images_largescale/sun/images/sun_agmnivymhatnutjc.jpg,default
images_largescale/sun/images/sun_agmohmvozjmbxetk.jpg,default
images_largescale/sun/images/sun_agmpjbcgtxorfoqs.jpg,default
images_largescale/sun/images/sun_agmsgcsutavetstn.jpg,default
images_largescale/sun/images/sun_agmtkasbnxdbywbv.jpg,default
images_largescale/sun/images/sun_agmwieejpagdavye.jpg,default
images_largescale/sun/images/sun_agmzrgigiokkwetw.jpg,default
images_largescale/sun/images/sun_agnhycplecfvqqym.jpg,default
images_largescale/sun/images/sun_agnnkatzmvzohjcf.jpg,default
images_largescale/sun/images/sun_agnvbaxppmkhgxvb.jpg,default
images_largescale/sun/images/sun_agnyoddujxijtbsa.jpg,default
images_largescale/sun/images/sun_agogiupccjnrjuue.jpg,default
images_largescale/sun/images/sun_agogpnorfftbqxzn.jpg,default
images_largescale/sun/images/sun_agojeoiyczsgnqtp.jpg,default
images_largescale/sun/images/sun_agojinvxqqcvajid.jpg,default
images_largescale/sun/images/sun_agolreejblugpbjs.jpg,default
images_largescale/sun/images/sun_agonaewcxqzglctb.jpg,default
images_largescale/sun/images/sun_agoqyfqpkveruxen.jpg,default
images_largescale/sun/images/sun_agoxaajztfppthlc.jpg,default
images_largescale/sun/images/sun_agozzhbcnitqyxdv.jpg,default
images_largescale/sun/images/sun_agpcwfkfddyvygcn.jpg,default
images_largescale/sun/images/sun_agpibajjtefzooeg.jpg,default
images_largescale/sun/images/sun_agpkgpdcydexldqm.jpg,default
images_largescale/sun/images/sun_agplxkgpnbjjdvto.jpg,default
images_largescale/sun/images/sun_agpmtbgbzdxefeqj.jpg,default
images_largescale/sun/images/sun_agpssiplurhagemr.jpg,default
images_largescale/sun/images/sun_agpvigtqjmmxbzwp.jpg,default
images_largescale/sun/images/sun_agpwmytrgotuwsyq.jpg,default
images_largescale/sun/images/sun_agpysxgkeqxnuemb.jpg,default
images_largescale/sun/images/sun_agpzmjarlewgasla.jpg,default
images_largescale/sun/images/sun_agpzozjhomktmufx.jpg,default
images_largescale/sun/images/sun_agpzycojsnsqsgse.jpg,default
images_largescale/sun/images/sun_agqdjnnfbgkosqgb.jpg,default
images_largescale/sun/images/sun_agqfrqikczlpwfyd.jpg,default
images_largescale/sun/images/sun_agqnbadnoosjkmyc.jpg,default
images_largescale/sun/images/sun_agqpajtgxiughpge.jpg,default
images_largescale/sun/images/sun_agqwgqtzidouxtwe.jpg,default
images_largescale/sun/images/sun_agqzpwvtcowssfih.jpg,default
images_largescale/sun/images/sun_agraqtikapdmnsbs.jpg,default
images_largescale/sun/images/sun_agrjyitkqultlzaa.jpg,default
images_largescale/sun/images/sun_agrkvysjmchsoquy.jpg,default
images_largescale/sun/images/sun_agrvaanoekjqdrbl.jpg,default
images_largescale/sun/images/sun_agrzxdnohrgqwjnq.jpg,default
images_largescale/sun/images/sun_agsblffhihnrudsf.jpg,default
images_largescale/sun/images/sun_agsbwvpywklycnln.jpg,default
images_largescale/sun/images/sun_agsebnpwdicegfhm.jpg,default
images_largescale/sun/images/sun_agsgpctopexoyocm.jpg,default
images_largescale/sun/images/sun_agsheppssmgirrwd.jpg,default
images_largescale/sun/images/sun_agsijvgqhbttayqa.jpg,default
images_largescale/sun/images/sun_agskrnydqhyzhkld.jpg,default
images_largescale/sun/images/sun_agsmccrftqbdtlki.jpg,default
images_largescale/sun/images/sun_agszbakerbebhofo.jpg,default
images_largescale/sun/images/sun_agsznufdvpgrpgjh.jpg,default
images_largescale/sun/images/sun_agszoyvnlrithyny.jpg,default
images_largescale/sun/images/sun_agtiofsnhqjiauap.jpg,default
images_largescale/sun/images/sun_agtkqitjssktlntr.jpg,default
images_largescale/sun/images/sun_agtlddyjszwhiegf.jpg,default
images_largescale/sun/images/sun_agtratrjfolfwdzj.jpg,default
images_largescale/sun/images/sun_aguaqxvxddcvxlhz.jpg,default
images_largescale/sun/images/sun_agudxdvidwypdbur.jpg,default
images_largescale/sun/images/sun_aguqhzpkivntelwh.jpg,default
images_largescale/sun/images/sun_aguqudwbiadsembj.jpg,default
images_largescale/sun/images/sun_agurtdxcoiknpurx.jpg,default
images_largescale/sun/images/sun_aguwbhbjfrfqpicq.jpg,default
images_largescale/sun/images/sun_agvgvlasdzpuhycc.jpg,default
images_largescale/sun/images/sun_agvhehwixlwcaoii.jpg,default
images_largescale/sun/images/sun_agvhozbvscxwnflw.jpg,default
images_largescale/sun/images/sun_agvprlbprarvgdvj.jpg,default
images_largescale/sun/images/sun_agvtohpgvpjtssbn.jpg,default
images_largescale/sun/images/sun_agvwoywfuuxehjyz.jpg,default
images_largescale/sun/images/sun_agvypzhktgoaqbkb.jpg,default
images_largescale/sun/images/sun_agwhcygnkwxzeimi.jpg,default
images_largescale/sun/images/sun_agwirjspsnyppifo.jpg,default
images_largescale/sun/images/sun_agwkhvkkhotmaxse.jpg,default
images_largescale/sun/images/sun_agwkzxvlvdxfvjje.jpg,default
images_largescale/sun/images/sun_agwmiqwlreupuwqs.jpg,default
images_largescale/sun/images/sun_agwojjiaifpvhcag.jpg,default
images_largescale/sun/images/sun_agwpwlpprbqhbvyo.jpg,default
images_largescale/sun/images/sun_agwqeyrebsushgor.jpg,default
images_largescale/sun/images/sun_agwqzwclnozezwvn.jpg,default
images_largescale/sun/images/sun_agwtnpdsjtkdeyjd.jpg,default
images_largescale/sun/images/sun_agwumlukkevvvtnu.jpg,default
images_largescale/sun/images/sun_agwyclxutravmwnp.jpg,default
images_largescale/sun/images/sun_agxabiochdwjboza.jpg,default
images_largescale/sun/images/sun_agxalufghrjkdsum.jpg,default
images_largescale/sun/images/sun_agxbxoakgkjtglet.jpg,default
images_largescale/sun/images/sun_agxgxtnzwvxlmmso.jpg,default
images_largescale/sun/images/sun_agxgzzqljfqxcahy.jpg,default
images_largescale/sun/images/sun_agxhdxhrebsoyhzp.jpg,default
images_largescale/sun/images/sun_agxjkpdxedlvoixs.jpg,default
images_largescale/sun/images/sun_agxknyhwzfxrjxkh.jpg,default
images_largescale/sun/images/sun_agxkvfvemlxlkkwv.jpg,default
images_largescale/sun/images/sun_agxpptkabtwkwkgo.jpg,default
images_largescale/sun/images/sun_agxyoyzozmotbfks.jpg,default
images_largescale/sun/images/sun_agyfmjjhflvegdba.jpg,default
images_largescale/sun/images/sun_agyksixylapbiftj.jpg,default
images_largescale/sun/images/sun_agykuapojzoylzio.jpg,default
images_largescale/sun/images/sun_agyzwhlubfmpgbtf.jpg,default
images_largescale/sun/images/sun_agzolpelhrakbxix.jpg,default
images_largescale/sun/images/sun_agzrqkorzqutyflu.jpg,default
images_largescale/sun/images/sun_agzruhyvdyhmbnzi.jpg,default
images_largescale/sun/images/sun_agzsjiqyoyxibzxi.jpg,default
images_largescale/sun/images/sun_agzuwzynlqspioxi.jpg,default
images_largescale/sun/images/sun_agzwilttvbqcqisi.jpg,default
images_largescale/sun/images/sun_ahaacisrhqnnvoqr.jpg,default
images_largescale/sun/images/sun_ahaafrxtjmbiyjyr.jpg,default
images_largescale/sun/images/sun_ahabvfggnxxcgaex.jpg,default
images_largescale/sun/images/sun_ahacgmcdgrgtyplg.jpg,default
images_largescale/sun/images/sun_ahaciuukrugkyiqp.jpg,default
images_largescale/sun/images/sun_ahadwzlqoipixkxf.jpg,default
images_largescale/sun/images/sun_ahajcqknalrnbrtt.jpg,default
images_largescale/sun/images/sun_ahakqalyvizhmgpd.jpg,default
images_largescale/sun/images/sun_ahaosbevhmnktmoy.jpg,default
images_largescale/sun/images/sun_ahaoxwkqqmljrbfs.jpg,default
images_largescale/sun/images/sun_ahaqhmairqfstsjm.jpg,default
images_largescale/sun/images/sun_aharcylcczfdyeym.jpg,default
images_largescale/sun/images/sun_ahattyfuqrkmygos.jpg,default
images_largescale/sun/images/sun_ahaugsgkbrdvpzyy.jpg,default
images_largescale/sun/images/sun_ahawczqcsleixxqc.jpg,default
images_largescale/sun/images/sun_ahawoztlgqrtopee.jpg,default
images_largescale/sun/images/sun_ahbjhhymwnrqumel.jpg,default
images_largescale/sun/images/sun_ahbklggnktdifaoc.jpg,default
images_largescale/sun/images/sun_ahbooqazpiiakayv.jpg,default
images_largescale/sun/images/sun_ahbpaqaikrzvwucv.jpg,default
images_largescale/sun/images/sun_ahbqnxyvfjyixmhi.jpg,default
images_largescale/sun/images/sun_ahbvqxjsqyazqgbp.jpg,default
images_largescale/sun/images/sun_ahbxauvqxpatufow.jpg,default
images_largescale/sun/images/sun_ahccboxjpypieevr.jpg,default
images_largescale/sun/images/sun_ahccidtzuhxccyxm.jpg,default
images_largescale/sun/images/sun_ahcezgbwcnwylvlr.jpg,default
images_largescale/sun/images/sun_ahcjftxpynmladcz.jpg,default
images_largescale/sun/images/sun_ahctbdbdxrqczjxu.jpg,default
images_largescale/sun/images/sun_ahdaxzciutuskyxw.jpg,default
images_largescale/sun/images/sun_ahdekqqhdknpqbmv.jpg,default
images_largescale/sun/images/sun_ahdhjwfxuakruigd.jpg,default
images_largescale/sun/images/sun_ahdkmygdtquqzztv.jpg,default
images_largescale/sun/images/sun_ahdpooxomlufkwpm.jpg,default
images_largescale/sun/images/sun_ahdpxvbkxigcfhkf.jpg,default
images_largescale/sun/images/sun_ahdqtvzdhbzwmtms.jpg,default
images_largescale/sun/images/sun_ahduwxkimsapjqss.jpg,default
images_largescale/sun/images/sun_aheaoiyvwqsjsxnj.jpg,default
images_largescale/sun/images/sun_aheczsmyplgnmhcz.jpg,default
images_largescale/sun/images/sun_ahefdstnglssszei.jpg,default
images_largescale/sun/images/sun_ahefomclfnwiluai.jpg,default
images_largescale/sun/images/sun_aheptsyfukkkpagu.jpg,default
images_largescale/sun/images/sun_ahepuktqahodxuge.jpg,default
images_largescale/sun/images/sun_aheucsmvawrhqrrm.jpg,default
images_largescale/sun/images/sun_ahevdsnzdltsqqox.jpg,default
images_largescale/sun/images/sun_ahewxrwibqyfxgxp.jpg,default
images_largescale/sun/images/sun_aheznljbwezmbmij.jpg,default
images_largescale/sun/images/sun_ahfalhrledxylygy.jpg,default
images_largescale/sun/images/sun_ahfebutzanlynfsy.jpg,default
images_largescale/sun/images/sun_ahfeyeersgyuyolm.jpg,default
images_largescale/sun/images/sun_ahfkbqlksxgyhdoj.jpg,default
images_largescale/sun/images/sun_ahftiayzxjubbyhz.jpg,default
images_largescale/sun/images/sun_ahftmrtjglsnvfwt.jpg,default
images_largescale/sun/images/sun_ahftxhltgxgemher.jpg,default
images_largescale/sun/images/sun_ahfuuiosbjdqdlfa.jpg,default
images_largescale/sun/images/sun_ahgcthauyozgfacr.jpg,default
images_largescale/sun/images/sun_ahgiqidynipqvopx.jpg,default
images_largescale/sun/images/sun_ahgljhwxpggbkdct.jpg,default
images_largescale/sun/images/sun_ahgpuyjjaigczdjf.jpg,default
images_largescale/sun/images/sun_ahgrusieljwhtize.jpg,default
images_largescale/sun/images/sun_ahgufurxoqytzegd.jpg,default
images_largescale/sun/images/sun_ahgzdqfsxrjtqsfl.jpg,default
images_largescale/sun/images/sun_ahheiyfyhetdwltt.jpg,default
images_largescale/sun/images/sun_ahhiuytelfsufejh.jpg,default
images_largescale/sun/images/sun_ahhjigjcpwubqqyb.jpg,default
images_largescale/sun/images/sun_ahhlccroxiadjixl.jpg,default
images_largescale/sun/images/sun_ahhlxqahjtyocfdx.jpg,default
images_largescale/sun/images/sun_ahhnsmqzrhmdaewz.jpg,default
images_largescale/sun/images/sun_ahhsbfidpypqsjgc.jpg,default
images_largescale/sun/images/sun_ahhtqemgvgmdhofs.jpg,default
images_largescale/sun/images/sun_ahhwjlnfifjwwzbt.jpg,default
images_largescale/sun/images/sun_ahhxnxlkedqxcglp.jpg,default
images_largescale/sun/images/sun_ahhynavpztrnmgiu.jpg,default
images_largescale/sun/images/sun_ahhzdwoilgjjnguy.jpg,default
images_largescale/sun/images/sun_ahichmbukdxxwpst.jpg,default
images_largescale/sun/images/sun_ahihhtiqlhpcpigw.jpg,default
images_largescale/sun/images/sun_ahimesfdfemmfvmm.jpg,default
images_largescale/sun/images/sun_ahiolbctmldyzfba.jpg,default
images_largescale/sun/images/sun_ahisvwlijjallady.jpg,default
images_largescale/sun/images/sun_ahiwukhajkromcfe.jpg,default
images_largescale/sun/images/sun_ahixbvnpoghukryb.jpg,default
images_largescale/sun/images/sun_ahiywsyjnfurujkw.jpg,default
images_largescale/sun/images/sun_ahjaeuwtzpacjlrq.jpg,default
images_largescale/sun/images/sun_ahjbdoywgtsadrrc.jpg,default
images_largescale/sun/images/sun_ahjbljcgralptusm.jpg,default
images_largescale/sun/images/sun_ahjfvmnzamunzoex.jpg,default
images_largescale/sun/images/sun_ahjhokljjfkdxcsv.jpg,default
images_largescale/sun/images/sun_ahjiaugjaocypojm.jpg,default
images_largescale/sun/images/sun_ahjqkxuuhcamfwbj.jpg,default
images_largescale/sun/images/sun_ahjqrgbkdhlmprdi.jpg,default
images_largescale/sun/images/sun_ahjuawxeacmxqlzz.jpg,default
images_largescale/sun/images/sun_ahjvxttzdkxkjqtx.jpg,default
images_largescale/sun/images/sun_ahkcugdznxtnzinv.jpg,default
images_largescale/sun/images/sun_ahkglhzxgnapefqd.jpg,default
images_largescale/sun/images/sun_ahkhfnprzhragqnl.jpg,default
images_largescale/sun/images/sun_ahkjbwocrgbldxqr.jpg,default
images_largescale/sun/images/sun_ahkjirpmsrhofnzb.jpg,default
images_largescale/sun/images/sun_ahklaieshbwvrovj.jpg,default
images_largescale/sun/images/sun_ahklmbakrvhmjphh.jpg,default
images_largescale/sun/images/sun_ahksirclsgdqnbyc.jpg,default
images_largescale/sun/images/sun_ahkwqfvlcsuqmxjc.jpg,default
images_largescale/sun/images/sun_ahlesyouetaxvrso.jpg,default
images_largescale/sun/images/sun_ahlfvgvuqhwgebhh.jpg,default
images_largescale/sun/images/sun_ahlygvprndhfdhsi.jpg,default
images_largescale/sun/images/sun_ahlzgjopixjmcqqx.jpg,default
images_largescale/sun/images/sun_ahmdavcfzthezujo.jpg,default
images_largescale/sun/images/sun_ahmeqpyqgsmxzige.jpg,default
images_largescale/sun/images/sun_ahmgsntbihgautgf.jpg,default
images_largescale/sun/images/sun_ahmknkgofpwirhse.jpg,default
images_largescale/sun/images/sun_ahmmzoezbuevqzjm.jpg,default
images_largescale/sun/images/sun_ahmnlpphabakbrjo.jpg,default
images_largescale/sun/images/sun_ahmpirkwazbwwjyb.jpg,default
images_largescale/sun/images/sun_ahmqjorukmldemhz.jpg,default
images_largescale/sun/images/sun_ahmusbehnhtnvrlo.jpg,default
images_largescale/sun/images/sun_ahmxopoolkobrswk.jpg,default
images_largescale/sun/images/sun_ahnccrjiultuqeia.jpg,default
images_largescale/sun/images/sun_ahndvyxuqaouvxwr.jpg,default
images_largescale/sun/images/sun_ahngaxksaxsobxhb.jpg,default
images_largescale/sun/images/sun_ahngradgkstyskfx.jpg,default
images_largescale/sun/images/sun_ahnhutbixfobtutw.jpg,default
images_largescale/sun/images/sun_ahnoumxeoaqyloxs.jpg,default
images_largescale/sun/images/sun_ahnqzwpnibhhboma.jpg,default
images_largescale/sun/images/sun_ahnszpffynlympqu.jpg,default
images_largescale/sun/images/sun_ahntozqwneqrjfsp.jpg,default
images_largescale/sun/images/sun_ahnwkiyrkkgnefwf.jpg,default
images_largescale/sun/images/sun_ahnwxltrbqdwibjh.jpg,default
images_largescale/sun/images/sun_ahnxesgzpjawzhas.jpg,default
images_largescale/sun/images/sun_ahnyfdjpdkrdkapu.jpg,default
images_largescale/sun/images/sun_ahnzlwgxcvlpryve.jpg,default
images_largescale/sun/images/sun_ahobdrltxklfrjcp.jpg,default
images_largescale/sun/images/sun_ahocfglxrlffdiez.jpg,default
images_largescale/sun/images/sun_ahoczngebbewfukk.jpg,default
images_largescale/sun/images/sun_ahoeutqbrjdycpby.jpg,default
images_largescale/sun/images/sun_ahohxawujzpxyhoi.jpg,default
images_largescale/sun/images/sun_aholwqmriqextqeb.jpg,default
images_largescale/sun/images/sun_ahoqqijmwijoqicb.jpg,default
images_largescale/sun/images/sun_ahosisxeagdriomb.jpg,default
images_largescale/sun/images/sun_ahpaktamnwoljjmw.jpg,default
images_largescale/sun/images/sun_ahpfmfrovwbsnsku.jpg,default
images_largescale/sun/images/sun_ahpgpkbhbvwqaqyq.jpg,default
images_largescale/sun/images/sun_ahpoebhubydadmdc.jpg,default
images_largescale/sun/images/sun_ahporhkjebtqnnqh.jpg,default
images_largescale/sun/images/sun_ahppsanojkolapnh.jpg,default
images_largescale/sun/images/sun_ahprfsynwuknqexb.jpg,default
images_largescale/sun/images/sun_ahprvacrnzzscaep.jpg,default
images_largescale/sun/images/sun_ahptafcxswyaceex.jpg,default
images_largescale/sun/images/sun_ahpvqcqbkezuwfli.jpg,default
images_largescale/sun/images/sun_ahqbgfhapxbjxbzt.jpg,default
images_largescale/sun/images/sun_ahqdlemkwnvosono.jpg,default
images_largescale/sun/images/sun_ahqflounpzprmunk.jpg,default
images_largescale/sun/images/sun_ahqmeirlumcyjrla.jpg,default
images_largescale/sun/images/sun_ahqmywglykhqsjnm.jpg,default
images_largescale/sun/images/sun_ahqtgqsxmonuzojj.jpg,default
images_largescale/sun/images/sun_ahqupgkfkwabjwrt.jpg,default
images_largescale/sun/images/sun_ahqwbxrsvckaduyp.jpg,default
images_largescale/sun/images/sun_ahqwcafygogywnju.jpg,default
images_largescale/sun/images/sun_ahqyrvlojsfxbhax.jpg,default
images_largescale/sun/images/sun_ahraohxyelutwema.jpg,default
images_largescale/sun/images/sun_ahrcelmqyuicrchp.jpg,default
images_largescale/sun/images/sun_ahrcnqtaoapfqatk.jpg,default
images_largescale/sun/images/sun_ahrfvrixpbuuwicj.jpg,default
images_largescale/sun/images/sun_ahrngknbuinkutst.jpg,default
images_largescale/sun/images/sun_ahrrmvgpppidnxmk.jpg,default
images_largescale/sun/images/sun_ahrtkzebvruvlfet.jpg,default
images_largescale/sun/images/sun_ahrvjlwmdttbfjcg.jpg,default
images_largescale/sun/images/sun_ahrvjmztgliypmvl.jpg,default
images_largescale/sun/images/sun_ahsdvryouogbhbdx.jpg,default
images_largescale/sun/images/sun_ahsebvejlcixmalc.jpg,default
images_largescale/sun/images/sun_ahsjhpkmugldmklo.jpg,default
images_largescale/sun/images/sun_ahsoiwwkuxhxmqdl.jpg,default
images_largescale/sun/images/sun_ahstabllfxqmqfki.jpg,default
images_largescale/sun/images/sun_ahswmnehuomaxcky.jpg,default
images_largescale/sun/images/sun_ahsyjvktentonshi.jpg,default
images_largescale/sun/images/sun_ahtcchtirykwxgbh.jpg,default
images_largescale/sun/images/sun_ahthedkspmzzypao.jpg,default
images_largescale/sun/images/sun_ahtiequbllsdanbt.jpg,default
images_largescale/sun/images/sun_ahtjbovuboyaxpda.jpg,default
images_largescale/sun/images/sun_ahtjqejfaqxbfvcn.jpg,default
images_largescale/sun/images/sun_ahtmadjqgksjnnnb.jpg,default
images_largescale/sun/images/sun_ahtoqgryveuzkddz.jpg,default
images_largescale/sun/images/sun_ahtymmdypyqqmthn.jpg,default
images_largescale/sun/images/sun_ahtyrtpnrhzwuqfj.jpg,default
images_largescale/sun/images/sun_ahuclwtmqqscqjry.jpg,default
images_largescale/sun/images/sun_ahugfvoqplidtoxc.jpg,default
images_largescale/sun/images/sun_ahukpdrrcpbucrwa.jpg,default
images_largescale/sun/images/sun_ahusnwuwgpushyai.jpg,default
images_largescale/sun/images/sun_ahusuvgkvssiimvn.jpg,default
images_largescale/sun/images/sun_ahuuimcsrrmbtdde.jpg,default
images_largescale/sun/images/sun_ahuuqwuiimtlymux.jpg,default
images_largescale/sun/images/sun_ahuxeowgcgzxopye.jpg,default
images_largescale/sun/images/sun_ahvabyxlttxsgycq.jpg,default
images_largescale/sun/images/sun_ahvadkixjluhfkph.jpg,default
images_largescale/sun/images/sun_ahvdaabutepujtxa.jpg,default
images_largescale/sun/images/sun_ahvhiakopdeacjtv.jpg,default
images_largescale/sun/images/sun_ahvmtnoxmuddbrli.jpg,default
images_largescale/sun/images/sun_ahvoexxajvyzqlfh.jpg,default
images_largescale/sun/images/sun_ahvqlydydmgthfdn.jpg,default
images_largescale/sun/images/sun_ahvsykddonmukrev.jpg,default
images_largescale/sun/images/sun_ahvxpgttbnlcvqgr.jpg,default
images_largescale/sun/images/sun_ahwcrniukuzbfsni.jpg,default
images_largescale/sun/images/sun_ahwdbltchjhcogsh.jpg,default
images_largescale/sun/images/sun_ahwgnmdxgodrbuab.jpg,default
images_largescale/sun/images/sun_ahwlwxrumcuebfbs.jpg,default
images_largescale/sun/images/sun_ahwxagnbrahnsbnw.jpg,default
images_largescale/sun/images/sun_ahxadvqkjwujcvai.jpg,default
images_largescale/sun/images/sun_ahxaektfuhushlth.jpg,default
images_largescale/sun/images/sun_ahxcvxmdabrowafk.jpg,default
images_largescale/sun/images/sun_ahxerksiikjphblk.jpg,default
images_largescale/sun/images/sun_ahxfdrgpduatrpbm.jpg,default
images_largescale/sun/images/sun_ahxhifzyhdxhsjpl.jpg,default
images_largescale/sun/images/sun_ahxiojggpctgggyf.jpg,default
images_largescale/sun/images/sun_ahxlcbznombmfbat.jpg,default
images_largescale/sun/images/sun_ahxojqzfyjwcfbcw.jpg,default
images_largescale/sun/images/sun_ahxtjtrhzdvgryhy.jpg,default
images_largescale/sun/images/sun_ahxtpuzatsfgfpso.jpg,default
images_largescale/sun/images/sun_ahxtvvbnrslnwwdx.jpg,default
images_largescale/sun/images/sun_ahxzmmzdtjzohvyj.jpg,default
images_largescale/sun/images/sun_ahyayubwclfptaif.jpg,default
images_largescale/sun/images/sun_ahyjzpoprqsulgcj.jpg,default
images_largescale/sun/images/sun_ahynbsihboolpzml.jpg,default
images_largescale/sun/images/sun_ahyxetuuebesglll.jpg,default
images_largescale/sun/images/sun_ahyzufeohlbockmj.jpg,default
images_largescale/sun/images/sun_ahzbbdefptwtrniv.jpg,default
images_largescale/sun/images/sun_ahzbmewoincyrzxx.jpg,default
images_largescale/sun/images/sun_ahzcfsvgdxtyffeg.jpg,default
images_largescale/sun/images/sun_ahzprtdsycxhoqdq.jpg,default
images_largescale/sun/images/sun_ahzrycyazfjiqloc.jpg,default
images_largescale/sun/images/sun_ahztszmcuptrqcpl.jpg,default
images_largescale/sun/images/sun_ahzxotgdyoxvfquk.jpg,default
images_largescale/sun/images/sun_ahzywycfwuyjylhk.jpg,default
images_largescale/sun/images/sun_ahzyzeuecbrbeepd.jpg,default
images_largescale/sun/images/sun_aiabfhrfprfcwtvp.jpg,default
images_largescale/sun/images/sun_aiabopevjiueclcf.jpg,default
images_largescale/sun/images/sun_aiactkqyfqgfqusb.jpg,default
images_largescale/sun/images/sun_aiadubmvgkxvkjtu.jpg,default
images_largescale/sun/images/sun_aiaepdnehkfzmnca.jpg,default
images_largescale/sun/images/sun_aiaieclczqrqcwad.jpg,default
images_largescale/sun/images/sun_aiaopnwtyklobpiw.jpg,default
images_largescale/sun/images/sun_aiatoxvclffgxjts.jpg,default
images_largescale/sun/images/sun_aiazxjumlgdcrfpn.jpg,default
images_largescale/sun/images/sun_aibbbgthrptrzpob.jpg,default
images_largescale/sun/images/sun_aibfgghplxgbnsni.jpg,default
images_largescale/sun/images/sun_aibhaunmmjmqpciy.jpg,default
images_largescale/sun/images/sun_aibxcbfrrnncezsr.jpg,default
images_largescale/sun/images/sun_aicbcveujljxurib.jpg,default
images_largescale/sun/images/sun_aicbqnxkrtsjovoq.jpg,default
images_largescale/sun/images/sun_aicfhwzjynqysuif.jpg,default
images_largescale/sun/images/sun_aichqsxdfhyjzxyh.jpg,default
images_largescale/sun/images/sun_aichrgtpbeathgii.jpg,default
images_largescale/sun/images/sun_aicmpgyflyssqvky.jpg,default
images_largescale/sun/images/sun_aicrzyuafvpojzqu.jpg,default
images_largescale/sun/images/sun_aicvecccjhfzcjnt.jpg,default
images_largescale/sun/images/sun_aicxciesluvbngzg.jpg,default
images_largescale/sun/images/sun_aicxjbpnonwhmdwq.jpg,default
images_largescale/sun/images/sun_aidbkbckfftfyteb.jpg,default
images_largescale/sun/images/sun_aidfxwcxnebtgsof.jpg,default
images_largescale/sun/images/sun_aidhgyixmjvlsvzz.jpg,default
images_largescale/sun/images/sun_aidhlflrqqkdzeni.jpg,default
images_largescale/sun/images/sun_aidiiecrkefrlwob.jpg,default
images_largescale/sun/images/sun_aidumoodjbuxjwgi.jpg,default
images_largescale/sun/images/sun_aiduskftesvkakkn.jpg,default
images_largescale/sun/images/sun_aidzcfjtekmjzcno.jpg,default
images_largescale/sun/images/sun_aiedxcvindqlnrdl.jpg,default
images_largescale/sun/images/sun_aiehsafsuonzpswd.jpg,default
images_largescale/sun/images/sun_aieudxgcttaxlaec.jpg,default
images_largescale/sun/images/sun_aievdpdzorqiplwy.jpg,default
images_largescale/sun/images/sun_aiewkbdqlkwfxsqd.jpg,default
images_largescale/sun/images/sun_aififwikuxbkgjvl.jpg,default
images_largescale/sun/images/sun_aiflwwnfratbiiwl.jpg,default
images_largescale/sun/images/sun_aifopvsieesoqvlx.jpg,default
images_largescale/sun/images/sun_aifptwsylsmaxgqd.jpg,default
images_largescale/sun/images/sun_aifqbzgvikjmsfyj.jpg,default
images_largescale/sun/images/sun_aifrfbenhthskfyy.jpg,default
images_largescale/sun/images/sun_aiftcipmjejszkoy.jpg,default
images_largescale/sun/images/sun_aifvexivtdyovwon.jpg,default
images_largescale/sun/images/sun_aifvrymsrtfrzrho.jpg,default
images_largescale/sun/images/sun_aigaeuiirnbqznjd.jpg,default
images_largescale/sun/images/sun_aigdfmkricxdwoex.jpg,default
images_largescale/sun/images/sun_aighdytdjjzeglbb.jpg,default
images_largescale/sun/images/sun_aigoeesjpnlxivax.jpg,default
images_largescale/sun/images/sun_aigsdhxznnojeghm.jpg,default
images_largescale/sun/images/sun_aihamemcdbdoywjf.jpg,default
images_largescale/sun/images/sun_aihgfsypgqoobnyp.jpg,default
images_largescale/sun/images/sun_aihgxqrcedaalqei.jpg,default
images_largescale/sun/images/sun_aihigbgrzvmlqayi.jpg,default
images_largescale/sun/images/sun_aihiqroebfqnrvqj.jpg,default
images_largescale/sun/images/sun_aihjysmcbxstusiy.jpg,default
images_largescale/sun/images/sun_aihylawyjepniike.jpg,default
images_largescale/sun/images/sun_aihzgdxsshzwkotx.jpg,default
images_largescale/sun/images/sun_aiicifoqioeuracb.jpg,default
images_largescale/sun/images/sun_aiieonnwmblbjmhe.jpg,default
images_largescale/sun/images/sun_aiiiucfxrttayzjz.jpg,default
images_largescale/sun/images/sun_aiiorllkzaikirhz.jpg,default
images_largescale/sun/images/sun_aijcyrdtakiondrn.jpg,default
images_largescale/sun/images/sun_aijecchjjzmurvex.jpg,default
images_largescale/sun/images/sun_aijehmecvtssqclq.jpg,default
images_largescale/sun/images/sun_aijjkofxcvbaoewh.jpg,default
images_largescale/sun/images/sun_aijjzwsvlsgqzalk.jpg,default
images_largescale/sun/images/sun_aijkzyzdleviexjh.jpg,default
images_largescale/sun/images/sun_aijnekdvgdkmumhb.jpg,default
images_largescale/sun/images/sun_aijognpirtzwisbw.jpg,default
images_largescale/sun/images/sun_aijxupghtshbytan.jpg,default
images_largescale/sun/images/sun_aikalvduyffzfiwp.jpg,default
images_largescale/sun/images/sun_aikfozpaxmltwxkv.jpg,default
images_largescale/sun/images/sun_aikgzrlhywvnzfcp.jpg,default
images_largescale/sun/images/sun_aikiadfygjhpxbxf.jpg,default
images_largescale/sun/images/sun_aikkdkibxlqkcplk.jpg,default
images_largescale/sun/images/sun_aikmaqnyolrajryx.jpg,default
images_largescale/sun/images/sun_aiknghahlvpmpctw.jpg,default
images_largescale/sun/images/sun_aikqapxeqetrxptw.jpg,default
images_largescale/sun/images/sun_aiksvywfdzrhlojo.jpg,default
images_largescale/sun/images/sun_aikxpngddkwfopyz.jpg,default
images_largescale/sun/images/sun_aikylvvibmscoabg.jpg,default
images_largescale/sun/images/sun_ailgpfxuysdriobj.jpg,default
images_largescale/sun/images/sun_ailrxzyazmrqywzi.jpg,default
images_largescale/sun/images/sun_ailspzohiejlcsqt.jpg,default
images_largescale/sun/images/sun_ailvrpgaivkhtbau.jpg,default
images_largescale/sun/images/sun_ailwsjmjbvfnvaxt.jpg,default
images_largescale/sun/images/sun_ailxpqmvhhvbjpqo.jpg,default
images_largescale/sun/images/sun_aimajsjzhvscetfi.jpg,default
images_largescale/sun/images/sun_aimgevvsvmltgldq.jpg,default
images_largescale/sun/images/sun_aimgpzwaczlgqief.jpg,default
images_largescale/sun/images/sun_aimmkpgaaoryxgkm.jpg,default
images_largescale/sun/images/sun_aimopcdnurqckhhc.jpg,default
images_largescale/sun/images/sun_aimrhefxirntdagb.jpg,default
images_largescale/sun/images/sun_aimtzogbfxxvhqnr.jpg,default
images_largescale/sun/images/sun_aimukfwbdidwmmof.jpg,default
images_largescale/sun/images/sun_aimwhacfsnyjzbcc.jpg,default
images_largescale/sun/images/sun_aimznpxyvekvwsfe.jpg,default
images_largescale/sun/images/sun_ainaqbcbmukvybcj.jpg,default
images_largescale/sun/images/sun_ainbmxkkdgtffgsy.jpg,default
images_largescale/sun/images/sun_aindfneydjvbdiks.jpg,default
images_largescale/sun/images/sun_aindjyoopirajwmp.jpg,default
images_largescale/sun/images/sun_ainlopsjigoggxlk.jpg,default
images_largescale/sun/images/sun_ainqbggwtzqnwsus.jpg,default
images_largescale/sun/images/sun_ainropjjwvrrydtq.jpg,default
images_largescale/sun/images/sun_ainuimcptnfydqnn.jpg,default
images_largescale/sun/images/sun_aiobsiqrxveopzad.jpg,default
images_largescale/sun/images/sun_aiocominhyxrxhqq.jpg,default
images_largescale/sun/images/sun_aioimawbzwwqcygr.jpg,default
images_largescale/sun/images/sun_aioipasnlixvbuwl.jpg,default
images_largescale/sun/images/sun_aiojzygzcauddngq.jpg,default
images_largescale/sun/images/sun_aiokwdrnyghktjxz.jpg,default
images_largescale/sun/images/sun_aionhrvanzglkjky.jpg,default
images_largescale/sun/images/sun_aiowkmlfnhyrpjrg.jpg,default
images_largescale/sun/images/sun_aioxamlvtxhpnzzt.jpg,default
images_largescale/sun/images/sun_aipazzmtgqcwrjex.jpg,default
images_largescale/sun/images/sun_aipcaeiupvdracfy.jpg,default
images_largescale/sun/images/sun_aipdlgthbljslkvn.jpg,default
images_largescale/sun/images/sun_aipdnhepvhhovlnu.jpg,default
images_largescale/sun/images/sun_aiphmmpiznctniut.jpg,default
images_largescale/sun/images/sun_aiphyfyzcrfleiib.jpg,default
images_largescale/sun/images/sun_aipixlbooopabgwk.jpg,default
images_largescale/sun/images/sun_aiplaqbedflzoctf.jpg,default
images_largescale/sun/images/sun_aipntwwcxzbndwrb.jpg,default
images_largescale/sun/images/sun_aipuuiijzxaujiqr.jpg,default
images_largescale/sun/images/sun_aiqljudoviqlwaes.jpg,default
images_largescale/sun/images/sun_aiqlvvjhqwtturaw.jpg,default
images_largescale/sun/images/sun_aiqymstcygqobxmg.jpg,default
images_largescale/sun/images/sun_aiqziyxqlmaxlgxt.jpg,default
images_largescale/sun/images/sun_aiqzpnwfcnxzbrkh.jpg,default
images_largescale/sun/images/sun_airerldwbfbtbmfu.jpg,default
images_largescale/sun/images/sun_airlexymrrdkzjwk.jpg,default
images_largescale/sun/images/sun_airusvdcdpfqsgrz.jpg,default
images_largescale/sun/images/sun_airvjjkruobbrzse.jpg,default
images_largescale/sun/images/sun_airwrcxqcvbhccmd.jpg,default
images_largescale/sun/images/sun_airxwjxdxlraujbz.jpg,default
images_largescale/sun/images/sun_airytsbhvjoeuqnk.jpg,default
images_largescale/sun/images/sun_airzszedoluaeguc.jpg,default
images_largescale/sun/images/sun_aisarjufpxdyhzih.jpg,default
images_largescale/sun/images/sun_aisbfnkgyitzjfsx.jpg,default
images_largescale/sun/images/sun_aisdkupyzzdqwlvn.jpg,default
images_largescale/sun/images/sun_aisparihhrtvopye.jpg,default
images_largescale/sun/images/sun_aisrgzazogatmizy.jpg,default
images_largescale/sun/images/sun_aiswkdblmyqtjxcq.jpg,default
images_largescale/sun/images/sun_aisztgtqeknvzbku.jpg,default
images_largescale/sun/images/sun_aitanfncxdnhgydb.jpg,default
images_largescale/sun/images/sun_aitcbsdmctwkfacp.jpg,default
images_largescale/sun/images/sun_aitcdpkbltuasofg.jpg,default
images_largescale/sun/images/sun_aiteauusijphkeiy.jpg,default
images_largescale/sun/images/sun_aitgdfoepkcgqpkg.jpg,default
images_largescale/sun/images/sun_aithflzmfmlwwtva.jpg,default
images_largescale/sun/images/sun_aitklqadqdnyngjh.jpg,default
images_largescale/sun/images/sun_aitqaydxgwumoaxv.jpg,default
images_largescale/sun/images/sun_aituimfwjnnfmevv.jpg,default
images_largescale/sun/images/sun_aitujajotekwtjyk.jpg,default
images_largescale/sun/images/sun_aityuwaevfyhdeed.jpg,default
images_largescale/sun/images/sun_aiucluoeabdzokvd.jpg,default
images_largescale/sun/images/sun_aiudiiujapsxvydf.jpg,default
images_largescale/sun/images/sun_aiueaxrgncphmmfd.jpg,default
images_largescale/sun/images/sun_aiuhwkmkknumpuxe.jpg,default
images_largescale/sun/images/sun_aiulnydutoddrthq.jpg,default
images_largescale/sun/images/sun_aiultilzdwtevvxc.jpg,default
images_largescale/sun/images/sun_aivbohizhwesgljj.jpg,default
images_largescale/sun/images/sun_aivchcrhfcqrletz.jpg,default
images_largescale/sun/images/sun_aivfnxikcuvyzaix.jpg,default
images_largescale/sun/images/sun_aivktydnmxdyyazf.jpg,default
images_largescale/sun/images/sun_aivttgppoezuqgqo.jpg,default
images_largescale/sun/images/sun_aivvcfvbqfxjwtow.jpg,default
images_largescale/sun/images/sun_aivvfubbvvqxsgfx.jpg,default
images_largescale/sun/images/sun_aivxqzjavnctjcyx.jpg,default
images_largescale/sun/images/sun_aiwhrujmhdbquncx.jpg,default
images_largescale/sun/images/sun_aiwlqvzypgbtycpc.jpg,default
images_largescale/sun/images/sun_aiwobpmoyicmdujt.jpg,default
images_largescale/sun/images/sun_aiwubhxguorovtgf.jpg,default
images_largescale/sun/images/sun_aiwykazcahdptnls.jpg,default
images_largescale/sun/images/sun_aiwyudbvpgqhzeku.jpg,default
images_largescale/sun/images/sun_aixexgsxbgqnwjgw.jpg,default
images_largescale/sun/images/sun_aixfcquvrskedccq.jpg,default
images_largescale/sun/images/sun_aixhgsaooeyqarst.jpg,default
images_largescale/sun/images/sun_aixnvfzqrwenwdfg.jpg,default
images_largescale/sun/images/sun_aixpbgwomzwdngah.jpg,default
images_largescale/sun/images/sun_aixszrjdxyuqlvcf.jpg,default
images_largescale/sun/images/sun_aixtsutmrvjuxhii.jpg,default
images_largescale/sun/images/sun_aixtwxmlkxkyabrz.jpg,default
images_largescale/sun/images/sun_aixwmdgduxwqjhvc.jpg,default
images_largescale/sun/images/sun_aixwpcfqibkfcwae.jpg,default
images_largescale/sun/images/sun_aixydqcmqpdqemqp.jpg,default
images_largescale/sun/images/sun_aiyalzseuasbmcgo.jpg,default
images_largescale/sun/images/sun_aiybnnwdgzzyuejh.jpg,default
images_largescale/sun/images/sun_aiydzvzquxmmfaft.jpg,default
images_largescale/sun/images/sun_aiygzdhkyqaabxgg.jpg,default
images_largescale/sun/images/sun_aiyhmmumavczsazr.jpg,default
images_largescale/sun/images/sun_aiyldhxhurhssnze.jpg,default
images_largescale/sun/images/sun_aiynllirlxomterp.jpg,default
images_largescale/sun/images/sun_aiypsgpcqjrlhdgq.jpg,default
images_largescale/sun/images/sun_aiyumzisjuqcserd.jpg,default
images_largescale/sun/images/sun_aiywersizowjguiq.jpg,default
images_largescale/sun/images/sun_aiyxnfobrxegksaj.jpg,default
images_largescale/sun/images/sun_aizefdxkpfgvhylk.jpg,default
images_largescale/sun/images/sun_aizhgcvvfrcdmats.jpg,default
images_largescale/sun/images/sun_aizhhqqtjsfidjbo.jpg,default
images_largescale/sun/images/sun_aizilbibzgrzbzvi.jpg,default
images_largescale/sun/images/sun_aizkllksttocgwhs.jpg,default
images_largescale/sun/images/sun_aizpswlkcmctjwff.jpg,default
images_largescale/sun/images/sun_aiztqpgszfvoxumd.jpg,default
images_largescale/sun/images/sun_aizvlbkogeqyqdwg.jpg,default
images_largescale/sun/images/sun_aizvrgibpcogrktc.jpg,default
images_largescale/sun/images/sun_aizxwwtlbalxximj.jpg,default
images_largescale/sun/images/sun_aizyuaqopdgarwnd.jpg,default
images_largescale/sun/images/sun_ajaenqfbsotsjqtn.jpg,default
images_largescale/sun/images/sun_ajaiszlanqoxekui.jpg,default
images_largescale/sun/images/sun_ajakfvysuthmeouk.jpg,default
images_largescale/sun/images/sun_ajankvsilfiopkez.jpg,default
images_largescale/sun/images/sun_ajanvawwyjfhqixc.jpg,default
images_largescale/sun/images/sun_ajayoaumldvqnjup.jpg,default
images_largescale/sun/images/sun_ajbboqynxqeklgar.jpg,default
images_largescale/sun/images/sun_ajbcztdiiejpakgk.jpg,default
images_largescale/sun/images/sun_ajbdmvbryuyyntcw.jpg,default
images_largescale/sun/images/sun_ajbhevjzvaxaewyl.jpg,default
images_largescale/sun/images/sun_ajbrcdexcncfvdmt.jpg,default
images_largescale/sun/images/sun_ajbukyfmovinnuxy.jpg,default
images_largescale/sun/images/sun_ajbunvgubiblokak.jpg,default
images_largescale/sun/images/sun_ajbztqpffmeiixom.jpg,default
images_largescale/sun/images/sun_ajccwiutkaatnrub.jpg,default
images_largescale/sun/images/sun_ajcefsfrteafnbht.jpg,default
images_largescale/sun/images/sun_ajcjhibrutlerdlu.jpg,default
images_largescale/sun/images/sun_ajcjwmqklddutzvc.jpg,default
images_largescale/sun/images/sun_ajcmpkzljuhjuqek.jpg,default
images_largescale/sun/images/sun_ajcopavjqtimjnsa.jpg,default
images_largescale/sun/images/sun_ajctrsjnwaylibpm.jpg,default
images_largescale/sun/images/sun_ajcwvgoakovroyma.jpg,default
images_largescale/sun/images/sun_ajcxnykkposzdfoi.jpg,default
images_largescale/sun/images/sun_ajdevtxpduoqfolv.jpg,default
images_largescale/sun/images/sun_ajdftnlhsazvmjuy.jpg,default
images_largescale/sun/images/sun_ajdgttnlsffrzlvn.jpg,default
images_largescale/sun/images/sun_ajdixmwjojvptuzy.jpg,default
images_largescale/sun/images/sun_ajdlybjhnanecttr.jpg,default
images_largescale/sun/images/sun_ajdmypqyapbmrxiw.jpg,default
images_largescale/sun/images/sun_ajdwppabvzmnftkz.jpg,default
images_largescale/sun/images/sun_ajdxmpfoseguhqgk.jpg,default
images_largescale/sun/images/sun_ajdyxmlwqilxvwex.jpg,default
images_largescale/sun/images/sun_ajdzqixbhndtzbve.jpg,default
images_largescale/sun/images/sun_ajegnijprltacnjl.jpg,default
images_largescale/sun/images/sun_ajeltcmtdmxdnsvn.jpg,default
images_largescale/sun/images/sun_ajepocnlqtjqoceq.jpg,default
images_largescale/sun/images/sun_ajezvlkzdsjjdnjm.jpg,default
images_largescale/sun/images/sun_ajfabdfdstollmyr.jpg,default
images_largescale/sun/images/sun_ajffnyfpdkgnrjqr.jpg,default
images_largescale/sun/images/sun_ajfjkulqbfttmxkx.jpg,default
images_largescale/sun/images/sun_ajfkrlqshsmjlewa.jpg,default
images_largescale/sun/images/sun_ajfououckgnfxraw.jpg,default
images_largescale/sun/images/sun_ajfpjaikgqflkodz.jpg,default
images_largescale/sun/images/sun_ajfqkaqtbbbkmobr.jpg,default
images_largescale/sun/images/sun_ajfrxazngovedhzv.jpg,default
images_largescale/sun/images/sun_ajfsgrvpaipqelgk.jpg,default
images_largescale/sun/images/sun_ajfsvadhggsjmrrk.jpg,default
images_largescale/sun/images/sun_ajfuafknhxybejfq.jpg,default
images_largescale/sun/images/sun_ajfwluyowtdrboxo.jpg,default
images_largescale/sun/images/sun_ajgciikmbdjasnza.jpg,default
images_largescale/sun/images/sun_ajgibatalucxokut.jpg,default
images_largescale/sun/images/sun_ajgmnnuanpwzwjge.jpg,default
images_largescale/sun/images/sun_ajgnsxagjqanidrr.jpg,default
images_largescale/sun/images/sun_ajgsbdragzfkjepr.jpg,default
images_largescale/sun/images/sun_ajgzayognhkssvpc.jpg,default
images_largescale/sun/images/sun_ajhiggzkylzwghyf.jpg,default
images_largescale/sun/images/sun_ajhkipntabiocxbk.jpg,default
images_largescale/sun/images/sun_ajhkkcybneuwucqo.jpg,default
images_largescale/sun/images/sun_ajhllynuzunxoshx.jpg,default
images_largescale/sun/images/sun_ajhtdxwwxlvufloj.jpg,default
images_largescale/sun/images/sun_ajhuitviwpzojbzc.jpg,default
images_largescale/sun/images/sun_ajhvdzdscjkjzath.jpg,default
images_largescale/sun/images/sun_ajidqhtnjialhfay.jpg,default
images_largescale/sun/images/sun_ajigtsysjsdcsqcg.jpg,default
images_largescale/sun/images/sun_ajiirnivbcnyvblv.jpg,default
images_largescale/sun/images/sun_ajinywekhkhvfcxo.jpg,default
images_largescale/sun/images/sun_ajioswhjnalsklfg.jpg,default
images_largescale/sun/images/sun_ajivzsyqenlqujua.jpg,default
images_largescale/sun/images/sun_ajiycyswqvekcxoc.jpg,default
images_largescale/sun/images/sun_ajiyppjjwfixgucy.jpg,default
images_largescale/sun/images/sun_ajjbjbusfbmvxahy.jpg,default
images_largescale/sun/images/sun_ajjgjiazclrecwnx.jpg,default
images_largescale/sun/images/sun_ajjlejziwzodzfjo.jpg,default
images_largescale/sun/images/sun_ajjloovyzvmmnrzk.jpg,default
images_largescale/sun/images/sun_ajjuxfkadormyaav.jpg,default
images_largescale/sun/images/sun_ajjvczubneljbivn.jpg,default
images_largescale/sun/images/sun_ajjwevzhrujemqro.jpg,default
images_largescale/sun/images/sun_ajjwsjpacavbcvsa.jpg,default
images_largescale/sun/images/sun_ajjwtapwravehfsg.jpg,default
images_largescale/sun/images/sun_ajkbsxggiqagvnhq.jpg,default
images_largescale/sun/images/sun_ajkeeikqzcyucmks.jpg,default
images_largescale/sun/images/sun_ajkinxlbjwfynsyf.jpg,default
images_largescale/sun/images/sun_ajkixkhswytcfgph.jpg,default
images_largescale/sun/images/sun_ajkllrdcxxpgbcsm.jpg,default
images_largescale/sun/images/sun_ajkphirkjwrjnzju.jpg,default
images_largescale/sun/images/sun_ajkpjmoeeosynxhs.jpg,default
images_largescale/sun/images/sun_ajkucznutthlndie.jpg,default
images_largescale/sun/images/sun_ajkwcuskskltxznd.jpg,default
images_largescale/sun/images/sun_ajkybsokdhevbyaw.jpg,default
images_largescale/sun/images/sun_ajlatnuddowqittg.jpg,default
images_largescale/sun/images/sun_ajlbwcujqthzhlhy.jpg,default
images_largescale/sun/images/sun_ajlechzqccufttmn.jpg,default
images_largescale/sun/images/sun_ajljmwtuoocxnauo.jpg,default
images_largescale/sun/images/sun_ajllibacwhvzzbjn.jpg,default
images_largescale/sun/images/sun_ajloejqbyjghuvqs.jpg,default
images_largescale/sun/images/sun_ajlptqqqvgpvhlpq.jpg,default
images_largescale/sun/images/sun_ajlrcoagxvonwgwn.jpg,default
images_largescale/sun/images/sun_ajltibuihrhgotql.jpg,default
images_largescale/sun/images/sun_ajlukomljlmikwdy.jpg,default
images_largescale/sun/images/sun_ajlvsniteudaqmfa.jpg,default
images_largescale/sun/images/sun_ajlwhnrifiyfsqut.jpg,default
images_largescale/sun/images/sun_ajmaabfwqwkvvisc.jpg,default
images_largescale/sun/images/sun_ajmbtywgllufpemj.jpg,default
images_largescale/sun/images/sun_ajmjyfugybbxwwqq.jpg,default
images_largescale/sun/images/sun_ajmnlrhdhnbfrtoa.jpg,default
images_largescale/sun/images/sun_ajmpwaqntswetunl.jpg,default
images_largescale/sun/images/sun_ajnajvnggfssykxp.jpg,default
images_largescale/sun/images/sun_ajndbanogbqimvoi.jpg,default
images_largescale/sun/images/sun_ajndxozqubbhdnol.jpg,default
images_largescale/sun/images/sun_ajnebjermlcrartx.jpg,default
images_largescale/sun/images/sun_ajnhwtgzilubzevv.jpg,default
images_largescale/sun/images/sun_ajniywnxzgeiaujp.jpg,default
images_largescale/sun/images/sun_ajnlypfhdcnqpowz.jpg,default
images_largescale/sun/images/sun_ajnmtmogjmcvpuim.jpg,default
images_largescale/sun/images/sun_ajntmarjvbrnandk.jpg,default
images_largescale/sun/images/sun_ajnwadiayxkdlfpz.jpg,default
images_largescale/sun/images/sun_ajnxwvketgpzztws.jpg,default
images_largescale/sun/images/sun_ajnztfayfiriubdh.jpg,default
images_largescale/sun/images/sun_ajoaxqrbxbhkfhyr.jpg,default
images_largescale/sun/images/sun_ajodoxohxzdxnxlx.jpg,default
images_largescale/sun/images/sun_ajoeelvnlamyxtgq.jpg,default
images_largescale/sun/images/sun_ajofqozuinvzupdi.jpg,default
images_largescale/sun/images/sun_ajoobseyhvpxglyc.jpg,default
images_largescale/sun/images/sun_ajoripfafgpwaito.jpg,default
images_largescale/sun/images/sun_ajorrbuvemnqbypm.jpg,default
images_largescale/sun/images/sun_ajosqiddwjzgiwfq.jpg,default
images_largescale/sun/images/sun_ajotvlfstkjjjefo.jpg,default
images_largescale/sun/images/sun_ajoveqhiprwqgoco.jpg,default
images_largescale/sun/images/sun_ajowzxcvvebmbgum.jpg,default
images_largescale/sun/images/sun_ajoygrsabggafswb.jpg,default
images_largescale/sun/images/sun_ajpakehmzdqchpnl.jpg,default
images_largescale/sun/images/sun_ajphszytbenkwbti.jpg,default
images_largescale/sun/images/sun_ajpipaedzmpndmwb.jpg,default
images_largescale/sun/images/sun_ajpjiupbnakweqhz.jpg,default
images_largescale/sun/images/sun_ajpjshbcybuikthw.jpg,default
images_largescale/sun/images/sun_ajpkkskmbtkjfroo.jpg,default
images_largescale/sun/images/sun_ajppwhqojhffjmtx.jpg,default
images_largescale/sun/images/sun_ajpsdzwimolyqsgg.jpg,default
images_largescale/sun/images/sun_ajpunlbvbjnwwoxn.jpg,default
images_largescale/sun/images/sun_ajpvfrxsezqspain.jpg,default
images_largescale/sun/images/sun_ajqbiwzgviedhick.jpg,default
images_largescale/sun/images/sun_ajqdvsuevkfybgme.jpg,default
images_largescale/sun/images/sun_ajqkymqgzhkwrpte.jpg,default
images_largescale/sun/images/sun_ajqotpmeblaakdko.jpg,default
images_largescale/sun/images/sun_ajqqcxskwcdkyhrm.jpg,default
images_largescale/sun/images/sun_ajqqfuojlxqkvvje.jpg,default
images_largescale/sun/images/sun_ajqqtumzxjreexky.jpg,default
images_largescale/sun/images/sun_ajqrshxouemkipne.jpg,default
images_largescale/sun/images/sun_ajqseeruaxsnqgkd.jpg,default
images_largescale/sun/images/sun_ajqsvhbcdhmfrgrt.jpg,default
images_largescale/sun/images/sun_ajqwldncnflcpcww.jpg,default
images_largescale/sun/images/sun_ajrgtewnualfcerj.jpg,default
images_largescale/sun/images/sun_ajrhydmrmddgcbqb.jpg,default
images_largescale/sun/images/sun_ajrputhzcjawjvzm.jpg,default
images_largescale/sun/images/sun_ajrsamoqmtpbrigz.jpg,default
images_largescale/sun/images/sun_ajrsruozxbobnleu.jpg,default
images_largescale/sun/images/sun_ajruthileqecwzuj.jpg,default
images_largescale/sun/images/sun_ajruwqvmgkclbhgj.jpg,default
images_largescale/sun/images/sun_ajrwdkkbyeuwrugk.jpg,default
images_largescale/sun/images/sun_ajrwjgmyhejbwsgt.jpg,default
images_largescale/sun/images/sun_ajshfbacwbjhknyh.jpg,default
images_largescale/sun/images/sun_ajshszzwxizwzuao.jpg,default
images_largescale/sun/images/sun_ajstqgfjpaguxpnq.jpg,default
images_largescale/sun/images/sun_ajswgcrmbunclzzm.jpg,default
images_largescale/sun/images/sun_ajtmycsirghvpcks.jpg,default
images_largescale/sun/images/sun_ajtpymczltredhge.jpg,default
images_largescale/sun/images/sun_ajtsdutwthrahmhb.jpg,default
images_largescale/sun/images/sun_ajttlovkwmqdqwsb.jpg,default
images_largescale/sun/images/sun_ajttqywswzqmxnji.jpg,default
images_largescale/sun/images/sun_ajtytnbaqzqaxjui.jpg,default
images_largescale/sun/images/sun_ajtyybhnsrlhgzrj.jpg,default
images_largescale/sun/images/sun_ajubvsuumlyqgxdf.jpg,default
images_largescale/sun/images/sun_ajuhmlicgrqwuidb.jpg,default
images_largescale/sun/images/sun_ajuhszrbgvjrdpec.jpg,default
images_largescale/sun/images/sun_ajupzjouciqiokpf.jpg,default
images_largescale/sun/images/sun_ajuxitkohkpqgqrb.jpg,default
images_largescale/sun/images/sun_ajuzlcryuuiwpwwh.jpg,default
images_largescale/sun/images/sun_ajvdjcykqncsldhe.jpg,default
images_largescale/sun/images/sun_ajviujlvrlqbbixl.jpg,default
images_largescale/sun/images/sun_ajvjeibhbnedcajb.jpg,default
images_largescale/sun/images/sun_ajvkrkqscsfodcmg.jpg,default
images_largescale/sun/images/sun_ajvldbpilvwnvkei.jpg,default
images_largescale/sun/images/sun_ajvnrszpmkomxiob.jpg,default
images_largescale/sun/images/sun_ajvtefronkamwvma.jpg,default
images_largescale/sun/images/sun_ajvxaayyfizkentt.jpg,default
images_largescale/sun/images/sun_ajvzqqgwuywvkldx.jpg,default
images_largescale/sun/images/sun_ajvzymarvnaedgtw.jpg,default
images_largescale/sun/images/sun_ajwacughhjxewlvz.jpg,default
images_largescale/sun/images/sun_ajwenkpgdnsqosey.jpg,default
images_largescale/sun/images/sun_ajwjawytmppndwmm.jpg,default
images_largescale/sun/images/sun_ajwjymdomgmldast.jpg,default
images_largescale/sun/images/sun_ajwkskkzoxfeqyqi.jpg,default
images_largescale/sun/images/sun_ajwlpkepvfjftzys.jpg,default
images_largescale/sun/images/sun_ajwmfmrerzkrxqnv.jpg,default
images_largescale/sun/images/sun_ajwmooqlwtxmnkrb.jpg,default
images_largescale/sun/images/sun_ajwngnklbyalzgcl.jpg,default
images_largescale/sun/images/sun_ajwqxxwrgdohmnpv.jpg,default
images_largescale/sun/images/sun_ajwrscwfvvgqespe.jpg,default
images_largescale/sun/images/sun_ajwsdhknczdczovs.jpg,default
images_largescale/sun/images/sun_ajwwxgqesolglred.jpg,default
images_largescale/sun/images/sun_ajwxsmecoxkemccc.jpg,default
images_largescale/sun/images/sun_ajxlcbnxkgvhmjir.jpg,default
images_largescale/sun/images/sun_ajxlfhgsiedekubj.jpg,default
images_largescale/sun/images/sun_ajxmoorpsqfesyjd.jpg,default
images_largescale/sun/images/sun_ajxukqlynichyvby.jpg,default
images_largescale/sun/images/sun_ajxvqvwedijvnkam.jpg,default
images_largescale/sun/images/sun_ajxwosatmpeqzzvv.jpg,default
images_largescale/sun/images/sun_ajxxlplbzhzzkhaz.jpg,default
images_largescale/sun/images/sun_ajxyoopypagsekth.jpg,default
images_largescale/sun/images/sun_ajyarvakiseltiok.jpg,default
images_largescale/sun/images/sun_ajygjlqadshtpgwe.jpg,default
images_largescale/sun/images/sun_ajyltmaemcnsedcv.jpg,default
images_largescale/sun/images/sun_ajylyzfgazrpaebu.jpg,default
images_largescale/sun/images/sun_ajyqrfjzebnbbdee.jpg,default
images_largescale/sun/images/sun_ajyspdrfoxkrzvpp.jpg,default
images_largescale/sun/images/sun_ajyttttktngknvth.jpg,default
images_largescale/sun/images/sun_ajywfjksexohdjgq.jpg,default
images_largescale/sun/images/sun_ajywjuxfceylecye.jpg,default
images_largescale/sun/images/sun_ajzavpitkeupdoyk.jpg,default
images_largescale/sun/images/sun_ajzggnulpqxauopt.jpg,default
images_largescale/sun/images/sun_ajzgpdvdowkxttcw.jpg,default
images_largescale/sun/images/sun_ajzhlqknaulheosa.jpg,default
images_largescale/sun/images/sun_ajzhplgyuzbctwnk.jpg,default
images_largescale/sun/images/sun_ajzmdmbhkuxglfuv.jpg,default
images_largescale/sun/images/sun_ajzniroqypjelkxq.jpg,default
images_largescale/sun/images/sun_ajztsrxauimzlsku.jpg,default
images_largescale/sun/images/sun_ajzyejmldspnqjjf.jpg,default
images_largescale/sun/images/sun_akabsvsyzpiqntcp.jpg,default
images_largescale/sun/images/sun_akadjltzgtyjrhug.jpg,default
images_largescale/sun/images/sun_akaeegtdigwducgl.jpg,default
images_largescale/sun/images/sun_akaeugvancwoiknl.jpg,default
images_largescale/sun/images/sun_akafihdxnqphclgg.jpg,default
images_largescale/sun/images/sun_akahbirgsuxxsawv.jpg,default
images_largescale/sun/images/sun_akajkkhvguuywshi.jpg,default
images_largescale/sun/images/sun_akajlnontfwjehpf.jpg,default
images_largescale/sun/images/sun_akajxoxqfxlmlqit.jpg,default
images_largescale/sun/images/sun_akasqqlvgrmjbbml.jpg,default
images_largescale/sun/images/sun_akavczvblahbrxbb.jpg,default
images_largescale/sun/images/sun_akavfzeotrzbowrs.jpg,default
images_largescale/sun/images/sun_akawgytrikgprdly.jpg,default
images_largescale/sun/images/sun_akawscwnarpmqdzq.jpg,default
images_largescale/sun/images/sun_akbbryhxzdowzceh.jpg,default
images_largescale/sun/images/sun_akbggphffoqsvunr.jpg,default
images_largescale/sun/images/sun_akbklesnjqezgnsc.jpg,default
images_largescale/sun/images/sun_akbldrajvseoaovw.jpg,default
images_largescale/sun/images/sun_akblmsrghqtylohe.jpg,default
images_largescale/sun/images/sun_akbmofzezvjwcqjd.jpg,default
images_largescale/sun/images/sun_akbqanpxnegdxnhx.jpg,default
images_largescale/sun/images/sun_akbroihotcraybvn.jpg,default
images_largescale/sun/images/sun_akbtbxooeglgqgsw.jpg,default
images_largescale/sun/images/sun_akbuisxsqiyfgjnw.jpg,default
images_largescale/sun/images/sun_akbwxfywmrcaignf.jpg,default
images_largescale/sun/images/sun_akbydxhnubvnjymf.jpg,default
images_largescale/sun/images/sun_akbzaorjubeafzju.jpg,default
images_largescale/sun/images/sun_akcaerdbabjuvoic.jpg,default
images_largescale/sun/images/sun_akcdkfxniogyltlx.jpg,default
images_largescale/sun/images/sun_akcfdcenfhbomwic.jpg,default
images_largescale/sun/images/sun_akcgdxietxjssbfh.jpg,default
images_largescale/sun/images/sun_akcjuirleravrmod.jpg,default
images_largescale/sun/images/sun_akckbypmzxubxzyf.jpg,default
images_largescale/sun/images/sun_akckqfexqvewosyw.jpg,default
images_largescale/sun/images/sun_akcltfxeuxluncdn.jpg,default
images_largescale/sun/images/sun_akcxxbgqrapnmrqt.jpg,default
images_largescale/sun/images/sun_akdbxepnruyrbtrp.jpg,default
images_largescale/sun/images/sun_akdgnrgisimcpykf.jpg,default
images_largescale/sun/images/sun_akdgyxakgkqmvlko.jpg,default
images_largescale/sun/images/sun_akdikawjhayiecma.jpg,default
images_largescale/sun/images/sun_akdmpkixtkbhhkbr.jpg,default
images_largescale/sun/images/sun_akdnnrmomdcsewjf.jpg,default
images_largescale/sun/images/sun_akdtrnaahlswfapk.jpg,default
images_largescale/sun/images/sun_akdvwrcvtafjrwds.jpg,default
images_largescale/sun/images/sun_akdwccfguxsuhgmm.jpg,default
images_largescale/sun/images/sun_akedtumgvtvmhaue.jpg,default
images_largescale/sun/images/sun_akefjlrmmgsuhcmk.jpg,default
images_largescale/sun/images/sun_akefnwicklzhvrfc.jpg,default
images_largescale/sun/images/sun_akemaosleeevhlwm.jpg,default
images_largescale/sun/images/sun_akemddcvseveoezh.jpg,default
images_largescale/sun/images/sun_akemeqodrmduaflt.jpg,default
images_largescale/sun/images/sun_akeotihgyfkaystx.jpg,default
images_largescale/sun/images/sun_akeqofrswjltlmrr.jpg,default
images_largescale/sun/images/sun_akexlxsslznblaoa.jpg,default
images_largescale/sun/images/sun_akfadmdtlbduiiyc.jpg,default
images_largescale/sun/images/sun_akffgdidwwsthvnn.jpg,default
images_largescale/sun/images/sun_akfmteujutawjsyv.jpg,default
images_largescale/sun/images/sun_akfqicsimsojlmsn.jpg,default
images_largescale/sun/images/sun_akfqpinellvyhqhz.jpg,default
images_largescale/sun/images/sun_akfqqtdmkhvbevga.jpg,default
images_largescale/sun/images/sun_akfrrcdwsdqfpphn.jpg,default
images_largescale/sun/images/sun_akfrxlmhcpdwyybi.jpg,default
images_largescale/sun/images/sun_akfsfkeagjmqsrai.jpg,default
images_largescale/sun/images/sun_akfuipruvslxptqi.jpg,default
images_largescale/sun/images/sun_akfvveysqolggckx.jpg,default
images_largescale/sun/images/sun_akfwarowhreujguf.jpg,default
images_largescale/sun/images/sun_akfxwamaqhtnesuk.jpg,default
images_largescale/sun/images/sun_akfysywktdsfwcts.jpg,default
images_largescale/sun/images/sun_akfzxmvbtwuznhli.jpg,default
images_largescale/sun/images/sun_akfzymqtxpkjmyaz.jpg,default
images_largescale/sun/images/sun_akgaydkzosgptbak.jpg,default
images_largescale/sun/images/sun_akgdxffbknebsbhu.jpg,default
images_largescale/sun/images/sun_akgfkmlmfwvdyygs.jpg,default
images_largescale/sun/images/sun_akgmdvbwkwizfrzi.jpg,default
images_largescale/sun/images/sun_akgpcyzabaqezjbv.jpg,default
images_largescale/sun/images/sun_akgrfjcrvqzakqiz.jpg,default
images_largescale/sun/images/sun_akgrwhipyselyhhk.jpg,default
images_largescale/sun/images/sun_akgtgybbentsyjvo.jpg,default
images_largescale/sun/images/sun_akguloxechncfnam.jpg,default
images_largescale/sun/images/sun_akhaawgalrbwzfxr.jpg,default
images_largescale/sun/images/sun_akhihwnixnfbdqnk.jpg,default
images_largescale/sun/images/sun_akhjufgfhnwmyikk.jpg,default
images_largescale/sun/images/sun_akhmnyvmhstfewhh.jpg,default
images_largescale/sun/images/sun_akhnnzpbrhpwvawd.jpg,default
images_largescale/sun/images/sun_akhnxgzxoxxfudbs.jpg,default
images_largescale/sun/images/sun_akhobpecejncglyh.jpg,default
images_largescale/sun/images/sun_akhoekmdhhgmmpdd.jpg,default
images_largescale/sun/images/sun_akhplfipnrwzxqvf.jpg,default
images_largescale/sun/images/sun_akhqdvgnxhyqqgyd.jpg,default
images_largescale/sun/images/sun_akhqhddpkrquavpv.jpg,default
images_largescale/sun/images/sun_akicohqqcjoyguxq.jpg,default
images_largescale/sun/images/sun_akifsthnqdnrdnxg.jpg,default
images_largescale/sun/images/sun_akihhfvylreuhukq.jpg,default
images_largescale/sun/images/sun_akikojngerfgfrlq.jpg,default
images_largescale/sun/images/sun_akiuqqxhsdexvkwy.jpg,default
images_largescale/sun/images/sun_akiynypilmweynbh.jpg,default
images_largescale/sun/images/sun_akjcbewhdwwxcevt.jpg,default
images_largescale/sun/images/sun_akjclwoxcbbxgpey.jpg,default
images_largescale/sun/images/sun_akjfqwfhyotgdgkx.jpg,default
images_largescale/sun/images/sun_akjlxojqalgwydpl.jpg,default
images_largescale/sun/images/sun_akjprvosaxyrplpn.jpg,default
images_largescale/sun/images/sun_akjqdnvgdjdphyuw.jpg,default
images_largescale/sun/images/sun_akjrblsftiiheycg.jpg,default
images_largescale/sun/images/sun_akjtkfxlrdphnwhj.jpg,default
images_largescale/sun/images/sun_akjxkrazoutbukjx.jpg,default
images_largescale/sun/images/sun_akkbzxdmyvkwlgop.jpg,default
images_largescale/sun/images/sun_akkdwuinnauyodbq.jpg,default
images_largescale/sun/images/sun_akkglkwqxebpmdnw.jpg,default
images_largescale/sun/images/sun_akkikmxcawqwgeiu.jpg,default
images_largescale/sun/images/sun_akkknssqxfkmjmid.jpg,default
images_largescale/sun/images/sun_akklcvknzigptqfq.jpg,default
images_largescale/sun/images/sun_akkltpzsstqaoevf.jpg,default
images_largescale/sun/images/sun_akklvcsclwmactds.jpg,default
images_largescale/sun/images/sun_akkmqqzgoeaaixak.jpg,default
images_largescale/sun/images/sun_akksslqfkjqufsud.jpg,default
images_largescale/sun/images/sun_akksuhvapuztgvyw.jpg,default
images_largescale/sun/images/sun_akkswzajwxprjpyq.jpg,default
images_largescale/sun/images/sun_akktpemkmhzrndox.jpg,default
images_largescale/sun/images/sun_akkudvdlmryidqbs.jpg,default
images_largescale/sun/images/sun_akkvsvbniblbiifc.jpg,default
images_largescale/sun/images/sun_akkydjepwkbfxozh.jpg,default
images_largescale/sun/images/sun_akkzegntnwrimonw.jpg,default
images_largescale/sun/images/sun_aklaangaztfivcig.jpg,default
images_largescale/sun/images/sun_akldfuxketeyqrcr.jpg,default
images_largescale/sun/images/sun_aklesdjetqziysmw.jpg,default
images_largescale/sun/images/sun_aklfxxnjwrkzryyl.jpg,default
images_largescale/sun/images/sun_aklimngipxcslsvl.jpg,default
images_largescale/sun/images/sun_akljaidoqdkswkpz.jpg,default
images_largescale/sun/images/sun_aklmfrpxbesniwkh.jpg,default
images_largescale/sun/images/sun_aklozhiwsqqlmuyp.jpg,default
images_largescale/sun/images/sun_aklqcqwsffsgkqqb.jpg,default
images_largescale/sun/images/sun_aklubpcccmurzrem.jpg,default
images_largescale/sun/images/sun_akmjsexipenbwljx.jpg,default
images_largescale/sun/images/sun_akmjwkkursbvwwwx.jpg,default
images_largescale/sun/images/sun_akmmkhcopmvtqsdk.jpg,default
images_largescale/sun/images/sun_akmphpcugurrisap.jpg,default
images_largescale/sun/images/sun_akmpltulxqidsvao.jpg,default
images_largescale/sun/images/sun_akmpuxtqjncssoef.jpg,default
images_largescale/sun/images/sun_akmqiwdjerpznraz.jpg,default
images_largescale/sun/images/sun_akmqscwdpatnwkxe.jpg,default
images_largescale/sun/images/sun_akmumadguvcoalqo.jpg,default
images_largescale/sun/images/sun_akmwgzwtdcyizrcx.jpg,default
images_largescale/sun/images/sun_akmxfdsfynynzzua.jpg,default
images_largescale/sun/images/sun_akmyfqziyrtjgout.jpg,default
images_largescale/sun/images/sun_akmyusufzdyvkvhu.jpg,default
images_largescale/sun/images/sun_akmzwyqeghypxljs.jpg,default
images_largescale/sun/images/sun_aknfgtdnzlevmfkx.jpg,default
images_largescale/sun/images/sun_aknfnuqnxcqyqxuq.jpg,default
images_largescale/sun/images/sun_aknhkxcqpzrfarfp.jpg,default
images_largescale/sun/images/sun_aknhqmkmbzddisee.jpg,default
images_largescale/sun/images/sun_akniivhpunggxqok.jpg,default
images_largescale/sun/images/sun_aknlbkdbkblqjpcg.jpg,default
images_largescale/sun/images/sun_aknomfdxoaqpxmrk.jpg,default
images_largescale/sun/images/sun_aknptxlxhuazknjg.jpg,default
images_largescale/sun/images/sun_aknpwinvapdzguuh.jpg,default
images_largescale/sun/images/sun_aknrjiemzmaqrgpa.jpg,default
images_largescale/sun/images/sun_aknsexlkqeykgtlc.jpg,default
images_largescale/sun/images/sun_aknvxcasmmlnslly.jpg,default
images_largescale/sun/images/sun_aknvyatbbexkfiqt.jpg,default
images_largescale/sun/images/sun_akohtkwckwqftlbq.jpg,default
images_largescale/sun/images/sun_akopphnjotyrfldw.jpg,default
images_largescale/sun/images/sun_akorrmkdbnkmirnv.jpg,default
images_largescale/sun/images/sun_akotxubscnwltbmc.jpg,default
images_largescale/sun/images/sun_akpbvvgpzknpwlvu.jpg,default
images_largescale/sun/images/sun_akpbymvhldxosjpm.jpg,default
images_largescale/sun/images/sun_akpcxbtqthcagbcg.jpg,default
images_largescale/sun/images/sun_akpdbayyodrckizs.jpg,default
images_largescale/sun/images/sun_akpigbdvwhnmnkvb.jpg,default
images_largescale/sun/images/sun_akpjhdftbowgnvdf.jpg,default
images_largescale/sun/images/sun_akpmyorgdhfcfggp.jpg,default
images_largescale/sun/images/sun_akpotlgwupfsqyis.jpg,default
images_largescale/sun/images/sun_akpqgvppucwdsvek.jpg,default
images_largescale/sun/images/sun_akpriekfclyhtobt.jpg,default
images_largescale/sun/images/sun_akpvxaoowpsbgfef.jpg,default
images_largescale/sun/images/sun_akpvyzbiupyhtvip.jpg,default
images_largescale/sun/images/sun_akpzyyysntsfcxic.jpg,default
images_largescale/sun/images/sun_akqbinkrcslxkahk.jpg,default
images_largescale/sun/images/sun_akqedhvdvfshizsc.jpg,default
images_largescale/sun/images/sun_akqegikmplvrcvwf.jpg,default
images_largescale/sun/images/sun_akqjhsbbjafcpwhm.jpg,default
images_largescale/sun/images/sun_akqoupuxrttdevco.jpg,default
images_largescale/sun/images/sun_akqwkzlpvinhybji.jpg,default
images_largescale/sun/images/sun_akqxtembuhaobcvd.jpg,default
images_largescale/sun/images/sun_akrcfvlmyxzvrzln.jpg,default
images_largescale/sun/images/sun_akrcvrdmwferoxhr.jpg,default
images_largescale/sun/images/sun_akrdoezmjqxvrhyy.jpg,default
images_largescale/sun/images/sun_akrdvhjzrmdsxevm.jpg,default
images_largescale/sun/images/sun_akrehjuuztgzjelf.jpg,default
images_largescale/sun/images/sun_akrgpbiojwkzpuwp.jpg,default
images_largescale/sun/images/sun_akriyetrhoopjsdy.jpg,default
images_largescale/sun/images/sun_akrohhkpmlzvsmip.jpg,default
images_largescale/sun/images/sun_akruzbkawohrabqj.jpg,default
images_largescale/sun/images/sun_akrwqbrbzktedeeb.jpg,default
images_largescale/sun/images/sun_akryklnzpcglebgd.jpg,default
images_largescale/sun/images/sun_aksdkndxlfisiyds.jpg,default
images_largescale/sun/images/sun_aksfsklrdrhveojm.jpg,default
images_largescale/sun/images/sun_akshpkbypoizgvfy.jpg,default
images_largescale/sun/images/sun_akskhwxoxcmihocn.jpg,default
images_largescale/sun/images/sun_akspqsxwqgdkqzll.jpg,default
images_largescale/sun/images/sun_akstxgdhtlhmhqxb.jpg,default
images_largescale/sun/images/sun_aksufrivxcbmtaiu.jpg,default
images_largescale/sun/images/sun_aktctitubmiwpsmk.jpg,default
images_largescale/sun/images/sun_aktdblehdcyjhota.jpg,default
images_largescale/sun/images/sun_aktdobfotqwmjmbd.jpg,default
images_largescale/sun/images/sun_akthepbhgzeiksmn.jpg,default
images_largescale/sun/images/sun_akthylcfyndwczit.jpg,default
images_largescale/sun/images/sun_aktksqlbuuccnufg.jpg,default
images_largescale/sun/images/sun_aktldkkgtlpfxekt.jpg,default
images_largescale/sun/images/sun_aktomtkapwesrezy.jpg,default
images_largescale/sun/images/sun_aktqrmsokwsuvoth.jpg,default
images_largescale/sun/images/sun_aktricrqnhgpblkw.jpg,default
images_largescale/sun/images/sun_aktrveexjdrljtyl.jpg,default
images_largescale/sun/images/sun_aktsavaiflqngolv.jpg,default
images_largescale/sun/images/sun_aktujshidrtxrbnq.jpg,default
images_largescale/sun/images/sun_aktxaltontyvqota.jpg,default
images_largescale/sun/images/sun_aktxraquxzvjgawe.jpg,default
images_largescale/sun/images/sun_aktytmdinuahopob.jpg,default
images_largescale/sun/images/sun_akucrkaxsbxgztmj.jpg,default
images_largescale/sun/images/sun_akugovopfqhzwngo.jpg,default
images_largescale/sun/images/sun_akuhydigqudzqpcg.jpg,default
images_largescale/sun/images/sun_akukydqstuwoplps.jpg,default
images_largescale/sun/images/sun_akunqvyxlnqigojo.jpg,default
images_largescale/sun/images/sun_akuqqxywyqkrmxwo.jpg,default
images_largescale/sun/images/sun_akurfkimdzgekqvh.jpg,default
images_largescale/sun/images/sun_akuxzcybtzufrmpc.jpg,default
images_largescale/sun/images/sun_akuznthiyzcipqzh.jpg,default
images_largescale/sun/images/sun_akuztegtzgxgsqyn.jpg,default
images_largescale/sun/images/sun_akuzxstcblvhmomk.jpg,default
images_largescale/sun/images/sun_akvcflwqdjqpekpw.jpg,default
images_largescale/sun/images/sun_akvekvlcibmjxdeu.jpg,default
images_largescale/sun/images/sun_akvnfvyhyggtrjln.jpg,default
images_largescale/sun/images/sun_akvtsynyuffbdkgo.jpg,default
images_largescale/sun/images/sun_akvtwkgvbblzbana.jpg,default
images_largescale/sun/images/sun_akvvinylwlebcwlw.jpg,default
images_largescale/sun/images/sun_akvwedffujvbsrjj.jpg,default
images_largescale/sun/images/sun_akvwwvuzoytbjnux.jpg,default
images_largescale/sun/images/sun_akwbycodudjgtknu.jpg,default
images_largescale/sun/images/sun_akwhqwxqtpfdyfjs.jpg,default
images_largescale/sun/images/sun_akwiazejssjfvesw.jpg,default
images_largescale/sun/images/sun_akwkxdabfettnchq.jpg,default
images_largescale/sun/images/sun_akwpugomzcoqvywe.jpg,default
images_largescale/sun/images/sun_akwqkdbzqhhjdkap.jpg,default
images_largescale/sun/images/sun_akwsnxmydjylkvqo.jpg,default
images_largescale/sun/images/sun_akwtepowunjednnc.jpg,default
images_largescale/sun/images/sun_akwtrlviwncafcye.jpg,default
images_largescale/sun/images/sun_akwybalthkwcfjub.jpg,default
images_largescale/sun/images/sun_akxafarsjlwrmcyd.jpg,default
images_largescale/sun/images/sun_akxcjxfvjwvirxkx.jpg,default
images_largescale/sun/images/sun_akxejnfkcqwiimad.jpg,default
images_largescale/sun/images/sun_akxfnyxrhdespohw.jpg,default
images_largescale/sun/images/sun_akxfqkovkfvnfndi.jpg,default
images_largescale/sun/images/sun_akxniqgrfjcazvqy.jpg,default
images_largescale/sun/images/sun_akxpvufspzrysfol.jpg,default
images_largescale/sun/images/sun_akxtfrenygekfacy.jpg,default
images_largescale/sun/images/sun_akxwheuimfdzstsv.jpg,default
images_largescale/sun/images/sun_akxzlgjhfkxzknqw.jpg,default
images_largescale/sun/images/sun_akyajvwhrvraasmv.jpg,default
images_largescale/sun/images/sun_akycpnlnwnnzmcjd.jpg,default
images_largescale/sun/images/sun_akyczvnmuxmqoxji.jpg,default
images_largescale/sun/images/sun_akyfleqhrvkiogvj.jpg,default
images_largescale/sun/images/sun_akypbbyinrtsafbt.jpg,default
images_largescale/sun/images/sun_akyqgaqvozyepamh.jpg,default
images_largescale/sun/images/sun_akyrspzgxrsexyyd.jpg,default
images_largescale/sun/images/sun_akytayaebrjfqxot.jpg,default
images_largescale/sun/images/sun_akywimwycfdiskni.jpg,default
images_largescale/sun/images/sun_akywkphuykotjyvy.jpg,default
images_largescale/sun/images/sun_akyyikglvyxclrgm.jpg,default
images_largescale/sun/images/sun_akzajpaivrftaqtc.jpg,default
images_largescale/sun/images/sun_akzayzsscnbxlcpb.jpg,default
images_largescale/sun/images/sun_akzbkgmcmijqihiw.jpg,default
images_largescale/sun/images/sun_akzhuasypisjmpjt.jpg,default
images_largescale/sun/images/sun_akzjfqzdxslqzyge.jpg,default
images_largescale/sun/images/sun_akzmihruwozjjvcm.jpg,default
images_largescale/sun/images/sun_akzmlfwauwywnghg.jpg,default
images_largescale/sun/images/sun_akzmqnisvhbqjpaj.jpg,default
images_largescale/sun/images/sun_akzqpjgbiblulhpa.jpg,default
images_largescale/sun/images/sun_akztgbltwhgthazd.jpg,default
images_largescale/sun/images/sun_akztqpfwnmvznbin.jpg,default
images_largescale/sun/images/sun_akzuzhibrlpnrwpy.jpg,default
images_largescale/sun/images/sun_akzykvgqodmrqcka.jpg,default
images_largescale/sun/images/sun_alacoogzrrchjxbv.jpg,default
images_largescale/sun/images/sun_aladzvobvdfwvsqr.jpg,default
images_largescale/sun/images/sun_alahelshrsxbvwcj.jpg,default
images_largescale/sun/images/sun_alahofzqscsnazqd.jpg,default
images_largescale/sun/images/sun_alajbhdnkazcvzxa.jpg,default
images_largescale/sun/images/sun_alakrmddvyjpejez.jpg,default
images_largescale/sun/images/sun_alavihpydyqrshxl.jpg,default
images_largescale/sun/images/sun_albchstylomchmhd.jpg,default
images_largescale/sun/images/sun_albcmmnwbcztyywp.jpg,default
images_largescale/sun/images/sun_albesptublivjfkb.jpg,default
images_largescale/sun/images/sun_albfiabtflbsdgtz.jpg,default
images_largescale/sun/images/sun_albgkiksixirxscq.jpg,default
images_largescale/sun/images/sun_albhdrmnbnbrgpak.jpg,default
images_largescale/sun/images/sun_albruxfzycpyizpq.jpg,default
images_largescale/sun/images/sun_albsdvwnhgcnprpm.jpg,default
images_largescale/sun/images/sun_alcankunlluowzwz.jpg,default
images_largescale/sun/images/sun_alcjiafeztoymgdv.jpg,default
images_largescale/sun/images/sun_alckkvxobhmttrrf.jpg,default
images_largescale/sun/images/sun_alcncljytbqlosrg.jpg,default
images_largescale/sun/images/sun_alcqbwchknwvwcst.jpg,default
images_largescale/sun/images/sun_alcxtsygaufvlrqj.jpg,default
images_largescale/sun/images/sun_alczyqpknleccmtz.jpg,default
images_largescale/sun/images/sun_aldgwxkodkscwtcw.jpg,default
images_largescale/sun/images/sun_aldigqqshvnhfkng.jpg,default
images_largescale/sun/images/sun_aldjkdxcweewulza.jpg,default
images_largescale/sun/images/sun_aldjnfcshqhujwzn.jpg,default
images_largescale/sun/images/sun_aldlbcrxqetsodsw.jpg,default
images_largescale/sun/images/sun_aldpvzragqbmgudv.jpg,default
images_largescale/sun/images/sun_aldqkstplopogldi.jpg,default
images_largescale/sun/images/sun_aldstoyxjdrkcnva.jpg,default
images_largescale/sun/images/sun_alduofdvrgfpfqwb.jpg,default
images_largescale/sun/images/sun_aldvunmssrqjadvk.jpg,default
images_largescale/sun/images/sun_aldxmqufegjxvpon.jpg,default
images_largescale/sun/images/sun_alegcbhcihoqpqly.jpg,default
images_largescale/sun/images/sun_aleldbirkbkwjiyn.jpg,default
images_largescale/sun/images/sun_aleonnevnvjvkanr.jpg,default
images_largescale/sun/images/sun_aleqynfwzesvvxqw.jpg,default
images_largescale/sun/images/sun_aletopenvvozhpxc.jpg,default
images_largescale/sun/images/sun_alettkltzysnuqsq.jpg,default
images_largescale/sun/images/sun_aleyvaukxkayexmf.jpg,default
images_largescale/sun/images/sun_aleywodvwnyzdqna.jpg,default
images_largescale/sun/images/sun_alfellrccnkdczik.jpg,default
images_largescale/sun/images/sun_alfglsmhvwaztemo.jpg,default
images_largescale/sun/images/sun_alfmwlhgekogikbi.jpg,default
images_largescale/sun/images/sun_alfwornyoergdyuq.jpg,default
images_largescale/sun/images/sun_alfxbcbwfhbfdbks.jpg,default
images_largescale/sun/images/sun_alfydyirlubegqfn.jpg,default
images_largescale/sun/images/sun_algajgfibrjfrvcc.jpg,default
images_largescale/sun/images/sun_algdecbmpcsmrchb.jpg,default
images_largescale/sun/images/sun_algdukwqozorymvg.jpg,default
images_largescale/sun/images/sun_algerzrzddzsjooe.jpg,default
images_largescale/sun/images/sun_alggvjzdijysiemt.jpg,default
images_largescale/sun/images/sun_algjxkiglddpzwlw.jpg,default
images_largescale/sun/images/sun_alglafvarcxpdnvl.jpg,default
images_largescale/sun/images/sun_algluldankoixdum.jpg,default
images_largescale/sun/images/sun_algnawesgjzzmcqd.jpg,default
images_largescale/sun/images/sun_algofqlfvmgaygbd.jpg,default
images_largescale/sun/images/sun_algpsujdozuvakop.jpg,default
images_largescale/sun/images/sun_algsdnkyqawwgfol.jpg,default
images_largescale/sun/images/sun_algsvrcvjcxgsvyw.jpg,default
images_largescale/sun/images/sun_algtrvrfayrehtya.jpg,default
images_largescale/sun/images/sun_algvbjuwkvwnhnrk.jpg,default
images_largescale/sun/images/sun_algykmlzsooyrtkq.jpg,default
images_largescale/sun/images/sun_alhchcfesxyzrtnf.jpg,default
images_largescale/sun/images/sun_alhehnmddidpcsdq.jpg,default
images_largescale/sun/images/sun_alheovotlhwqzvmo.jpg,default
images_largescale/sun/images/sun_alhhvyznjuyuuuuf.jpg,default
images_largescale/sun/images/sun_alhltgghdiaumaoh.jpg,default
images_largescale/sun/images/sun_alhobnlzkvaowluq.jpg,default
images_largescale/sun/images/sun_alhpocwsadrnzduw.jpg,default
images_largescale/sun/images/sun_alhtrdpyikansumy.jpg,default
images_largescale/sun/images/sun_alhvyziimzeiusrl.jpg,default
images_largescale/sun/images/sun_alhxbkdbqhhtyjsj.jpg,default
images_largescale/sun/images/sun_aligjvfcapwmhfbl.jpg,default
images_largescale/sun/images/sun_alilcglfotuvujip.jpg,default
images_largescale/sun/images/sun_aliwpmfbdcxbhmrf.jpg,default
images_largescale/sun/images/sun_aljeuaokhwezuirt.jpg,default
images_largescale/sun/images/sun_aljhbekhbjprhwrr.jpg,default
images_largescale/sun/images/sun_aljkuithvtrqrevp.jpg,default
images_largescale/sun/images/sun_aljoocmzrkcmksck.jpg,default
images_largescale/sun/images/sun_aljslhbcehzfqwcf.jpg,default
images_largescale/sun/images/sun_aljterawjubtqvdj.jpg,default
images_largescale/sun/images/sun_aljxnkvimkawzbsn.jpg,default
images_largescale/sun/images/sun_aljzvmmgftbekaql.jpg,default
images_largescale/sun/images/sun_alkcxqbxsvkojcdw.jpg,default
images_largescale/sun/images/sun_alkdazhtvezlzbhy.jpg,default
images_largescale/sun/images/sun_alklobicberfcgtp.jpg,default
images_largescale/sun/images/sun_alkqpiswgzkpmocc.jpg,default
images_largescale/sun/images/sun_alksnqrrvkcrmkef.jpg,default
images_largescale/sun/images/sun_alktcimifzpnwuqq.jpg,default
images_largescale/sun/images/sun_alkyloeaedzpknhd.jpg,default
images_largescale/sun/images/sun_alldpxnzrhlzubmi.jpg,default
images_largescale/sun/images/sun_alldrmkdvifibatb.jpg,default
images_largescale/sun/images/sun_allebkcnakigqrhk.jpg,default
images_largescale/sun/images/sun_allirxilwzsfovra.jpg,default
images_largescale/sun/images/sun_allmggcyqxkvdwes.jpg,default
images_largescale/sun/images/sun_allsvvdvpkxtzqvb.jpg,default
images_largescale/sun/images/sun_alltkcsglthxuhko.jpg,default
images_largescale/sun/images/sun_almbnfrklwqeecfz.jpg,default
images_largescale/sun/images/sun_almctiyexzvxcjkn.jpg,default
images_largescale/sun/images/sun_almdgfwouwmthhnz.jpg,default
images_largescale/sun/images/sun_almfhxeccgkvquql.jpg,default
images_largescale/sun/images/sun_almgpgsljkensfbb.jpg,default
images_largescale/sun/images/sun_almgvvckorrkddti.jpg,default
images_largescale/sun/images/sun_almkpedyrclokikk.jpg,default
images_largescale/sun/images/sun_almkpehyrmmprbzc.jpg,default
images_largescale/sun/images/sun_almlgptqaohhgemk.jpg,default
images_largescale/sun/images/sun_almlwmruikmuthfr.jpg,default
images_largescale/sun/images/sun_almpskoasdhbvxct.jpg,default
images_largescale/sun/images/sun_almxcvcgzxrhuxpr.jpg,default
images_largescale/sun/images/sun_alnhptxtdfsqmxgp.jpg,default
images_largescale/sun/images/sun_alnmjdrdigbpjvtn.jpg,default
images_largescale/sun/images/sun_alnmkzvpbbcszhnl.jpg,default
images_largescale/sun/images/sun_alnmphzufbetpcii.jpg,default
images_largescale/sun/images/sun_alnnhoadqvpwfrmq.jpg,default
images_largescale/sun/images/sun_alnqrqacvlgvnnmd.jpg,default
images_largescale/sun/images/sun_alnriaasqpkjypiw.jpg,default
images_largescale/sun/images/sun_alnroddavydcgxwx.jpg,default
images_largescale/sun/images/sun_alnxvlxhhtgubnig.jpg,default
images_largescale/sun/images/sun_alnytujlpikwbjer.jpg,default
images_largescale/sun/images/sun_aloavwhymgchldpn.jpg,default
images_largescale/sun/images/sun_alobwkdnbxjfluem.jpg,default
images_largescale/sun/images/sun_alocacznyibjmcsh.jpg,default
images_largescale/sun/images/sun_alofcfhvblenqqme.jpg,default
images_largescale/sun/images/sun_alofhrxnrwdptpil.jpg,default
images_largescale/sun/images/sun_aloiepetajcmgjea.jpg,default
images_largescale/sun/images/sun_aloizwznuhnkgfby.jpg,default
images_largescale/sun/images/sun_alojyrvlkifrickr.jpg,default
images_largescale/sun/images/sun_alooqmtszpkslbsp.jpg,default
images_largescale/sun/images/sun_alopqugdqohtsfmd.jpg,default
images_largescale/sun/images/sun_alpbljrklmcjuxhs.jpg,default
images_largescale/sun/images/sun_alphqqeyojhdungw.jpg,default
images_largescale/sun/images/sun_alpiqyrzmhvtgemq.jpg,default
images_largescale/sun/images/sun_alpplmogwxegecpb.jpg,default
images_largescale/sun/images/sun_alptyyqzjbmwivfm.jpg,default
images_largescale/sun/images/sun_alpxojosgdlmnsio.jpg,default
images_largescale/sun/images/sun_alqbxfboujwawdkk.jpg,default
images_largescale/sun/images/sun_alqfvlizgvfllvsg.jpg,default
images_largescale/sun/images/sun_alqfzieozzyajmmu.jpg,default
images_largescale/sun/images/sun_alqltlpneagvlvvk.jpg,default
images_largescale/sun/images/sun_alqpyumrudgnzdxz.jpg,default
images_largescale/sun/images/sun_alqpznfhczsbvcmb.jpg,default
images_largescale/sun/images/sun_alqqbftohcvgqvpz.jpg,default
images_largescale/sun/images/sun_alqqlkmxtofmeidm.jpg,default
images_largescale/sun/images/sun_alqrlwmxsrolyzxp.jpg,default
images_largescale/sun/images/sun_alqubxwrctsjkxpz.jpg,default
images_largescale/sun/images/sun_alrbjgzrcxkegqtj.jpg,default
images_largescale/sun/images/sun_alrbwinlajjslmwe.jpg,default
images_largescale/sun/images/sun_alrducptfxgzbqwg.jpg,default
images_largescale/sun/images/sun_alrjvbeojdhlcprj.jpg,default
images_largescale/sun/images/sun_alrksuxatxipupiv.jpg,default
images_largescale/sun/images/sun_alrrevsgtosqsxwt.jpg,default
images_largescale/sun/images/sun_alrwlwcyngwggapj.jpg,default
images_largescale/sun/images/sun_alsbmgqguhszynoa.jpg,default
images_largescale/sun/images/sun_alsfghqrvpnkgmco.jpg,default
images_largescale/sun/images/sun_alsfrqjtqsibkusc.jpg,default
images_largescale/sun/images/sun_alsiyapgibjoncnm.jpg,default
images_largescale/sun/images/sun_alslongzgjzhavxc.jpg,default
images_largescale/sun/images/sun_alsmghubkiikfuhz.jpg,default
images_largescale/sun/images/sun_alssmzovkqvwvqsz.jpg,default
images_largescale/sun/images/sun_alsumpwwncuyaboq.jpg,default
images_largescale/sun/images/sun_alsvkkodpsqjbavi.jpg,default
images_largescale/sun/images/sun_altbdwgjvyvfpnsq.jpg,default
images_largescale/sun/images/sun_altbjiuqgjzqmmph.jpg,default
images_largescale/sun/images/sun_altbqkmidffcbdeu.jpg,default
images_largescale/sun/images/sun_altglysetjlxmkvu.jpg,default
images_largescale/sun/images/sun_altltvebdybqnprr.jpg,default
images_largescale/sun/images/sun_altsqzelgdkxtses.jpg,default
images_largescale/sun/images/sun_altvcbzyksgkzaif.jpg,default
images_largescale/sun/images/sun_altyoeuvjqkdnsbv.jpg,default
images_largescale/sun/images/sun_altzidmhcuwrooht.jpg,default
images_largescale/sun/images/sun_aludlpwzaticbdro.jpg,default
images_largescale/sun/images/sun_alungqqiuycfrxfi.jpg,default
images_largescale/sun/images/sun_alutuajswfpcxqid.jpg,default
images_largescale/sun/images/sun_aluxhxtqakmdmfry.jpg,default
images_largescale/sun/images/sun_alvbjsbahrwcmkdq.jpg,default
images_largescale/sun/images/sun_alvgocpfkhsinxbt.jpg,default
images_largescale/sun/images/sun_alvgstygrhxkibud.jpg,default
images_largescale/sun/images/sun_alvgzeabbjzjiusq.jpg,default
images_largescale/sun/images/sun_alvhxnghhdtjpwnl.jpg,default
images_largescale/sun/images/sun_alvisbppfztrtjyg.jpg,default
images_largescale/sun/images/sun_alvjlukkjxolgjgk.jpg,default
images_largescale/sun/images/sun_alvscqoqiheusxrw.jpg,default
images_largescale/sun/images/sun_alvvrjdnguupndae.jpg,default
images_largescale/sun/images/sun_alvwpybffxcnjfbd.jpg,default
images_largescale/sun/images/sun_alwbpqvgrcjjlckk.jpg,default
images_largescale/sun/images/sun_alwbsaafxjopgyev.jpg,default
images_largescale/sun/images/sun_alwkgkvqffxjmaho.jpg,default
images_largescale/sun/images/sun_alwmqslovsbuomqd.jpg,default
images_largescale/sun/images/sun_alwothkaqsqznkqa.jpg,default
images_largescale/sun/images/sun_alwqaacsmypkdsgp.jpg,default
images_largescale/sun/images/sun_alwuoiefepifbttr.jpg,default
images_largescale/sun/images/sun_alwwuydxnmguxdic.jpg,default
images_largescale/sun/images/sun_alwxdxldnifsfrwd.jpg,default
images_largescale/sun/images/sun_alwzdqbvraziykuo.jpg,default
images_largescale/sun/images/sun_alxcixjtxrpxrrda.jpg,default
images_largescale/sun/images/sun_alxfvratxgvnvpdi.jpg,default
images_largescale/sun/images/sun_alxikcfmlqneeoti.jpg,default
images_largescale/sun/images/sun_alxkldiorosbiozr.jpg,default
images_largescale/sun/images/sun_alxlkpleaypfwgjp.jpg,default
images_largescale/sun/images/sun_alxmrnrwefiaxckt.jpg,default
images_largescale/sun/images/sun_alxmsxuvrakltugo.jpg,default
images_largescale/sun/images/sun_alxrhbqviplgmxpe.jpg,default
images_largescale/sun/images/sun_alxucjjyqpknclhc.jpg,default
images_largescale/sun/images/sun_alyakkizvmfscmlr.jpg,default
images_largescale/sun/images/sun_alybiwbfblzanfem.jpg,default
images_largescale/sun/images/sun_alydkmvvohdejgrd.jpg,default
images_largescale/sun/images/sun_alynwiithdespexf.jpg,default
images_largescale/sun/images/sun_alzfrtbkzdxessdm.jpg,default
images_largescale/sun/images/sun_alzghehggminehyz.jpg,default
images_largescale/sun/images/sun_alzgtdbzijzdzksq.jpg,default
images_largescale/sun/images/sun_alzhuvgmeattrawm.jpg,default
images_largescale/sun/images/sun_alziebfwvwfscbnn.jpg,default
images_largescale/sun/images/sun_alzozzvwhejmlmrw.jpg,default
images_largescale/sun/images/sun_alztupksqexmgjit.jpg,default
images_largescale/sun/images/sun_amajywmqlhhrkysp.jpg,default
images_largescale/sun/images/sun_amalhbkskgynaknp.jpg,default
images_largescale/sun/images/sun_amamwlvwmrimelza.jpg,default
images_largescale/sun/images/sun_amamzxggwmnhislz.jpg,default
images_largescale/sun/images/sun_amaqdhvxkqjstqoh.jpg,default
images_largescale/sun/images/sun_amavvoyzgtnnibbt.jpg,default
images_largescale/sun/images/sun_amazvkispkonazvz.jpg,default
images_largescale/sun/images/sun_ambcpyydffxkjuug.jpg,default
images_largescale/sun/images/sun_ambdczoqwhojamzf.jpg,default
images_largescale/sun/images/sun_ambknhibeltknoym.jpg,default
images_largescale/sun/images/sun_amblkvfzrwamepaq.jpg,default
images_largescale/sun/images/sun_ambntudivmklmlfx.jpg,default
images_largescale/sun/images/sun_ambozyxsgpprlajb.jpg,default
images_largescale/sun/images/sun_ambponfygecaukrq.jpg,default
images_largescale/sun/images/sun_ambprhtrfwmydvhs.jpg,default
images_largescale/sun/images/sun_ambpzndfirfggaop.jpg,default
images_largescale/sun/images/sun_ambqejzdjctmqkkc.jpg,default
images_largescale/sun/images/sun_ambxfcbyvcgyahvz.jpg,default
images_largescale/sun/images/sun_ambyixvpmdimogbn.jpg,default
images_largescale/sun/images/sun_ambzxabriuwygyfh.jpg,default
images_largescale/sun/images/sun_amcducuutmlducdm.jpg,default
images_largescale/sun/images/sun_amcldpzzvohijcfi.jpg,default
images_largescale/sun/images/sun_amcogwpvaleclgkd.jpg,default
images_largescale/sun/images/sun_amcscfjwovlmqrja.jpg,default
images_largescale/sun/images/sun_amcsiutgljwyorqj.jpg,default
images_largescale/sun/images/sun_amcxpcrbnwrjefuv.jpg,default
images_largescale/sun/images/sun_amcylosalclnctmv.jpg,default
images_largescale/sun/images/sun_amdakhfzlgnigcad.jpg,default
images_largescale/sun/images/sun_amdiselmwnncvftz.jpg,default
images_largescale/sun/images/sun_amdkebaywfyephkq.jpg,default
images_largescale/sun/images/sun_amdmimjcwgnwxcyw.jpg,default
images_largescale/sun/images/sun_amdpdrxqiswmcwes.jpg,default
images_largescale/sun/images/sun_amdrbspmpwkzsjqy.jpg,default
images_largescale/sun/images/sun_amdtpnvesodbwglc.jpg,default
images_largescale/sun/images/sun_amdtuowtcfaandal.jpg,default
images_largescale/sun/images/sun_amecvgjatobarjnp.jpg,default
images_largescale/sun/images/sun_amedqlwzwertaloj.jpg,default
images_largescale/sun/images/sun_amedzjxnwsmjiior.jpg,default
images_largescale/sun/images/sun_amefnbijlmrpvxsh.jpg,default
images_largescale/sun/images/sun_amejdmxlydibrpvs.jpg,default
images_largescale/sun/images/sun_amekhhyxfdmypsrf.jpg,default
images_largescale/sun/images/sun_amelthjjimbvsjpb.jpg,default
images_largescale/sun/images/sun_amesmvirunlcxesf.jpg,default
images_largescale/sun/images/sun_amevbebfmefelxhw.jpg,default
images_largescale/sun/images/sun_amevzodkyjpljcde.jpg,default
images_largescale/sun/images/sun_amfdmtuhywhijryw.jpg,default
images_largescale/sun/images/sun_amfdoldgitelnmix.jpg,default
images_largescale/sun/images/sun_amfdpfdheofptlev.jpg,default
images_largescale/sun/images/sun_amfdtkorogxtdatb.jpg,default
images_largescale/sun/images/sun_amfhfmwkktwcrstd.jpg,default
images_largescale/sun/images/sun_amfrwzukzwsywfas.jpg,default
images_largescale/sun/images/sun_amfsjptppwehailc.jpg,default
images_largescale/sun/images/sun_amgcktksctfjfxwk.jpg,default
images_largescale/sun/images/sun_amgcybyrhffriwgb.jpg,default
images_largescale/sun/images/sun_amgftsuiqujmqged.jpg,default
images_largescale/sun/images/sun_amggdnvkujwgyzfm.jpg,default
images_largescale/sun/images/sun_amghbouohxidgjvr.jpg,default
images_largescale/sun/images/sun_amgjmvcunddzfkjs.jpg,default
images_largescale/sun/images/sun_amgqpnvplqxdydgi.jpg,default
images_largescale/sun/images/sun_amgslygxzqibgcgu.jpg,default
images_largescale/sun/images/sun_amgvgdhmxxfgdwpj.jpg,default
images_largescale/sun/images/sun_amgwvbpfyuoyzipf.jpg,default
images_largescale/sun/images/sun_amhluonkgutgljir.jpg,default
images_largescale/sun/images/sun_amhpiqufdwuxzrnn.jpg,default
images_largescale/sun/images/sun_amhprxidljcsqwsw.jpg,default
images_largescale/sun/images/sun_amhtqbafktdaiwok.jpg,default
images_largescale/sun/images/sun_amhyuwbgylhvbnuw.jpg,default
images_largescale/sun/images/sun_amhyvtokbpztqmsm.jpg,default
images_largescale/sun/images/sun_amibgrpqbilczgod.jpg,default
images_largescale/sun/images/sun_amidnhjbgtwskaaf.jpg,default
images_largescale/sun/images/sun_amiezvustgnlntgm.jpg,default
images_largescale/sun/images/sun_amihclanfbirmham.jpg,default
images_largescale/sun/images/sun_amiknqmavexrzcbh.jpg,default
images_largescale/sun/images/sun_amivtoinssgqubzh.jpg,default
images_largescale/sun/images/sun_amizpazzogtrkgul.jpg,default
images_largescale/sun/images/sun_amjdltjnuyjxdnjv.jpg,default
images_largescale/sun/images/sun_amjfzuzhqmrgcmrz.jpg,default
images_largescale/sun/images/sun_amjgmpzgrwsxivbo.jpg,default
images_largescale/sun/images/sun_amjlmaxmgrazbbhi.jpg,default
images_largescale/sun/images/sun_amjowfsqfoksfjyb.jpg,default
images_largescale/sun/images/sun_amjsfarwmmhiplbh.jpg,default
images_largescale/sun/images/sun_amjxdqdhpsvxepvu.jpg,default
images_largescale/sun/images/sun_amkdtevsfkrwamtz.jpg,default
images_largescale/sun/images/sun_amkeaodbzagoachk.jpg,default
images_largescale/sun/images/sun_amkixpdbwspaesca.jpg,default
images_largescale/sun/images/sun_amkjxevkfproahqi.jpg,default
images_largescale/sun/images/sun_amkmfzkvjbivfepj.jpg,default
images_largescale/sun/images/sun_amkpbtpcehljwaky.jpg,default
images_largescale/sun/images/sun_amkpuxeawqehwpsp.jpg,default
images_largescale/sun/images/sun_amksahhhvxnvbcuo.jpg,default
images_largescale/sun/images/sun_amkvqkozgqywhfgw.jpg,default
images_largescale/sun/images/sun_amkwsbyezxjbaykw.jpg,default
images_largescale/sun/images/sun_amlayefazeitmzuj.jpg,default
images_largescale/sun/images/sun_amlbstqhemvgtcez.jpg,default
images_largescale/sun/images/sun_amlffyuzrsseefcy.jpg,default
images_largescale/sun/images/sun_amlotskmmsjeogby.jpg,default
images_largescale/sun/images/sun_amltdoxzglkrwvfy.jpg,default
images_largescale/sun/images/sun_ammciuejztlutrgo.jpg,default
images_largescale/sun/images/sun_ammefazyjubkxjai.jpg,default
images_largescale/sun/images/sun_ammgmrjyaapdzzth.jpg,default
images_largescale/sun/images/sun_ammkowebjussihli.jpg,default
images_largescale/sun/images/sun_ammsnaezdygiuafg.jpg,default
images_largescale/sun/images/sun_ammtyagxwuynloho.jpg,default
images_largescale/sun/images/sun_ammukxxqatgktjnv.jpg,default
images_largescale/sun/images/sun_ammxnbkwrfwuxvne.jpg,default
images_largescale/sun/images/sun_ammzkqbhwyrobsoz.jpg,default
images_largescale/sun/images/sun_amnegsxbmelzvpxo.jpg,default
images_largescale/sun/images/sun_amnhvdolqejjnmqt.jpg,default
images_largescale/sun/images/sun_amnjdtkawzvxhxmu.jpg,default
images_largescale/sun/images/sun_amnkvjnrhwotqqaa.jpg,default
images_largescale/sun/images/sun_amnmkcxhonzzzayv.jpg,default
images_largescale/sun/images/sun_amnppyrpsubxbcel.jpg,default
images_largescale/sun/images/sun_amnsrtbifvpbyzsw.jpg,default
images_largescale/sun/images/sun_amnyqhtcnmthazfl.jpg,default
images_largescale/sun/images/sun_amnztjpxtpijncfz.jpg,default
images_largescale/sun/images/sun_amojqrenmnknnuxx.jpg,default
images_largescale/sun/images/sun_amokunokwbcpekdq.jpg,default
images_largescale/sun/images/sun_amomyyqanhleduge.jpg,default
images_largescale/sun/images/sun_amoocwqjzogrlvru.jpg,default
images_largescale/sun/images/sun_amooihhbpiuhzlcl.jpg,default
images_largescale/sun/images/sun_amoslidjlytfuawe.jpg,default
images_largescale/sun/images/sun_amotyzjppfdhhfub.jpg,default
images_largescale/sun/images/sun_amowcstopdtoccik.jpg,default
images_largescale/sun/images/sun_ampdtzdqevxbyncx.jpg,default
images_largescale/sun/images/sun_ampedoneaagqgvma.jpg,default
images_largescale/sun/images/sun_ampfosblrfhrkrad.jpg,default
images_largescale/sun/images/sun_ampgqfphpbvbahst.jpg,default
images_largescale/sun/images/sun_amphrtssvgxvxjyo.jpg,default
images_largescale/sun/images/sun_ampjnwubvqspkvul.jpg,default
images_largescale/sun/images/sun_ampklohflohjxjct.jpg,default
images_largescale/sun/images/sun_amplwdrwrticntps.jpg,default
images_largescale/sun/images/sun_ampnnzdjkpzczonj.jpg,default
images_largescale/sun/images/sun_ampnqddnizofdofb.jpg,default
images_largescale/sun/images/sun_ampsfdqfpmgawxip.jpg,default
images_largescale/sun/images/sun_amptqhlydjbtwdgo.jpg,default
images_largescale/sun/images/sun_ampvdpptptmciwok.jpg,default
images_largescale/sun/images/sun_ampzmcaxsemhqujh.jpg,default
images_largescale/sun/images/sun_amqajokwdeitilnd.jpg,default
images_largescale/sun/images/sun_amqdstvawabdlqpo.jpg,default
images_largescale/sun/images/sun_amqelxjfavwfiyky.jpg,default
images_largescale/sun/images/sun_amqevktaidsufzef.jpg,default
images_largescale/sun/images/sun_amqouctgeisizgvy.jpg,default
images_largescale/sun/images/sun_amqqhnpsuhldbjua.jpg,default
images_largescale/sun/images/sun_amqrbzxzsuzuhyjk.jpg,default
images_largescale/sun/images/sun_amqrrxdcdxsdxqmz.jpg,default
images_largescale/sun/images/sun_amqsfvbkpmfweyvg.jpg,default
images_largescale/sun/images/sun_amqsgtguohuswbnp.jpg,default
images_largescale/sun/images/sun_amqunsiajzgveevy.jpg,default
images_largescale/sun/images/sun_amqwppaoiokguwrv.jpg,default
images_largescale/sun/images/sun_amrauhwgavmshpqo.jpg,default
images_largescale/sun/images/sun_amrbntnigqnmhgrw.jpg,default
images_largescale/sun/images/sun_amrdqnmklrpvyrwb.jpg,default
images_largescale/sun/images/sun_amrepntqgxwzagyy.jpg,default
images_largescale/sun/images/sun_amrlgflinpstwuyv.jpg,default
images_largescale/sun/images/sun_amrmgpzwcwhknyfd.jpg,default
images_largescale/sun/images/sun_amryoscchngxcuul.jpg,default
images_largescale/sun/images/sun_amsaooumnapitqde.jpg,default
images_largescale/sun/images/sun_amsecixkwzmlcnmj.jpg,default
images_largescale/sun/images/sun_amsfhmfvgrvkfvfi.jpg,default
images_largescale/sun/images/sun_amskivhvbmabakdn.jpg,default
images_largescale/sun/images/sun_amsnxxemmixzccfy.jpg,default
images_largescale/sun/images/sun_amstctgduhgtglor.jpg,default
images_largescale/sun/images/sun_amswsavzyunpduze.jpg,default
images_largescale/sun/images/sun_amsybsmiasfhjejn.jpg,default
images_largescale/sun/images/sun_amtbgazrlnjimkrq.jpg,default
images_largescale/sun/images/sun_amtbldypepqtfcha.jpg,default
images_largescale/sun/images/sun_amtdtytkcpflikol.jpg,default
images_largescale/sun/images/sun_amtecyudzaiphbhm.jpg,default
images_largescale/sun/images/sun_amtgfmucseqgqnkw.jpg,default
images_largescale/sun/images/sun_amtiybjovzzlbjmx.jpg,default
images_largescale/sun/images/sun_amtlkjbjxmylnerv.jpg,default
images_largescale/sun/images/sun_amtmydxtyvmnqvlz.jpg,default
images_largescale/sun/images/sun_amtoyuhrnfbjlaaf.jpg,default
images_largescale/sun/images/sun_amtpusphgkezqzye.jpg,default
images_largescale/sun/images/sun_amtuxmzysckzolrp.jpg,default
images_largescale/sun/images/sun_amtvnwwelrekwszo.jpg,default
images_largescale/sun/images/sun_amtziidcweruuwxe.jpg,default
images_largescale/sun/images/sun_amucdbhrryehzbfh.jpg,default
images_largescale/sun/images/sun_amutmkauvllgeuwj.jpg,default
images_largescale/sun/images/sun_amvibatrwsbntgrp.jpg,default
images_largescale/sun/images/sun_amvmlilywpagjalf.jpg,default
images_largescale/sun/images/sun_amvokemrztbrgqth.jpg,default
images_largescale/sun/images/sun_amvvstiadntavtgm.jpg,default
images_largescale/sun/images/sun_amwblzlwkbaincho.jpg,default
images_largescale/sun/images/sun_amwbvgkntcimlljq.jpg,default
images_largescale/sun/images/sun_amwhvtliybmxmqnr.jpg,default
images_largescale/sun/images/sun_amwkleqlcqrfokjg.jpg,default
images_largescale/sun/images/sun_amwltpdaoyufyuxx.jpg,default
images_largescale/sun/images/sun_amwmvfwpvcdnjjgu.jpg,default
images_largescale/sun/images/sun_amwnadzlooambudu.jpg,default
images_largescale/sun/images/sun_amwuahfcqvjuilux.jpg,default
images_largescale/sun/images/sun_amwuxipjjlybhaoh.jpg,default
images_largescale/sun/images/sun_amwvklekqzqwdqfp.jpg,default
images_largescale/sun/images/sun_amwvmecbncqdhlyl.jpg,default
images_largescale/sun/images/sun_amxabozcbptpgryj.jpg,default
images_largescale/sun/images/sun_amxhozdiurzijrfx.jpg,default
images_largescale/sun/images/sun_amxjzfdavwgvvolk.jpg,default
images_largescale/sun/images/sun_amxmeloecmfxbudn.jpg,default
images_largescale/sun/images/sun_amxntamwbrgfjhpw.jpg,default
images_largescale/sun/images/sun_amxvpmbwokvezntj.jpg,default
images_largescale/sun/images/sun_amyhfuvsbaizwnwy.jpg,default
images_largescale/sun/images/sun_amyjwanravschubf.jpg,default
images_largescale/sun/images/sun_amykbhescwqiompo.jpg,default
images_largescale/sun/images/sun_amylfrtwxziihvus.jpg,default
images_largescale/sun/images/sun_amymiikweewrzgbu.jpg,default
images_largescale/sun/images/sun_amysolybzrbkatam.jpg,default
images_largescale/sun/images/sun_amytoahqurhtgmyv.jpg,default
images_largescale/sun/images/sun_amyxwynzeeaslvsc.jpg,default
images_largescale/sun/images/sun_amzastljdsmaubwx.jpg,default
images_largescale/sun/images/sun_amzmawngyvlefprx.jpg,default
images_largescale/sun/images/sun_amztjhiglbtmitjt.jpg,default
images_largescale/sun/images/sun_amzycvfigmisznhx.jpg,default
images_largescale/sun/images/sun_amzzjrmymdrrpegl.jpg,default
images_largescale/sun/images/sun_anabgnkubdbysmtw.jpg,default
images_largescale/sun/images/sun_anabrqkpkwccmkyq.jpg,default
images_largescale/sun/images/sun_anaexanxklaktgcm.jpg,default
images_largescale/sun/images/sun_anamhacwbqqckdhd.jpg,default
images_largescale/sun/images/sun_anamyuhketsmymhe.jpg,default
images_largescale/sun/images/sun_anapmxxfogibkfhg.jpg,default
images_largescale/sun/images/sun_anaxldvcntupvvpd.jpg,default
images_largescale/sun/images/sun_anbbypvceiffpxeb.jpg,default
images_largescale/sun/images/sun_anbgnmqkbligwbbt.jpg,default
images_largescale/sun/images/sun_anbksqtdpyyovbvj.jpg,default
images_largescale/sun/images/sun_anbmdihjqfubgqwc.jpg,default
images_largescale/sun/images/sun_anbnehffewbmpiyl.jpg,default
images_largescale/sun/images/sun_anbnzwcyiwaznuqu.jpg,default
images_largescale/sun/images/sun_anbtfnsudhrdocdq.jpg,default
images_largescale/sun/images/sun_anbzjurfdozlmvsj.jpg,default
images_largescale/sun/images/sun_ancbrqsjxiylptja.jpg,default
images_largescale/sun/images/sun_ancbufsjuohavanw.jpg,default
images_largescale/sun/images/sun_ancebldpfqqetfzk.jpg,default
images_largescale/sun/images/sun_ancehosbouoveert.jpg,default
images_largescale/sun/images/sun_ancgftvketwhlzuh.jpg,default
images_largescale/sun/images/sun_anclwycylijbqywv.jpg,default
images_largescale/sun/images/sun_ancpliryrogyxiqk.jpg,default
images_largescale/sun/images/sun_ancumhmsbxcihhtp.jpg,default
images_largescale/sun/images/sun_ancumhrpassksmnc.jpg,default
images_largescale/sun/images/sun_ancunqzqjmaebcxe.jpg,default
images_largescale/sun/images/sun_andjnxssdrdvupup.jpg,default
images_largescale/sun/images/sun_andkuzkkilaettyp.jpg,default
images_largescale/sun/images/sun_andoskbbkyftmmej.jpg,default
images_largescale/sun/images/sun_andvaoamnpthswld.jpg,default
images_largescale/sun/images/sun_anecnzqnniwcnnfe.jpg,default
images_largescale/sun/images/sun_anedjrlvtmfehgcg.jpg,default
images_largescale/sun/images/sun_aneisxhccynuaeuu.jpg,default
images_largescale/sun/images/sun_anekvraoxmnkbvqj.jpg,default
images_largescale/sun/images/sun_anepljrgykjxxdcv.jpg,default
images_largescale/sun/images/sun_anerfulfwzsffmlx.jpg,default
images_largescale/sun/images/sun_anetdermmjjnpipk.jpg,default
images_largescale/sun/images/sun_anetuehucmryafiv.jpg,default
images_largescale/sun/images/sun_aneunybgeapbcdlt.jpg,default
images_largescale/sun/images/sun_anevwizfpswgjyoj.jpg,default
images_largescale/sun/images/sun_aneyfcxxpbpnvzfe.jpg,default
images_largescale/sun/images/sun_anfadhrgzxlmmrxu.jpg,default
images_largescale/sun/images/sun_anfaqwnsseslhmgk.jpg,default
images_largescale/sun/images/sun_anfbxlcbduuwnaiw.jpg,default
images_largescale/sun/images/sun_anfiuqyzhfabmjhj.jpg,default
images_largescale/sun/images/sun_anfpmkqemzwfixbm.jpg,default
images_largescale/sun/images/sun_anfwejskkwalujhf.jpg,default
images_largescale/sun/images/sun_angixlskfnamcheg.jpg,default
images_largescale/sun/images/sun_angkfadyjildbcqh.jpg,default
images_largescale/sun/images/sun_anglikukvhvqpwmp.jpg,default
images_largescale/sun/images/sun_angndjojdtofkryg.jpg,default
images_largescale/sun/images/sun_angoablloxgygwum.jpg,default
images_largescale/sun/images/sun_angpfrjghnvndsrx.jpg,default
images_largescale/sun/images/sun_angtkfhzsqqvzuuq.jpg,default
images_largescale/sun/images/sun_angujlshfsrhhqbw.jpg,default
images_largescale/sun/images/sun_angwtyjchrkasnyx.jpg,default
images_largescale/sun/images/sun_angwvhavwyjlisom.jpg,default
images_largescale/sun/images/sun_anhigteocmqvpnnl.jpg,default
images_largescale/sun/images/sun_anhoyvzbdnzmzkrn.jpg,default
images_largescale/sun/images/sun_anhraxgyznrpruau.jpg,default
images_largescale/sun/images/sun_anhvfohxyvfqkvtr.jpg,default
images_largescale/sun/images/sun_anhzjdupoyoimxfn.jpg,default
images_largescale/sun/images/sun_aniayakyqmzxtvov.jpg,default
images_largescale/sun/images/sun_anibgfuciqzwhbzs.jpg,default
images_largescale/sun/images/sun_anihpfcnxdidwnsg.jpg,default
images_largescale/sun/images/sun_aninyfrohsdedvof.jpg,default
images_largescale/sun/images/sun_anipdryvjwrjebyk.jpg,default
images_largescale/sun/images/sun_anisxuzmvmgdrfjv.jpg,default
images_largescale/sun/images/sun_aniszthxwqcczahd.jpg,default
images_largescale/sun/images/sun_anjczkoczmmshkmt.jpg,default
images_largescale/sun/images/sun_anjgaldhdepxhahw.jpg,default
images_largescale/sun/images/sun_anjmlbiumozmphah.jpg,default
images_largescale/sun/images/sun_anjrlspuunbskjle.jpg,default
images_largescale/sun/images/sun_anjuapymglzahtyt.jpg,default
images_largescale/sun/images/sun_anjuizgndzwmpgue.jpg,default
images_largescale/sun/images/sun_anjwxftulnjnvnle.jpg,default
images_largescale/sun/images/sun_anjxmxpxeqwuplmp.jpg,default
images_largescale/sun/images/sun_ankcdxdeanjsaiyb.jpg,default
images_largescale/sun/images/sun_ankdcxrtmoosofpz.jpg,default
images_largescale/sun/images/sun_ankdtshydixjxgns.jpg,default
images_largescale/sun/images/sun_ankfgtolpjrhgypg.jpg,default
images_largescale/sun/images/sun_ankilqlmrmqqydbj.jpg,default
images_largescale/sun/images/sun_ankltwafujaofawg.jpg,default
images_largescale/sun/images/sun_ankvgaqcbmqvualo.jpg,default
images_largescale/sun/images/sun_ankyiowlphyxgwan.jpg,default
images_largescale/sun/images/sun_ankyqhpjlwndfkcy.jpg,default
images_largescale/sun/images/sun_anlajlrfzlyqhyps.jpg,default
images_largescale/sun/images/sun_anlasisgebqabjsm.jpg,default
images_largescale/sun/images/sun_anlauggkcesromxx.jpg,default
images_largescale/sun/images/sun_anlcvynycbxvivov.jpg,default
images_largescale/sun/images/sun_anldqwhbiesycnii.jpg,default
images_largescale/sun/images/sun_anleokaxzrssdvaa.jpg,default
images_largescale/sun/images/sun_anliyastrgkxikjw.jpg,default
images_largescale/sun/images/sun_anllripnooczomld.jpg,default
images_largescale/sun/images/sun_anlmivuevzehzcmv.jpg,default
images_largescale/sun/images/sun_anlvvskzbignjgio.jpg,default
images_largescale/sun/images/sun_anlysuprbklbfwcq.jpg,default
images_largescale/sun/images/sun_anlyucgpymxqrldb.jpg,default
images_largescale/sun/images/sun_anmdgvgfvojuoayj.jpg,default
images_largescale/sun/images/sun_anmilnhxgezwhnic.jpg,default
images_largescale/sun/images/sun_anmkwhkmnlrpufwm.jpg,default
images_largescale/sun/images/sun_anmphahemonjytql.jpg,default
images_largescale/sun/images/sun_anmphlsixqobpmkl.jpg,default
images_largescale/sun/images/sun_anmsbghcatzeoqbx.jpg,default
images_largescale/sun/images/sun_anndvjkghlrihzwm.jpg,default
images_largescale/sun/images/sun_anneaioldbmotsmh.jpg,default
images_largescale/sun/images/sun_anngrtobzztunnvm.jpg,default
images_largescale/sun/images/sun_annhewkqlvkvvjmo.jpg,default
images_largescale/sun/images/sun_annmeelifwgfbxec.jpg,default
images_largescale/sun/images/sun_annpzuioaedwlxes.jpg,default
images_largescale/sun/images/sun_annrujmbbwtyquws.jpg,default
images_largescale/sun/images/sun_annygnvawofskmvc.jpg,default
images_largescale/sun/images/sun_annyqhomvhuvbyhi.jpg,default
images_largescale/sun/images/sun_anomsxkwlhrdnufb.jpg,default
images_largescale/sun/images/sun_anouerfotmejepad.jpg,default
images_largescale/sun/images/sun_anovysxiyidubdgs.jpg,default
images_largescale/sun/images/sun_anpbnjjinjeytlss.jpg,default
images_largescale/sun/images/sun_anphmukfbxgizwei.jpg,default
images_largescale/sun/images/sun_anpjcdvauuaarwsb.jpg,default
images_largescale/sun/images/sun_anpjxnxarbraovyn.jpg,default
images_largescale/sun/images/sun_anpoflidwifjpkwt.jpg,default
images_largescale/sun/images/sun_anprgspelaluhctw.jpg,default
images_largescale/sun/images/sun_anpzfofkdlalshrp.jpg,default
images_largescale/sun/images/sun_anpzxgnoqnfthxzf.jpg,default
images_largescale/sun/images/sun_anqgujctowxctbut.jpg,default
images_largescale/sun/images/sun_anqgvwtvscfkqops.jpg,default
images_largescale/sun/images/sun_anqlkmqjjhgkotoo.jpg,default
images_largescale/sun/images/sun_anqpcplguatyrpif.jpg,default
images_largescale/sun/images/sun_anqplteihhyjtglu.jpg,default
images_largescale/sun/images/sun_anqqefdxmuphxlju.jpg,default
images_largescale/sun/images/sun_anqthtdgmpgpjctq.jpg,default
images_largescale/sun/images/sun_anqtynkdxprwfveg.jpg,default
images_largescale/sun/images/sun_anqytdocvwftthnm.jpg,default
images_largescale/sun/images/sun_anqztgofssbvobky.jpg,default
images_largescale/sun/images/sun_anrcprbtcaocygqz.jpg,default
images_largescale/sun/images/sun_anrdzckqdwnozyui.jpg,default
images_largescale/sun/images/sun_anrfafmrdvplzfur.jpg,default
images_largescale/sun/images/sun_anrgospyceoejbxs.jpg,default
images_largescale/sun/images/sun_anrkaagfrcnkvsqa.jpg,default
images_largescale/sun/images/sun_anrkwvcheoerbhqm.jpg,default
images_largescale/sun/images/sun_anrniihbiohjxtwb.jpg,default
images_largescale/sun/images/sun_anrpxwajunxbolfb.jpg,default
images_largescale/sun/images/sun_anrqsliivsqijiok.jpg,default
images_largescale/sun/images/sun_anrsynlzgvcnrtma.jpg,default
images_largescale/sun/images/sun_anrtfpanuvsuqngp.jpg,default
images_largescale/sun/images/sun_anrvecsrwijdgiss.jpg,default
images_largescale/sun/images/sun_anrxjwyyjxtxllug.jpg,default
images_largescale/sun/images/sun_ansautlyuyvyqbtd.jpg,default
images_largescale/sun/images/sun_ansfkcraqcyclgps.jpg,default
images_largescale/sun/images/sun_ansfvyhrdqbeiihj.jpg,default
images_largescale/sun/images/sun_anslywmuitcytitv.jpg,default
images_largescale/sun/images/sun_ansmyhowiufqumfq.jpg,default
images_largescale/sun/images/sun_ansnhiycoagwtfhj.jpg,default
images_largescale/sun/images/sun_ansvjxaxiumshaln.jpg,default
images_largescale/sun/images/sun_anszgqcnuznkbtrw.jpg,default
images_largescale/sun/images/sun_antbmgbcbctolzzz.jpg,default
images_largescale/sun/images/sun_anteomxggxqngbet.jpg,default
images_largescale/sun/images/sun_antpdimsgaumhkzj.jpg,default
images_largescale/sun/images/sun_antrfotghxasaplv.jpg,default
images_largescale/sun/images/sun_antryfbloeaomfta.jpg,default
images_largescale/sun/images/sun_anttrbcjldhkvmky.jpg,default
images_largescale/sun/images/sun_antvfglbqzjmqvnj.jpg,default
images_largescale/sun/images/sun_antwgrnlkmlyvnjx.jpg,default
images_largescale/sun/images/sun_anubepewjksecwvp.jpg,default
images_largescale/sun/images/sun_anudonfikdxzjbwi.jpg,default
images_largescale/sun/images/sun_anuklyhtxhqbatot.jpg,default
images_largescale/sun/images/sun_anulxyopbrzrotxj.jpg,default
images_largescale/sun/images/sun_anunerplmcfjxekr.jpg,default
images_largescale/sun/images/sun_anuqydbfjnyvftni.jpg,default
images_largescale/sun/images/sun_anurmuntpxbhkipf.jpg,default
images_largescale/sun/images/sun_anuuaxkruzyptjjz.jpg,default
images_largescale/sun/images/sun_anvdryawfixzogjj.jpg,default
images_largescale/sun/images/sun_anvevthgbqnbufyd.jpg,default
images_largescale/sun/images/sun_anvfzlldxvtrdecq.jpg,default
images_largescale/sun/images/sun_anvjzsqysohbadpf.jpg,default
images_largescale/sun/images/sun_anvnxzccmzpigygl.jpg,default
images_largescale/sun/images/sun_anvvbkiqyybrgvhr.jpg,default
images_largescale/sun/images/sun_anvxilzloxftwhsh.jpg,default
images_largescale/sun/images/sun_anvxwhoqquvxigeh.jpg,default
images_largescale/sun/images/sun_anvzxzaokctlffvk.jpg,default
images_largescale/sun/images/sun_anwbahcqprciwsvk.jpg,default
images_largescale/sun/images/sun_anwfjifvecriqcwa.jpg,default
images_largescale/sun/images/sun_anwloztzsttqntse.jpg,default
images_largescale/sun/images/sun_anwnxtitejoykkde.jpg,default
images_largescale/sun/images/sun_anwtzggusiajspdi.jpg,default
images_largescale/sun/images/sun_anwupgqxhsdvdtdi.jpg,default
images_largescale/sun/images/sun_anwvdttvwfqgwpnz.jpg,default
images_largescale/sun/images/sun_anwxnotrvtmgnmwe.jpg,default
images_largescale/sun/images/sun_anxcathzxgrymahf.jpg,default
images_largescale/sun/images/sun_anxijzwmerlqflop.jpg,default
images_largescale/sun/images/sun_anxliptkhrrjansj.jpg,default
images_largescale/sun/images/sun_anxmmdszbmvxnbbh.jpg,default
images_largescale/sun/images/sun_anxstjgnumjexvyv.jpg,default
images_largescale/sun/images/sun_anxwgiafyolbhlzf.jpg,default
images_largescale/sun/images/sun_anyaicywpotvwnac.jpg,default
images_largescale/sun/images/sun_anybncbfvcyzlffn.jpg,default
images_largescale/sun/images/sun_anycbzghuuyflyud.jpg,default
images_largescale/sun/images/sun_anydcgshcmvyfkka.jpg,default
images_largescale/sun/images/sun_anyeuxywbsjldvqz.jpg,default
images_largescale/sun/images/sun_anyfpgkugmoczoes.jpg,default
images_largescale/sun/images/sun_anyhyhsexxwuxnnw.jpg,default
images_largescale/sun/images/sun_anytotdzuqbvmbmr.jpg,default
images_largescale/sun/images/sun_anyuunzbgpuyrcxm.jpg,default
images_largescale/sun/images/sun_anzacbaurarcfnao.jpg,default
images_largescale/sun/images/sun_anzbyiccftyynbcx.jpg,default
images_largescale/sun/images/sun_anzenuyofwtwiawt.jpg,default
images_largescale/sun/images/sun_anzfslagzjbuccez.jpg,default
images_largescale/sun/images/sun_anzgqjadmcgeqbwv.jpg,default
images_largescale/sun/images/sun_anzlwnrslvswicuk.jpg,default
images_largescale/sun/images/sun_anzoyntpuzkyzgyn.jpg,default
images_largescale/sun/images/sun_anzqsfrgtwivzlsu.jpg,default
images_largescale/sun/images/sun_anzwfcrppmwyzvgk.jpg,default
images_largescale/sun/images/sun_aoaatmszjdqxdyvd.jpg,default
images_largescale/sun/images/sun_aoabqxpphlteqjik.jpg,default
images_largescale/sun/images/sun_aoaijgrzmpcqnvbo.jpg,default
images_largescale/sun/images/sun_aoaxkjghirkfpoct.jpg,default
images_largescale/sun/images/sun_aoaxpgjkyahxzscd.jpg,default
images_largescale/sun/images/sun_aobdxdpswovxebwu.jpg,default
images_largescale/sun/images/sun_aobhtfctsxabxsls.jpg,default
images_largescale/sun/images/sun_aobhxkrvbsydcvev.jpg,default
images_largescale/sun/images/sun_aobnkmppogzcuqez.jpg,default
images_largescale/sun/images/sun_aobqhzdewpfntusk.jpg,default
images_largescale/sun/images/sun_aobrjdsaszdpsubj.jpg,default
images_largescale/sun/images/sun_aobsujjczpjiwpmn.jpg,default
images_largescale/sun/images/sun_aobswvosjxcqqmkj.jpg,default
images_largescale/sun/images/sun_aobtwlfkwuekuwyw.jpg,default
images_largescale/sun/images/sun_aobwwebwugydafig.jpg,default
images_largescale/sun/images/sun_aobzjrxxrpeklywd.jpg,default
images_largescale/sun/images/sun_aobzojzeyotxkmpe.jpg,default
images_largescale/sun/images/sun_aobzxdeqwyhfacet.jpg,default
images_largescale/sun/images/sun_aoccqanqfomoyyiw.jpg,default
images_largescale/sun/images/sun_aocgycnxfijektms.jpg,default
images_largescale/sun/images/sun_aochnlsqnbpjfwph.jpg,default
images_largescale/sun/images/sun_aochwmrmihojanwr.jpg,default
images_largescale/sun/images/sun_aocjfnadhzlnybuy.jpg,default
images_largescale/sun/images/sun_aocozyvhoxkpqlwp.jpg,default
images_largescale/sun/images/sun_aocpjgpzsctcqimq.jpg,default
images_largescale/sun/images/sun_aocrerwziwqawiyw.jpg,default
images_largescale/sun/images/sun_aocrvrstievcoeno.jpg,default
images_largescale/sun/images/sun_aoctpsfjujyununn.jpg,default
images_largescale/sun/images/sun_aoctxvsbexxwkqqe.jpg,default
images_largescale/sun/images/sun_aocvxykuorpwagym.jpg,default
images_largescale/sun/images/sun_aoddkmzmuvgxkmwy.jpg,default
images_largescale/sun/images/sun_aodfdageifnfjfie.jpg,default
images_largescale/sun/images/sun_aodkzdyjvjwnbiiu.jpg,default
images_largescale/sun/images/sun_aodmzozernmiidll.jpg,default
images_largescale/sun/images/sun_aodtfpoxdoavijdz.jpg,default
images_largescale/sun/images/sun_aodyvbhkdvtyexlm.jpg,default
images_largescale/sun/images/sun_aoeayqkrqbeuyipe.jpg,default
images_largescale/sun/images/sun_aoebmkgsqvvzstvp.jpg,default
images_largescale/sun/images/sun_aoeejcqwzacmadsq.jpg,default
images_largescale/sun/images/sun_aoeeyiyfhpotdpfv.jpg,default
images_largescale/sun/images/sun_aoehrpyjixwslpyu.jpg,default
images_largescale/sun/images/sun_aoekkfypaavgtujx.jpg,default
images_largescale/sun/images/sun_aoekvhjffyfknmvx.jpg,default
images_largescale/sun/images/sun_aoekvwdbvyqipvwg.jpg,default
images_largescale/sun/images/sun_aoemajfrolqqacbv.jpg,default
images_largescale/sun/images/sun_aoenllxqydhinhme.jpg,default
images_largescale/sun/images/sun_aoerkukxmpvavnwq.jpg,default
images_largescale/sun/images/sun_aoernhzzgmvjjugq.jpg,default
images_largescale/sun/images/sun_aoerpulpaemrydol.jpg,default
images_largescale/sun/images/sun_aoeuctvyzdrhpfja.jpg,default
images_largescale/sun/images/sun_aoeuoswgdyrqmruv.jpg,default
images_largescale/sun/images/sun_aofbxdhafnkftzpf.jpg,default
images_largescale/sun/images/sun_aofcflntddddwkyt.jpg,default
images_largescale/sun/images/sun_aofiiqhhzusswlwz.jpg,default
images_largescale/sun/images/sun_aofrsooyntvqaimk.jpg,default
images_largescale/sun/images/sun_aofvkahlbziujgkp.jpg,default
images_largescale/sun/images/sun_aofzbmvphoethwnq.jpg,default
images_largescale/sun/images/sun_aogdvekjedppnitl.jpg,default
images_largescale/sun/images/sun_aogqynprwogazobf.jpg,default
images_largescale/sun/images/sun_aogrpckmielbjqio.jpg,default
images_largescale/sun/images/sun_aohbjddylshvwwpb.jpg,default
images_largescale/sun/images/sun_aohfvirsgnefkxkq.jpg,default
images_largescale/sun/images/sun_aohnpgqepsputiql.jpg,default
images_largescale/sun/images/sun_aohnwxvgwasxjxrs.jpg,default
images_largescale/sun/images/sun_aohwrnunyqyrmndy.jpg,default
images_largescale/sun/images/sun_aohzpbnvywyrgkwn.jpg,default
images_largescale/sun/images/sun_aoiaggrlrzkqdygi.jpg,default
images_largescale/sun/images/sun_aoiahkizdolwdqtu.jpg,default
images_largescale/sun/images/sun_aoibszxdqqygpvmz.jpg,default
images_largescale/sun/images/sun_aoicptfgbaafxvix.jpg,default
images_largescale/sun/images/sun_aoicxnrddioqcvll.jpg,default
images_largescale/sun/images/sun_aoihmyoslfsytbmo.jpg,default
images_largescale/sun/images/sun_aoiihgtssdspfmxw.jpg,default
images_largescale/sun/images/sun_aoijempwewpuwkaj.jpg,default
images_largescale/sun/images/sun_aoikqiimxcpogfrm.jpg,default
images_largescale/sun/images/sun_aoiocoqqwjdaxnei.jpg,default
images_largescale/sun/images/sun_aoiugcqtdtypejsy.jpg,default
images_largescale/sun/images/sun_aojcoecrksdnejhd.jpg,default
images_largescale/sun/images/sun_aojdlarxknlgavli.jpg,default
images_largescale/sun/images/sun_aojogoksqwbjjqtq.jpg,default
images_largescale/sun/images/sun_aojqkygrpdxqljcp.jpg,default
images_largescale/sun/images/sun_aojqvdyxomrqgtmz.jpg,default
images_largescale/sun/images/sun_aojrewkfaenjnqhs.jpg,default
images_largescale/sun/images/sun_aojrkmbmplkjuaan.jpg,default
images_largescale/sun/images/sun_aojrufpjetrsdnor.jpg,default
images_largescale/sun/images/sun_aojtksptzdyillvw.jpg,default
images_largescale/sun/images/sun_aojvaxxcinqxrpbf.jpg,default
images_largescale/sun/images/sun_aojylfujoazxivli.jpg,default
images_largescale/sun/images/sun_aokadleuqhaadlxk.jpg,default
images_largescale/sun/images/sun_aokdpxfskhcrvytu.jpg,default
images_largescale/sun/images/sun_aokgeseiunmdjldm.jpg,default
images_largescale/sun/images/sun_aokhyiwicwgymclu.jpg,default
images_largescale/sun/images/sun_aokkqrsxsvimuubo.jpg,default
images_largescale/sun/images/sun_aokzkduhwxswuris.jpg,default
images_largescale/sun/images/sun_aokzteczlzymydjq.jpg,default
images_largescale/sun/images/sun_aolfqitmqduntanq.jpg,default
images_largescale/sun/images/sun_aolkrbsxngqqdzwo.jpg,default
images_largescale/sun/images/sun_aolkurtmbwujfybu.jpg,default
images_largescale/sun/images/sun_aollgtnaowpvsdnp.jpg,default
images_largescale/sun/images/sun_aollwvjfwcdkfdlj.jpg,default
images_largescale/sun/images/sun_aolovssskoycclln.jpg,default
images_largescale/sun/images/sun_aolpvbefwmlapdkd.jpg,default
images_largescale/sun/images/sun_aolswugowilcljar.jpg,default
images_largescale/sun/images/sun_aolucyozqhxbfmnj.jpg,default
images_largescale/sun/images/sun_aolwgwoweinrbqtw.jpg,default
images_largescale/sun/images/sun_aolwifmzipuuodlo.jpg,default
images_largescale/sun/images/sun_aolxtcbdkzaskfbx.jpg,default
images_largescale/sun/images/sun_aomdmkkpcjmaghul.jpg,default
images_largescale/sun/images/sun_aomjeouzbymwzxnh.jpg,default
images_largescale/sun/images/sun_aomnormaouqpemoe.jpg,default
images_largescale/sun/images/sun_aomqtbwsmnaugeva.jpg,default
images_largescale/sun/images/sun_aomreeulshkybxin.jpg,default
images_largescale/sun/images/sun_aomwawehthadqobv.jpg,default
images_largescale/sun/images/sun_aomwzybszjsftlei.jpg,default
images_largescale/sun/images/sun_aomzyiwccixbtjzn.jpg,default
images_largescale/sun/images/sun_aonbcojaqmqjpqms.jpg,default
images_largescale/sun/images/sun_aonbudmdmelndzzp.jpg,default
images_largescale/sun/images/sun_aonbvxuiurfefjnr.jpg,default
images_largescale/sun/images/sun_aondxtlsklthxtog.jpg,default
images_largescale/sun/images/sun_aonlhapovtjrcdnc.jpg,default
images_largescale/sun/images/sun_aonmojsqdiutpzdr.jpg,default
images_largescale/sun/images/sun_aonobfsvimbjnxql.jpg,default
images_largescale/sun/images/sun_aonoriqxfchghkvd.jpg,default
images_largescale/sun/images/sun_aonrinbfiyglmwkv.jpg,default
images_largescale/sun/images/sun_aooinnxyfefffynx.jpg,default
images_largescale/sun/images/sun_aoojvcbkeqihdswm.jpg,default
images_largescale/sun/images/sun_aoologreitujkgzl.jpg,default
images_largescale/sun/images/sun_aoomuunkicadcuok.jpg,default
images_largescale/sun/images/sun_aootutabsriawdgd.jpg,default
images_largescale/sun/images/sun_aooxolnguauhxasu.jpg,default
images_largescale/sun/images/sun_aooxopykmiqnsqbq.jpg,default
images_largescale/sun/images/sun_aopcolvixolejzxj.jpg,default
images_largescale/sun/images/sun_aopcqzsndkdqgtnq.jpg,default
images_largescale/sun/images/sun_aopgqxkrfqxexkxa.jpg,default
images_largescale/sun/images/sun_aophufmlvutouqju.jpg,default
images_largescale/sun/images/sun_aopqiatjwgcibgbl.jpg,default
images_largescale/sun/images/sun_aopvthodwonalsob.jpg,default
images_largescale/sun/images/sun_aopwrkiedmorbdfq.jpg,default
images_largescale/sun/images/sun_aopyophbshxeyscu.jpg,default
images_largescale/sun/images/sun_aoqciohuxgrdbqzx.jpg,default
images_largescale/sun/images/sun_aoqjnzwgdikwayvw.jpg,default
images_largescale/sun/images/sun_aoqqbybiivhwmmzk.jpg,default
images_largescale/sun/images/sun_aorbsvkfpmpyxvfu.jpg,default
images_largescale/sun/images/sun_aorgpfebtvekdwoy.jpg,default
images_largescale/sun/images/sun_aoridmhbufzdkppw.jpg,default
images_largescale/sun/images/sun_aorjywkebvfvkwjc.jpg,default
images_largescale/sun/images/sun_aormiwjdadflryjt.jpg,default
images_largescale/sun/images/sun_aornewdrabaoykzc.jpg,default
images_largescale/sun/images/sun_aorsvrhyropcmcit.jpg,default
images_largescale/sun/images/sun_aorvgbculvtkxlgc.jpg,default
images_largescale/sun/images/sun_aosaulidnhrrqdbv.jpg,default
images_largescale/sun/images/sun_aosblbayphxfhosm.jpg,default
images_largescale/sun/images/sun_aosbtgdipqontydv.jpg,default
images_largescale/sun/images/sun_aosdnsncidjlsigo.jpg,default
images_largescale/sun/images/sun_aoseribftjwgptyn.jpg,default
images_largescale/sun/images/sun_aoskgquhrvzazkwn.jpg,default
images_largescale/sun/images/sun_aoslhdrylyvadajn.jpg,default
images_largescale/sun/images/sun_aospcdzutovdclxm.jpg,default
images_largescale/sun/images/sun_aostscxfjgosmput.jpg,default
images_largescale/sun/images/sun_aosvqijvmwznjrsh.jpg,default
images_largescale/sun/images/sun_aoszujckshoootjj.jpg,default
images_largescale/sun/images/sun_aotbzdbmnrrcanqp.jpg,default
images_largescale/sun/images/sun_aotgqsvxewvxdmfu.jpg,default
images_largescale/sun/images/sun_aotjqpvjaukupppc.jpg,default
images_largescale/sun/images/sun_aotlbethgwrvotrl.jpg,default
images_largescale/sun/images/sun_aotokqpclkbosefm.jpg,default
images_largescale/sun/images/sun_aotpghxycwkqkzeg.jpg,default
images_largescale/sun/images/sun_aotsghaivxqjlvom.jpg,default
images_largescale/sun/images/sun_aotwefjxtxqjgurs.jpg,default
images_largescale/sun/images/sun_aotynpnqxuqmwzfz.jpg,default
images_largescale/sun/images/sun_aouaovllvtyastzw.jpg,default
images_largescale/sun/images/sun_aoudauuxkbhgeweu.jpg,default
images_largescale/sun/images/sun_aoufgidjpgeuekbq.jpg,default
images_largescale/sun/images/sun_aouflbvlxjztzccl.jpg,default
images_largescale/sun/images/sun_aoumkoxfhlaobjef.jpg,default
images_largescale/sun/images/sun_aouzbatltwkgbkjz.jpg,default
images_largescale/sun/images/sun_aovehbxyxsekuscz.jpg,default
images_largescale/sun/images/sun_aovlnsydudrxkzbc.jpg,default
images_largescale/sun/images/sun_aovpdqbuzghwzlrj.jpg,default
images_largescale/sun/images/sun_aovpzbjfwvuuegoh.jpg,default
images_largescale/sun/images/sun_aovqswvqrxgdeqpx.jpg,default
images_largescale/sun/images/sun_aovtlvoeipqeslxc.jpg,default
images_largescale/sun/images/sun_aovzveaigfghutgm.jpg,default
images_largescale/sun/images/sun_aovzzxeyptzfpefa.jpg,default
images_largescale/sun/images/sun_aowcelaflnuhqxvc.jpg,default
images_largescale/sun/images/sun_aowpjovmozawcetq.jpg,default
images_largescale/sun/images/sun_aowplcgqkmfgvynn.jpg,default
images_largescale/sun/images/sun_aowrungpddmpaqpg.jpg,default
images_largescale/sun/images/sun_aowvplykgkxmtsvs.jpg,default
images_largescale/sun/images/sun_aoxalsqhtohlxoto.jpg,default
images_largescale/sun/images/sun_aoxbvnqqexxsxvsg.jpg,default
images_largescale/sun/images/sun_aoxcokmtmetodlyb.jpg,default
images_largescale/sun/images/sun_aoxejigjmqkvtvyv.jpg,default
images_largescale/sun/images/sun_aoxfrhiqlrzjwtdr.jpg,default
images_largescale/sun/images/sun_aoxgfainbiglwchn.jpg,default
images_largescale/sun/images/sun_aoyaknqkcesncafm.jpg,default
images_largescale/sun/images/sun_aoybxggnckmuvvyg.jpg,default
images_largescale/sun/images/sun_aoyfurvpazpnnqht.jpg,default
images_largescale/sun/images/sun_aoyjelaxtiwmticn.jpg,default
images_largescale/sun/images/sun_aoyjwazyquqvhevi.jpg,default
images_largescale/sun/images/sun_aoylzbuzzfhxdlfz.jpg,default
images_largescale/sun/images/sun_aoypvwvxefpvlfxu.jpg,default
images_largescale/sun/images/sun_aoyxvextaeonmyll.jpg,default
images_largescale/sun/images/sun_aozhcavtfpollbyu.jpg,default
images_largescale/sun/images/sun_aozisvwfbmlkfhzv.jpg,default
images_largescale/sun/images/sun_aozoyookankmikyq.jpg,default
images_largescale/sun/images/sun_aozpzxciciipxdfj.jpg,default
images_largescale/sun/images/sun_aozqxohyetwegwom.jpg,default
images_largescale/sun/images/sun_apabdukwriwqwszl.jpg,default
images_largescale/sun/images/sun_apahgdkbybnvnrgj.jpg,default
images_largescale/sun/images/sun_apanibjtvxwgtgil.jpg,default
images_largescale/sun/images/sun_apanuijaqmumxdtw.jpg,default
images_largescale/sun/images/sun_apaoxsmdurrebtzk.jpg,default
images_largescale/sun/images/sun_apapigwalskpzwsu.jpg,default
images_largescale/sun/images/sun_apauahmaalvdubuc.jpg,default
images_largescale/sun/images/sun_apaxugopdgqjuznn.jpg,default
images_largescale/sun/images/sun_apbablbybmulriav.jpg,default
images_largescale/sun/images/sun_apbanljytquhywvx.jpg,default
images_largescale/sun/images/sun_apbearbfoqcgledx.jpg,default
images_largescale/sun/images/sun_apbkcwnxvunootzj.jpg,default
images_largescale/sun/images/sun_apbpvrqbmgpebras.jpg,default
images_largescale/sun/images/sun_apbzmgiwyuagozzf.jpg,default
images_largescale/sun/images/sun_apbzvqunfptpmbpp.jpg,default
images_largescale/sun/images/sun_apcellhaadleoewg.jpg,default
images_largescale/sun/images/sun_apcelopknabznhdm.jpg,default
images_largescale/sun/images/sun_apcgqfsfuhzncsin.jpg,default
images_largescale/sun/images/sun_apcibfeyidbcfnvj.jpg,default
images_largescale/sun/images/sun_apcmzwzlwlaifwlo.jpg,default
images_largescale/sun/images/sun_apcoxcqkjvtonbix.jpg,default
images_largescale/sun/images/sun_apcpouobuwmelwjh.jpg,default
images_largescale/sun/images/sun_apcsdvctssbmwyxt.jpg,default
images_largescale/sun/images/sun_apcxnpwxijrjxqpd.jpg,default
images_largescale/sun/images/sun_apcxpnykvzomhckt.jpg,default
images_largescale/sun/images/sun_apczhnhutbaaxcvi.jpg,default
images_largescale/sun/images/sun_apczsryldvlaxlev.jpg,default
images_largescale/sun/images/sun_apdhxxfqzmlzawza.jpg,default
images_largescale/sun/images/sun_apdmxpdcbryheojq.jpg,default
images_largescale/sun/images/sun_apdnckgzrghngkxp.jpg,default
images_largescale/sun/images/sun_apdwnhdufftfdcmo.jpg,default
images_largescale/sun/images/sun_apdzyniwfijljoat.jpg,default
images_largescale/sun/images/sun_apeakxzcbnofmjeu.jpg,default
images_largescale/sun/images/sun_apecuuuuojbrslwp.jpg,default
images_largescale/sun/images/sun_apegpjzinrnvstub.jpg,default
images_largescale/sun/images/sun_apeifousuliazrgr.jpg,default
images_largescale/sun/images/sun_apejgjnijgranuum.jpg,default
images_largescale/sun/images/sun_apejurveohmhobmt.jpg,default
images_largescale/sun/images/sun_apeorsexndklermk.jpg,default
images_largescale/sun/images/sun_apepjyqsnbjracaq.jpg,default
images_largescale/sun/images/sun_apeqefglcpzjswde.jpg,default
images_largescale/sun/images/sun_apeqfsujrqlzmxgs.jpg,default
images_largescale/sun/images/sun_apeqmvrfqirggsjh.jpg,default
images_largescale/sun/images/sun_apeqypetcyhlddcy.jpg,default
images_largescale/sun/images/sun_apevveyicmdcubgv.jpg,default
images_largescale/sun/images/sun_apexbgidgdytwyjw.jpg,default
images_largescale/sun/images/sun_apexhntekafjumng.jpg,default
images_largescale/sun/images/sun_apfdfftzfnalpfwx.jpg,default
images_largescale/sun/images/sun_apfjzmywentduqly.jpg,default
images_largescale/sun/images/sun_apfnwcsymntkbqrf.jpg,default
images_largescale/sun/images/sun_apfoclbhhznqgykb.jpg,default
images_largescale/sun/images/sun_apfxmcvujzcxypuq.jpg,default
images_largescale/sun/images/sun_apfyirvvjparysuw.jpg,default
images_largescale/sun/images/sun_apgatebahiobvhla.jpg,default
images_largescale/sun/images/sun_apgdawkpcigxgjko.jpg,default
images_largescale/sun/images/sun_apgdiecuqffrhfta.jpg,default
images_largescale/sun/images/sun_apgfnopmagpepvdw.jpg,default
images_largescale/sun/images/sun_apgkigksymskvjuu.jpg,default
images_largescale/sun/images/sun_apglegrxplnonasc.jpg,default
images_largescale/sun/images/sun_apgmfgborzmhizfb.jpg,default
images_largescale/sun/images/sun_apgooswsbftrmwtt.jpg,default
images_largescale/sun/images/sun_apgyqglipwawlzvz.jpg,default
images_largescale/sun/images/sun_aphcmtmyhrlhvach.jpg,default
images_largescale/sun/images/sun_aphemihctavzclvk.jpg,default
images_largescale/sun/images/sun_aphgjrvusnbakems.jpg,default
images_largescale/sun/images/sun_aphhihnoiyxcynxa.jpg,default
images_largescale/sun/images/sun_aphidxakvyhpwsqw.jpg,default
images_largescale/sun/images/sun_aphijguhcvfbwilk.jpg,default
images_largescale/sun/images/sun_aphiyqekasixnbvf.jpg,default
images_largescale/sun/images/sun_aphmzfhpqdiyzqtb.jpg,default
images_largescale/sun/images/sun_aphoymstpoziaskg.jpg,default
images_largescale/sun/images/sun_aphuwzmgafldabfc.jpg,default
images_largescale/sun/images/sun_aphvdaazlolydteb.jpg,default
images_largescale/sun/images/sun_apiauxzypcahduja.jpg,default
images_largescale/sun/images/sun_apidzulpyusyymfk.jpg,default
images_largescale/sun/images/sun_apiefryjjkvtutgn.jpg,default
images_largescale/sun/images/sun_apifcesjrxvhmrpi.jpg,default
images_largescale/sun/images/sun_apiigsrajlymfkco.jpg,default
images_largescale/sun/images/sun_apilnhxrvkohdofg.jpg,default
images_largescale/sun/images/sun_apitzchvjtvpkjvr.jpg,default
images_largescale/sun/images/sun_apiwuifkcfgvpcmy.jpg,default
images_largescale/sun/images/sun_apiybakmstfqfrqq.jpg,default
images_largescale/sun/images/sun_apiynohavqsbzgxd.jpg,default
images_largescale/sun/images/sun_apizizwdokdcsceh.jpg,default
images_largescale/sun/images/sun_apizmopcgjaqcmky.jpg,default
images_largescale/sun/images/sun_apjapoafelodmcro.jpg,default
images_largescale/sun/images/sun_apjastbickowyhiu.jpg,default
images_largescale/sun/images/sun_apjcawihryqrdmui.jpg,default
images_largescale/sun/images/sun_apjckhlkzapdasti.jpg,default
images_largescale/sun/images/sun_apjldsksufsoxoux.jpg,default
images_largescale/sun/images/sun_apjqfauikjuxarri.jpg,default
images_largescale/sun/images/sun_apjthvdrlhsmywmi.jpg,default
images_largescale/sun/images/sun_apjvdsbmtigvtqan.jpg,default
images_largescale/sun/images/sun_apjxrjvecqsutajy.jpg,default
images_largescale/sun/images/sun_apkdgvsqrreraaxd.jpg,default
images_largescale/sun/images/sun_apkgfwuvthmznqmz.jpg,default
images_largescale/sun/images/sun_apkkqftuzswwoqnf.jpg,default
images_largescale/sun/images/sun_apkkwymznercnbze.jpg,default
images_largescale/sun/images/sun_apklzmjvocwdrviz.jpg,default
images_largescale/sun/images/sun_apkmjikiwvkwslbe.jpg,default
images_largescale/sun/images/sun_apkofvbpiueutjgo.jpg,default
images_largescale/sun/images/sun_apkxpgrtfhgktkpg.jpg,default
images_largescale/sun/images/sun_apkxxhqskouswkib.jpg,default
images_largescale/sun/images/sun_aplbvhcpjbtckekp.jpg,default
images_largescale/sun/images/sun_aplcyukaswrkwlyy.jpg,default
images_largescale/sun/images/sun_aplhftagvxebrsoc.jpg,default
images_largescale/sun/images/sun_aplrtnzfimyseaqx.jpg,default
images_largescale/sun/images/sun_aplvucsrkscnvuzm.jpg,default
images_largescale/sun/images/sun_apmtexbhuncudtkr.jpg,default
images_largescale/sun/images/sun_apmuxkhyfsxgtxwr.jpg,default
images_largescale/sun/images/sun_apnamszkkigpjuhg.jpg,default
images_largescale/sun/images/sun_apnbarkqgyxuhkbo.jpg,default
images_largescale/sun/images/sun_apnbjwlhsfzbpnis.jpg,default
images_largescale/sun/images/sun_apnemukpezbvwxcv.jpg,default
images_largescale/sun/images/sun_apnggbwierlmfuog.jpg,default
images_largescale/sun/images/sun_apnlgxfjorvxzyej.jpg,default
images_largescale/sun/images/sun_apnwlbnacsnuahfg.jpg,default
images_largescale/sun/images/sun_apnwnoobjnzmofvs.jpg,default
images_largescale/sun/images/sun_apnygwqvjhupdbnf.jpg,default
images_largescale/sun/images/sun_apodtliftwmaytbs.jpg,default
images_largescale/sun/images/sun_apogjddbaldvzvrs.jpg,default
images_largescale/sun/images/sun_apoimwyzhbxdgttb.jpg,default
images_largescale/sun/images/sun_apojgqgvdvsksdvo.jpg,default
images_largescale/sun/images/sun_apolljrgvmbxqupj.jpg,default
images_largescale/sun/images/sun_aponbzbkippiwdjz.jpg,default
images_largescale/sun/images/sun_apopqkasbedjlngs.jpg,default
images_largescale/sun/images/sun_apouneywkgqodkui.jpg,default
images_largescale/sun/images/sun_apowgrzrhztwzton.jpg,default
images_largescale/sun/images/sun_appdnulzckcmkzrl.jpg,default
images_largescale/sun/images/sun_appdxodxccahvzel.jpg,default
images_largescale/sun/images/sun_appghxwikhuqfyec.jpg,default
images_largescale/sun/images/sun_appiflclgyzqrjao.jpg,default
images_largescale/sun/images/sun_appjznkejfvhpcbi.jpg,default
images_largescale/sun/images/sun_apppiycsdldvrrtz.jpg,default
images_largescale/sun/images/sun_appqmpmbcnjnhudw.jpg,default
images_largescale/sun/images/sun_apptnnrremkdobev.jpg,default
images_largescale/sun/images/sun_appuywhfvosjtmjl.jpg,default
images_largescale/sun/images/sun_appxqsgrorlrlhsj.jpg,default
images_largescale/sun/images/sun_apqadykuzvmqwdwp.jpg,default
images_largescale/sun/images/sun_apqdagywelirggoq.jpg,default
images_largescale/sun/images/sun_apqeehnukfmggwaq.jpg,default
images_largescale/sun/images/sun_apqgpigetdcrhwru.jpg,default
images_largescale/sun/images/sun_apqleosxrljxhzsn.jpg,default
images_largescale/sun/images/sun_apqlhhqsyqkcufkg.jpg,default
images_largescale/sun/images/sun_apqqzqcwujcjqnhf.jpg,default
images_largescale/sun/images/sun_apqufrdypszpogge.jpg,default
images_largescale/sun/images/sun_apqvnskmdgihdwdi.jpg,default
images_largescale/sun/images/sun_apqwjadacrnyghfq.jpg,default
images_largescale/sun/images/sun_apqzjtemqaahxnvk.jpg,default
images_largescale/sun/images/sun_aprbfrnyshtjnlst.jpg,default
images_largescale/sun/images/sun_aprcpcyxtzqfqfti.jpg,default
images_largescale/sun/images/sun_aprctqsrjhrpevzy.jpg,default
images_largescale/sun/images/sun_aprdpzmprmvvgmhu.jpg,default
images_largescale/sun/images/sun_aprhwkwtsfyfbysp.jpg,default
images_largescale/sun/images/sun_aprqqohgqqrihzkc.jpg,default
images_largescale/sun/images/sun_aprtbsryukfivufd.jpg,default
images_largescale/sun/images/sun_aprvxwprrsmldahk.jpg,default
images_largescale/sun/images/sun_apsajbhhaogkojou.jpg,default
images_largescale/sun/images/sun_apsaoydwxnxnbcca.jpg,default
images_largescale/sun/images/sun_apselqlxjuolxwjb.jpg,default
images_largescale/sun/images/sun_apsevygcmeqinoxn.jpg,default
images_largescale/sun/images/sun_apsobdybiwshtjia.jpg,default
images_largescale/sun/images/sun_apsukamqsugzekad.jpg,default
images_largescale/sun/images/sun_aptcjcrlyyrcibue.jpg,default
images_largescale/sun/images/sun_aptgwrobtedsyeyk.jpg,default
images_largescale/sun/images/sun_aptkylrsacusbnwj.jpg,default
images_largescale/sun/images/sun_aptlivxrsqkscpdh.jpg,default
images_largescale/sun/images/sun_aptmcnbprikvvuad.jpg,default
images_largescale/sun/images/sun_aptqazwkrdwhgwxi.jpg,default
images_largescale/sun/images/sun_aptqkaqkiwzzqynj.jpg,default
images_largescale/sun/images/sun_apturajhlwfrehrm.jpg,default
images_largescale/sun/images/sun_aptvjjcgozxrumtk.jpg,default
images_largescale/sun/images/sun_aptyzmluwzhdusmc.jpg,default
images_largescale/sun/images/sun_apuabztndkqrdayf.jpg,default
images_largescale/sun/images/sun_apufogjvbfqpjwgx.jpg,default
images_largescale/sun/images/sun_apuhqnujfhghzzqs.jpg,default
images_largescale/sun/images/sun_apunfjshhvyzzdvb.jpg,default
images_largescale/sun/images/sun_apuonatbdhjvoguy.jpg,default
images_largescale/sun/images/sun_apurpjgazkgbnbew.jpg,default
images_largescale/sun/images/sun_apuynyhscmuqebia.jpg,default
images_largescale/sun/images/sun_apvkhsmpazxgjzao.jpg,default
images_largescale/sun/images/sun_apvloginpwqytyrb.jpg,default
images_largescale/sun/images/sun_apvmzzkwfayvhqop.jpg,default
images_largescale/sun/images/sun_apvsicevnihqmluk.jpg,default
images_largescale/sun/images/sun_apvuhhxoyxhcesof.jpg,default
images_largescale/sun/images/sun_apvxxfyvejyhyimd.jpg,default
images_largescale/sun/images/sun_apvyjhxxwyjfxhkf.jpg,default
images_largescale/sun/images/sun_apvypbcvhdaigfng.jpg,default
images_largescale/sun/images/sun_apwbvyyiyzsqevxf.jpg,default
images_largescale/sun/images/sun_apwcobizyblcrjed.jpg,default
images_largescale/sun/images/sun_apwlettjcqhzufmk.jpg,default
images_largescale/sun/images/sun_apwnchjbsoghlccd.jpg,default
images_largescale/sun/images/sun_apwombrczelunxdj.jpg,default
images_largescale/sun/images/sun_apwqceqixjcexkoa.jpg,default
images_largescale/sun/images/sun_apwuoshslywwhqih.jpg,default
images_largescale/sun/images/sun_apwvlfozygcuqedv.jpg,default
images_largescale/sun/images/sun_apwyvobypzhhernb.jpg,default
images_largescale/sun/images/sun_apxjbgdompbuojcs.jpg,default
images_largescale/sun/images/sun_apxmejmtricqtypk.jpg,default
images_largescale/sun/images/sun_apxmzuvvqxpeqnzs.jpg,default
images_largescale/sun/images/sun_apxqydgqejfpaugc.jpg,default
images_largescale/sun/images/sun_apxuzvpcdvlbjcmq.jpg,default
images_largescale/sun/images/sun_apxwfqvuykcfgfuq.jpg,default
images_largescale/sun/images/sun_apyatjrpdawbbobf.jpg,default
images_largescale/sun/images/sun_apydnrhksonwsfyo.jpg,default
images_largescale/sun/images/sun_apygvhudpnpsqohk.jpg,default
images_largescale/sun/images/sun_apyhdzepkieawmen.jpg,default
images_largescale/sun/images/sun_apyiqagsxhguffzk.jpg,default
images_largescale/sun/images/sun_apyjwngckfhywqxs.jpg,default
images_largescale/sun/images/sun_apyltwailbnyhovo.jpg,default
images_largescale/sun/images/sun_apyqonflyoalnkzr.jpg,default
images_largescale/sun/images/sun_apyukhunpxagixyv.jpg,default
images_largescale/sun/images/sun_apyvndvtkciacdzu.jpg,default
images_largescale/sun/images/sun_apywsprkebsavuah.jpg,default
images_largescale/sun/images/sun_apzawvnsoumqhxsp.jpg,default
images_largescale/sun/images/sun_apzefsteugzykfqe.jpg,default
images_largescale/sun/images/sun_apzepzcmtahzbakp.jpg,default
images_largescale/sun/images/sun_apzkhhocgiigdaqt.jpg,default
images_largescale/sun/images/sun_apzknyxzdwjjuthb.jpg,default
images_largescale/sun/images/sun_apzmbrnyaayfxgar.jpg,default
images_largescale/sun/images/sun_apzqyjqjgpesxvfz.jpg,default
images_largescale/sun/images/sun_apzrkwflrxcpnkgv.jpg,default
images_largescale/sun/images/sun_apzrrrfzzkgitlrr.jpg,default
images_largescale/sun/images/sun_apzrvalzazjnyiiz.jpg,default
images_largescale/sun/images/sun_apzsljbjxqqfgtuv.jpg,default
images_largescale/sun/images/sun_apzylelzifbozomg.jpg,default
images_largescale/sun/images/sun_aqabdsyclxskahba.jpg,default
images_largescale/sun/images/sun_aqagafctgntbmjqx.jpg,default
images_largescale/sun/images/sun_aqajfquvqrrheaqw.jpg,default
images_largescale/sun/images/sun_aqalzlnjsitzfbde.jpg,default
images_largescale/sun/images/sun_aqamgcrfihrmucsy.jpg,default
images_largescale/sun/images/sun_aqaoomwzqrcrjsvp.jpg,default
images_largescale/sun/images/sun_aqaqetyapkbguvrj.jpg,default
images_largescale/sun/images/sun_aqasjvivvrqwtdvn.jpg,default
images_largescale/sun/images/sun_aqaxyoxynxfotxny.jpg,default
images_largescale/sun/images/sun_aqazglsvglmwxlvo.jpg,default
images_largescale/sun/images/sun_aqbakybrzakmanoo.jpg,default
images_largescale/sun/images/sun_aqbfkdqodatfxpqk.jpg,default
images_largescale/sun/images/sun_aqbfocmknjagzpog.jpg,default
images_largescale/sun/images/sun_aqbjvlyvyxgzgigb.jpg,default
images_largescale/sun/images/sun_aqbltkmrpbmimufw.jpg,default
images_largescale/sun/images/sun_aqbmacvscqfqfcgs.jpg,default
images_largescale/sun/images/sun_aqbmgkgqucajzrkp.jpg,default
images_largescale/sun/images/sun_aqbmnewfpsirsfdc.jpg,default
images_largescale/sun/images/sun_aqbpjpuunwexmpop.jpg,default
images_largescale/sun/images/sun_aqbsejpgbscdwmbj.jpg,default
images_largescale/sun/images/sun_aqbytkgzxwfqvkni.jpg,default
images_largescale/sun/images/sun_aqccgmqgcfsskpdb.jpg,default
images_largescale/sun/images/sun_aqcemosxvmyiryav.jpg,default
images_largescale/sun/images/sun_aqcgrmlkaugdxsxc.jpg,default
images_largescale/sun/images/sun_aqcgybzdqeatuuac.jpg,default
images_largescale/sun/images/sun_aqcgztjfwldczwkf.jpg,default
images_largescale/sun/images/sun_aqchsnatdsdbjckm.jpg,default
images_largescale/sun/images/sun_aqcuruzfeajmgsqt.jpg,default
images_largescale/sun/images/sun_aqcxiaquiyptamse.jpg,default
images_largescale/sun/images/sun_aqczphhiyvrfemdu.jpg,default
images_largescale/sun/images/sun_aqczqcooujykrvpg.jpg,default
images_largescale/sun/images/sun_aqdiktsxyowbyfnd.jpg,default
images_largescale/sun/images/sun_aqdyhavppsdaicsn.jpg,default
images_largescale/sun/images/sun_aqecjrtbtyoovyxp.jpg,default
images_largescale/sun/images/sun_aqecsmgrpsbjnmct.jpg,default
images_largescale/sun/images/sun_aqedoqwyypqjapsr.jpg,default
images_largescale/sun/images/sun_aqeofactfsrppufp.jpg,default
images_largescale/sun/images/sun_aqeruiurunterolh.jpg,default
images_largescale/sun/images/sun_aqeuogxuygpjaqpw.jpg,default
images_largescale/sun/images/sun_aqfadpbjjtlvedjx.jpg,default
images_largescale/sun/images/sun_aqfdgniupkmkbnrd.jpg,default
images_largescale/sun/images/sun_aqffnncupwgqkkzw.jpg,default
images_largescale/sun/images/sun_aqfhmjhfsyydorxx.jpg,default
images_largescale/sun/images/sun_aqfhnsmqdwjxsfmq.jpg,default
images_largescale/sun/images/sun_aqforlifaqequqxm.jpg,default
images_largescale/sun/images/sun_aqfrsfprslgzxzct.jpg,default
images_largescale/sun/images/sun_aqfwrzuewtumtobv.jpg,default
images_largescale/sun/images/sun_aqgavrpvznhfbxvc.jpg,default
images_largescale/sun/images/sun_aqgizxozagtploqv.jpg,default
images_largescale/sun/images/sun_aqgzfdprxduzlqsg.jpg,default
images_largescale/sun/images/sun_aqhbuvsuzjaoqrea.jpg,default
images_largescale/sun/images/sun_aqhcjqgvudshqzoy.jpg,default
images_largescale/sun/images/sun_aqhctmkozymkkvfc.jpg,default
images_largescale/sun/images/sun_aqheudwkwcymgdsi.jpg,default
images_largescale/sun/images/sun_aqhfdaoecwtzkcxn.jpg,default
images_largescale/sun/images/sun_aqhgbltaqtdtohuz.jpg,default
images_largescale/sun/images/sun_aqiaykqftocrgyhv.jpg,default
images_largescale/sun/images/sun_aqiffbzqjtodkmzu.jpg,default
images_largescale/sun/images/sun_aqifmpotgdyaczhg.jpg,default
images_largescale/sun/images/sun_aqigwytlvrrvuvxr.jpg,default
images_largescale/sun/images/sun_aqihofmpsgwkpdvk.jpg,default
images_largescale/sun/images/sun_aqiiuxgbwrioenat.jpg,default
images_largescale/sun/images/sun_aqikzlwdrrefknyr.jpg,default
images_largescale/sun/images/sun_aqimpqxuzdhbsczv.jpg,default
images_largescale/sun/images/sun_aqipzdvzujqspizw.jpg,default
images_largescale/sun/images/sun_aqivxmjqmyeagxxl.jpg,default
images_largescale/sun/images/sun_aqiwjvnotlpsgtrh.jpg,default
images_largescale/sun/images/sun_aqjauhjpzrxhednc.jpg,default
images_largescale/sun/images/sun_aqjbnvytbypnxabi.jpg,default
images_largescale/sun/images/sun_aqjctcdzynstdphs.jpg,default
images_largescale/sun/images/sun_aqjgoundybzhqdkz.jpg,default
images_largescale/sun/images/sun_aqjhzrxbiwitdswo.jpg,default
images_largescale/sun/images/sun_aqjueyyskssnjzer.jpg,default
images_largescale/sun/images/sun_aqkbfuonyunmyqxb.jpg,default
images_largescale/sun/images/sun_aqkbrjdcmozlegkm.jpg,default
images_largescale/sun/images/sun_aqkdlqkzzwvizwtv.jpg,default
images_largescale/sun/images/sun_aqkrokydzoplzzvh.jpg,default
images_largescale/sun/images/sun_aqktucbpppiioxqx.jpg,default
images_largescale/sun/images/sun_aqktumxrnqvavkla.jpg,default
images_largescale/sun/images/sun_aqkxwqrlngtgvfdo.jpg,default
images_largescale/sun/images/sun_aqlcarctdydncumq.jpg,default
images_largescale/sun/images/sun_aqlcjnrxaebrqfrt.jpg,default
images_largescale/sun/images/sun_aqlexoatxowqvhfw.jpg,default
images_largescale/sun/images/sun_aqlfvgkmsfdrqlix.jpg,default
images_largescale/sun/images/sun_aqlldgtxmphsvvjk.jpg,default
images_largescale/sun/images/sun_aqlmwoapokickfsd.jpg,default
images_largescale/sun/images/sun_aqlqofbwljwlwoum.jpg,default
images_largescale/sun/images/sun_aqlquvcdityzfgdx.jpg,default
images_largescale/sun/images/sun_aqlrhdmixnakvcfq.jpg,default
images_largescale/sun/images/sun_aqlurojczuvxfsjc.jpg,default
images_largescale/sun/images/sun_aqlvihqsyhmkgkxk.jpg,default
images_largescale/sun/images/sun_aqlybilfkewjvopd.jpg,default
images_largescale/sun/images/sun_aqmaypdxmkyfkkxs.jpg,default
images_largescale/sun/images/sun_aqmbmiugujbhjxnm.jpg,default
images_largescale/sun/images/sun_aqmdnhhpbrsxzwkr.jpg,default
images_largescale/sun/images/sun_aqmdtwukxpmlvmda.jpg,default
images_largescale/sun/images/sun_aqmegklqvdubffab.jpg,default
images_largescale/sun/images/sun_aqmqzdpquvjqptjk.jpg,default
images_largescale/sun/images/sun_aqmrjzhbpatiybfv.jpg,default
images_largescale/sun/images/sun_aqmvzwvyntrjbpgh.jpg,default
images_largescale/sun/images/sun_aqncumkrotxnvxli.jpg,default
images_largescale/sun/images/sun_aqnftzljhgcncupg.jpg,default
images_largescale/sun/images/sun_aqnhbzeoiszfqyqs.jpg,default
images_largescale/sun/images/sun_aqnkjtjmijccguys.jpg,default
images_largescale/sun/images/sun_aqnokonlwvmjyqjx.jpg,default
images_largescale/sun/images/sun_aqnyycttkadcidla.jpg,default
images_largescale/sun/images/sun_aqocsxhnjpfqnsio.jpg,default
images_largescale/sun/images/sun_aqogzslxmqwweodf.jpg,default
images_largescale/sun/images/sun_aqomfuqvjirmsdhb.jpg,default
images_largescale/sun/images/sun_aqomuarpmocfdvgr.jpg,default
images_largescale/sun/images/sun_aqomuxyjsbvnunvn.jpg,default
images_largescale/sun/images/sun_aqopndrxfqglcotp.jpg,default
images_largescale/sun/images/sun_aqoqudwbabsevtav.jpg,default
images_largescale/sun/images/sun_aqorxcjoycnwxwik.jpg,default
images_largescale/sun/images/sun_aqoyhtlwlpzybgyc.jpg,default
images_largescale/sun/images/sun_aqpbjunwrpgpjonk.jpg,default
images_largescale/sun/images/sun_aqpeoitrthbnhttq.jpg,default
images_largescale/sun/images/sun_aqpfiaiojadbuikz.jpg,default
images_largescale/sun/images/sun_aqpgvlwjmbdgfblx.jpg,default
images_largescale/sun/images/sun_aqpohddzyiozyqcj.jpg,default
images_largescale/sun/images/sun_aqpoiyjaontlcixf.jpg,default
images_largescale/sun/images/sun_aqpoqkmdpzdyfxor.jpg,default
images_largescale/sun/images/sun_aqpqbospegpvwotk.jpg,default
images_largescale/sun/images/sun_aqpqsloucwbzovuq.jpg,default
images_largescale/sun/images/sun_aqpwaizhjkouslcj.jpg,default
images_largescale/sun/images/sun_aqpwlgzqbucdfbia.jpg,default
images_largescale/sun/images/sun_aqpwuadmvtxpbwwz.jpg,default
images_largescale/sun/images/sun_aqpzjfjitcfkkiyc.jpg,default
images_largescale/sun/images/sun_aqqapreabqueattp.jpg,default
images_largescale/sun/images/sun_aqqdmfnqycjyhvuq.jpg,default
images_largescale/sun/images/sun_aqqeikzfvadcekve.jpg,default
images_largescale/sun/images/sun_aqqemexmeailbcvi.jpg,default
images_largescale/sun/images/sun_aqqevfpgwzwnlbvb.jpg,default
images_largescale/sun/images/sun_aqqfzyraykfcokvr.jpg,default
images_largescale/sun/images/sun_aqqgthzskkqzfwlt.jpg,default
images_largescale/sun/images/sun_aqqgvoplqmytnmkf.jpg,default
images_largescale/sun/images/sun_aqqowpjppnulcsgu.jpg,default
images_largescale/sun/images/sun_aqqqkwgvcovsninh.jpg,default
images_largescale/sun/images/sun_aqqrczkufsnmpaho.jpg,default
images_largescale/sun/images/sun_aqqsnmibumzzxlnz.jpg,default
images_largescale/sun/images/sun_aqqwvtrkweevofca.jpg,default
images_largescale/sun/images/sun_aqrbtttsmxoynkae.jpg,default
images_largescale/sun/images/sun_aqrbxrdnrybqzszw.jpg,default
images_largescale/sun/images/sun_aqrevxswcohtbayh.jpg,default
images_largescale/sun/images/sun_aqrhdavdvxizlhtz.jpg,default
images_largescale/sun/images/sun_aqrjtcswtgpuapnp.jpg,default
images_largescale/sun/images/sun_aqrmbyuxhztxgciw.jpg,default
images_largescale/sun/images/sun_aqrrzsuakotnvfad.jpg,default
images_largescale/sun/images/sun_aqrurkrtairpvugl.jpg,default
images_largescale/sun/images/sun_aqryvyzviltqgdso.jpg,default
images_largescale/sun/images/sun_aqsaxmuuqwmhqxnp.jpg,default
images_largescale/sun/images/sun_aqsnnhncfmigomum.jpg,default
images_largescale/sun/images/sun_aqsolmfydodnakub.jpg,default
images_largescale/sun/images/sun_aqstxbnslyypudqr.jpg,default
images_largescale/sun/images/sun_aqsyvbwpnbjiotkt.jpg,default
images_largescale/sun/images/sun_aqtcnaqeceaoenqf.jpg,default
images_largescale/sun/images/sun_aqtgyngbgqtwpllx.jpg,default
images_largescale/sun/images/sun_aqtstmhxxgspchdn.jpg,default
images_largescale/sun/images/sun_aqturfvpqkycgapi.jpg,default
images_largescale/sun/images/sun_aqtzadetfdgmrjxy.jpg,default
images_largescale/sun/images/sun_aqudgafltwostaqh.jpg,default
images_largescale/sun/images/sun_aquewihcbzrkousv.jpg,default
images_largescale/sun/images/sun_aquixvcovtzfpewx.jpg,default
images_largescale/sun/images/sun_aqujfokwawimsaps.jpg,default
images_largescale/sun/images/sun_aqukjmopupiyseqe.jpg,default
images_largescale/sun/images/sun_aqutbdrhuyvfekmo.jpg,default
images_largescale/sun/images/sun_aquugdcgnhacfcrq.jpg,default
images_largescale/sun/images/sun_aquvxozpddskvqgh.jpg,default
images_largescale/sun/images/sun_aquxijgpxlvcdtwb.jpg,default
images_largescale/sun/images/sun_aquxzyutkrbxihsp.jpg,default
images_largescale/sun/images/sun_aqvaiikfyleqcofm.jpg,default
images_largescale/sun/images/sun_aqvaraecjcvxpprf.jpg,default
images_largescale/sun/images/sun_aqvjkwkrbzrxbvdi.jpg,default
images_largescale/sun/images/sun_aqvlqqorjorxjwnh.jpg,default
images_largescale/sun/images/sun_aqvqtbicexrsyudi.jpg,default
images_largescale/sun/images/sun_aqvrtfjyakcbgzvz.jpg,default
images_largescale/sun/images/sun_aqvsazjonbuabygx.jpg,default
images_largescale/sun/images/sun_aqvtgesbyoepseay.jpg,default
images_largescale/sun/images/sun_aqvtkpgafrqvlala.jpg,default
images_largescale/sun/images/sun_aqvwgpskronshvir.jpg,default
images_largescale/sun/images/sun_aqvwynlucxtdbybs.jpg,default
images_largescale/sun/images/sun_aqvxgxjjnkcidzjr.jpg,default
images_largescale/sun/images/sun_aqwarzlccymrnibs.jpg,default
images_largescale/sun/images/sun_aqwcuvhacawzbrxt.jpg,default
images_largescale/sun/images/sun_aqwjbpirzjyacvtj.jpg,default
images_largescale/sun/images/sun_aqwofqbnacrvehjz.jpg,default
images_largescale/sun/images/sun_aqwrcsdclbcaryul.jpg,default
images_largescale/sun/images/sun_aqwspxbzpljzomvp.jpg,default
images_largescale/sun/images/sun_aqwulvrseltchzyb.jpg,default
images_largescale/sun/images/sun_aqxajqlujduzkhps.jpg,default
images_largescale/sun/images/sun_aqxampzycxecfoar.jpg,default
images_largescale/sun/images/sun_aqxcedpdhenavupu.jpg,default
images_largescale/sun/images/sun_aqxgcozlbuejneia.jpg,default
images_largescale/sun/images/sun_aqxgzbhvpivhhabf.jpg,default
images_largescale/sun/images/sun_aqxkywevxnucowle.jpg,default
images_largescale/sun/images/sun_aqxljgwdvgwcumow.jpg,default
images_largescale/sun/images/sun_aqxtbhfiqnndhozh.jpg,default
images_largescale/sun/images/sun_aqyaowcepclfsyhq.jpg,default
images_largescale/sun/images/sun_aqydmedkuzlsybwd.jpg,default
images_largescale/sun/images/sun_aqyftelrqfltgfam.jpg,default
images_largescale/sun/images/sun_aqyilwjbkkalidnn.jpg,default
images_largescale/sun/images/sun_aqyjbohpiymdnjen.jpg,default
images_largescale/sun/images/sun_aqylwmoboptpcuts.jpg,default
images_largescale/sun/images/sun_aqynabaxyecrjgkj.jpg,default
images_largescale/sun/images/sun_aqysetuceecbcctt.jpg,default
images_largescale/sun/images/sun_aqysszhhomhernmr.jpg,default
images_largescale/sun/images/sun_aqyswbqhezonmdvc.jpg,default
images_largescale/sun/images/sun_aqytybaahflockmv.jpg,default
images_largescale/sun/images/sun_aqyuizbvrykwjrus.jpg,default
images_largescale/sun/images/sun_aqywptyyizcgjkep.jpg,default
images_largescale/sun/images/sun_aqyzmaqeugvsgvyg.jpg,default
images_largescale/sun/images/sun_aqyzrejerejokief.jpg,default
images_largescale/sun/images/sun_aqzcppfkiwhkvvbh.jpg,default
images_largescale/sun/images/sun_aqzdjmfjufactxsu.jpg,default
images_largescale/sun/images/sun_aqzdyoxrsgszvioa.jpg,default
images_largescale/sun/images/sun_aqzeilifofgsywyv.jpg,default
images_largescale/sun/images/sun_aqzfbumxtigllpbo.jpg,default
images_largescale/sun/images/sun_aqzjeqerxchzqbjm.jpg,default
images_largescale/sun/images/sun_aqzmdhxpjjvvlmqs.jpg,default
images_largescale/sun/images/sun_aqznudiptidvajwc.jpg,default
images_largescale/sun/images/sun_aqzqfcxsiajhzskz.jpg,default
images_largescale/sun/images/sun_aqztwhatfgafcrba.jpg,default
images_largescale/sun/images/sun_aqzwapvheiwtspzo.jpg,default
images_largescale/sun/images/sun_aqzyitmfaaaywmpi.jpg,default
images_largescale/sun/images/sun_araapjipvbgjqmzw.jpg,default
images_largescale/sun/images/sun_aracbsmzywwpjglo.jpg,default
images_largescale/sun/images/sun_araekngcmtgdmvov.jpg,default
images_largescale/sun/images/sun_araijhajbdehtavt.jpg,default
images_largescale/sun/images/sun_araiyzymrfypmaid.jpg,default
images_largescale/sun/images/sun_arajroqkcjmahawl.jpg,default
images_largescale/sun/images/sun_araluvjswyrkgwpp.jpg,default
images_largescale/sun/images/sun_aransifilqtfwpdj.jpg,default
images_largescale/sun/images/sun_araqghiobhqnkhmi.jpg,default
images_largescale/sun/images/sun_araqomzkktgiaaqu.jpg,default
images_largescale/sun/images/sun_arauaqcrycofkrba.jpg,default
images_largescale/sun/images/sun_araukwsfuihryklr.jpg,default
images_largescale/sun/images/sun_arbaklxmaibuptub.jpg,default
images_largescale/sun/images/sun_arbnrevgovrrbhiw.jpg,default
images_largescale/sun/images/sun_arbnxrxljzieqstm.jpg,default
images_largescale/sun/images/sun_arbsxnxucezkwiaa.jpg,default
images_largescale/sun/images/sun_arbvbttnpsfwvyeb.jpg,default
images_largescale/sun/images/sun_arcbytuehjzjvdmc.jpg,default
images_largescale/sun/images/sun_arccilomyxnitffv.jpg,default
images_largescale/sun/images/sun_arcekhxlauocaajy.jpg,default
images_largescale/sun/images/sun_arcghdtgcgyqkxbl.jpg,default
images_largescale/sun/images/sun_arcgujnopltiqpxc.jpg,default
images_largescale/sun/images/sun_archeusspnsdtgqe.jpg,default
images_largescale/sun/images/sun_arcjijliumlhvfxr.jpg,default
images_largescale/sun/images/sun_arckfvwmpxhjklxl.jpg,default
images_largescale/sun/images/sun_arckqyammaxbgxmc.jpg,default
images_largescale/sun/images/sun_arckujyepigrmlyk.jpg,default
images_largescale/sun/images/sun_arcxjvbsikfprrym.jpg,default
images_largescale/sun/images/sun_ardfrzufqfatdwqw.jpg,default
images_largescale/sun/images/sun_ardjdunlrogodznj.jpg,default
images_largescale/sun/images/sun_ardkizlybraamnaq.jpg,default
images_largescale/sun/images/sun_ardkohoqpjiocrvk.jpg,default
images_largescale/sun/images/sun_ardmvhrjpcybxaia.jpg,default
images_largescale/sun/images/sun_ardrbclidlvqtqbf.jpg,default
images_largescale/sun/images/sun_ardtffgcjpamgemm.jpg,default
images_largescale/sun/images/sun_ardvckjarneusekw.jpg,default
images_largescale/sun/images/sun_ardwgkqehvypmeze.jpg,default
images_largescale/sun/images/sun_ardyexiofouyrxkf.jpg,default
images_largescale/sun/images/sun_ardytibdaykaarhz.jpg,default
images_largescale/sun/images/sun_ardyyzzdpyflxyut.jpg,default
images_largescale/sun/images/sun_ardzswsupkcjlfjt.jpg,default
images_largescale/sun/images/sun_arebfbeocihdehdc.jpg,default
images_largescale/sun/images/sun_arebrmwrfwmaxdws.jpg,default
images_largescale/sun/images/sun_aregrkwelscclpfs.jpg,default
images_largescale/sun/images/sun_arenoivhmwnvovrk.jpg,default
images_largescale/sun/images/sun_arepffrwpettjdji.jpg,default
images_largescale/sun/images/sun_arepjqeuptibjwzf.jpg,default
images_largescale/sun/images/sun_areqjhlzczhrspvo.jpg,default
images_largescale/sun/images/sun_aresnxwhipsrivoy.jpg,default
images_largescale/sun/images/sun_areukmjdbifsslod.jpg,default
images_largescale/sun/images/sun_arevaxadztkqmmnw.jpg,default
images_largescale/sun/images/sun_areyvxylaeiknrra.jpg,default
images_largescale/sun/images/sun_arfethmvqrsjeexc.jpg,default
images_largescale/sun/images/sun_arfjkjajpfzepsnw.jpg,default
images_largescale/sun/images/sun_arfmedhtwidppfzc.jpg,default
images_largescale/sun/images/sun_arfnvtkacwlwbqzq.jpg,default
images_largescale/sun/images/sun_arfrufgmpfifbxbm.jpg,default
images_largescale/sun/images/sun_arfzezfououfxyvj.jpg,default
images_largescale/sun/images/sun_argapbxamkdubgcw.jpg,default
images_largescale/sun/images/sun_argcgyvospbkxxpm.jpg,default
images_largescale/sun/images/sun_argixxzqacepjkmq.jpg,default
images_largescale/sun/images/sun_argndyisgmknlbsk.jpg,default
images_largescale/sun/images/sun_argpkktvhwziqaot.jpg,default
images_largescale/sun/images/sun_argujkyyidkeyngk.jpg,default
images_largescale/sun/images/sun_argxcioxjbmjmcik.jpg,default
images_largescale/sun/images/sun_argzfyzvngeazwvh.jpg,default
images_largescale/sun/images/sun_arhantbnkcqitbhm.jpg,default
images_largescale/sun/images/sun_arhbfcrhggeuhzhp.jpg,default
images_largescale/sun/images/sun_arhissoxtnddtdsh.jpg,default
images_largescale/sun/images/sun_arhnbzxwfrjvnwrr.jpg,default
images_largescale/sun/images/sun_arhryhycbqgshdub.jpg,default
images_largescale/sun/images/sun_arhsuyqmegcknown.jpg,default
images_largescale/sun/images/sun_arhydzbtsbtonxov.jpg,default
images_largescale/sun/images/sun_aribrxvbsteeoiep.jpg,default
images_largescale/sun/images/sun_aridzcvvxhxzukzp.jpg,default
images_largescale/sun/images/sun_arihfbrmdpjeetsy.jpg,default
images_largescale/sun/images/sun_arijhiwepgnfhgrq.jpg,default
images_largescale/sun/images/sun_aripmftezewvacjc.jpg,default
images_largescale/sun/images/sun_ariqkpbnyitlvwdi.jpg,default
images_largescale/sun/images/sun_arisllqkhkqdhqaj.jpg,default
images_largescale/sun/images/sun_arjduzvhnfzzvfxi.jpg,default
images_largescale/sun/images/sun_arjerueouurjggny.jpg,default
images_largescale/sun/images/sun_arjpkxvwlcdfmtop.jpg,default
images_largescale/sun/images/sun_arjqhksbcswulume.jpg,default
images_largescale/sun/images/sun_arjqizcuhotyajev.jpg,default
images_largescale/sun/images/sun_arjsnqgpttyhhxhx.jpg,default
images_largescale/sun/images/sun_arkbrhiinafdbhrw.jpg,default
images_largescale/sun/images/sun_arkcxgwpxwqjqbqw.jpg,default
images_largescale/sun/images/sun_arklfnvqoozbzbcr.jpg,default
images_largescale/sun/images/sun_arknglwgjuzonbmx.jpg,default
images_largescale/sun/images/sun_arknsivfidwxxmbc.jpg,default
images_largescale/sun/images/sun_arkpwbbekqkucvfr.jpg,default
images_largescale/sun/images/sun_arkqnfqxddjeoygu.jpg,default
images_largescale/sun/images/sun_arktwrovpgjohrdv.jpg,default
images_largescale/sun/images/sun_arkwzkxzszoaacqm.jpg,default
images_largescale/sun/images/sun_arkxsjsqmzgjsrli.jpg,default
images_largescale/sun/images/sun_arlaxbvnepdbldwp.jpg,default
images_largescale/sun/images/sun_arlaxzuksqkhzbtz.jpg,default
images_largescale/sun/images/sun_arlburkmohfvhzgb.jpg,default
images_largescale/sun/images/sun_arlbyotqjgdtncyf.jpg,default
images_largescale/sun/images/sun_arlhdtszjibqhhob.jpg,default
images_largescale/sun/images/sun_arllzjeayofqszev.jpg,default
images_largescale/sun/images/sun_arlmiuoowhutogjp.jpg,default
images_largescale/sun/images/sun_arloywziwddykvhv.jpg,default
images_largescale/sun/images/sun_arluziyujsnltaph.jpg,default
images_largescale/sun/images/sun_armfvwzlighbgcvu.jpg,default
images_largescale/sun/images/sun_armggfgffwojhzcj.jpg,default
images_largescale/sun/images/sun_armhdrqdkzlryztv.jpg,default
images_largescale/sun/images/sun_armkcnfvmprljvvt.jpg,default
images_largescale/sun/images/sun_armlkpaophxehfpq.jpg,default
images_largescale/sun/images/sun_armouiadhjraiaso.jpg,default
images_largescale/sun/images/sun_armqmiweptxfvzrr.jpg,default
images_largescale/sun/images/sun_armsdfsnfcuomxqs.jpg,default
images_largescale/sun/images/sun_armtcgmgboqnkzjt.jpg,default
images_largescale/sun/images/sun_armvcfqcrfjvmeic.jpg,default
images_largescale/sun/images/sun_arnezernszwqczyr.jpg,default
images_largescale/sun/images/sun_arnfjnjupoekfkak.jpg,default
images_largescale/sun/images/sun_arnndgahtmwsaonq.jpg,default
images_largescale/sun/images/sun_arnsuhokrivvaaaq.jpg,default
images_largescale/sun/images/sun_arnsvhlgbtrxvsum.jpg,default
images_largescale/sun/images/sun_arnsywnznansztod.jpg,default
images_largescale/sun/images/sun_arnwmeeknchupwyu.jpg,default
images_largescale/sun/images/sun_arnwoudxknckngch.jpg,default
images_largescale/sun/images/sun_arojedleumvhwjrr.jpg,default
images_largescale/sun/images/sun_arokqadjrlffaryw.jpg,default
images_largescale/sun/images/sun_aroxwzcrnfxdtkmu.jpg,default
images_largescale/sun/images/sun_arozwnyttgywehlx.jpg,default
images_largescale/sun/images/sun_arpadxnvwdnvqzgc.jpg,default
images_largescale/sun/images/sun_arpcczkyunipyxyk.jpg,default
images_largescale/sun/images/sun_arpeotesiqbzqtsc.jpg,default
images_largescale/sun/images/sun_arpfqjgespzksgos.jpg,default
images_largescale/sun/images/sun_arpgdgpfyuexqiuj.jpg,default
images_largescale/sun/images/sun_arphjpvstxjxonhq.jpg,default
images_largescale/sun/images/sun_arphzeggeepeqneg.jpg,default
images_largescale/sun/images/sun_arpkrbcsbuzrgvnq.jpg,default
images_largescale/sun/images/sun_arplfejaunfrghru.jpg,default
images_largescale/sun/images/sun_arpntnozwzbmivil.jpg,default
images_largescale/sun/images/sun_arpofekilskaqynh.jpg,default
images_largescale/sun/images/sun_arprazrtbrfhcbjh.jpg,default
images_largescale/sun/images/sun_arpshrizpiclouox.jpg,default
images_largescale/sun/images/sun_arpumsjahzkimvyp.jpg,default
images_largescale/sun/images/sun_arpvswlyuitmpsfq.jpg,default
images_largescale/sun/images/sun_arqanxkzwwrpqang.jpg,default
images_largescale/sun/images/sun_arqegunvvfldtqds.jpg,default
images_largescale/sun/images/sun_arqftsaavloikzcu.jpg,default
images_largescale/sun/images/sun_arqjwmheoqefbuyi.jpg,default
images_largescale/sun/images/sun_arqmnhvzyehaypwe.jpg,default
images_largescale/sun/images/sun_arqqztjlymesffbe.jpg,default
images_largescale/sun/images/sun_arqsplluzadlziqg.jpg,default
images_largescale/sun/images/sun_arqvtvekytgvgqjx.jpg,default
images_largescale/sun/images/sun_arqxlfeqiusjydep.jpg,default
images_largescale/sun/images/sun_arqxwnubzcigxwtc.jpg,default
images_largescale/sun/images/sun_arriicyszlexqdqm.jpg,default
images_largescale/sun/images/sun_arrldrrsotiqgaxp.jpg,default
images_largescale/sun/images/sun_arrowezqnjworpxx.jpg,default
images_largescale/sun/images/sun_arrtcmyoemigvjuj.jpg,default
images_largescale/sun/images/sun_arrtvzblfydlivqw.jpg,default
images_largescale/sun/images/sun_arrvbtyfdtirhrwo.jpg,default
images_largescale/sun/images/sun_arrvwplwjggquhhy.jpg,default
images_largescale/sun/images/sun_arryfcbnrnofmwic.jpg,default
images_largescale/sun/images/sun_arslfwklulytnftv.jpg,default
images_largescale/sun/images/sun_arspjcefgsyzaaab.jpg,default
images_largescale/sun/images/sun_arsrlxiznzlekfvg.jpg,default
images_largescale/sun/images/sun_arsvtupbtmbibrod.jpg,default
images_largescale/sun/images/sun_arswonnidddcbzrp.jpg,default
images_largescale/sun/images/sun_artiirrtbjdxvhxz.jpg,default
images_largescale/sun/images/sun_artisdqeeflpsssx.jpg,default
images_largescale/sun/images/sun_arttpapudmgygdcy.jpg,default
images_largescale/sun/images/sun_artvacalcbftmpdi.jpg,default
images_largescale/sun/images/sun_aruaxwlstxqpxmri.jpg,default
images_largescale/sun/images/sun_aruoihysnaywkthj.jpg,default
images_largescale/sun/images/sun_aruowxcxgqhrhxxb.jpg,default
images_largescale/sun/images/sun_aruqsnzstpgbwfww.jpg,default
images_largescale/sun/images/sun_arusflecwnadjhna.jpg,default
images_largescale/sun/images/sun_arusorretziylkqf.jpg,default
images_largescale/sun/images/sun_aruwekzittwnkvxs.jpg,default
images_largescale/sun/images/sun_aruxylkoftkjlvjg.jpg,default
images_largescale/sun/images/sun_aruzhowbjizakxna.jpg,default
images_largescale/sun/images/sun_arvbnkbvvdcnqdgw.jpg,default
images_largescale/sun/images/sun_arvbwlmeiarnhzjq.jpg,default
images_largescale/sun/images/sun_arvniuncyhiyxyet.jpg,default
images_largescale/sun/images/sun_arvplvvjcfmsrmnp.jpg,default
images_largescale/sun/images/sun_arvpzxhrpdercykl.jpg,default
images_largescale/sun/images/sun_arvvnrldsfofvylu.jpg,default
images_largescale/sun/images/sun_arwfdldfhqnxmrbd.jpg,default
images_largescale/sun/images/sun_arwhkvdmuktbeioe.jpg,default
images_largescale/sun/images/sun_arwiyomoimwpmanr.jpg,default
images_largescale/sun/images/sun_arwndeejgcqamjux.jpg,default
images_largescale/sun/images/sun_arwnqjeacuphalns.jpg,default
images_largescale/sun/images/sun_arwowqgfruqvqgmn.jpg,default
images_largescale/sun/images/sun_arwozowwwrdkvhkb.jpg,default
images_largescale/sun/images/sun_arwqadvymdbmgocx.jpg,default
images_largescale/sun/images/sun_arwrznlypouxuler.jpg,default
images_largescale/sun/images/sun_arwtfvydktfkfqcc.jpg,default
images_largescale/sun/images/sun_arwykvgzpgybhibg.jpg,default
images_largescale/sun/images/sun_arxakeyvlvjnnwms.jpg,default
images_largescale/sun/images/sun_arxducspjmnbbdym.jpg,default
images_largescale/sun/images/sun_arxfxiryrjqnerdv.jpg,default
images_largescale/sun/images/sun_arxgktjbxgqtxiwk.jpg,default
images_largescale/sun/images/sun_arxixjhalqgpjxbh.jpg,default
images_largescale/sun/images/sun_arxjqrsleqkbkozv.jpg,default
images_largescale/sun/images/sun_arxkqsmgyjacvvbf.jpg,default
images_largescale/sun/images/sun_arxpieflnpnmqrvj.jpg,default
images_largescale/sun/images/sun_arxxouzgwyfsupkz.jpg,default
images_largescale/sun/images/sun_arxyfbqfjqesqjkp.jpg,default
images_largescale/sun/images/sun_arxyjigkwhwbqijf.jpg,default
images_largescale/sun/images/sun_aryaplvcjnfsbuus.jpg,default
images_largescale/sun/images/sun_aryaqhfgryqrihbd.jpg,default
images_largescale/sun/images/sun_arydbnhmdckuhfuc.jpg,default
images_largescale/sun/images/sun_arygeolsjjmjgjzr.jpg,default
images_largescale/sun/images/sun_aryiixihvkzxporr.jpg,default
images_largescale/sun/images/sun_arykxvnbfeeilghk.jpg,default
images_largescale/sun/images/sun_arylluczanmwjqaf.jpg,default
images_largescale/sun/images/sun_aryqrzphwiamjkcr.jpg,default
images_largescale/sun/images/sun_aryrtpbehyqzvnvp.jpg,default
images_largescale/sun/images/sun_aryxscuaghhvommh.jpg,default
images_largescale/sun/images/sun_aryxuwkbfmpfvqmm.jpg,default
images_largescale/sun/images/sun_aryysosahbqjlhyp.jpg,default
images_largescale/sun/images/sun_arzbkidbawqjmhkp.jpg,default
images_largescale/sun/images/sun_arzfjaqhrsdnklur.jpg,default
images_largescale/sun/images/sun_arzhtzadzdcgbbpw.jpg,default
images_largescale/sun/images/sun_arzicsvgjvjlvpnb.jpg,default
images_largescale/sun/images/sun_arzjwqusedutswyr.jpg,default
images_largescale/sun/images/sun_arzkapjxirhdbkjn.jpg,default
images_largescale/sun/images/sun_arzksdeboxiiqwds.jpg,default
images_largescale/sun/images/sun_arztgyiwakkemhsy.jpg,default
images_largescale/sun/images/sun_arzvqnufarzkzlbg.jpg,default
images_largescale/sun/images/sun_arzwbxoxkjfrnxcz.jpg,default
images_largescale/sun/images/sun_asackylcuprrxnkr.jpg,default
images_largescale/sun/images/sun_asafjjjjkvsuvvpv.jpg,default
images_largescale/sun/images/sun_asafsyjdgfjewaoq.jpg,default
images_largescale/sun/images/sun_asaheetvedgexqnd.jpg,default
images_largescale/sun/images/sun_asalrgvpbouxykgm.jpg,default
images_largescale/sun/images/sun_asamnzrzjvjycbye.jpg,default
images_largescale/sun/images/sun_asanovfqwwdyacmr.jpg,default
images_largescale/sun/images/sun_asarjojqwyximgyq.jpg,default
images_largescale/sun/images/sun_asatqbggmswdywhl.jpg,default
images_largescale/sun/images/sun_asaxupexprolustv.jpg,default
images_largescale/sun/images/sun_asbcpajpakzqmotf.jpg,default
images_largescale/sun/images/sun_asbivzecqmhrelhh.jpg,default
images_largescale/sun/images/sun_asbnfwpsmzrxscxp.jpg,default
images_largescale/sun/images/sun_asbnusaihryxopbn.jpg,default
images_largescale/sun/images/sun_asbojivucftodjsj.jpg,default
images_largescale/sun/images/sun_asbpogswkbmkhbzo.jpg,default
images_largescale/sun/images/sun_asbqhttvbbigadqd.jpg,default
images_largescale/sun/images/sun_asbstnjbrdhpakdx.jpg,default
images_largescale/sun/images/sun_asccdwricrpmnzqe.jpg,default
images_largescale/sun/images/sun_asccqcmmvoyhuiut.jpg,default
images_largescale/sun/images/sun_ascfucvbzcuwiudu.jpg,default
images_largescale/sun/images/sun_ascmveikuskaemfk.jpg,default
images_largescale/sun/images/sun_ascrqtrrgufpaidw.jpg,default
images_largescale/sun/images/sun_ascvedistetnxvbl.jpg,default
images_largescale/sun/images/sun_ascxczbabxryszfg.jpg,default
images_largescale/sun/images/sun_asdcafxozskzrmbs.jpg,default
images_largescale/sun/images/sun_asdcswcirjfxwvih.jpg,default
images_largescale/sun/images/sun_asddcozyavvmobny.jpg,default
images_largescale/sun/images/sun_asddijxpacphrrgj.jpg,default
images_largescale/sun/images/sun_asdlhzmibakkawpr.jpg,default
images_largescale/sun/images/sun_asdmbfmrfjazbsgw.jpg,default
images_largescale/sun/images/sun_asdojskmwilgchec.jpg,default
images_largescale/sun/images/sun_asdpwqcrelyqcqhs.jpg,default
images_largescale/sun/images/sun_asdpywyimdfmumkh.jpg,default
images_largescale/sun/images/sun_asdqugyrmhtwumaq.jpg,default
images_largescale/sun/images/sun_asdssauruacsaomy.jpg,default
images_largescale/sun/images/sun_asdvezugbtndobfw.jpg,default
images_largescale/sun/images/sun_asdzqqddxsudbfbx.jpg,default
images_largescale/sun/images/sun_asebnkqcjerdtfiu.jpg,default
images_largescale/sun/images/sun_asefoncrnhdvyadg.jpg,default
images_largescale/sun/images/sun_asekzlhltwuovtmb.jpg,default
images_largescale/sun/images/sun_aselsvjblnvjuifv.jpg,default
images_largescale/sun/images/sun_aseqzyonkojieimk.jpg,default
images_largescale/sun/images/sun_aseudrbsdabljnlx.jpg,default
images_largescale/sun/images/sun_asfapqoqjcxrejtt.jpg,default
images_largescale/sun/images/sun_asfgylptpdqklqtx.jpg,default
images_largescale/sun/images/sun_asfheondnvzyfpmy.jpg,default
images_largescale/sun/images/sun_asfldrrbqfhiejdt.jpg,default
images_largescale/sun/images/sun_asfmdunwftjpefsu.jpg,default
images_largescale/sun/images/sun_asgbuzptgabktcyo.jpg,default
images_largescale/sun/images/sun_asgcgkztzuvgdomw.jpg,default
images_largescale/sun/images/sun_asggnavxyxszhgqy.jpg,default
images_largescale/sun/images/sun_asgievjzvmmedifn.jpg,default
images_largescale/sun/images/sun_asgiiwmeccpcjcvm.jpg,default
images_largescale/sun/images/sun_asglhrazsinzyrnj.jpg,default
images_largescale/sun/images/sun_asgomthzhszqqxeb.jpg,default
images_largescale/sun/images/sun_asgwcbieqffcojlf.jpg,default
images_largescale/sun/images/sun_asgypvpayvapltwa.jpg,default
images_largescale/sun/images/sun_asgyzsnfhaynjujx.jpg,default
images_largescale/sun/images/sun_asgzcoxwwvwbqflj.jpg,default
images_largescale/sun/images/sun_asgzeqwizivxhofw.jpg,default
images_largescale/sun/images/sun_ashhrjsvshiycdqe.jpg,default
images_largescale/sun/images/sun_ashiwrztftqvfewt.jpg,default
images_largescale/sun/images/sun_ashjgsspyetcvpqc.jpg,default
images_largescale/sun/images/sun_ashkiirjrwcxazst.jpg,default
images_largescale/sun/images/sun_ashksvqxybetbwxg.jpg,default
images_largescale/sun/images/sun_ashndhaxpfvrurej.jpg,default
images_largescale/sun/images/sun_asigrekyvbnoxlgc.jpg,default
images_largescale/sun/images/sun_asihnmhcebfvkjrr.jpg,default
images_largescale/sun/images/sun_asikteysjddnlcza.jpg,default
images_largescale/sun/images/sun_asilqxmlzlaecfxi.jpg,default
images_largescale/sun/images/sun_asitqcjdhmptwyly.jpg,default
images_largescale/sun/images/sun_asivtdumrtmogtfk.jpg,default
images_largescale/sun/images/sun_asiwfyxdpryhlgos.jpg,default
images_largescale/sun/images/sun_asjcajxcngqwqinm.jpg,default
images_largescale/sun/images/sun_asjchbloxnwxxqfa.jpg,default
images_largescale/sun/images/sun_asjjbsnuymyfjdcm.jpg,default
images_largescale/sun/images/sun_asjkpgikzecdxwtl.jpg,default
images_largescale/sun/images/sun_asjlovpxjarqgwoq.jpg,default
images_largescale/sun/images/sun_asjvysmekmotzxsp.jpg,default
images_largescale/sun/images/sun_askebshxnbwqgfjr.jpg,default
images_largescale/sun/images/sun_askfcnqiiahxdxgl.jpg,default
images_largescale/sun/images/sun_askhbovqeqyxdjym.jpg,default
images_largescale/sun/images/sun_askipbakntxusygx.jpg,default
images_largescale/sun/images/sun_askjnupfwbnyikcj.jpg,default
images_largescale/sun/images/sun_askndeuqhmhuqeob.jpg,default
images_largescale/sun/images/sun_askpvuntksfyssdr.jpg,default
images_largescale/sun/images/sun_askuazizvtiksaky.jpg,default
images_largescale/sun/images/sun_askxjslfasrtndmb.jpg,default
images_largescale/sun/images/sun_askxkvbqlvdjakmw.jpg,default
images_largescale/sun/images/sun_aslcrdrhuecniunx.jpg,default
images_largescale/sun/images/sun_aslnjsznpccqjadh.jpg,default
images_largescale/sun/images/sun_aslqkmstsieocjzb.jpg,default
images_largescale/sun/images/sun_aslsljzodnarmvpc.jpg,default
images_largescale/sun/images/sun_asltrusxtrzgwuyw.jpg,default
images_largescale/sun/images/sun_aslvowrwssbjjkay.jpg,default
images_largescale/sun/images/sun_aslwousjqfpqbhxd.jpg,default
images_largescale/sun/images/sun_asmdxqdvxwaktmcl.jpg,default
images_largescale/sun/images/sun_asmfewspichmjhkc.jpg,default
images_largescale/sun/images/sun_asmivvvahwnymqhu.jpg,default
images_largescale/sun/images/sun_asmqimnsbcunjzdv.jpg,default
images_largescale/sun/images/sun_asmuwsqhwjdxgbnv.jpg,default
images_largescale/sun/images/sun_asmvukgvhfuvjbma.jpg,default
images_largescale/sun/images/sun_asmyfgscmuvyulsg.jpg,default
images_largescale/sun/images/sun_asmyjnxbxassyyyb.jpg,default
images_largescale/sun/images/sun_asnmgebkgorgowjw.jpg,default
images_largescale/sun/images/sun_asnnkmncfpfsacvk.jpg,default
images_largescale/sun/images/sun_asnnownofheuqpnq.jpg,default
images_largescale/sun/images/sun_asnpyvapyoppabgz.jpg,default
images_largescale/sun/images/sun_asnpzdfpbjwehjge.jpg,default
images_largescale/sun/images/sun_asoedujmmmszfuxj.jpg,default
images_largescale/sun/images/sun_asoeemaywwzbkltg.jpg,default
images_largescale/sun/images/sun_asoeouoigeoakxoq.jpg,default
images_largescale/sun/images/sun_asohjsqkfrsebfpc.jpg,default
images_largescale/sun/images/sun_asoseldnrrcrnbou.jpg,default
images_largescale/sun/images/sun_asoslkyvaokenrgf.jpg,default
images_largescale/sun/images/sun_asoviifekbrkukla.jpg,default
images_largescale/sun/images/sun_asoxuuvcnybbtzld.jpg,default
images_largescale/sun/images/sun_aspbempvttfmtgdn.jpg,default
images_largescale/sun/images/sun_aspnkzpbudcwqeec.jpg,default
images_largescale/sun/images/sun_asprppvdwqdmtdcz.jpg,default
images_largescale/sun/images/sun_aspsqfpgiqymfvcz.jpg,default
images_largescale/sun/images/sun_aspthzcufmasxjtq.jpg,default
images_largescale/sun/images/sun_aspuikudphnfgagh.jpg,default
images_largescale/sun/images/sun_aspvmwpnzvvxbbft.jpg,default
images_largescale/sun/images/sun_asqaevukdhmugwup.jpg,default
images_largescale/sun/images/sun_asqboyqakusycvwd.jpg,default
images_largescale/sun/images/sun_asqfgihimqgdlufu.jpg,default
images_largescale/sun/images/sun_asqnahttiotbwvuz.jpg,default
images_largescale/sun/images/sun_asqpahuftbizywcr.jpg,default
images_largescale/sun/images/sun_asqprukpidunargt.jpg,default
images_largescale/sun/images/sun_asrknmilwsicoydx.jpg,default
images_largescale/sun/images/sun_asrmyxdliruorqce.jpg,default
images_largescale/sun/images/sun_asrqbbgopkoxysxs.jpg,default
images_largescale/sun/images/sun_asrqrdxfkokcjkzn.jpg,default
images_largescale/sun/images/sun_asrskrpdcanppqou.jpg,default
images_largescale/sun/images/sun_asrtrsjkxbnbndib.jpg,default
images_largescale/sun/images/sun_asrvuiazerwrmjac.jpg,default
images_largescale/sun/images/sun_asrybdrlyhavrvsp.jpg,default
images_largescale/sun/images/sun_asrzbodfhvbofxvz.jpg,default
images_largescale/sun/images/sun_assbcicrmboijrzp.jpg,default
images_largescale/sun/images/sun_asscuzhwvghdslua.jpg,default
images_largescale/sun/images/sun_assfcifwjudhtewf.jpg,default
images_largescale/sun/images/sun_assnhpsxsquglxnr.jpg,default
images_largescale/sun/images/sun_assnlehbchkobkio.jpg,default
images_largescale/sun/images/sun_assnwmstnorfehsr.jpg,default
images_largescale/sun/images/sun_assohsfhwrzoflxl.jpg,default
images_largescale/sun/images/sun_asspgubmowczvofm.jpg,default
images_largescale/sun/images/sun_asstdswobfucbyir.jpg,default
images_largescale/sun/images/sun_assteknucnmmwpey.jpg,default
images_largescale/sun/images/sun_astgkjfuztyovfhq.jpg,default
images_largescale/sun/images/sun_astlntsvhyezqgap.jpg,default
images_largescale/sun/images/sun_astmanptfkkrgkqn.jpg,default
images_largescale/sun/images/sun_astplicujlnvomzp.jpg,default
images_largescale/sun/images/sun_astvdhaxwqenkire.jpg,default
images_largescale/sun/images/sun_astvwighnmotbjhm.jpg,default
images_largescale/sun/images/sun_astwnrdzpmgbtuqu.jpg,default
images_largescale/sun/images/sun_astwrhfwanhqjpkc.jpg,default
images_largescale/sun/images/sun_asubqhpyyzaqxzkk.jpg,default
images_largescale/sun/images/sun_asucsgijickcsuyh.jpg,default
images_largescale/sun/images/sun_asuuicscxddnryhy.jpg,default
images_largescale/sun/images/sun_asuvgpevoillwtey.jpg,default
images_largescale/sun/images/sun_asuzgrlqogkjzmbx.jpg,default
images_largescale/sun/images/sun_asuzzxdeozpfotds.jpg,default
images_largescale/sun/images/sun_asvcfruitoxygxrv.jpg,default
images_largescale/sun/images/sun_asvewqlouiwqcncu.jpg,default
images_largescale/sun/images/sun_asvfeluyxolutwmm.jpg,default
images_largescale/sun/images/sun_asvjytxcklccuwnu.jpg,default
images_largescale/sun/images/sun_asvlyhdgmfbswenu.jpg,default
images_largescale/sun/images/sun_asvpofopkdspffnw.jpg,default
images_largescale/sun/images/sun_asvvesxgisymjhlh.jpg,default
images_largescale/sun/images/sun_asvzgqhliryljxeq.jpg,default
images_largescale/sun/images/sun_aswbzwkkyewyzpwy.jpg,default
images_largescale/sun/images/sun_aswdgpccwtmllhgg.jpg,default
images_largescale/sun/images/sun_aswfohctgjnyrjux.jpg,default
images_largescale/sun/images/sun_aswfsqrcskbewqzh.jpg,default
images_largescale/sun/images/sun_aswgpuhmnqnzcvta.jpg,default
images_largescale/sun/images/sun_aswhfedmligbfjkn.jpg,default
images_largescale/sun/images/sun_aswhoypthhzqagyz.jpg,default
images_largescale/sun/images/sun_aswihknpkxatpkcf.jpg,default
images_largescale/sun/images/sun_aswiueagihuxnvqv.jpg,default
images_largescale/sun/images/sun_aswiyipwyzmhmimn.jpg,default
images_largescale/sun/images/sun_aswlkscixwimzrmw.jpg,default
images_largescale/sun/images/sun_aswoirqupfcfffbt.jpg,default
images_largescale/sun/images/sun_aswsulsvxsixvjtr.jpg,default
images_largescale/sun/images/sun_aswzcezgjthkueia.jpg,default
images_largescale/sun/images/sun_asxighgdoafzqzbl.jpg,default
images_largescale/sun/images/sun_asxkvvxlfjmvhvtf.jpg,default
images_largescale/sun/images/sun_asxmhzsrydpkrzqp.jpg,default
images_largescale/sun/images/sun_asxouseldbpuvumk.jpg,default
images_largescale/sun/images/sun_asxpxpajkongsgqk.jpg,default
images_largescale/sun/images/sun_asxrxsnaqpfvjkwb.jpg,default
images_largescale/sun/images/sun_asxuccplqdpzdcho.jpg,default
images_largescale/sun/images/sun_asxudvbxyklrtefb.jpg,default
images_largescale/sun/images/sun_asxxfqqrwmykleca.jpg,default
images_largescale/sun/images/sun_asyaecylbxnnydee.jpg,default
images_largescale/sun/images/sun_asybiwenzsobqaex.jpg,default
images_largescale/sun/images/sun_asycfpjwxsqdcrav.jpg,default
images_largescale/sun/images/sun_asycjfqtmkpyicrh.jpg,default
images_largescale/sun/images/sun_asycswxildrkitmf.jpg,default
images_largescale/sun/images/sun_asyeyfjiarpmggyh.jpg,default
images_largescale/sun/images/sun_asyipfdefrkopthe.jpg,default
images_largescale/sun/images/sun_asyraotmxwbibonk.jpg,default
images_largescale/sun/images/sun_asywfkspmpaelmbu.jpg,default
images_largescale/sun/images/sun_asyzirigwucwqroy.jpg,default
images_largescale/sun/images/sun_aszcwrtezpboqjzr.jpg,default
images_largescale/sun/images/sun_aszeweschfcslhif.jpg,default
images_largescale/sun/images/sun_aszglrhkaxegcgmi.jpg,default
images_largescale/sun/images/sun_aszhdsbqhrlngpxw.jpg,default
images_largescale/sun/images/sun_aszhkktrshfmnenr.jpg,default
images_largescale/sun/images/sun_aszjdzkskdtwrrkh.jpg,default
images_largescale/sun/images/sun_aszojlibndatlzyw.jpg,default
images_largescale/sun/images/sun_aszuhyscjogvefzr.jpg,default
images_largescale/sun/images/sun_aszwdrizngukbueg.jpg,default
images_largescale/sun/images/sun_ataflfdgxvpdrpng.jpg,default
images_largescale/sun/images/sun_ataftlaqddzvosbg.jpg,default
images_largescale/sun/images/sun_atbesvobskdzltsf.jpg,default
images_largescale/sun/images/sun_atbjbtgcynuhljxt.jpg,default
images_largescale/sun/images/sun_atbkxswjamlyhtyq.jpg,default
images_largescale/sun/images/sun_atbmldfqodzieqwa.jpg,default
images_largescale/sun/images/sun_atbogesuwakvxvzo.jpg,default
images_largescale/sun/images/sun_atbqlpamixagydtc.jpg,default
images_largescale/sun/images/sun_atbqwgnqfokavkla.jpg,default
images_largescale/sun/images/sun_atbwqxhulfewgtko.jpg,default
images_largescale/sun/images/sun_atbyusklawegwiiq.jpg,default
images_largescale/sun/images/sun_atbzfzpbswgmmvws.jpg,default
images_largescale/sun/images/sun_atcbykvuzolykpkt.jpg,default
images_largescale/sun/images/sun_atcdtjouhmsswaei.jpg,default
images_largescale/sun/images/sun_atchfmmodcpbxxwh.jpg,default
images_largescale/sun/images/sun_atchtrwhyawbuiha.jpg,default
images_largescale/sun/images/sun_atckadetzztuszgd.jpg,default
images_largescale/sun/images/sun_atckrrizjopumhjt.jpg,default
images_largescale/sun/images/sun_atcmfchctadfqrmp.jpg,default
images_largescale/sun/images/sun_atcmmwqvaguvzvrg.jpg,default
images_largescale/sun/images/sun_atdasubjfweckida.jpg,default
images_largescale/sun/images/sun_atdavmrkhquzwqmz.jpg,default
images_largescale/sun/images/sun_atdbrbmmmfxwfmdp.jpg,default
images_largescale/sun/images/sun_atdkpuhnmiklbvzf.jpg,default
images_largescale/sun/images/sun_atdotgficshpgrls.jpg,default
images_largescale/sun/images/sun_atdsizxshmirdngg.jpg,default
images_largescale/sun/images/sun_atdxqfadcmzuyefc.jpg,default
images_largescale/sun/images/sun_atdznoxjxxrrinsm.jpg,default
images_largescale/sun/images/sun_ateacvttbnododeu.jpg,default
images_largescale/sun/images/sun_atecnoexzhysiexc.jpg,default
images_largescale/sun/images/sun_ategwevtllxpobot.jpg,default
images_largescale/sun/images/sun_ateiwmaqyzwgmrlq.jpg,default
images_largescale/sun/images/sun_atejdjunlpmxnwld.jpg,default
images_largescale/sun/images/sun_atepiinswjitjfzh.jpg,default
images_largescale/sun/images/sun_atepwlbetgrehowe.jpg,default
images_largescale/sun/images/sun_atesawsfypjpyefy.jpg,default
images_largescale/sun/images/sun_atezowpygndxuxmy.jpg,default
images_largescale/sun/images/sun_atfafyyniwyaldar.jpg,default
images_largescale/sun/images/sun_atfcmtautspnnxbz.jpg,default
images_largescale/sun/images/sun_atfdfhbavgycwyeh.jpg,default
images_largescale/sun/images/sun_atfjfgwswdpulbwx.jpg,default
images_largescale/sun/images/sun_atfjmvocfgmzfqzj.jpg,default
images_largescale/sun/images/sun_atfkipscashkangb.jpg,default
images_largescale/sun/images/sun_atfqrtfmrfiaxsne.jpg,default
images_largescale/sun/images/sun_atfrrlytvdshyuvq.jpg,default
images_largescale/sun/images/sun_atfudzdjdouzqtgp.jpg,default
images_largescale/sun/images/sun_atfueyvmewlbqfzh.jpg,default
images_largescale/sun/images/sun_atgckwcnhenhwkdn.jpg,default
images_largescale/sun/images/sun_atgcsiuqyxecbyot.jpg,default
images_largescale/sun/images/sun_atgikxjefqyubfaj.jpg,default
images_largescale/sun/images/sun_atgstolbwcrecjxg.jpg,default
images_largescale/sun/images/sun_atgtgwqgkpufmntj.jpg,default
images_largescale/sun/images/sun_atgtzbjxesahnksc.jpg,default
images_largescale/sun/images/sun_atguxjdjkqlmcycv.jpg,default
images_largescale/sun/images/sun_athdncpqrvsoquda.jpg,default
images_largescale/sun/images/sun_athdsakiiookwrno.jpg,default
images_largescale/sun/images/sun_athdyqulatjmcqsh.jpg,default
images_largescale/sun/images/sun_athlyrsxzsuattqb.jpg,default
images_largescale/sun/images/sun_athqtjnpclsmcyws.jpg,default
images_largescale/sun/images/sun_athsomcesvwfexzx.jpg,default
images_largescale/sun/images/sun_athsrhbczniprwsf.jpg,default
images_largescale/sun/images/sun_athsvlaaxjzwhcwk.jpg,default
images_largescale/sun/images/sun_athtvdlngqgzkwux.jpg,default
images_largescale/sun/images/sun_athwsdzwlgfscdso.jpg,default
images_largescale/sun/images/sun_athxjgzdzxrovlnc.jpg,default
images_largescale/sun/images/sun_atiaeogliotgrcvq.jpg,default
images_largescale/sun/images/sun_aticxsyimobitofy.jpg,default
images_largescale/sun/images/sun_atigyljqhtatssvx.jpg,default
images_largescale/sun/images/sun_atiijipsytfbkuld.jpg,default
images_largescale/sun/images/sun_atikbwxruyprvigl.jpg,default
images_largescale/sun/images/sun_atimgtszpkqohzza.jpg,default
images_largescale/sun/images/sun_atitaedukmimiozr.jpg,default
images_largescale/sun/images/sun_atiuimrihfslrfzs.jpg,default
images_largescale/sun/images/sun_atiwchcvdhclztcs.jpg,default
images_largescale/sun/images/sun_atixamygfrniyige.jpg,default
images_largescale/sun/images/sun_atiyzwjrojoaqvpd.jpg,default
images_largescale/sun/images/sun_atjhiebtkdczawbw.jpg,default
images_largescale/sun/images/sun_atjihszaeixpvlgm.jpg,default
images_largescale/sun/images/sun_atjkrobksrovcibq.jpg,default
images_largescale/sun/images/sun_atjrnyxugwyiwzak.jpg,default
images_largescale/sun/images/sun_atjwbxfwkolphnne.jpg,default
images_largescale/sun/images/sun_atjxpqbkrlqxercc.jpg,default
images_largescale/sun/images/sun_atjyclhsmtwetvyo.jpg,default
images_largescale/sun/images/sun_atjznsnfnuehylnk.jpg,default
images_largescale/sun/images/sun_atkeojyllqgkspvo.jpg,default
images_largescale/sun/images/sun_atkfxkykxkyuksrr.jpg,default
images_largescale/sun/images/sun_atkndjkasyftpegn.jpg,default
images_largescale/sun/images/sun_atknlvxdrdldotqg.jpg,default
images_largescale/sun/images/sun_atkojnozetysslip.jpg,default
images_largescale/sun/images/sun_atkwidwcpuslhexp.jpg,default
images_largescale/sun/images/sun_atkzzluwhtafinqw.jpg,default
images_largescale/sun/images/sun_atlcsbvdebfyrnrl.jpg,default
images_largescale/sun/images/sun_atlhrckzvxgjhznk.jpg,default
images_largescale/sun/images/sun_atlitoosrbdypdyg.jpg,default
images_largescale/sun/images/sun_atlmeyikdakyqpbf.jpg,default
images_largescale/sun/images/sun_atlxncsxfmqwisuw.jpg,default
images_largescale/sun/images/sun_atmbkcbkktvcgsky.jpg,default
images_largescale/sun/images/sun_atmidgbuoiaqbzkt.jpg,default
images_largescale/sun/images/sun_atmjpftaawmrvnwp.jpg,default
images_largescale/sun/images/sun_atmpxonnhdygecxk.jpg,default
images_largescale/sun/images/sun_atmpytifatyptpdv.jpg,default
images_largescale/sun/images/sun_atmrwrneqsvfgvoh.jpg,default
images_largescale/sun/images/sun_atmvfpsflvwwdusz.jpg,default
images_largescale/sun/images/sun_atmxdoremcmterdv.jpg,default
images_largescale/sun/images/sun_atmzagklhlfkwcyl.jpg,default
images_largescale/sun/images/sun_atnfrmwwryedofgc.jpg,default
images_largescale/sun/images/sun_atnomcyduqxxgnwf.jpg,default
images_largescale/sun/images/sun_atnppjvkwijhyzwp.jpg,default
images_largescale/sun/images/sun_atnpuxdlncqwiqxg.jpg,default
images_largescale/sun/images/sun_atnsrfedifrsadch.jpg,default
images_largescale/sun/images/sun_atobieowqtfxwldy.jpg,default
images_largescale/sun/images/sun_atofxijysqwblkmq.jpg,default
images_largescale/sun/images/sun_atohvclowaousrfh.jpg,default
images_largescale/sun/images/sun_atopxpkbhawsemkk.jpg,default
images_largescale/sun/images/sun_atovhmdabzmhzhcq.jpg,default
images_largescale/sun/images/sun_atoxuhrnqxwbghlc.jpg,default
images_largescale/sun/images/sun_atpdfwnavjqzrmds.jpg,default
images_largescale/sun/images/sun_atpiffnecxdnjvfr.jpg,default
images_largescale/sun/images/sun_atprazxszexknufq.jpg,default
images_largescale/sun/images/sun_atproujifoogjhcu.jpg,default
images_largescale/sun/images/sun_atpswygzdiiioxes.jpg,default
images_largescale/sun/images/sun_atpzcadlhmclazar.jpg,default
images_largescale/sun/images/sun_atqboldkldclvlss.jpg,default
images_largescale/sun/images/sun_atqevsjvkqbeevnc.jpg,default
images_largescale/sun/images/sun_atqfpejenrxbofwc.jpg,default
images_largescale/sun/images/sun_atqgtvvifrthpsyl.jpg,default
images_largescale/sun/images/sun_atqiojdmrptuphgu.jpg,default
images_largescale/sun/images/sun_atqpcjggyhbeqyyc.jpg,default
images_largescale/sun/images/sun_atqrprrkvgelhitv.jpg,default
images_largescale/sun/images/sun_atqskscfbfojjtqz.jpg,default
images_largescale/sun/images/sun_atqxvxixsktrnwod.jpg,default
images_largescale/sun/images/sun_atqyciqfobzisdly.jpg,default
images_largescale/sun/images/sun_atqywvdedoqbzqlr.jpg,default
images_largescale/sun/images/sun_atqyycnsbjfwybod.jpg,default
images_largescale/sun/images/sun_atrbrpzmfjytffob.jpg,default
images_largescale/sun/images/sun_atrjnvltlivtzznr.jpg,default
images_largescale/sun/images/sun_atrrfxwvxzmfpuxq.jpg,default
images_largescale/sun/images/sun_atrzacrppbrmmpaj.jpg,default
images_largescale/sun/images/sun_atsalkacynpevhvr.jpg,default
images_largescale/sun/images/sun_atsdjbsgkzbtfokv.jpg,default
images_largescale/sun/images/sun_atslucdgxccvbvtb.jpg,default
images_largescale/sun/images/sun_atsnbawrlfpvtcxr.jpg,default
images_largescale/sun/images/sun_atsotobrhcugwgov.jpg,default
images_largescale/sun/images/sun_atsthmkdhelqwdgs.jpg,default
images_largescale/sun/images/sun_atsunnzmngojgcot.jpg,default
images_largescale/sun/images/sun_atswwbewjatupdsg.jpg,default
images_largescale/sun/images/sun_atsyltnoqmgmwqiz.jpg,default
images_largescale/sun/images/sun_atsyvebumlyhwcvf.jpg,default
images_largescale/sun/images/sun_attcxuhgnlwilixh.jpg,default
images_largescale/sun/images/sun_attdguuhlmqaivan.jpg,default
images_largescale/sun/images/sun_attirikwbyjfharf.jpg,default
images_largescale/sun/images/sun_attjnvccsuqjeglg.jpg,default
images_largescale/sun/images/sun_attjqmpassdojuww.jpg,default
images_largescale/sun/images/sun_attkwtfjwzyamwyu.jpg,default
images_largescale/sun/images/sun_attnzqxgqbefzeea.jpg,default
images_largescale/sun/images/sun_attqjqxulotznzvd.jpg,default
images_largescale/sun/images/sun_attslmhfygftkcbi.jpg,default
images_largescale/sun/images/sun_atuexlmfookvruni.jpg,default
images_largescale/sun/images/sun_atufiinyuedegcme.jpg,default
images_largescale/sun/images/sun_atugtbhluayoalci.jpg,default
images_largescale/sun/images/sun_atukmpcqyrlmrgva.jpg,default
images_largescale/sun/images/sun_atukykpxegcegrwf.jpg,default
images_largescale/sun/images/sun_atulqmcenlkcsomt.jpg,default
images_largescale/sun/images/sun_atuoqtrezowgywyz.jpg,default
images_largescale/sun/images/sun_atuorrasyxhrtzdl.jpg,default
images_largescale/sun/images/sun_atuqhiqziwvmjkwu.jpg,default
images_largescale/sun/images/sun_atuqtilisvvhpouh.jpg,default
images_largescale/sun/images/sun_aturaihfyzeltioi.jpg,default
images_largescale/sun/images/sun_aturfaarmrbjauxz.jpg,default
images_largescale/sun/images/sun_aturmlcefldoxiaf.jpg,default
images_largescale/sun/images/sun_aturnlrrofbwqllx.jpg,default
images_largescale/sun/images/sun_atuvmptukfwuhcaf.jpg,default
images_largescale/sun/images/sun_atuxsqkfssxdldyh.jpg,default
images_largescale/sun/images/sun_atuyhshglcazgzfg.jpg,default
images_largescale/sun/images/sun_atvagbkdykfzyogo.jpg,default
images_largescale/sun/images/sun_atvaslhnfqiboljk.jpg,default
images_largescale/sun/images/sun_atvawvmzqseoytxf.jpg,default
images_largescale/sun/images/sun_atvdyagpbomhibrn.jpg,default
images_largescale/sun/images/sun_atvhnslecyggngnh.jpg,default
images_largescale/sun/images/sun_atvhzowhuswcfkco.jpg,default
images_largescale/sun/images/sun_atvlfcmvlqchesvi.jpg,default
images_largescale/sun/images/sun_atvnbusevliwvjvi.jpg,default
images_largescale/sun/images/sun_atvosrkyvamoxrgc.jpg,default
images_largescale/sun/images/sun_atvqsfbljvjbnmxa.jpg,default
images_largescale/sun/images/sun_atvuzjajhjxkwrxh.jpg,default
images_largescale/sun/images/sun_atvyhoadqoyeglex.jpg,default
images_largescale/sun/images/sun_atwbsymnnfwurkad.jpg,default
images_largescale/sun/images/sun_atweznhocjyzokjv.jpg,default
images_largescale/sun/images/sun_atwiazzgczywrkuz.jpg,default
images_largescale/sun/images/sun_atworchkazufbyad.jpg,default
images_largescale/sun/images/sun_atwvchbiupmmkqgk.jpg,default
images_largescale/sun/images/sun_atwznjxewckvsrvx.jpg,default
images_largescale/sun/images/sun_atxeboahzroncues.jpg,default
images_largescale/sun/images/sun_atxepmvfwcbftnlq.jpg,default
images_largescale/sun/images/sun_atxieftvotacdroe.jpg,default
images_largescale/sun/images/sun_atxkzgekqimxdvma.jpg,default
images_largescale/sun/images/sun_atxmvwjigvjhosai.jpg,default
images_largescale/sun/images/sun_atxudotjysxxbuft.jpg,default
images_largescale/sun/images/sun_atxyofflxfzpirfw.jpg,default
images_largescale/sun/images/sun_atxzaqdhdqdttymw.jpg,default
images_largescale/sun/images/sun_atyasoydrjavyfux.jpg,default
images_largescale/sun/images/sun_atyelqbgwovbjjcd.jpg,default
images_largescale/sun/images/sun_atyhdrbzwlmyxvwx.jpg,default
images_largescale/sun/images/sun_atyhxbaqckrwggvc.jpg,default
images_largescale/sun/images/sun_atymnxxxucqkovtw.jpg,default
images_largescale/sun/images/sun_atypssaymyjhxkpk.jpg,default
images_largescale/sun/images/sun_atyswsybsrdhjuhx.jpg,default
images_largescale/sun/images/sun_atyyafyxqzjlreyf.jpg,default
images_largescale/sun/images/sun_atyyggssgboomutg.jpg,default
images_largescale/sun/images/sun_atyynlvkvrllrqyt.jpg,default
images_largescale/sun/images/sun_atyyqdbpcuinlyef.jpg,default
images_largescale/sun/images/sun_atzcukvqriozfcco.jpg,default
images_largescale/sun/images/sun_atzlprplqopjsfnc.jpg,default
images_largescale/sun/images/sun_atzojynsumxkjdzc.jpg,default
images_largescale/sun/images/sun_atzsvkgrqxxfvgsl.jpg,default
images_largescale/sun/images/sun_auabjyowhptjcuzi.jpg,default
images_largescale/sun/images/sun_auacrknnpbhjfbbw.jpg,default
images_largescale/sun/images/sun_auahsrrrnvzjqnpk.jpg,default
images_largescale/sun/images/sun_auakavmvdbgnpbne.jpg,default
images_largescale/sun/images/sun_auakvcqmyedzmpzc.jpg,default
images_largescale/sun/images/sun_aualbeefqekxpoue.jpg,default
images_largescale/sun/images/sun_auanhepiqsbphcfo.jpg,default
images_largescale/sun/images/sun_auapnlhgddxjoqsr.jpg,default
images_largescale/sun/images/sun_auarazrifxbeamyr.jpg,default
images_largescale/sun/images/sun_auatcsklmtwwzvws.jpg,default
images_largescale/sun/images/sun_auatihubxefhwkfo.jpg,default
images_largescale/sun/images/sun_auavohcvmswhcubd.jpg,default
images_largescale/sun/images/sun_auawgksionqjxykc.jpg,default
images_largescale/sun/images/sun_aubacgckyobmucbs.jpg,default
images_largescale/sun/images/sun_aubfmiodjmjlrcbs.jpg,default
images_largescale/sun/images/sun_aubnnpsvwxjpooqm.jpg,default
images_largescale/sun/images/sun_aubojwzhtgfnqlrx.jpg,default
images_largescale/sun/images/sun_aubqmdekaxxzvkig.jpg,default
images_largescale/sun/images/sun_aubrgfkmfmxcgtiq.jpg,default
images_largescale/sun/images/sun_aubtvmsaqqdccuci.jpg,default
images_largescale/sun/images/sun_aubutxpytpbxcgit.jpg,default
images_largescale/sun/images/sun_aubwohskjwuoendi.jpg,default
images_largescale/sun/images/sun_aubwxilezeqnuaoq.jpg,default
images_largescale/sun/images/sun_aucertsbpntzdgea.jpg,default
images_largescale/sun/images/sun_auchxejmonxbroai.jpg,default
images_largescale/sun/images/sun_aucmqwezokupzybc.jpg,default
images_largescale/sun/images/sun_aucoluxrbwkptnkm.jpg,default
images_largescale/sun/images/sun_aucryfmiouketcsj.jpg,default
images_largescale/sun/images/sun_aucvklpaxqwsqmwy.jpg,default
images_largescale/sun/images/sun_aucwpagcloihrkfj.jpg,default
images_largescale/sun/images/sun_aucxqplfgkjwgjrf.jpg,default
images_largescale/sun/images/sun_audgpapzhstzavwr.jpg,default
images_largescale/sun/images/sun_audhfakgfszxlyhr.jpg,default
images_largescale/sun/images/sun_audhqsuqpouohtll.jpg,default
images_largescale/sun/images/sun_audjgwikejwwenfu.jpg,default
images_largescale/sun/images/sun_audjilpcqqrkmxbf.jpg,default
images_largescale/sun/images/sun_audkbtdyhgkawzgo.jpg,default
images_largescale/sun/images/sun_audnkswhprpbqble.jpg,default
images_largescale/sun/images/sun_audrntveecdqtfer.jpg,default
images_largescale/sun/images/sun_auduawjrigfqaixs.jpg,default
images_largescale/sun/images/sun_audvilwtvfsktfau.jpg,default
images_largescale/sun/images/sun_audzoekrfjzcmzhv.jpg,default
images_largescale/sun/images/sun_auefvgbvbjposlky.jpg,default
images_largescale/sun/images/sun_auehclqmaouhvhse.jpg,default
images_largescale/sun/images/sun_auehtrkxomezbaei.jpg,default
images_largescale/sun/images/sun_auepdtsemrukwwxr.jpg,default
images_largescale/sun/images/sun_auesbspyelroijtr.jpg,default
images_largescale/sun/images/sun_auesgsvhxncvomko.jpg,default
images_largescale/sun/images/sun_auezrnrbyfwjfqsn.jpg,default
images_largescale/sun/images/sun_aufaxukgecarkilx.jpg,default
images_largescale/sun/images/sun_aufcxxqnprpnaylv.jpg,default
images_largescale/sun/images/sun_auffnkuldecxygkd.jpg,default
images_largescale/sun/images/sun_aufkqcxlhjixiser.jpg,default
images_largescale/sun/images/sun_auflnwzjcngpoevo.jpg,default
images_largescale/sun/images/sun_auflxxxeilhtkjsj.jpg,default
images_largescale/sun/images/sun_aufmpuxkumbhfdqz.jpg,default
images_largescale/sun/images/sun_aufowmlabnvipvpb.jpg,default
images_largescale/sun/images/sun_aufpoojichcrczyc.jpg,default
images_largescale/sun/images/sun_aufsnjcridhwyrts.jpg,default
images_largescale/sun/images/sun_aufssnluldczcymv.jpg,default
images_largescale/sun/images/sun_auftgurtlwlsywxy.jpg,default
images_largescale/sun/images/sun_aufyywwecucireja.jpg,default
images_largescale/sun/images/sun_augcrfjraaxojwpy.jpg,default
images_largescale/sun/images/sun_augenxtxecqysxcv.jpg,default
images_largescale/sun/images/sun_auggsciqiuctdmbp.jpg,default
images_largescale/sun/images/sun_augiofjcqlnxzrbd.jpg,default
images_largescale/sun/images/sun_augiwpnmzxrwivst.jpg,default
images_largescale/sun/images/sun_augkdnbqfhjujard.jpg,default
images_largescale/sun/images/sun_augkkbcvucxvlxtp.jpg,default
images_largescale/sun/images/sun_auglgxcbcquqoysr.jpg,default
images_largescale/sun/images/sun_augoinvsfuditcjb.jpg,default
images_largescale/sun/images/sun_augovhjtwoposfho.jpg,default
images_largescale/sun/images/sun_augpigefwofbqjjp.jpg,default
images_largescale/sun/images/sun_augxrcssyuvvueda.jpg,default
images_largescale/sun/images/sun_augxszawwmztxtps.jpg,default
images_largescale/sun/images/sun_augyluddghrdganp.jpg,default
images_largescale/sun/images/sun_auheildlfjbcsoeg.jpg,default
images_largescale/sun/images/sun_auhembzsmmckjlxi.jpg,default
images_largescale/sun/images/sun_auhequqtdhwgkagb.jpg,default
images_largescale/sun/images/sun_auherjejzgdadsdq.jpg,default
images_largescale/sun/images/sun_auhlucnlvemfxydx.jpg,default
images_largescale/sun/images/sun_auhlxycfxbanexqh.jpg,default
images_largescale/sun/images/sun_auhlzdffevrprhej.jpg,default
images_largescale/sun/images/sun_auhngbljrfotcrvt.jpg,default
images_largescale/sun/images/sun_auhnprgmrmmkncjr.jpg,default
images_largescale/sun/images/sun_auhofhhzkxhetibo.jpg,default
images_largescale/sun/images/sun_auibkfkgntzgyhsd.jpg,default
images_largescale/sun/images/sun_auidrgbhjatuowwl.jpg,default
images_largescale/sun/images/sun_auikesubndiffnlo.jpg,default
images_largescale/sun/images/sun_auiludrcnujfudca.jpg,default
images_largescale/sun/images/sun_auiymybkpaixepwr.jpg,default
images_largescale/sun/images/sun_aujakimrrxtdqodf.jpg,default
images_largescale/sun/images/sun_aujbnjainxxpzfqh.jpg,default
images_largescale/sun/images/sun_aujbyrteoaxhxqax.jpg,default
images_largescale/sun/images/sun_aujkrzsqdkjrbofv.jpg,default
images_largescale/sun/images/sun_aujqxexqwtaontgo.jpg,default
images_largescale/sun/images/sun_aujrjdbloetvweqj.jpg,default
images_largescale/sun/images/sun_aujtwgxbzouolqrf.jpg,default
images_largescale/sun/images/sun_aujybsndkefrqulc.jpg,default
images_largescale/sun/images/sun_aujzlqamedfogrrw.jpg,default
images_largescale/sun/images/sun_aukazpjtihptzwld.jpg,default
images_largescale/sun/images/sun_aukforegiekvfmtd.jpg,default
images_largescale/sun/images/sun_aukipslctqdwrzbu.jpg,default
images_largescale/sun/images/sun_aukiwgmfpeqonurb.jpg,default
images_largescale/sun/images/sun_aukjtccqvzbhukpb.jpg,default
images_largescale/sun/images/sun_aukkmetnkwxwhwil.jpg,default
images_largescale/sun/images/sun_aukojuddgjigpkto.jpg,default
images_largescale/sun/images/sun_aukrskzdqpbyiolq.jpg,default
images_largescale/sun/images/sun_auktwumbowwonspp.jpg,default
images_largescale/sun/images/sun_aukwvzmpugbqujnl.jpg,default
images_largescale/sun/images/sun_auldcjwiqhhhwcld.jpg,default
images_largescale/sun/images/sun_auldfeocwsgeasgj.jpg,default
images_largescale/sun/images/sun_auldmcrodnzufqln.jpg,default
images_largescale/sun/images/sun_aulensqwohfjxyqi.jpg,default
images_largescale/sun/images/sun_aulnnmkpojcqjepj.jpg,default
images_largescale/sun/images/sun_aulquzdofvydkqqc.jpg,default
images_largescale/sun/images/sun_aulxyypluyhkhvjw.jpg,default
images_largescale/sun/images/sun_aulzqevqndhvrntg.jpg,default
images_largescale/sun/images/sun_aumcjogqstlttpej.jpg,default
images_largescale/sun/images/sun_aumdkkcmajvzimhk.jpg,default
images_largescale/sun/images/sun_aumhboakganultsp.jpg,default
images_largescale/sun/images/sun_aumicqkpsriqigql.jpg,default
images_largescale/sun/images/sun_aumisxefeqdcrnxz.jpg,default
images_largescale/sun/images/sun_aumngfdeyolmshht.jpg,default
images_largescale/sun/images/sun_aumoszgpffqcgjdi.jpg,default
images_largescale/sun/images/sun_aumsgcclasofxhyw.jpg,default
images_largescale/sun/images/sun_aumspazfffqvzgil.jpg,default
images_largescale/sun/images/sun_aumtljhkuiwimdql.jpg,default
images_largescale/sun/images/sun_aumtoinjhttkanhi.jpg,default
images_largescale/sun/images/sun_aumtusyuwcpwdvxz.jpg,default
images_largescale/sun/images/sun_aungreunpnbkeizh.jpg,default
images_largescale/sun/images/sun_aunguvnvkdltcawb.jpg,default
images_largescale/sun/images/sun_aunhgmnpufkumadi.jpg,default
images_largescale/sun/images/sun_aunlkirsfisumuyi.jpg,default
images_largescale/sun/images/sun_aunmoitqcbqjykwe.jpg,default
images_largescale/sun/images/sun_aunrfjxqxdalgrze.jpg,default
images_largescale/sun/images/sun_auobqtwkewdqrpec.jpg,default
images_largescale/sun/images/sun_auocaioxaurspids.jpg,default
images_largescale/sun/images/sun_auogjcmmwhetpaba.jpg,default
images_largescale/sun/images/sun_auogsjusgcuhwktw.jpg,default
images_largescale/sun/images/sun_auohxbbfjdvtwffk.jpg,default
images_largescale/sun/images/sun_auoqvqwgkzbwmbgd.jpg,default
images_largescale/sun/images/sun_auozzapqgmmbgcoe.jpg,default
images_largescale/sun/images/sun_aupijnzwntfzxhec.jpg,default
images_largescale/sun/images/sun_aupolhlheysqufiq.jpg,default
images_largescale/sun/images/sun_auppdugtzstgigdo.jpg,default
images_largescale/sun/images/sun_auptytcemowjyebe.jpg,default
images_largescale/sun/images/sun_aupvrblgospyseje.jpg,default
images_largescale/sun/images/sun_aupwrsmelygoxvgv.jpg,default
images_largescale/sun/images/sun_aupypetpvhynlafp.jpg,default
images_largescale/sun/images/sun_auqbeusxlrmuycpo.jpg,default
images_largescale/sun/images/sun_auqcoxcgyzzillpg.jpg,default
images_largescale/sun/images/sun_auqikxcrwbqzcysl.jpg,default
images_largescale/sun/images/sun_auqmyjigtyierbti.jpg,default
images_largescale/sun/images/sun_auqrilekgmdmrncq.jpg,default
images_largescale/sun/images/sun_auqtjxqxssrgrthv.jpg,default
images_largescale/sun/images/sun_auqtondwmsafawwc.jpg,default
images_largescale/sun/images/sun_auqwwcbgzzmrmifx.jpg,default
images_largescale/sun/images/sun_auraqcomwleefdiq.jpg,default
images_largescale/sun/images/sun_aurbdrolyogyxyqo.jpg,default
images_largescale/sun/images/sun_aurbtiggqhlmcqlh.jpg,default
images_largescale/sun/images/sun_aurkbeqxuourisow.jpg,default
images_largescale/sun/images/sun_aurlxdmgraknfxqd.jpg,default
images_largescale/sun/images/sun_aurpopfuazgzmdya.jpg,default
images_largescale/sun/images/sun_aurppkxkefpjylft.jpg,default
images_largescale/sun/images/sun_aurpqrewpnsgzshv.jpg,default
images_largescale/sun/images/sun_aurrjcivtdufqzne.jpg,default
images_largescale/sun/images/sun_aurscapmragkcovh.jpg,default
images_largescale/sun/images/sun_auryeypkhzezdgol.jpg,default
images_largescale/sun/images/sun_ausfhhjgnrylhauh.jpg,default
images_largescale/sun/images/sun_ausgafhvwjeamoim.jpg,default
images_largescale/sun/images/sun_ausgenrfusftetjt.jpg,default
images_largescale/sun/images/sun_aushmdwemanfqqlz.jpg,default
images_largescale/sun/images/sun_ausjsgchlukkmvyr.jpg,default
images_largescale/sun/images/sun_ausmnbnafkajmisk.jpg,default
images_largescale/sun/images/sun_ausmxphosyahoyjo.jpg,default
images_largescale/sun/images/sun_ausnhwvqbhmrudvz.jpg,default
images_largescale/sun/images/sun_ausqlbipwzxoncfd.jpg,default
images_largescale/sun/images/sun_ausqzjfcpabaklar.jpg,default
images_largescale/sun/images/sun_ausxuqgormegfdus.jpg,default
images_largescale/sun/images/sun_ausyxqqfmnistuqr.jpg,default
images_largescale/sun/images/sun_autesmptknokkvko.jpg,default
images_largescale/sun/images/sun_autlgzldiqjpfecy.jpg,default
images_largescale/sun/images/sun_autmtrmwefialgyn.jpg,default
images_largescale/sun/images/sun_autngwcuannuiwlf.jpg,default
images_largescale/sun/images/sun_autsefqlhkdrlsik.jpg,default
images_largescale/sun/images/sun_autsyosttwrmylwk.jpg,default
images_largescale/sun/images/sun_auttmqwxpkdrkjin.jpg,default
images_largescale/sun/images/sun_autttllpwubajoot.jpg,default
images_largescale/sun/images/sun_autwkopbctxaelmn.jpg,default
images_largescale/sun/images/sun_autzztfzpgjcifpt.jpg,default
images_largescale/sun/images/sun_auucxilccntnxpke.jpg,default
images_largescale/sun/images/sun_auuelzodqvbtcdqx.jpg,default
images_largescale/sun/images/sun_auuhcjzejgrgujrt.jpg,default
images_largescale/sun/images/sun_auujousfzaiehpfi.jpg,default
images_largescale/sun/images/sun_auujpqqvtynreqij.jpg,default
images_largescale/sun/images/sun_auujtsqrylctfknn.jpg,default
images_largescale/sun/images/sun_auukbsirsxlbivqu.jpg,default
images_largescale/sun/images/sun_auumgyoyplglghaw.jpg,default
images_largescale/sun/images/sun_auuoqzsyjewngumd.jpg,default
images_largescale/sun/images/sun_auuulanmocugqdse.jpg,default
images_largescale/sun/images/sun_auuuwfqmhatwhzul.jpg,default
images_largescale/sun/images/sun_auuvtwswmaiqdefn.jpg,default
images_largescale/sun/images/sun_auuvxlszklfgfduz.jpg,default
images_largescale/sun/images/sun_auuwjcclkkzkgiig.jpg,default
images_largescale/sun/images/sun_auvbmmelmzettwal.jpg,default
images_largescale/sun/images/sun_auvflyfnhaiydjaz.jpg,default
images_largescale/sun/images/sun_auvfucpnqlcaddzs.jpg,default
images_largescale/sun/images/sun_auvjfhsqccdwyivt.jpg,default
images_largescale/sun/images/sun_auvjxovmvcigbiqc.jpg,default
images_largescale/sun/images/sun_auvmxzzvbpepcebq.jpg,default
images_largescale/sun/images/sun_auvpgsnfurxbznyb.jpg,default
images_largescale/sun/images/sun_auvuenqswrrdcwst.jpg,default
images_largescale/sun/images/sun_auvwgyllqzsyfdyg.jpg,default
images_largescale/sun/images/sun_auvwkdwoulmwacyv.jpg,default
images_largescale/sun/images/sun_auwauanckqdolsru.jpg,default
images_largescale/sun/images/sun_auwfhvonugwcesxb.jpg,default
images_largescale/sun/images/sun_auwglihixgxdipyp.jpg,default
images_largescale/sun/images/sun_auwhnmarznkjrpsn.jpg,default
images_largescale/sun/images/sun_auwhpvbjstioovpe.jpg,default
images_largescale/sun/images/sun_auwjhixiaehcmxjk.jpg,default
images_largescale/sun/images/sun_auwjzxgluhysctrq.jpg,default
images_largescale/sun/images/sun_auwkstsvqzwgtirq.jpg,default
images_largescale/sun/images/sun_auwlvebhflvttjfc.jpg,default
images_largescale/sun/images/sun_auwrnwleugvtfotr.jpg,default
images_largescale/sun/images/sun_auwujtkbfalbyvne.jpg,default
images_largescale/sun/images/sun_auwwnyzuzeewivmz.jpg,default
images_largescale/sun/images/sun_auxgqzzebucsghxs.jpg,default
images_largescale/sun/images/sun_auxigxbaqsrsqleu.jpg,default
images_largescale/sun/images/sun_auxntxhgabequbla.jpg,default
images_largescale/sun/images/sun_auxpdnsdfsexhkse.jpg,default
images_largescale/sun/images/sun_auxrbqfbgrcaiwas.jpg,default
images_largescale/sun/images/sun_auxshihjxsqnfqbv.jpg,default
images_largescale/sun/images/sun_auxtgfcsvqzjhfvp.jpg,default
images_largescale/sun/images/sun_auxuqcuubiatgqdv.jpg,default
images_largescale/sun/images/sun_auxvlovmasupcvpa.jpg,default
images_largescale/sun/images/sun_auxvyqmqvvifxshq.jpg,default
images_largescale/sun/images/sun_auyalbcanmfcjbbw.jpg,default
images_largescale/sun/images/sun_auyawxqigfkfzqic.jpg,default
images_largescale/sun/images/sun_auyhngvtbompibby.jpg,default
images_largescale/sun/images/sun_auyhtpzwzxchaxsw.jpg,default
images_largescale/sun/images/sun_auyjtxzvjndijqqc.jpg,default
images_largescale/sun/images/sun_auyqpyspyzjrxuwa.jpg,default
images_largescale/sun/images/sun_auytyvaubhvpttld.jpg,default
images_largescale/sun/images/sun_auzjyxabjfooigcc.jpg,default
images_largescale/sun/images/sun_auzkqebyosbgamec.jpg,default
images_largescale/sun/images/sun_auzosqwynjvhyfeh.jpg,default
images_largescale/sun/images/sun_auzsddjulpzhulvh.jpg,default
images_largescale/sun/images/sun_auzseupmnoesjdbl.jpg,default
images_largescale/sun/images/sun_auztlarustqfjoex.jpg,default
images_largescale/sun/images/sun_auzuoanxttejrggc.jpg,default
images_largescale/sun/images/sun_auzxayavnnfcwhux.jpg,default
images_largescale/sun/images/sun_avacbvdwkngjygud.jpg,default
images_largescale/sun/images/sun_avadkxloihhxinkm.jpg,default
images_largescale/sun/images/sun_avaevzuofpqrlqxp.jpg,default
images_largescale/sun/images/sun_avaffksxqrmvizvk.jpg,default
images_largescale/sun/images/sun_avainahqglwqhyup.jpg,default
images_largescale/sun/images/sun_avajddcuqpbbgdus.jpg,default
images_largescale/sun/images/sun_avapuhriizooordb.jpg,default
images_largescale/sun/images/sun_avarcvfviwozyksm.jpg,default
images_largescale/sun/images/sun_avasbieblxhpjipj.jpg,default
images_largescale/sun/images/sun_avawcmcabmaoywsj.jpg,default
images_largescale/sun/images/sun_avbapzdkjpwbmhjw.jpg,default
images_largescale/sun/images/sun_avbaqpvshvniewdy.jpg,default
images_largescale/sun/images/sun_avbgmzkddrqmnytb.jpg,default
images_largescale/sun/images/sun_avbhugkwzwiabhql.jpg,default
images_largescale/sun/images/sun_avbjubslehfvntyx.jpg,default
images_largescale/sun/images/sun_avcgkqxmtdeapzum.jpg,default
images_largescale/sun/images/sun_avcjjbgjeebuvpqd.jpg,default
images_largescale/sun/images/sun_avcjokjtivcmsxwt.jpg,default
images_largescale/sun/images/sun_avclktvroqctzqxk.jpg,default
images_largescale/sun/images/sun_avcoiafvxdufgshn.jpg,default
images_largescale/sun/images/sun_avcqpeglyojpydlg.jpg,default
images_largescale/sun/images/sun_avcqpetqhppgmxyx.jpg,default
images_largescale/sun/images/sun_avcrtugonoadvyoc.jpg,default
images_largescale/sun/images/sun_avcyiiwxyeuumvvm.jpg,default
images_largescale/sun/images/sun_avdccjklrcfclaup.jpg,default
images_largescale/sun/images/sun_avdjxitagzukjtxi.jpg,default
images_largescale/sun/images/sun_avdpaarqoanuqhsa.jpg,default
images_largescale/sun/images/sun_avdpvygwmitpiwrm.jpg,default
images_largescale/sun/images/sun_aveavlndyngdrwey.jpg,default
images_largescale/sun/images/sun_avedniyeuhiyjtzf.jpg,default
images_largescale/sun/images/sun_avehnulbsmgiovsa.jpg,default
images_largescale/sun/images/sun_aveifwhmgmehqims.jpg,default
images_largescale/sun/images/sun_aveobhuwykghdalt.jpg,default
images_largescale/sun/images/sun_aveqjesqlmkcqwhs.jpg,default
images_largescale/sun/images/sun_avequggwfcuwbtdq.jpg,default
images_largescale/sun/images/sun_averlzhavvurxdtw.jpg,default
images_largescale/sun/images/sun_avesoizwcqbojcvm.jpg,default
images_largescale/sun/images/sun_aveugpfwaxuzfgep.jpg,default
images_largescale/sun/images/sun_avewwfajjwjntohf.jpg,default
images_largescale/sun/images/sun_avfcdvclspnzyhhq.jpg,default
images_largescale/sun/images/sun_avfcfcyyopqyplul.jpg,default
images_largescale/sun/images/sun_avfdfoicnjkbjcak.jpg,default
images_largescale/sun/images/sun_avffvgbseucjdior.jpg,default
images_largescale/sun/images/sun_avfgjhxpkwvgecww.jpg,default
images_largescale/sun/images/sun_avfhydaylogrjsni.jpg,default
images_largescale/sun/images/sun_avfjxgexcrresvsu.jpg,default
images_largescale/sun/images/sun_avgjqqomgzhbwpbk.jpg,default
images_largescale/sun/images/sun_avgnvfbnvzjcvnjm.jpg,default
images_largescale/sun/images/sun_avgppnzksgjyqrkq.jpg,default
images_largescale/sun/images/sun_avgqhiybsolgqqhl.jpg,default
images_largescale/sun/images/sun_avgyseozrvczrqdi.jpg,default
images_largescale/sun/images/sun_avhbnhjmjmxdcmdt.jpg,default
images_largescale/sun/images/sun_avhjajgakctzamtv.jpg,default
images_largescale/sun/images/sun_avhmcmklhpnewwdd.jpg,default
images_largescale/sun/images/sun_avhnatixrjqnitvs.jpg,default
images_largescale/sun/images/sun_avhnjcuvznrknloa.jpg,default
images_largescale/sun/images/sun_avhozatsxvbdzkud.jpg,default
images_largescale/sun/images/sun_avhslcsqljwpqudo.jpg,default
images_largescale/sun/images/sun_avhvyomidkpcnkne.jpg,default
images_largescale/sun/images/sun_avhyciwhwphjbpjz.jpg,default
images_largescale/sun/images/sun_avhyhjahhqglwfoo.jpg,default
images_largescale/sun/images/sun_aviafqbtxbyhlvpu.jpg,default
images_largescale/sun/images/sun_aviljryjmayzmwhk.jpg,default
images_largescale/sun/images/sun_avimmxdprckxnpbm.jpg,default
images_largescale/sun/images/sun_avinonlhiriokyih.jpg,default
images_largescale/sun/images/sun_avinwabyesbklmrh.jpg,default
images_largescale/sun/images/sun_avizsstyntfspufd.jpg,default
images_largescale/sun/images/sun_avjaqofhayuozwao.jpg,default
images_largescale/sun/images/sun_avjgnengissyhclc.jpg,default
images_largescale/sun/images/sun_avjirlwxtjzagrvk.jpg,default
images_largescale/sun/images/sun_avjnvpzproqsblim.jpg,default
images_largescale/sun/images/sun_avjnzyezwzbzhwfl.jpg,default
images_largescale/sun/images/sun_avjotscqfvyeeqxi.jpg,default
images_largescale/sun/images/sun_avjoxoqtcqmnnuje.jpg,default
images_largescale/sun/images/sun_avjqkwzfankjsqgv.jpg,default
images_largescale/sun/images/sun_avjrgachnxkouulg.jpg,default
images_largescale/sun/images/sun_avkdvdvsbmnzmemp.jpg,default
images_largescale/sun/images/sun_avkfkuagzulwurbc.jpg,default
images_largescale/sun/images/sun_avkjhhspzrwmifrx.jpg,default
images_largescale/sun/images/sun_avkjzifumbinoqyw.jpg,default
images_largescale/sun/images/sun_avkkmttpcjbaqidm.jpg,default
images_largescale/sun/images/sun_avklpxngbbvfztyg.jpg,default
images_largescale/sun/images/sun_avkoxaavasjupciq.jpg,default
images_largescale/sun/images/sun_avkpuabflorhegkh.jpg,default
images_largescale/sun/images/sun_avkycnojfyfqmczx.jpg,default
images_largescale/sun/images/sun_avkzyopiwrdyqmkv.jpg,default
images_largescale/sun/images/sun_avlcoxhzgadlubqf.jpg,default
images_largescale/sun/images/sun_avldsnrntudkzowh.jpg,default
images_largescale/sun/images/sun_avljpnsxtrekqpfz.jpg,default
images_largescale/sun/images/sun_avlkckswjkcebiws.jpg,default
images_largescale/sun/images/sun_avlrxqauljvjbosv.jpg,default
images_largescale/sun/images/sun_avltuubfbmepqeyz.jpg,default
images_largescale/sun/images/sun_avluocmpqsvuwgpq.jpg,default
images_largescale/sun/images/sun_avlvlyzndkewselg.jpg,default
images_largescale/sun/images/sun_avlyacwiymblagmj.jpg,default
images_largescale/sun/images/sun_avmakuxqiwoptewa.jpg,default
images_largescale/sun/images/sun_avmblseqiorvtlbw.jpg,default
images_largescale/sun/images/sun_avmfixeqhiruqzqb.jpg,default
images_largescale/sun/images/sun_avmhspflrhvillrc.jpg,default
images_largescale/sun/images/sun_avmrthqiwgphbenq.jpg,default
images_largescale/sun/images/sun_avmxdpydhkugmnzh.jpg,default
images_largescale/sun/images/sun_avmxtljknfnpjnbb.jpg,default
images_largescale/sun/images/sun_avnahjaoofnajsoc.jpg,default
images_largescale/sun/images/sun_avnefvjasjtqauuf.jpg,default
images_largescale/sun/images/sun_avnimluvvtsfsbia.jpg,default
images_largescale/sun/images/sun_avnkjfgeynivgvtb.jpg,default
images_largescale/sun/images/sun_avnsvqymbuanenve.jpg,default
images_largescale/sun/images/sun_avnwlayijwcxbkkn.jpg,default
images_largescale/sun/images/sun_avobwlabgwrrxybu.jpg,default
images_largescale/sun/images/sun_avokinkqypqifwug.jpg,default
images_largescale/sun/images/sun_avoklrsjscmvbrhw.jpg,default
images_largescale/sun/images/sun_avomarywluvntaye.jpg,default
images_largescale/sun/images/sun_avosvqetmgprlrjr.jpg,default
images_largescale/sun/images/sun_avovkdqscbdqkcmy.jpg,default
images_largescale/sun/images/sun_avpaqxucgirwprnu.jpg,default
images_largescale/sun/images/sun_avpevikkkenpiuou.jpg,default
images_largescale/sun/images/sun_avpexjhzihunffty.jpg,default
images_largescale/sun/images/sun_avpinanqedwncmpu.jpg,default
images_largescale/sun/images/sun_avpyaxzslbqmfgmf.jpg,default
images_largescale/sun/images/sun_avpzdyffxslyxtez.jpg,default
images_largescale/sun/images/sun_avqahgdnxxemgnje.jpg,default
images_largescale/sun/images/sun_avqdrtjujwmyfjrb.jpg,default
images_largescale/sun/images/sun_avqevlwhpbxnxtkx.jpg,default
images_largescale/sun/images/sun_avqfdyseggblvzky.jpg,default
images_largescale/sun/images/sun_avqftzsbchhmbdlm.jpg,default
images_largescale/sun/images/sun_avqicrkwioxqipbo.jpg,default
images_largescale/sun/images/sun_avqizenawdtdxpgk.jpg,default
images_largescale/sun/images/sun_avqmluohdfmarxja.jpg,default
images_largescale/sun/images/sun_avqvjapnecestfpy.jpg,default
images_largescale/sun/images/sun_avqynpfadfqfdyac.jpg,default
images_largescale/sun/images/sun_avrdyuvlkowclcvc.jpg,default
images_largescale/sun/images/sun_avrefqfbkqzevngx.jpg,default
images_largescale/sun/images/sun_avrmuluyatvyogcg.jpg,default
images_largescale/sun/images/sun_avrnfzraukixhdzn.jpg,default
images_largescale/sun/images/sun_avrrwqlonixeaovz.jpg,default
images_largescale/sun/images/sun_avruisdhkjfzkshr.jpg,default
images_largescale/sun/images/sun_avrxmzjwgzdwxoye.jpg,default
images_largescale/sun/images/sun_avsafwgphybqvlfe.jpg,default
images_largescale/sun/images/sun_avsbhzgszqfplenk.jpg,default
images_largescale/sun/images/sun_avseidzvrmvtpkpx.jpg,default
images_largescale/sun/images/sun_avslixcvxhmwbmye.jpg,default
images_largescale/sun/images/sun_avssrubuopdbsxzp.jpg,default
images_largescale/sun/images/sun_avsvhrrjyvuckthj.jpg,default
images_largescale/sun/images/sun_avswlmagvlcsnzrk.jpg,default
images_largescale/sun/images/sun_avsyzoypabiqbenv.jpg,default
images_largescale/sun/images/sun_avtbocybgzgutwbu.jpg,default
images_largescale/sun/images/sun_avtfcwegepskvaen.jpg,default
images_largescale/sun/images/sun_avthcqtpyejuesce.jpg,default
images_largescale/sun/images/sun_avthvesoffnllvgl.jpg,default
images_largescale/sun/images/sun_avtmqreqkvhyoead.jpg,default
images_largescale/sun/images/sun_avtskuquvfdhwkmo.jpg,default
images_largescale/sun/images/sun_avtxrklxvwdpcjes.jpg,default
images_largescale/sun/images/sun_avtxyvghramkgvev.jpg,default
images_largescale/sun/images/sun_avuclglymxghbdbx.jpg,default
images_largescale/sun/images/sun_avujgilrofrzddbh.jpg,default
images_largescale/sun/images/sun_avuliyxnufbocksa.jpg,default
images_largescale/sun/images/sun_avuqdthyzaldzfdc.jpg,default
images_largescale/sun/images/sun_avutpocjwspwmkti.jpg,default
images_largescale/sun/images/sun_avvbmazzitdsvumg.jpg,default
images_largescale/sun/images/sun_avvilvfiyaewgnhz.jpg,default
images_largescale/sun/images/sun_avvkcdrfkmweihwf.jpg,default
images_largescale/sun/images/sun_avvkmgfemdyhxkkr.jpg,default
images_largescale/sun/images/sun_avvlrkldepuzyosp.jpg,default
images_largescale/sun/images/sun_avvoinifrzumfqxb.jpg,default
images_largescale/sun/images/sun_avvskgbotroklyaa.jpg,default
images_largescale/sun/images/sun_avvtoxtrwjklsbzs.jpg,default
images_largescale/sun/images/sun_avvymppwssymecyd.jpg,default
images_largescale/sun/images/sun_avwaeazydxogxrdk.jpg,default
images_largescale/sun/images/sun_avwawzgzwteqrpba.jpg,default
images_largescale/sun/images/sun_avwomqisrgiciwta.jpg,default
images_largescale/sun/images/sun_avwovvnfjvydjzro.jpg,default
images_largescale/sun/images/sun_avwozskknfprrkkr.jpg,default
images_largescale/sun/images/sun_avwqgpnstjslyujo.jpg,default
images_largescale/sun/images/sun_avwqrvpfxwmbexgs.jpg,default
images_largescale/sun/images/sun_avwrcvziukipjbix.jpg,default
images_largescale/sun/images/sun_avwujbiigzkszcoj.jpg,default
images_largescale/sun/images/sun_avwxckmlwkrswquy.jpg,default
images_largescale/sun/images/sun_avwzpzdyoawfbbqx.jpg,default
images_largescale/sun/images/sun_avxfzujxgpqfvbne.jpg,default
images_largescale/sun/images/sun_avxjurphhmztkmqw.jpg,default
images_largescale/sun/images/sun_avxnfsavqtzptdli.jpg,default
images_largescale/sun/images/sun_avxppaqqcwrmlevk.jpg,default
images_largescale/sun/images/sun_avxsfrygnxkcsogs.jpg,default
images_largescale/sun/images/sun_avxtaljworlgtfgi.jpg,default
images_largescale/sun/images/sun_avxtttcwtcgvfzse.jpg,default
images_largescale/sun/images/sun_avxxlrjrpoptjwxa.jpg,default
images_largescale/sun/images/sun_avyadttzmrpzncnd.jpg,default
images_largescale/sun/images/sun_avyaxgkxlaeedguu.jpg,default
images_largescale/sun/images/sun_avydneankcoyrlyp.jpg,default
images_largescale/sun/images/sun_avyhbfrciceyjrrx.jpg,default
images_largescale/sun/images/sun_avyjugcwnuednurh.jpg,default
images_largescale/sun/images/sun_avyrrijcefalwkel.jpg,default
images_largescale/sun/images/sun_avywucwhkqqwicrw.jpg,default
images_largescale/sun/images/sun_avyxctwpoyxwdpra.jpg,default
images_largescale/sun/images/sun_avyyymflzsdrwgbe.jpg,default
images_largescale/sun/images/sun_avyzvvajqvpghqlj.jpg,default
images_largescale/sun/images/sun_avzimmpipjaxfbub.jpg,default
images_largescale/sun/images/sun_avzkwfxjgznqgafr.jpg,default
images_largescale/sun/images/sun_avznaeqbjtataxoe.jpg,default
images_largescale/sun/images/sun_avznrdbkptmkhoco.jpg,default
images_largescale/sun/images/sun_avzsmdjhuczsjesf.jpg,default
images_largescale/sun/images/sun_avzvmdskbepltccn.jpg,default
images_largescale/sun/images/sun_avzzdycklcqmqqaz.jpg,default
images_largescale/sun/images/sun_awaaqfhyfnlmkhpq.jpg,default
images_largescale/sun/images/sun_awabuzocsbribyto.jpg,default
images_largescale/sun/images/sun_awabvgozzwulqotb.jpg,default
images_largescale/sun/images/sun_awajmbimdgrwanrb.jpg,default
images_largescale/sun/images/sun_awaknssvqfvexjhq.jpg,default
images_largescale/sun/images/sun_awakucwpcyaxmruj.jpg,default
images_largescale/sun/images/sun_awammhujvdvwpnza.jpg,default
images_largescale/sun/images/sun_awaovxrpmfdqwozs.jpg,default
images_largescale/sun/images/sun_awarwrlqylvdclwt.jpg,default
images_largescale/sun/images/sun_awaxapbfvjhpzxzu.jpg,default
images_largescale/sun/images/sun_awaznxccvhxqvsil.jpg,default
images_largescale/sun/images/sun_awbauybvvajcllpm.jpg,default
images_largescale/sun/images/sun_awbbzcefggyipqnh.jpg,default
images_largescale/sun/images/sun_awbduvzphavomyxs.jpg,default
images_largescale/sun/images/sun_awbduzcgmuaykgzh.jpg,default
images_largescale/sun/images/sun_awbiqxafovdniaqa.jpg,default
images_largescale/sun/images/sun_awblohobvejbazmi.jpg,default
images_largescale/sun/images/sun_awbnrwzplenzggum.jpg,default
images_largescale/sun/images/sun_awbqsjizqcohsbnp.jpg,default
images_largescale/sun/images/sun_awbzwnvtiwoqvnfs.jpg,default
images_largescale/sun/images/sun_awcgbugapvqmbdey.jpg,default
images_largescale/sun/images/sun_awchwppuydqjifvx.jpg,default
images_largescale/sun/images/sun_awcjfopaecdrhrcl.jpg,default
images_largescale/sun/images/sun_awckyiqrvfqzbhxd.jpg,default
images_largescale/sun/images/sun_awcnqlbvhdgwmgpu.jpg,default
images_largescale/sun/images/sun_awcontugyreoikzl.jpg,default
images_largescale/sun/images/sun_awcpryajaazjjgfq.jpg,default
images_largescale/sun/images/sun_awcrqyecyfadtlfw.jpg,default
images_largescale/sun/images/sun_awcsaquarupjvuzz.jpg,default
images_largescale/sun/images/sun_awcslqaclfdinnyt.jpg,default
images_largescale/sun/images/sun_awcsqcbquzhtbthj.jpg,default
images_largescale/sun/images/sun_awcujmqkhwsgmrma.jpg,default
images_largescale/sun/images/sun_awcwrucmbhgkefuh.jpg,default
images_largescale/sun/images/sun_awcxwetwmrbcbrpl.jpg,default
images_largescale/sun/images/sun_awdicyplztccfwol.jpg,default
images_largescale/sun/images/sun_awdlpzaohypbcfjk.jpg,default
images_largescale/sun/images/sun_awdsobeningefbsp.jpg,default
images_largescale/sun/images/sun_awdvmafehbnnazhz.jpg,default
images_largescale/sun/images/sun_aweagylmojgggesg.jpg,default
images_largescale/sun/images/sun_aweiiwnlvsvmynbw.jpg,default
images_largescale/sun/images/sun_awejrnxklcvyppeg.jpg,default
images_largescale/sun/images/sun_aweltknjmvvkzruh.jpg,default
images_largescale/sun/images/sun_aweoztuheglqxpoe.jpg,default
images_largescale/sun/images/sun_aweseapjmudfsrdf.jpg,default
images_largescale/sun/images/sun_awetpkdhweywvbsk.jpg,default
images_largescale/sun/images/sun_awfazuoogxzqjvcm.jpg,default
images_largescale/sun/images/sun_awfhxzxcqoyqeyoo.jpg,default
images_largescale/sun/images/sun_awfkhrkaozyjqush.jpg,default
images_largescale/sun/images/sun_awfqvsqstlvpdgwq.jpg,default
images_largescale/sun/images/sun_awfrkhfuxnogrbta.jpg,default
images_largescale/sun/images/sun_awfsyotdyjpvaxxr.jpg,default
images_largescale/sun/images/sun_awfxwkpuechnqzsk.jpg,default
images_largescale/sun/images/sun_awggqbbhwghfutga.jpg,default
images_largescale/sun/images/sun_awglfunczdsssxzm.jpg,default
images_largescale/sun/images/sun_awgnozflvmocgkye.jpg,default
images_largescale/sun/images/sun_awgrlxjpohtzixbw.jpg,default
images_largescale/sun/images/sun_awhkkgmafkmulmfg.jpg,default
images_largescale/sun/images/sun_awhlqvejjndlljhj.jpg,default
images_largescale/sun/images/sun_awhntvouxfbjxdka.jpg,default
images_largescale/sun/images/sun_awhryddjffoafbxm.jpg,default
images_largescale/sun/images/sun_awhsntyjdsqbntyr.jpg,default
images_largescale/sun/images/sun_awhtkyumrcyicusk.jpg,default
images_largescale/sun/images/sun_awhtnknxkhdqohxm.jpg,default
images_largescale/sun/images/sun_awhvzvyjjwrezlsn.jpg,default
images_largescale/sun/images/sun_awhwbavkzqdjawlj.jpg,default
images_largescale/sun/images/sun_awhwqeqkpjutrthv.jpg,default
images_largescale/sun/images/sun_awibbhtejiewqjss.jpg,default
images_largescale/sun/images/sun_awibwykupbmnncom.jpg,default
images_largescale/sun/images/sun_awidrcxwkldxnsfm.jpg,default
images_largescale/sun/images/sun_awifyqzzubihkywf.jpg,default
images_largescale/sun/images/sun_awiinnuiqeshehyo.jpg,default
images_largescale/sun/images/sun_awijsibtiycstubd.jpg,default
images_largescale/sun/images/sun_awilxnsrsohfrlaf.jpg,default
images_largescale/sun/images/sun_awjabhoyounouqap.jpg,default
images_largescale/sun/images/sun_awjayzzuwixqfcom.jpg,default
images_largescale/sun/images/sun_awjbzitzrpuxkfpz.jpg,default
images_largescale/sun/images/sun_awjflfpyzlnhpyhf.jpg,default
images_largescale/sun/images/sun_awjfngapsxfbtfmv.jpg,default
images_largescale/sun/images/sun_awjfufvlhprvrysd.jpg,default
images_largescale/sun/images/sun_awjhfbtelstpxlim.jpg,default
images_largescale/sun/images/sun_awjmvyylrpeeqydh.jpg,default
images_largescale/sun/images/sun_awjnybwpyjrzikmi.jpg,default
images_largescale/sun/images/sun_awjouldhduoibblc.jpg,default
images_largescale/sun/images/sun_awjrjatuhlekxxgz.jpg,default
images_largescale/sun/images/sun_awjwqpxxtgjxdeht.jpg,default
images_largescale/sun/images/sun_awjxwjhqqizdegbd.jpg,default
images_largescale/sun/images/sun_awjzeisnegwdlmtq.jpg,default
images_largescale/sun/images/sun_awkghflelochnoim.jpg,default
images_largescale/sun/images/sun_awkhztwmswvcvagv.jpg,default
images_largescale/sun/images/sun_awkkjpbdmpybyreh.jpg,default
images_largescale/sun/images/sun_awkrgaurusnawpai.jpg,default
images_largescale/sun/images/sun_awkyoikssrlybgog.jpg,default
images_largescale/sun/images/sun_awlieccocberhyff.jpg,default
images_largescale/sun/images/sun_awllpjeyteheemht.jpg,default
images_largescale/sun/images/sun_awlolrsegdkrxnqw.jpg,default
images_largescale/sun/images/sun_awlrzcsouwcdaibe.jpg,default
images_largescale/sun/images/sun_awlthshkmkiaysgx.jpg,default
images_largescale/sun/images/sun_awlvhidckctkncuk.jpg,default
images_largescale/sun/images/sun_awmacjkljybcdhyl.jpg,default
images_largescale/sun/images/sun_awmbowttlcoivmqq.jpg,default
images_largescale/sun/images/sun_awmdmhfqjhaiapjc.jpg,default
images_largescale/sun/images/sun_awmdxjsqzfbucahy.jpg,default
images_largescale/sun/images/sun_awmehuarebvlloxn.jpg,default
images_largescale/sun/images/sun_awmepbktyejypzck.jpg,default
images_largescale/sun/images/sun_awmfkvxofoknvojx.jpg,default
images_largescale/sun/images/sun_awmgeonbcojofyzt.jpg,default
images_largescale/sun/images/sun_awmjbvrumovdbydq.jpg,default
images_largescale/sun/images/sun_awmlgiaschbynarp.jpg,default
images_largescale/sun/images/sun_awmndjkgosiriyue.jpg,default
images_largescale/sun/images/sun_awmqewnmakxgyjtm.jpg,default
images_largescale/sun/images/sun_awmzrdqxxwtdfmvp.jpg,default
images_largescale/sun/images/sun_awnajjoajoqmsckz.jpg,default
images_largescale/sun/images/sun_awnakkhbwkhmmxup.jpg,default
images_largescale/sun/images/sun_awncrfzzedpxsfpm.jpg,default
images_largescale/sun/images/sun_awndmpcjznlkckzt.jpg,default
images_largescale/sun/images/sun_awnknqhdmicgvtjq.jpg,default
images_largescale/sun/images/sun_awnnkyxnzninmufx.jpg,default
images_largescale/sun/images/sun_awnnsozooaiewjxw.jpg,default
images_largescale/sun/images/sun_awnokluigxmtibxk.jpg,default
images_largescale/sun/images/sun_awnqukywtkleuxie.jpg,default
images_largescale/sun/images/sun_awnrtkgknbjczfle.jpg,default
images_largescale/sun/images/sun_awnuqefxskfslurv.jpg,default
images_largescale/sun/images/sun_awnzmupkjnqadyfk.jpg,default
images_largescale/sun/images/sun_awnzynnpdoeayrac.jpg,default
images_largescale/sun/images/sun_awnzzpovofjnwgif.jpg,default
images_largescale/sun/images/sun_awobcqlakegalllz.jpg,default
images_largescale/sun/images/sun_awohmoxrdvqkswke.jpg,default
images_largescale/sun/images/sun_awoiysedegcfxtrl.jpg,default
images_largescale/sun/images/sun_awotxrevnqvamsfp.jpg,default
images_largescale/sun/images/sun_awovauomdhnolaul.jpg,default
images_largescale/sun/images/sun_awovlckyynmigxsv.jpg,default
images_largescale/sun/images/sun_awozmkrgdfvarwva.jpg,default
images_largescale/sun/images/sun_awpfvgprlokquhsl.jpg,default
images_largescale/sun/images/sun_awpjkdqfngysjlcz.jpg,default
images_largescale/sun/images/sun_awplcpvxcthpgthx.jpg,default
images_largescale/sun/images/sun_awplgyknxhslqbdh.jpg,default
images_largescale/sun/images/sun_awppkhoawkiycbcb.jpg,default
images_largescale/sun/images/sun_awpqacbohgzzjtfo.jpg,default
images_largescale/sun/images/sun_awpqvgljwgjaoupt.jpg,default
images_largescale/sun/images/sun_awprwefnkdeytfsd.jpg,default
images_largescale/sun/images/sun_awpteucwtkbxuhtx.jpg,default
images_largescale/sun/images/sun_awpuzjsczgivcmbb.jpg,default
images_largescale/sun/images/sun_awpvwxxfjxdlbwbd.jpg,default
images_largescale/sun/images/sun_awpwxdznjarilrfz.jpg,default
images_largescale/sun/images/sun_awpzncpihyccshez.jpg,default
images_largescale/sun/images/sun_awqchgymphyieebk.jpg,default
images_largescale/sun/images/sun_awqfzmndwfyhddhw.jpg,default
images_largescale/sun/images/sun_awqiztmxyjubcpqn.jpg,default
images_largescale/sun/images/sun_awqngenrclndglyp.jpg,default
images_largescale/sun/images/sun_awqpwdnarxidyiku.jpg,default
images_largescale/sun/images/sun_awqryyhqlvtptfjj.jpg,default
images_largescale/sun/images/sun_awqukazlzsxaokai.jpg,default
images_largescale/sun/images/sun_awqvddbvrjhsygyg.jpg,default
images_largescale/sun/images/sun_awqyctvbyqmvvdjs.jpg,default
images_largescale/sun/images/sun_awqzqhxuxfccodkj.jpg,default
images_largescale/sun/images/sun_awrbyoaaarvoqwda.jpg,default
images_largescale/sun/images/sun_awrcbndnmcqrdehv.jpg,default
images_largescale/sun/images/sun_awrcizeycxkakzzi.jpg,default
images_largescale/sun/images/sun_awrekxtqflndfckw.jpg,default
images_largescale/sun/images/sun_awrinagregphxpkj.jpg,default
images_largescale/sun/images/sun_awrmlajqqzidrdxb.jpg,default
images_largescale/sun/images/sun_awrmzfsmgywegrbm.jpg,default
images_largescale/sun/images/sun_awrpavznnrbuswvm.jpg,default
images_largescale/sun/images/sun_awrrsfwbmtczxvid.jpg,default
images_largescale/sun/images/sun_awrtcybdabsuuuxt.jpg,default
images_largescale/sun/images/sun_awrtjmbvzzghtajb.jpg,default
images_largescale/sun/images/sun_awrvunktetfrzkym.jpg,default
images_largescale/sun/images/sun_awshffsfegccikly.jpg,default
images_largescale/sun/images/sun_awsnrirmgsmlijwh.jpg,default
images_largescale/sun/images/sun_awspmpmtnfcaetje.jpg,default
images_largescale/sun/images/sun_awsubnvfvpmcuimo.jpg,default
images_largescale/sun/images/sun_awtdnayzvhvhowxv.jpg,default
images_largescale/sun/images/sun_awtmjqhyisayttrs.jpg,default
images_largescale/sun/images/sun_awtmobsoyajbkzqn.jpg,default
images_largescale/sun/images/sun_awtooeuenemnddlr.jpg,default
images_largescale/sun/images/sun_awtpamqnhuaowikp.jpg,default
images_largescale/sun/images/sun_awtsuxtgcspyztsx.jpg,default
images_largescale/sun/images/sun_awtzlemkznljyhwn.jpg,default
images_largescale/sun/images/sun_awuazlvalyepbnwb.jpg,default
images_largescale/sun/images/sun_awubhvjaohyjxgyp.jpg,default
images_largescale/sun/images/sun_awucjkvblxyjbwpm.jpg,default
images_largescale/sun/images/sun_awuebqqlrzfbouuh.jpg,default
images_largescale/sun/images/sun_awufdxqhbdwofnap.jpg,default
images_largescale/sun/images/sun_awugifynqpycseqc.jpg,default
images_largescale/sun/images/sun_awugtzrxfgjqmydq.jpg,default
images_largescale/sun/images/sun_awurtztnvpttzars.jpg,default
images_largescale/sun/images/sun_awutkglpkfqqrsst.jpg,default
images_largescale/sun/images/sun_awuyjyzsbeodhafq.jpg,default
images_largescale/sun/images/sun_awvdcxjudroyahlg.jpg,default
images_largescale/sun/images/sun_awvepdniteqhrsfl.jpg,default
images_largescale/sun/images/sun_awvfaraiicgiczts.jpg,default
images_largescale/sun/images/sun_awvhktybhzdfbkob.jpg,default
images_largescale/sun/images/sun_awvhreddaxrljuyh.jpg,default
images_largescale/sun/images/sun_awvkigkqebsnqixf.jpg,default
images_largescale/sun/images/sun_awwentnwvfzgtlrm.jpg,default
images_largescale/sun/images/sun_awwfgvewposxgaqb.jpg,default
images_largescale/sun/images/sun_awwfkbrvfgrhwznp.jpg,default
images_largescale/sun/images/sun_awwhvrjatudpeulz.jpg,default
images_largescale/sun/images/sun_awwieztvofuiprwf.jpg,default
images_largescale/sun/images/sun_awwlsrmcriqdhskr.jpg,default
images_largescale/sun/images/sun_awwniwtwzraqpspm.jpg,default
images_largescale/sun/images/sun_awwpkjbfhwknkaoa.jpg,default
images_largescale/sun/images/sun_awwpzjzpdzjuvzsg.jpg,default
images_largescale/sun/images/sun_awwuchvqmolktcuu.jpg,default
images_largescale/sun/images/sun_awwuwctvalwstdog.jpg,default
images_largescale/sun/images/sun_awwvpnpbphrjymcl.jpg,default
images_largescale/sun/images/sun_awxdpqkkxgmujueu.jpg,default
images_largescale/sun/images/sun_awxelqzzscqnrtve.jpg,default
images_largescale/sun/images/sun_awxgfeajlvsduwrj.jpg,default
images_largescale/sun/images/sun_awxgsjntqbuzxioe.jpg,default
images_largescale/sun/images/sun_awxjjuqmxeuvohgm.jpg,default
images_largescale/sun/images/sun_awxkhuiocmlgcisy.jpg,default
images_largescale/sun/images/sun_awxnlqsotzadmznn.jpg,default
images_largescale/sun/images/sun_awxoffdbagfmiudp.jpg,default
images_largescale/sun/images/sun_awxofkprxvctvnra.jpg,default
images_largescale/sun/images/sun_awxpdjybnqsnaato.jpg,default
images_largescale/sun/images/sun_awxqholhemggfdnv.jpg,default
images_largescale/sun/images/sun_awxrosfhstjbrmwy.jpg,default
images_largescale/sun/images/sun_awxrswswfuxrylpf.jpg,default
images_largescale/sun/images/sun_awxwjmiecgqjvxvs.jpg,default
images_largescale/sun/images/sun_awxyhflxixrjyywv.jpg,default
images_largescale/sun/images/sun_awxyyjrfkjbkxhwy.jpg,default
images_largescale/sun/images/sun_awydheczfutwcrll.jpg,default
images_largescale/sun/images/sun_awydptzsamqbynew.jpg,default
images_largescale/sun/images/sun_awyjixtmspjhoekr.jpg,default
images_largescale/sun/images/sun_awylenmstjrxdvjv.jpg,default
images_largescale/sun/images/sun_awypnhyrsqgrgmxw.jpg,default
images_largescale/sun/images/sun_awyqyxlrmqvjlwnd.jpg,default
images_largescale/sun/images/sun_awyzgwzxtgibxmda.jpg,default
images_largescale/sun/images/sun_awzftpenpoxjfpgo.jpg,default
images_largescale/sun/images/sun_awzgkkmpslsgivxs.jpg,default
images_largescale/sun/images/sun_awzoxaycpkgolqog.jpg,default
images_largescale/sun/images/sun_awzrhfmernduzztq.jpg,default
images_largescale/sun/images/sun_awzsblvlejkxlzka.jpg,default
images_largescale/sun/images/sun_awzxvcnnjhdmqhgt.jpg,default
images_largescale/sun/images/sun_awzykriouyfgxbtu.jpg,default
images_largescale/sun/images/sun_axachoujsafbdkjy.jpg,default
images_largescale/sun/images/sun_axadjymxikiuxopk.jpg,default
images_largescale/sun/images/sun_axaedoczwbxzzujh.jpg,default
images_largescale/sun/images/sun_axaejvkkoteuvkka.jpg,default
images_largescale/sun/images/sun_axaenmkipoizvyzp.jpg,default
images_largescale/sun/images/sun_axafalukefhqdodr.jpg,default
images_largescale/sun/images/sun_axaiskupvdvcgywi.jpg,default
images_largescale/sun/images/sun_axajpphijkzbcorl.jpg,default
images_largescale/sun/images/sun_axajwdfzqexqilhb.jpg,default
images_largescale/sun/images/sun_axarixzmoshhrhlt.jpg,default
images_largescale/sun/images/sun_axascupuvxknwlmw.jpg,default
images_largescale/sun/images/sun_axatijqbcqjzcrac.jpg,default
images_largescale/sun/images/sun_axaukabnklzspepe.jpg,default
images_largescale/sun/images/sun_axazhqnidyshzmjs.jpg,default
images_largescale/sun/images/sun_axbbajumgodmiofr.jpg,default
images_largescale/sun/images/sun_axblwwxpyikrttyn.jpg,default
images_largescale/sun/images/sun_axbqruhyafpbxpst.jpg,default
images_largescale/sun/images/sun_axbrlgeytrceyxyu.jpg,default
images_largescale/sun/images/sun_axbtwzgvykigksuc.jpg,default
images_largescale/sun/images/sun_axbvymosioovubxc.jpg,default
images_largescale/sun/images/sun_axbxijbsxljtkdoh.jpg,default
images_largescale/sun/images/sun_axbznzwdvnbftvmw.jpg,default
images_largescale/sun/images/sun_axcalkniqjwneyzm.jpg,default
images_largescale/sun/images/sun_axccnqqjzijidinf.jpg,default
images_largescale/sun/images/sun_axcfskyckscdtjqc.jpg,default
images_largescale/sun/images/sun_axcmhclgqvfqazwc.jpg,default
images_largescale/sun/images/sun_axcmxbasdoaxwdhx.jpg,default
images_largescale/sun/images/sun_axcojfiarpefuqtw.jpg,default
images_largescale/sun/images/sun_axcstihzlvjjcqaq.jpg,default
images_largescale/sun/images/sun_axctahdolapwfxij.jpg,default
images_largescale/sun/images/sun_axcystsdjzbhixci.jpg,default
images_largescale/sun/images/sun_axdmfmzdmhqwjjpf.jpg,default
images_largescale/sun/images/sun_axdnrfmdskytvvkn.jpg,default
images_largescale/sun/images/sun_axdnritjvibevhgi.jpg,default
images_largescale/sun/images/sun_axdrcmrpifjdhhxl.jpg,default
images_largescale/sun/images/sun_axdvumowuqnphglz.jpg,default
images_largescale/sun/images/sun_axehmulfkzfhqlzt.jpg,default
images_largescale/sun/images/sun_axerkyspfsdgxwvd.jpg,default
images_largescale/sun/images/sun_axerssijnzajfvkv.jpg,default
images_largescale/sun/images/sun_axetyutyqwxfhnkk.jpg,default
images_largescale/sun/images/sun_axexvolmprnghcxg.jpg,default
images_largescale/sun/images/sun_axfajlsvtgvpmnwl.jpg,default
images_largescale/sun/images/sun_axfatnfyklqjtrua.jpg,default
images_largescale/sun/images/sun_axfexpllvhrkrbzo.jpg,default
images_largescale/sun/images/sun_axfhoqkkgcynycls.jpg,default
images_largescale/sun/images/sun_axfibmoydlkfucis.jpg,default
images_largescale/sun/images/sun_axfkvebfflpofgfq.jpg,default
images_largescale/sun/images/sun_axfopehdljhrldrk.jpg,default
images_largescale/sun/images/sun_axfsimotavzqntkx.jpg,default
images_largescale/sun/images/sun_axfsuofcgqvgydpo.jpg,default
images_largescale/sun/images/sun_axftaijddzvbjaik.jpg,default
images_largescale/sun/images/sun_axfudyiinzmdwwqe.jpg,default
images_largescale/sun/images/sun_axgbewhveuconmzm.jpg,default
images_largescale/sun/images/sun_axggxtpgenpuoaab.jpg,default
images_largescale/sun/images/sun_axgmmcoizpvhttwy.jpg,default
images_largescale/sun/images/sun_axgnpvgtrsajcgui.jpg,default
images_largescale/sun/images/sun_axgrfkivieqrzqfs.jpg,default
images_largescale/sun/images/sun_axgsesxnybhsxiec.jpg,default
images_largescale/sun/images/sun_axgthsaehrfdokoj.jpg,default
images_largescale/sun/images/sun_axgtniyugjgfxrci.jpg,default
images_largescale/sun/images/sun_axgyjmtmihiyqbrk.jpg,default
images_largescale/sun/images/sun_axhfmqbmnwsidaaa.jpg,default
images_largescale/sun/images/sun_axhmqffemaohcdle.jpg,default
images_largescale/sun/images/sun_axhoqjcnfanrwjut.jpg,default
images_largescale/sun/images/sun_axhrgmuqrljrfnpd.jpg,default
images_largescale/sun/images/sun_axhrxzmszgyybaym.jpg,default
images_largescale/sun/images/sun_axhtayzhbatmoaez.jpg,default
images_largescale/sun/images/sun_axhxpzchaiuocjgs.jpg,default
images_largescale/sun/images/sun_axhycgygadlvsjng.jpg,default
images_largescale/sun/images/sun_axiatuqxwlzuzmen.jpg,default
images_largescale/sun/images/sun_axibhyxedcxochin.jpg,default
images_largescale/sun/images/sun_axiblnwkyqgnlnrw.jpg,default
images_largescale/sun/images/sun_axibmmfxjecsudrp.jpg,default
images_largescale/sun/images/sun_axigfdtyybrtaftq.jpg,default
images_largescale/sun/images/sun_axijdxoblvdpaham.jpg,default
images_largescale/sun/images/sun_axindelygisgyovf.jpg,default
images_largescale/sun/images/sun_axisfsljmscesweo.jpg,default
images_largescale/sun/images/sun_axitguqnapatiadf.jpg,default
images_largescale/sun/images/sun_axjgdcumguyohyke.jpg,default
images_largescale/sun/images/sun_axjjgecqtfytpbjy.jpg,default
images_largescale/sun/images/sun_axjkithgxmijbqkb.jpg,default
images_largescale/sun/images/sun_axjkxzvljdwtnjud.jpg,default
images_largescale/sun/images/sun_axjpeprcjcfyoudc.jpg,default
images_largescale/sun/images/sun_axjzuctmhkajmnft.jpg,default
images_largescale/sun/images/sun_axkbcwljdhmkehwq.jpg,default
images_largescale/sun/images/sun_axkbfhmkopqemnsq.jpg,default
images_largescale/sun/images/sun_axkdwfaipzyazfnw.jpg,default
images_largescale/sun/images/sun_axkfepddabnntcfg.jpg,default
images_largescale/sun/images/sun_axkhugnmvfpfsqcz.jpg,default
images_largescale/sun/images/sun_axknutnornjascnn.jpg,default
images_largescale/sun/images/sun_axkvqlqmjrrfqubr.jpg,default
images_largescale/sun/images/sun_axkwjpxbjpveslhq.jpg,default
images_largescale/sun/images/sun_axkwppjztjojjynd.jpg,default
images_largescale/sun/images/sun_axkyfkfaumtshbcy.jpg,default
images_largescale/sun/images/sun_axkykqglsakxvsho.jpg,default
images_largescale/sun/images/sun_axkzjaojqwuwnbpb.jpg,default
images_largescale/sun/images/sun_axlethbmlwouoctw.jpg,default
images_largescale/sun/images/sun_axlgtottrhgkvlra.jpg,default
images_largescale/sun/images/sun_axlihnnupfrayvdx.jpg,default
images_largescale/sun/images/sun_axljpkrgybsglcjo.jpg,default
images_largescale/sun/images/sun_axljvtbankrkckne.jpg,default
images_largescale/sun/images/sun_axlkdzbmidhbfmrl.jpg,default
images_largescale/sun/images/sun_axllcavhkkrkkrvj.jpg,default
images_largescale/sun/images/sun_axllzyamyywduvfs.jpg,default
images_largescale/sun/images/sun_axlmonjkujrorctc.jpg,default
images_largescale/sun/images/sun_axlvfjcqvtemwgyb.jpg,default
images_largescale/sun/images/sun_axlzijklhbhyskgk.jpg,default
images_largescale/sun/images/sun_axmdqwkkrvhjrrxb.jpg,default
images_largescale/sun/images/sun_axmdxnieyijkvtpy.jpg,default
images_largescale/sun/images/sun_axmerrgecmjzepic.jpg,default
images_largescale/sun/images/sun_axmhoupmaonizbqo.jpg,default
images_largescale/sun/images/sun_axmmjggtnqbkcryp.jpg,default
images_largescale/sun/images/sun_axmodzqwrmyzhcbo.jpg,default
images_largescale/sun/images/sun_axmoyxecykcccage.jpg,default
images_largescale/sun/images/sun_axmutszpgzducywf.jpg,default
images_largescale/sun/images/sun_axmuzmypntiojsiv.jpg,default
images_largescale/sun/images/sun_axmwdfdgiuqcsfga.jpg,default
images_largescale/sun/images/sun_axmwfzgdicajalzu.jpg,default
images_largescale/sun/images/sun_axmzddxyuxhtzfmw.jpg,default
images_largescale/sun/images/sun_axmzkkjxzbkndfuc.jpg,default
images_largescale/sun/images/sun_axmzmbfjifidjtez.jpg,default
images_largescale/sun/images/sun_axnabvngijrpesjv.jpg,default
images_largescale/sun/images/sun_axnecgujtfodlzgp.jpg,default
images_largescale/sun/images/sun_axngpvmvawerexrz.jpg,default
images_largescale/sun/images/sun_axnmdovnqgmgtobw.jpg,default
images_largescale/sun/images/sun_axnoajtgwtwvkxoz.jpg,default
images_largescale/sun/images/sun_axnrcihhrnmogphy.jpg,default
images_largescale/sun/images/sun_axnuauwdkojurwtv.jpg,default
images_largescale/sun/images/sun_axnuzwkyrkiffiex.jpg,default
images_largescale/sun/images/sun_axocajlgztavyvyv.jpg,default
images_largescale/sun/images/sun_axocjiclnztdltuy.jpg,default
images_largescale/sun/images/sun_axoixjmmtgixruik.jpg,default
images_largescale/sun/images/sun_axojsnrljlaqhbfl.jpg,default
images_largescale/sun/images/sun_axojusjarvmabcds.jpg,default
images_largescale/sun/images/sun_axolcxmktyuqwpav.jpg,default
images_largescale/sun/images/sun_axomuorgdkuaqpav.jpg,default
images_largescale/sun/images/sun_axopqgwtbjdyzicv.jpg,default
images_largescale/sun/images/sun_axossqupetrgehjt.jpg,default
images_largescale/sun/images/sun_axowedbihyzwlxhu.jpg,default
images_largescale/sun/images/sun_axoyaqgkojapizhi.jpg,default
images_largescale/sun/images/sun_axpagphrmpehfcin.jpg,default
images_largescale/sun/images/sun_axpexbnbtzapemak.jpg,default
images_largescale/sun/images/sun_axpgcjreuqujllvl.jpg,default
images_largescale/sun/images/sun_axpiaimpejbutzif.jpg,default
images_largescale/sun/images/sun_axpjjpllhkcqzhvd.jpg,default
images_largescale/sun/images/sun_axpmegiepvvkcnly.jpg,default
images_largescale/sun/images/sun_axpnpbjxgtaodtrz.jpg,default
images_largescale/sun/images/sun_axpveqtdzyhpqyev.jpg,default
images_largescale/sun/images/sun_axpwovzvmesyliej.jpg,default
images_largescale/sun/images/sun_axpxhvqlewhcmuhs.jpg,default
images_largescale/sun/images/sun_axqeevtsvqlkpwxd.jpg,default
images_largescale/sun/images/sun_axqjmnoybtmijszw.jpg,default
images_largescale/sun/images/sun_axqjmzyidqhuqrva.jpg,default
images_largescale/sun/images/sun_axqjqhbfqyjzqkqq.jpg,default
images_largescale/sun/images/sun_axqqopolrlcwfkdf.jpg,default
images_largescale/sun/images/sun_axqquicedaftlrvr.jpg,default
images_largescale/sun/images/sun_axquqdamuigxcrli.jpg,default
images_largescale/sun/images/sun_axqziluadunfhvcg.jpg,default
images_largescale/sun/images/sun_axrbcpkiewwkqmhm.jpg,default
images_largescale/sun/images/sun_axrdmshbtqtdcfrr.jpg,default
images_largescale/sun/images/sun_axrhdnyqdoxrzzfv.jpg,default
images_largescale/sun/images/sun_axriifpstzmakctb.jpg,default
images_largescale/sun/images/sun_axriovktdhczasxy.jpg,default
images_largescale/sun/images/sun_axrkswmlctulqith.jpg,default
images_largescale/sun/images/sun_axroklxwaiwlnvzq.jpg,default
images_largescale/sun/images/sun_axrqoocgjvxmnbed.jpg,default
images_largescale/sun/images/sun_axrvmrqclphpakzv.jpg,default
images_largescale/sun/images/sun_axsaymqcugracexo.jpg,default
images_largescale/sun/images/sun_axsdsngxeawmredh.jpg,default
images_largescale/sun/images/sun_axsecsprgxdxaest.jpg,default
images_largescale/sun/images/sun_axsfezewrqifceqx.jpg,default
images_largescale/sun/images/sun_axsimphenngisprj.jpg,default
images_largescale/sun/images/sun_axsmqyyvebrcuhkn.jpg,default
images_largescale/sun/images/sun_axsqbefakvrsrvgb.jpg,default
images_largescale/sun/images/sun_axsrxhxkvcqmudsi.jpg,default
images_largescale/sun/images/sun_axssqqbefewjjuqk.jpg,default
images_largescale/sun/images/sun_axsxcmrepgxeeyxh.jpg,default
images_largescale/sun/images/sun_axszajuvcbkgrwgt.jpg,default
images_largescale/sun/images/sun_axszkietfkdtscgo.jpg,default
images_largescale/sun/images/sun_axtdwqkxxzlpnfhh.jpg,default
images_largescale/sun/images/sun_axthzeupaiadkacj.jpg,default
images_largescale/sun/images/sun_axtkubogstnbsglh.jpg,default
images_largescale/sun/images/sun_axtogbesgbvgcxat.jpg,default
images_largescale/sun/images/sun_axtpaclqouxjvugt.jpg,default
images_largescale/sun/images/sun_axtsjkxaatmyczsd.jpg,default
images_largescale/sun/images/sun_axtvhorbnuykcreo.jpg,default
images_largescale/sun/images/sun_axtzdgvtsavtgnrh.jpg,default
images_largescale/sun/images/sun_axubmalpobjfugpy.jpg,default
images_largescale/sun/images/sun_axulejdbijkrvuvu.jpg,default
images_largescale/sun/images/sun_axulqhaqjtnkglsk.jpg,default
images_largescale/sun/images/sun_axulukfbmcgbvlts.jpg,default
images_largescale/sun/images/sun_axurfiwbuwtqhvqb.jpg,default
images_largescale/sun/images/sun_axuvbacburyxeddb.jpg,default
images_largescale/sun/images/sun_axuzghqbfuafedwq.jpg,default
images_largescale/sun/images/sun_axvduxhgpelxyuee.jpg,default
images_largescale/sun/images/sun_axvnhjliovthmykr.jpg,default
images_largescale/sun/images/sun_axvxzuebsyzdlmzl.jpg,default
images_largescale/sun/images/sun_axwambxhjpvgybge.jpg,default
images_largescale/sun/images/sun_axwbpbzreklclknh.jpg,default
images_largescale/sun/images/sun_axwbwwnsmnxcazgg.jpg,default
images_largescale/sun/images/sun_axwciprsuhoewcdp.jpg,default
images_largescale/sun/images/sun_axwckoiofxkxfgws.jpg,default
images_largescale/sun/images/sun_axwhbsmvervixktn.jpg,default
images_largescale/sun/images/sun_axwmjlmmityuomyd.jpg,default
images_largescale/sun/images/sun_axwmygvkaamrlwak.jpg,default
images_largescale/sun/images/sun_axwooxiqjztehvyd.jpg,default
images_largescale/sun/images/sun_axwqpwlcuosfdnob.jpg,default
images_largescale/sun/images/sun_axwtwmkfcecfajnk.jpg,default
images_largescale/sun/images/sun_axwxhjihgtdbxgci.jpg,default
images_largescale/sun/images/sun_axxbujqeowfesxeo.jpg,default
images_largescale/sun/images/sun_axxpiahrzicuqezn.jpg,default
images_largescale/sun/images/sun_axxqkoeuwddzrgnf.jpg,default
images_largescale/sun/images/sun_axxrxkbczopxwnjd.jpg,default
images_largescale/sun/images/sun_axxseeaebibenent.jpg,default
images_largescale/sun/images/sun_axxsyhixqshwffsl.jpg,default
images_largescale/sun/images/sun_axxuocrjcmmacwfa.jpg,default
images_largescale/sun/images/sun_axxvpozilhxnzovq.jpg,default
images_largescale/sun/images/sun_axybcainmpqxbtac.jpg,default
images_largescale/sun/images/sun_axydkwwiknutjnun.jpg,default
images_largescale/sun/images/sun_axyhaszxgtgdrccc.jpg,default
images_largescale/sun/images/sun_axykjzcfcpuegzvi.jpg,default
images_largescale/sun/images/sun_axyoqwlimchroili.jpg,default
images_largescale/sun/images/sun_axyqfzdcyyfcbjil.jpg,default
images_largescale/sun/images/sun_axyqwgolvgbfsjpw.jpg,default
images_largescale/sun/images/sun_axyrxomrvjgwtiie.jpg,default
images_largescale/sun/images/sun_axyvmwodhwxiwdtn.jpg,default
images_largescale/sun/images/sun_axyxxoywcfvbcstk.jpg,default
images_largescale/sun/images/sun_axzehzkgycqjllcl.jpg,default
images_largescale/sun/images/sun_axzloyvwiqxwxkje.jpg,default
images_largescale/sun/images/sun_axzmvhfvsjiahihj.jpg,default
images_largescale/sun/images/sun_axzosozhwxbozcbt.jpg,default
images_largescale/sun/images/sun_axztlmoszgvowias.jpg,default
images_largescale/sun/images/sun_axzzlgtlkoxbccsq.jpg,default
images_largescale/sun/images/sun_ayaaorxifowqbvea.jpg,default
images_largescale/sun/images/sun_ayamqkfymvffnfhw.jpg,default
images_largescale/sun/images/sun_ayaqoyblksadahzf.jpg,default
images_largescale/sun/images/sun_ayatwisjwzzggmkz.jpg,default
images_largescale/sun/images/sun_ayaurahjbkhfbinu.jpg,default
images_largescale/sun/images/sun_ayawzeosqwzvbziq.jpg,default
images_largescale/sun/images/sun_ayaxllnnnitfsmio.jpg,default
images_largescale/sun/images/sun_ayaydvbmbzrrrpma.jpg,default
images_largescale/sun/images/sun_aybfgkmrjfjypjyz.jpg,default
images_largescale/sun/images/sun_aybhinnohpykmtoq.jpg,default
images_largescale/sun/images/sun_ayblpuffgchrsliq.jpg,default
images_largescale/sun/images/sun_aybmewaupqnvegho.jpg,default
images_largescale/sun/images/sun_aybqeyikygpxixla.jpg,default
images_largescale/sun/images/sun_aybqjyaclwhtzinq.jpg,default
images_largescale/sun/images/sun_aybtbiqdtgfuqbza.jpg,default
images_largescale/sun/images/sun_aybtydcgkgmwzkqq.jpg,default
images_largescale/sun/images/sun_aybulrfczqexvzba.jpg,default
images_largescale/sun/images/sun_aybzsahdlbnhkwyl.jpg,default
images_largescale/sun/images/sun_aycambqtcnbctvra.jpg,default
images_largescale/sun/images/sun_aycgwwfxvpkkwdrf.jpg,default
images_largescale/sun/images/sun_aychgdhfvuwyadea.jpg,default
images_largescale/sun/images/sun_aychtzzfujcsgefu.jpg,default
images_largescale/sun/images/sun_aycihfupdixgccrg.jpg,default
images_largescale/sun/images/sun_aycmvhkmkagjocsx.jpg,default
images_largescale/sun/images/sun_aycquraydcovgsoq.jpg,default
images_largescale/sun/images/sun_ayctnojzlgldhrpi.jpg,default
images_largescale/sun/images/sun_aycucjickuhsfyaj.jpg,default
images_largescale/sun/images/sun_aycutsshpawjjnpl.jpg,default
images_largescale/sun/images/sun_aydfengigttvotuc.jpg,default
images_largescale/sun/images/sun_aydjzyteepumpyey.jpg,default
images_largescale/sun/images/sun_aydkifrdnhjjhaak.jpg,default
images_largescale/sun/images/sun_aydnplntwlvssitu.jpg,default
images_largescale/sun/images/sun_aydojdlqsljvwckk.jpg,default
images_largescale/sun/images/sun_aydqgtfzqiiuyrmb.jpg,default
images_largescale/sun/images/sun_aydvepuowvfxcswv.jpg,default
images_largescale/sun/images/sun_aydxktqzniznwwwy.jpg,default
images_largescale/sun/images/sun_ayeakatrcylymusv.jpg,default
images_largescale/sun/images/sun_ayecsidneqlekrsx.jpg,default
images_largescale/sun/images/sun_ayegvlxnjtnjachb.jpg,default
images_largescale/sun/images/sun_ayeqicizlwyhfomq.jpg,default
images_largescale/sun/images/sun_ayespklpckvmcjom.jpg,default
images_largescale/sun/images/sun_ayeytvbiqgfscanf.jpg,default
images_largescale/sun/images/sun_ayezdcoqakljtwrh.jpg,default
images_largescale/sun/images/sun_ayfbzladnpnaeypt.jpg,default
images_largescale/sun/images/sun_ayfdgnybmsboqpmt.jpg,default
images_largescale/sun/images/sun_ayffjqehpuzlbsto.jpg,default
images_largescale/sun/images/sun_ayfiilekpxjsyguk.jpg,default
images_largescale/sun/images/sun_ayfopjleakqzdegn.jpg,default
images_largescale/sun/images/sun_ayfozxhvdctvovpt.jpg,default
images_largescale/sun/images/sun_ayfuwaevwfymxelj.jpg,default
images_largescale/sun/images/sun_ayfxtknwmwtyynpp.jpg,default
images_largescale/sun/images/sun_ayfyipkzehishedm.jpg,default
images_largescale/sun/images/sun_ayfztkaaqhiyzjmi.jpg,default
images_largescale/sun/images/sun_aygcvntmwmjnerpv.jpg,default
images_largescale/sun/images/sun_aygdeqzocttrejxt.jpg,default
images_largescale/sun/images/sun_aygdpqwevwznkdqp.jpg,default
images_largescale/sun/images/sun_aygjqyyggkxkzckj.jpg,default
images_largescale/sun/images/sun_aygmihacuojswplx.jpg,default
images_largescale/sun/images/sun_aygmnzqcnmsmcbii.jpg,default
images_largescale/sun/images/sun_aygmujjbundznpkp.jpg,default
images_largescale/sun/images/sun_aygptuzthanzeyhf.jpg,default
images_largescale/sun/images/sun_aygrtwrwfezqjizr.jpg,default
images_largescale/sun/images/sun_aygtfuhlobvjqkak.jpg,default
images_largescale/sun/images/sun_aygxxhuxqitphlnp.jpg,default
images_largescale/sun/images/sun_ayhbmjadmygjawve.jpg,default
images_largescale/sun/images/sun_ayhbmyrfbxhqzexg.jpg,default
images_largescale/sun/images/sun_ayhiwaxotexrdtfu.jpg,default
images_largescale/sun/images/sun_ayhjzcksupnadgdn.jpg,default
images_largescale/sun/images/sun_ayhkhcaimdmhjdul.jpg,default
images_largescale/sun/images/sun_ayhmmzxjwujzjvnt.jpg,default
images_largescale/sun/images/sun_ayhninokvevsmxgv.jpg,default
images_largescale/sun/images/sun_ayhpifeqejhjuptu.jpg,default
images_largescale/sun/images/sun_ayhqvtjlmcoyakkz.jpg,default
images_largescale/sun/images/sun_ayhxmoezwzzpjztg.jpg,default
images_largescale/sun/images/sun_ayiabeolrerosdkr.jpg,default
images_largescale/sun/images/sun_ayidiaijrkrzshnt.jpg,default
images_largescale/sun/images/sun_ayiijtpvcuudqunt.jpg,default
images_largescale/sun/images/sun_ayikzmgvybaysksv.jpg,default
images_largescale/sun/images/sun_ayisxjmdagtoifrf.jpg,default
images_largescale/sun/images/sun_ayityxvwplzlrrqw.jpg,default
images_largescale/sun/images/sun_ayjbafgccrmmraqf.jpg,default
images_largescale/sun/images/sun_ayjcqequupttzhdp.jpg,default
images_largescale/sun/images/sun_ayjcucnkjderwoqm.jpg,default
images_largescale/sun/images/sun_ayjehcbeqsotbcfm.jpg,default
images_largescale/sun/images/sun_ayjeopseuhwbbwgu.jpg,default
images_largescale/sun/images/sun_ayjgoxehlvcavbnm.jpg,default
images_largescale/sun/images/sun_ayjifisxfphhgawr.jpg,default
images_largescale/sun/images/sun_ayjilzmklaavuucb.jpg,default
images_largescale/sun/images/sun_ayjkpsupjfwffcbl.jpg,default
images_largescale/sun/images/sun_ayjpisrqdpbcufcm.jpg,default
images_largescale/sun/images/sun_ayjqcdtzxshamauu.jpg,default
images_largescale/sun/images/sun_ayjqvizemveidqle.jpg,default
images_largescale/sun/images/sun_ayjrzjcxpkeihudd.jpg,default
images_largescale/sun/images/sun_ayjvbtvlfzgpvgog.jpg,default
images_largescale/sun/images/sun_aykacxbzdhrotqdq.jpg,default
images_largescale/sun/images/sun_aykfhuljdebwutwf.jpg,default
images_largescale/sun/images/sun_aykgpzgoupkxmbqm.jpg,default
images_largescale/sun/images/sun_aykjttpjrbrmvtip.jpg,default
images_largescale/sun/images/sun_ayknkjarpaybftbe.jpg,default
images_largescale/sun/images/sun_aykoruvxtcyyduui.jpg,default
images_largescale/sun/images/sun_aykqtzjfnhwiagck.jpg,default
images_largescale/sun/images/sun_ayksninycagiahza.jpg,default
images_largescale/sun/images/sun_ayktkmxiigamxbpf.jpg,default
images_largescale/sun/images/sun_ayktoobsfivecidl.jpg,default
images_largescale/sun/images/sun_aykzmokursdxtcqj.jpg,default
images_largescale/sun/images/sun_aykzrmwkohupnlwf.jpg,default
images_largescale/sun/images/sun_aylfuhopfxndyaup.jpg,default
images_largescale/sun/images/sun_aylgxyyrsemqkiff.jpg,default
images_largescale/sun/images/sun_ayliiuzzhtzaoges.jpg,default
images_largescale/sun/images/sun_aylizubyuymawwev.jpg,default
images_largescale/sun/images/sun_aylksskpitmxoexe.jpg,default
images_largescale/sun/images/sun_ayllywxarfusqqjy.jpg,default
images_largescale/sun/images/sun_aylngenppscqwwxm.jpg,default
images_largescale/sun/images/sun_aylngkdgecxprkus.jpg,default
images_largescale/sun/images/sun_aylreebvqmfjlykr.jpg,default
images_largescale/sun/images/sun_aylskwdevmxugbzb.jpg,default
images_largescale/sun/images/sun_ayltjowllvhagnpr.jpg,default
images_largescale/sun/images/sun_ayltzaqzoxmhstoi.jpg,default
images_largescale/sun/images/sun_aymdyhngcybvlrio.jpg,default
images_largescale/sun/images/sun_aymfzlaxcseqnqni.jpg,default
images_largescale/sun/images/sun_aymhbmwanekapmib.jpg,default
images_largescale/sun/images/sun_aymjihdvcfeemstr.jpg,default
images_largescale/sun/images/sun_aymppeqybxehyzby.jpg,default
images_largescale/sun/images/sun_aymrarlrhqvcuooq.jpg,default
images_largescale/sun/images/sun_aymwdxgopyhkqxmd.jpg,default
images_largescale/sun/images/sun_aymxdkdxxtugcjos.jpg,default
images_largescale/sun/images/sun_ayneqbmvhebddeis.jpg,default
images_largescale/sun/images/sun_aynfncpdwpwlkmac.jpg,default
images_largescale/sun/images/sun_aynfyvwxmkapxxgm.jpg,default
images_largescale/sun/images/sun_ayniquhrrvipyryu.jpg,default
images_largescale/sun/images/sun_aynjmrsajissulqi.jpg,default
images_largescale/sun/images/sun_aynpwdlbrxliylsy.jpg,default
images_largescale/sun/images/sun_aynryknehukdfrbz.jpg,default
images_largescale/sun/images/sun_aynsfwdhkuwsrkzz.jpg,default
images_largescale/sun/images/sun_aynyahwnbmglyvag.jpg,default
images_largescale/sun/images/sun_aynyipfkwiamzyxl.jpg,default
images_largescale/sun/images/sun_ayoekzvdzrfjxwcc.jpg,default
images_largescale/sun/images/sun_ayojptwsnwiykqlb.jpg,default
images_largescale/sun/images/sun_ayonjasuytvoofki.jpg,default
images_largescale/sun/images/sun_ayonstbxqyluejww.jpg,default
images_largescale/sun/images/sun_ayorbvmtfnvgfqck.jpg,default
images_largescale/sun/images/sun_ayotyfzpgbtlsoze.jpg,default
images_largescale/sun/images/sun_ayowqikpwxhyyeln.jpg,default
images_largescale/sun/images/sun_ayoztmzxcntcfpwa.jpg,default
images_largescale/sun/images/sun_aypanfkerbzuedeo.jpg,default
images_largescale/sun/images/sun_aypboapkrbtrmxqn.jpg,default
images_largescale/sun/images/sun_aypbpudtxzlyicjr.jpg,default
images_largescale/sun/images/sun_aypbzbfuprtztaqy.jpg,default
images_largescale/sun/images/sun_aypfoffnvufflzfr.jpg,default
images_largescale/sun/images/sun_aypjyavrjaodmkuu.jpg,default
images_largescale/sun/images/sun_aypmiuqqkwgthtjl.jpg,default
images_largescale/sun/images/sun_aypmkugsphehyzsd.jpg,default
images_largescale/sun/images/sun_ayptuwbhogjqgmkp.jpg,default
images_largescale/sun/images/sun_aypwnlepbscmkvof.jpg,default
images_largescale/sun/images/sun_aypzejealkrzrqxx.jpg,default
images_largescale/sun/images/sun_ayqajfqypichzjqc.jpg,default
images_largescale/sun/images/sun_ayqcqdfbyrzaigwb.jpg,default
images_largescale/sun/images/sun_ayqdfjzosdjxdmth.jpg,default
images_largescale/sun/images/sun_ayqevnxtpqheymac.jpg,default
images_largescale/sun/images/sun_ayqgoskwpvsbllvy.jpg,default
images_largescale/sun/images/sun_ayqgtbtnjcbpylrz.jpg,default
images_largescale/sun/images/sun_ayqomgtdegrjivcp.jpg,default
images_largescale/sun/images/sun_ayqpmufmnzbdowmo.jpg,default
images_largescale/sun/images/sun_ayqqvmmyobyudavu.jpg,default
images_largescale/sun/images/sun_ayqqxxckvvubumak.jpg,default
images_largescale/sun/images/sun_ayqxjcspywtvkljd.jpg,default
images_largescale/sun/images/sun_ayrfwxsdassyyncy.jpg,default
images_largescale/sun/images/sun_ayrmwiwipvsksrtz.jpg,default
images_largescale/sun/images/sun_ayromkftoykwzjjw.jpg,default
images_largescale/sun/images/sun_ayrpfirwnfhhlfdn.jpg,default
images_largescale/sun/images/sun_ayrqfcydyciyvrla.jpg,default
images_largescale/sun/images/sun_ayrqfodgpzhsdqjh.jpg,default
images_largescale/sun/images/sun_ayrqvxqxuenfejoo.jpg,default
images_largescale/sun/images/sun_ayruxjyniortadjv.jpg,default
images_largescale/sun/images/sun_ayryfqxdlvjbhvtd.jpg,default
images_largescale/sun/images/sun_aysajafsgmwthwwh.jpg,default
images_largescale/sun/images/sun_aysbsicdbgqguzmv.jpg,default
images_largescale/sun/images/sun_aysdleofreylydkr.jpg,default
images_largescale/sun/images/sun_aysjovncamscsuyw.jpg,default
images_largescale/sun/images/sun_ayspefqglnxaaikr.jpg,default
images_largescale/sun/images/sun_ayszrwagvvecolhv.jpg,default
images_largescale/sun/images/sun_aytgrucjnjxfqyjc.jpg,default
images_largescale/sun/images/sun_aytguqqbadccqkyt.jpg,default
images_largescale/sun/images/sun_aythivurzauafqir.jpg,default
images_largescale/sun/images/sun_aytkkeihgczwwznh.jpg,default
images_largescale/sun/images/sun_aytvfabbyjwdohxv.jpg,default
images_largescale/sun/images/sun_ayubexppztwyduyt.jpg,default
images_largescale/sun/images/sun_ayufxiurgstzrjxl.jpg,default
images_largescale/sun/images/sun_ayujgjwnbkfizxga.jpg,default
images_largescale/sun/images/sun_ayunblnjyzgzdlrb.jpg,default
images_largescale/sun/images/sun_ayuqjsmeoltorpmv.jpg,default
images_largescale/sun/images/sun_ayutsjibnbzsctks.jpg,default
images_largescale/sun/images/sun_ayuvledaxvjioypk.jpg,default
images_largescale/sun/images/sun_ayuxqmltlcwnxpyh.jpg,default
images_largescale/sun/images/sun_ayvaabyqvqxsunoq.jpg,default
images_largescale/sun/images/sun_ayvaxefjzxwoetaa.jpg,default
images_largescale/sun/images/sun_ayvbsxfixjruxabi.jpg,default
images_largescale/sun/images/sun_ayvghivytdxwithg.jpg,default
images_largescale/sun/images/sun_ayvgufgbzezuxzjf.jpg,default
images_largescale/sun/images/sun_ayvmorfrgjhonmqd.jpg,default
images_largescale/sun/images/sun_ayvunevjlycnleto.jpg,default
images_largescale/sun/images/sun_aywesqsyhnphmwid.jpg,default
images_largescale/sun/images/sun_aywgxfriyohmclhq.jpg,default
images_largescale/sun/images/sun_aywlwdvuxdhgukjh.jpg,default
images_largescale/sun/images/sun_aywmnrtizeicqesg.jpg,default
images_largescale/sun/images/sun_aywoiibcnndcnzjf.jpg,default
images_largescale/sun/images/sun_aywtyaijognaytuu.jpg,default
images_largescale/sun/images/sun_aywugxxqyqchlraz.jpg,default
images_largescale/sun/images/sun_aywvywecfkoylqrb.jpg,default
images_largescale/sun/images/sun_aywwhzjlvasqzgjv.jpg,default
images_largescale/sun/images/sun_aywyjkswjffkxkgq.jpg,default
images_largescale/sun/images/sun_aywykqedigxwcuen.jpg,default
images_largescale/sun/images/sun_aywzgcfmgylvwffw.jpg,default
images_largescale/sun/images/sun_ayxclapmuoyahoml.jpg,default
images_largescale/sun/images/sun_ayxnecxtidlorohr.jpg,default
images_largescale/sun/images/sun_ayxnehvbekmrleqt.jpg,default
images_largescale/sun/images/sun_ayxnuupbdngsxwic.jpg,default
images_largescale/sun/images/sun_ayxobrnajtjaxbjd.jpg,default
images_largescale/sun/images/sun_ayxpzqyrlzdgumjq.jpg,default
images_largescale/sun/images/sun_ayxscssobrzyrwik.jpg,default
images_largescale/sun/images/sun_ayxyulyacqdfuofb.jpg,default
images_largescale/sun/images/sun_ayybrcxjzoiynvnq.jpg,default
images_largescale/sun/images/sun_ayybugdnblbtovfu.jpg,default
images_largescale/sun/images/sun_ayyfitfjucdrwoiq.jpg,default
images_largescale/sun/images/sun_ayyfiueyoncisrax.jpg,default
images_largescale/sun/images/sun_ayyilsairfkkfkqc.jpg,default
images_largescale/sun/images/sun_ayylmhxqgahfnoze.jpg,default
images_largescale/sun/images/sun_ayymuxmeaitshhjo.jpg,default
images_largescale/sun/images/sun_ayyphyfxgevxcinm.jpg,default
images_largescale/sun/images/sun_ayyqgxkibjbpiubo.jpg,default
images_largescale/sun/images/sun_ayyuimcvxatmygdk.jpg,default
images_largescale/sun/images/sun_ayywjfgakomvxcrg.jpg,default
images_largescale/sun/images/sun_ayywkifrmlllkvys.jpg,default
images_largescale/sun/images/sun_ayyysrlyzcgxgato.jpg,default
images_largescale/sun/images/sun_ayzaslxpktcdpbwy.jpg,default
images_largescale/sun/images/sun_ayzbbpttyzrekigu.jpg,default
images_largescale/sun/images/sun_ayzdjxevcmkiwahr.jpg,default
images_largescale/sun/images/sun_ayzdqqojugatxhmh.jpg,default
images_largescale/sun/images/sun_ayzhxyvwpgblsoxc.jpg,default
images_largescale/sun/images/sun_ayziodxlordcncml.jpg,default
images_largescale/sun/images/sun_ayzrsftuemkbmeff.jpg,default
images_largescale/sun/images/sun_ayztotiyglayvbfk.jpg,default
images_largescale/sun/images/sun_ayztvhfsyrjndtlh.jpg,default
images_largescale/sun/images/sun_ayzwjcmfporzrkdq.jpg,default
images_largescale/sun/images/sun_azaffdkhkudhguwj.jpg,default
images_largescale/sun/images/sun_azafyuynaqridueb.jpg,default
images_largescale/sun/images/sun_azafzxueprhzyfom.jpg,default
images_largescale/sun/images/sun_azagbakairozuttg.jpg,default
images_largescale/sun/images/sun_azagcljtkhruybvp.jpg,default
images_largescale/sun/images/sun_azaipxqiwltwlyqy.jpg,default
images_largescale/sun/images/sun_azakdgfhdkslcchh.jpg,default
images_largescale/sun/images/sun_azamddvniyylrnck.jpg,default
images_largescale/sun/images/sun_azawtulpweszdtwu.jpg,default
images_largescale/sun/images/sun_azawwntmczsnemdq.jpg,default
images_largescale/sun/images/sun_azazkocmdcafcmzx.jpg,default
images_largescale/sun/images/sun_azbaifnovkzxbkxd.jpg,default
images_largescale/sun/images/sun_azbauuhdgpjkemxg.jpg,default
images_largescale/sun/images/sun_azbjkelxhqmwhikj.jpg,default
images_largescale/sun/images/sun_azbubpstyfljlbms.jpg,default
images_largescale/sun/images/sun_azcgmfeqzavjoclq.jpg,default
images_largescale/sun/images/sun_azcgpmsdfnytohpv.jpg,default
images_largescale/sun/images/sun_azcqrwhyfjvnoqye.jpg,default
images_largescale/sun/images/sun_azcswpylugtwvbyw.jpg,default
images_largescale/sun/images/sun_azcuxhlproncquyv.jpg,default
images_largescale/sun/images/sun_azdamxqleguhomfo.jpg,default
images_largescale/sun/images/sun_azdbgbqiddfpwxdp.jpg,default
images_largescale/sun/images/sun_azdbvawqhjklyaif.jpg,default
images_largescale/sun/images/sun_azdduppvujmcfpbi.jpg,default
images_largescale/sun/images/sun_azdglbnaoskkfwbv.jpg,default
images_largescale/sun/images/sun_azdiigzjazmjulyd.jpg,default
images_largescale/sun/images/sun_azdlqpgbxlhscasl.jpg,default
images_largescale/sun/images/sun_azdmgxsgjcivvmiv.jpg,default
images_largescale/sun/images/sun_azdmieqsmsvgljfc.jpg,default
images_largescale/sun/images/sun_azdnigerqpdwvfhy.jpg,default
images_largescale/sun/images/sun_azdoopzgfiafkayr.jpg,default
images_largescale/sun/images/sun_azdqmmhrurogdhiz.jpg,default
images_largescale/sun/images/sun_azdrvmfocqfyvguo.jpg,default
images_largescale/sun/images/sun_azdxanwjonkvuvvc.jpg,default
images_largescale/sun/images/sun_azdxwrpiyfbzhgay.jpg,default
images_largescale/sun/images/sun_azeggdmavhgkbzja.jpg,default
images_largescale/sun/images/sun_azegsdbkwfjcxtbx.jpg,default
images_largescale/sun/images/sun_azenfnpxhhxgmbyr.jpg,default
images_largescale/sun/images/sun_azenzhzdhsfkwokd.jpg,default
images_largescale/sun/images/sun_azerplnqfdkxlumn.jpg,default
images_largescale/sun/images/sun_azeyggnhdfmjfoja.jpg,default
images_largescale/sun/images/sun_azfbpykeywzghemz.jpg,default
images_largescale/sun/images/sun_azfbufhejqsgjbzm.jpg,default
images_largescale/sun/images/sun_azfdapoatrztgoxj.jpg,default
images_largescale/sun/images/sun_azfenvvtpbssprmo.jpg,default
images_largescale/sun/images/sun_azfhnjghengrakqj.jpg,default
images_largescale/sun/images/sun_azfklpdvwimtxwhl.jpg,default
images_largescale/sun/images/sun_azfkuhvpucbpmmkj.jpg,default
images_largescale/sun/images/sun_azfopdeclebymkdm.jpg,default
images_largescale/sun/images/sun_azfuzptxbrnjmjft.jpg,default
images_largescale/sun/images/sun_azfvoyhwdlvmcsml.jpg,default
images_largescale/sun/images/sun_azfwsdyisgumpvjc.jpg,default
images_largescale/sun/images/sun_azfydirtqhaqrriq.jpg,default
images_largescale/sun/images/sun_azfyzmooujlpaqzi.jpg,default
images_largescale/sun/images/sun_azgbokihowiepzea.jpg,default
images_largescale/sun/images/sun_azgbrzfffchcmffn.jpg,default
images_largescale/sun/images/sun_azgezxzsskstrszw.jpg,default
images_largescale/sun/images/sun_azgjnhhoevgghvut.jpg,default
images_largescale/sun/images/sun_azgksihbsplnbpjn.jpg,default
images_largescale/sun/images/sun_azgpdpibkeumdiau.jpg,default
images_largescale/sun/images/sun_azgptbwkdbpypcnt.jpg,default
images_largescale/sun/images/sun_azgpwzhosuarmxyd.jpg,default
images_largescale/sun/images/sun_azgsefkpcledvfrc.jpg,default
images_largescale/sun/images/sun_azgvpajjejjctudh.jpg,default
images_largescale/sun/images/sun_azgvrcuyrxyxpdwt.jpg,default
images_largescale/sun/images/sun_azhbacwmdnpltcof.jpg,default
images_largescale/sun/images/sun_azhbdnudcfjlvhhk.jpg,default
images_largescale/sun/images/sun_azhnkwsijhykmmpc.jpg,default
images_largescale/sun/images/sun_azidgpqumqnalvhu.jpg,default
images_largescale/sun/images/sun_aziidbecksjcbhix.jpg,default
images_largescale/sun/images/sun_azisbnxqohaabzrk.jpg,default
images_largescale/sun/images/sun_azjaacddnfkbnibi.jpg,default
images_largescale/sun/images/sun_azjabjbptgzzffon.jpg,default
images_largescale/sun/images/sun_azjegfvyrvqtunza.jpg,default
images_largescale/sun/images/sun_azjgscjligqpsetg.jpg,default
images_largescale/sun/images/sun_azjpuscrfwjgpwpr.jpg,default
images_largescale/sun/images/sun_azjrkzlsehssxqwj.jpg,default
images_largescale/sun/images/sun_azjwktpnqesjjdwf.jpg,default
images_largescale/sun/images/sun_azkcmtuqsbiivxxf.jpg,default
images_largescale/sun/images/sun_azkgvmsxajythsxj.jpg,default
images_largescale/sun/images/sun_azkimknpafopubgs.jpg,default
images_largescale/sun/images/sun_azkjxmepmeowjqgx.jpg,default
images_largescale/sun/images/sun_azklyqxtgnbcojsz.jpg,default
images_largescale/sun/images/sun_azkmyxmqvjnaemta.jpg,default
images_largescale/sun/images/sun_azkoprcenhdbpjio.jpg,default
images_largescale/sun/images/sun_azkqlzrzdhecjgxa.jpg,default
images_largescale/sun/images/sun_azkqmvbdowpaktue.jpg,default
images_largescale/sun/images/sun_azkqpoznikgveryn.jpg,default
images_largescale/sun/images/sun_azksbnrezgxtvecd.jpg,default
images_largescale/sun/images/sun_azkszsemisvviiaf.jpg,default
images_largescale/sun/images/sun_azktlriddkdffvjr.jpg,default
images_largescale/sun/images/sun_azkymuesepjwbnqn.jpg,default
images_largescale/sun/images/sun_azkzrsyebyygrqxz.jpg,default
images_largescale/sun/images/sun_azlaeycctevzevkl.jpg,default
images_largescale/sun/images/sun_azlccsdudejtodsk.jpg,default
images_largescale/sun/images/sun_azlebtmpjzkisnom.jpg,default
images_largescale/sun/images/sun_azlfwosscnzmqnxr.jpg,default
images_largescale/sun/images/sun_azlhmokfzdbofmpb.jpg,default
images_largescale/sun/images/sun_azlictxdpcpkejkd.jpg,default
images_largescale/sun/images/sun_azlinfcdokyidinj.jpg,default
images_largescale/sun/images/sun_azljymoiyxnhkqaq.jpg,default
images_largescale/sun/images/sun_azlmoutbdfdxbbfc.jpg,default
images_largescale/sun/images/sun_azloynwcyctncnlc.jpg,default
images_largescale/sun/images/sun_azlplsjcywauilbc.jpg,default
images_largescale/sun/images/sun_azltrdpzlprlkxlq.jpg,default
images_largescale/sun/images/sun_azlvrznxthityipx.jpg,default
images_largescale/sun/images/sun_azlvzirbfaffyabd.jpg,default
images_largescale/sun/images/sun_azlynmqjfwjytkdv.jpg,default
images_largescale/sun/images/sun_azmaliafngeuoomb.jpg,default
images_largescale/sun/images/sun_azmclbxkptpjsdul.jpg,default
images_largescale/sun/images/sun_azmiavahfqkkuevm.jpg,default
images_largescale/sun/images/sun_azmjlklzsazjqfkd.jpg,default
images_largescale/sun/images/sun_azmknivjddcaesyf.jpg,default
images_largescale/sun/images/sun_azmrixjtdcdyusgh.jpg,default
images_largescale/sun/images/sun_azmurjgnvhxhcqve.jpg,default
images_largescale/sun/images/sun_azmzksauruixhpsp.jpg,default
images_largescale/sun/images/sun_aznebuxywkyaeojv.jpg,default
images_largescale/sun/images/sun_aznfenzssucnwmsd.jpg,default
images_largescale/sun/images/sun_azngysehhmarzhzi.jpg,default
images_largescale/sun/images/sun_aznmzaqsgxjwxwfj.jpg,default
images_largescale/sun/images/sun_aznorsgmktjmhxwi.jpg,default
images_largescale/sun/images/sun_aznrptyifpxenjsw.jpg,default
images_largescale/sun/images/sun_azntrkqikilakdod.jpg,default
images_largescale/sun/images/sun_aznueddauccuvbcw.jpg,default
images_largescale/sun/images/sun_aznuplsmzkltzyac.jpg,default
images_largescale/sun/images/sun_aznvaourxxjbpcbf.jpg,default
images_largescale/sun/images/sun_aznxqnaimsppigvp.jpg,default
images_largescale/sun/images/sun_aznysdqatwbsidrj.jpg,default
images_largescale/sun/images/sun_azomgdmcsxapvosr.jpg,default
images_largescale/sun/images/sun_azormqvbtsuiermz.jpg,default
images_largescale/sun/images/sun_azpcmsaziphtzoat.jpg,default
images_largescale/sun/images/sun_azpdgqebfmxrctfd.jpg,default
images_largescale/sun/images/sun_azpfldnvmzcxpyrn.jpg,default
images_largescale/sun/images/sun_azpgankngofzcwci.jpg,default
images_largescale/sun/images/sun_azpgoypfmwrtjylm.jpg,default
images_largescale/sun/images/sun_azpibmpklkrxsvhi.jpg,default
images_largescale/sun/images/sun_azppblnjspofqrra.jpg,default
images_largescale/sun/images/sun_azpxsodqkparrckw.jpg,default
images_largescale/sun/images/sun_azqjcthwjswlbwyr.jpg,default
images_largescale/sun/images/sun_azqmgylpcwdljunh.jpg,default
images_largescale/sun/images/sun_azqqsymmimihtowb.jpg,default
images_largescale/sun/images/sun_azqrrnztfhogttpd.jpg,default
images_largescale/sun/images/sun_azqswzmfztcjsmqi.jpg,default
images_largescale/sun/images/sun_azqyibukyuxofftg.jpg,default
images_largescale/sun/images/sun_azrcchsxaduexvkj.jpg,default
images_largescale/sun/images/sun_azrcieyhqrnvpglz.jpg,default
images_largescale/sun/images/sun_azrdumzuxylgfxzv.jpg,default
images_largescale/sun/images/sun_azrfsjjicjvxscbn.jpg,default
images_largescale/sun/images/sun_azrgkfnpesikiafn.jpg,default
images_largescale/sun/images/sun_azrlacoarwtxsspe.jpg,default
images_largescale/sun/images/sun_azrqtguqlkpujtql.jpg,default
images_largescale/sun/images/sun_azrquzjwnrwbpxzq.jpg,default
images_largescale/sun/images/sun_azrqxglyfylikrvy.jpg,default
images_largescale/sun/images/sun_azrscnagpsrvjxog.jpg,default
images_largescale/sun/images/sun_azrvyhhenuwsvdlu.jpg,default
images_largescale/sun/images/sun_azrxkcrwycdzdouc.jpg,default
images_largescale/sun/images/sun_azrykgifiwuoorpv.jpg,default
images_largescale/sun/images/sun_azrywnzymjgeicsg.jpg,default
images_largescale/sun/images/sun_azsbmfshvljhivoe.jpg,default
images_largescale/sun/images/sun_azscfgaydhrrwvvg.jpg,default
images_largescale/sun/images/sun_azscilprapimnyra.jpg,default
images_largescale/sun/images/sun_azsdclngaejzgfpc.jpg,default
images_largescale/sun/images/sun_azsfzftmezllwxbr.jpg,default
images_largescale/sun/images/sun_azsfzsoijfjuytax.jpg,default
images_largescale/sun/images/sun_azskqffyducewcxg.jpg,default
images_largescale/sun/images/sun_azsnfndgmgsrizss.jpg,default
images_largescale/sun/images/sun_azsnvzuflgvdfwgg.jpg,default
images_largescale/sun/images/sun_azspjdvcdxqoyjgm.jpg,default
images_largescale/sun/images/sun_aztaygpgawjvhbjm.jpg,default
images_largescale/sun/images/sun_aztcqrvewsroerla.jpg,default
images_largescale/sun/images/sun_aztcugmchykzspll.jpg,default
images_largescale/sun/images/sun_aztelymftfgtklcv.jpg,default
images_largescale/sun/images/sun_aztkjekddvzagwol.jpg,default
images_largescale/sun/images/sun_aztombwyhubhaynq.jpg,default
images_largescale/sun/images/sun_aztpepnfwazkoyce.jpg,default
images_largescale/sun/images/sun_aztwcwnmocbbfwxu.jpg,default
images_largescale/sun/images/sun_aztxpwvxesqbzsgh.jpg,default
images_largescale/sun/images/sun_aztzugkeqlmttkod.jpg,default
images_largescale/sun/images/sun_azubdztuzlydecad.jpg,default
images_largescale/sun/images/sun_azuiwyamoairqsvn.jpg,default
images_largescale/sun/images/sun_azujhsfskhzoeycz.jpg,default
images_largescale/sun/images/sun_azukpvsapnjoatxf.jpg,default
images_largescale/sun/images/sun_azuoxfsswwylhduo.jpg,default
images_largescale/sun/images/sun_azuqsebytbcdbdsf.jpg,default
images_largescale/sun/images/sun_azvcspryhuhzgund.jpg,default
images_largescale/sun/images/sun_azvgcriyboguafws.jpg,default
images_largescale/sun/images/sun_azvidrbdbcrrajyx.jpg,default
images_largescale/sun/images/sun_azvpsclhdlygrwsc.jpg,default
images_largescale/sun/images/sun_azvrzfkptkwznyly.jpg,default
images_largescale/sun/images/sun_azwccirogxfgokfm.jpg,default
images_largescale/sun/images/sun_azwchekjlhcjdilk.jpg,default
images_largescale/sun/images/sun_azwfmwxryeqeoxyd.jpg,default
images_largescale/sun/images/sun_azwhehaajdynxlyp.jpg,default
images_largescale/sun/images/sun_azwjsfylwqkvhdpw.jpg,default
images_largescale/sun/images/sun_azwmwtzdleiilsvd.jpg,default
images_largescale/sun/images/sun_azwnshxisdoucdpb.jpg,default
images_largescale/sun/images/sun_azwoylrxlxiwahcg.jpg,default
images_largescale/sun/images/sun_azwqhnqsekqtkuxp.jpg,default
images_largescale/sun/images/sun_azwqhtdsebvrlygw.jpg,default
images_largescale/sun/images/sun_azwrgvubxgakbfis.jpg,default
images_largescale/sun/images/sun_azwruomkcmdyccsi.jpg,default
images_largescale/sun/images/sun_azwsgfzyjrccximp.jpg,default
images_largescale/sun/images/sun_azwxtzhodblcprbd.jpg,default
images_largescale/sun/images/sun_azwylgqajbwgctgh.jpg,default
images_largescale/sun/images/sun_azwyrlwyzodshvcp.jpg,default
images_largescale/sun/images/sun_azwzkwiknuoacqaf.jpg,default
images_largescale/sun/images/sun_azxffrvkonpodqgb.jpg,default
images_largescale/sun/images/sun_azxfkkgzwnduoqka.jpg,default
images_largescale/sun/images/sun_azxflncdsmcepzzr.jpg,default
images_largescale/sun/images/sun_azxigykupccpccfj.jpg,default
images_largescale/sun/images/sun_azxlakbhiedtjngx.jpg,default
images_largescale/sun/images/sun_azxyffvkbnahhuyz.jpg,default
images_largescale/sun/images/sun_azxyzeowntktztei.jpg,default
images_largescale/sun/images/sun_azxzfbqhfrzernwn.jpg,default
images_largescale/sun/images/sun_azydgogsxgsyzxbt.jpg,default
images_largescale/sun/images/sun_azyhnyttxejyxrpi.jpg,default
images_largescale/sun/images/sun_azyhvhhkyzmcjwia.jpg,default
images_largescale/sun/images/sun_azyifznigyvkvpqi.jpg,default
images_largescale/sun/images/sun_azykkonajnnkuowv.jpg,default
images_largescale/sun/images/sun_azymmhhwertfjahh.jpg,default
images_largescale/sun/images/sun_azyreszftgnwypom.jpg,default
images_largescale/sun/images/sun_azyuswffzmrxbixb.jpg,default
images_largescale/sun/images/sun_azzgftcpehsqnkom.jpg,default
images_largescale/sun/images/sun_azziwgzmvrtptmak.jpg,default
images_largescale/sun/images/sun_azzizjuxqwzfuhgu.jpg,default
images_largescale/sun/images/sun_azzjcpxpayxzqzaz.jpg,default
images_largescale/sun/images/sun_azznwzcthaotsmbo.jpg,default
images_largescale/sun/images/sun_azzocrkaytgkfwsg.jpg,default
images_largescale/sun/images/sun_azzoctvotjbyazvz.jpg,default
images_largescale/sun/images/sun_azzrkwfgexmgvxse.jpg,default
images_largescale/sun/images/sun_azzxytgvmyqgtjrn.jpg,default
images_largescale/sun/images/sun_baaadaxlitpqvquj.jpg,default
images_largescale/sun/images/sun_baaaplhqocgofbre.jpg,default
images_largescale/sun/images/sun_baakyyyuktwrspso.jpg,default
images_largescale/sun/images/sun_babaosywgmkxekgt.jpg,default
images_largescale/sun/images/sun_babjhoohjyjcyzbl.jpg,default
images_largescale/sun/images/sun_bablgmxrsmliouss.jpg,default
images_largescale/sun/images/sun_baccgddsiahzuhxk.jpg,default
images_largescale/sun/images/sun_bacgdhdsnjzxcgax.jpg,default
images_largescale/sun/images/sun_bachvblzmqwgdghl.jpg,default
images_largescale/sun/images/sun_bacmlwldogijeiwe.jpg,default
images_largescale/sun/images/sun_bacmpfpixuqwdotf.jpg,default
images_largescale/sun/images/sun_bactxcathdoqlevi.jpg,default
images_largescale/sun/images/sun_bacyclnykxfxcgnd.jpg,default
images_largescale/sun/images/sun_badsyyvoflmtkenq.jpg,default
images_largescale/sun/images/sun_badvzemhicpocatf.jpg,default
images_largescale/sun/images/sun_baebjcmxkbtucfoh.jpg,default
images_largescale/sun/images/sun_baeeuguqthdvvluu.jpg,default
images_largescale/sun/images/sun_baenffovjkvcyphj.jpg,default
images_largescale/sun/images/sun_baeomwfhrnyhyytq.jpg,default
images_largescale/sun/images/sun_bafdakhlyemdidhj.jpg,default
images_largescale/sun/images/sun_bafdrgvvhkarrjfw.jpg,default
images_largescale/sun/images/sun_bafdzvbhfiihiabj.jpg,default
images_largescale/sun/images/sun_baffceyosneaopwp.jpg,default
images_largescale/sun/images/sun_baffphgofqzsxbun.jpg,default
images_largescale/sun/images/sun_baficjpvcqagdksb.jpg,default
images_largescale/sun/images/sun_bafnnwyxkouxsiaw.jpg,default
images_largescale/sun/images/sun_bafqfjpechscyidz.jpg,default
images_largescale/sun/images/sun_bafyjunzweugslyr.jpg,default
images_largescale/sun/images/sun_bafzscmcrzdoqulf.jpg,default
images_largescale/sun/images/sun_bagfpovqwbuexqdn.jpg,default
images_largescale/sun/images/sun_baggckrhlbnenekd.jpg,default
images_largescale/sun/images/sun_bagnyflivyieqlpo.jpg,default
images_largescale/sun/images/sun_bagsnphdxapdperf.jpg,default
images_largescale/sun/images/sun_bagtoetifxdvumli.jpg,default
images_largescale/sun/images/sun_bagunwntcicxllfb.jpg,default
images_largescale/sun/images/sun_bagzdtxueqtdfoqk.jpg,default
images_largescale/sun/images/sun_bahgscblgvrwrgqk.jpg,default
images_largescale/sun/images/sun_bahhyvdmlrgfaiic.jpg,default
images_largescale/sun/images/sun_bahrzlutypwfvgnx.jpg,default
images_largescale/sun/images/sun_bahzjzgqsstcdpnq.jpg,default
images_largescale/sun/images/sun_baiburvygdejgwcx.jpg,default
images_largescale/sun/images/sun_baifdiudrgpmzdvd.jpg,default
images_largescale/sun/images/sun_baihqfmkpqtetkcm.jpg,default
images_largescale/sun/images/sun_baikcozdufkxeydv.jpg,default
images_largescale/sun/images/sun_baiojdltjwykwldg.jpg,default
images_largescale/sun/images/sun_baiqcjaunzuqiswb.jpg,default
images_largescale/sun/images/sun_bajgbjvjdflmynqy.jpg,default
images_largescale/sun/images/sun_bajobcqxmuqnjhbo.jpg,default
images_largescale/sun/images/sun_bajplnarthehzgmr.jpg,default
images_largescale/sun/images/sun_bajqjnzswlmdcmyl.jpg,default
images_largescale/sun/images/sun_bajqmsaavkmgbsth.jpg,default
images_largescale/sun/images/sun_bajrkgygaguuddbv.jpg,default
images_largescale/sun/images/sun_bajyoefghiwnxvbh.jpg,default
images_largescale/sun/images/sun_bajzrkmnmrivnfta.jpg,default
images_largescale/sun/images/sun_bakdhanebdepnlxg.jpg,default
images_largescale/sun/images/sun_baktymlnkhzntadt.jpg,default
images_largescale/sun/images/sun_bakuuewgkqyvcpda.jpg,default
images_largescale/sun/images/sun_balbyyouhcwjrjep.jpg,default
images_largescale/sun/images/sun_balcjhnfbljjxkkp.jpg,default
images_largescale/sun/images/sun_balhcmmjhlvekekq.jpg,default
images_largescale/sun/images/sun_baljkrrrkviakqdo.jpg,default
images_largescale/sun/images/sun_ballgckzgbpmzugg.jpg,default
images_largescale/sun/images/sun_balltyvjhbzhkmvg.jpg,default
images_largescale/sun/images/sun_balsjthjwezwzsfk.jpg,default
images_largescale/sun/images/sun_balyvtmjpzfjqdwi.jpg,default
images_largescale/sun/images/sun_bambuqlpcjiyoerz.jpg,default
images_largescale/sun/images/sun_bamdjlbjujfmodxd.jpg,default
images_largescale/sun/images/sun_bamfajenewymdrxj.jpg,default
images_largescale/sun/images/sun_bamibpwpfstpeqtj.jpg,default
images_largescale/sun/images/sun_bamlusocyearyfmj.jpg,default
images_largescale/sun/images/sun_bammouahcobhmpyf.jpg,default
images_largescale/sun/images/sun_bamqxfgizosucbrj.jpg,default
images_largescale/sun/images/sun_bamtioxcgrexksxt.jpg,default
images_largescale/sun/images/sun_bangnlwgdsttprvi.jpg,default
images_largescale/sun/images/sun_banhgesqtxkxofdh.jpg,default
images_largescale/sun/images/sun_baniixviegddvgsd.jpg,default
images_largescale/sun/images/sun_banoyykhajnceqyv.jpg,default
images_largescale/sun/images/sun_banptmsknhirrzed.jpg,default
images_largescale/sun/images/sun_banqeuahptujnxib.jpg,default
images_largescale/sun/images/sun_banypouestzeimab.jpg,default
images_largescale/sun/images/sun_baoinkqqiyirawix.jpg,default
images_largescale/sun/images/sun_baokxdogeyduicjw.jpg,default
images_largescale/sun/images/sun_baolsdthmzsmssmq.jpg,default
images_largescale/sun/images/sun_baolsrgmeyfegszm.jpg,default
images_largescale/sun/images/sun_baomrolzzhficrtp.jpg,default
images_largescale/sun/images/sun_baopdxjexneuqfvs.jpg,default
images_largescale/sun/images/sun_baoueubuomzabsfr.jpg,default
images_largescale/sun/images/sun_bapcbzqzihiquqiw.jpg,default
images_largescale/sun/images/sun_bapfaivxqoynnwwp.jpg,default
images_largescale/sun/images/sun_baphepcmygpnwjjq.jpg,default
images_largescale/sun/images/sun_bapudmxxmiipjevf.jpg,default
images_largescale/sun/images/sun_bapxkpvrhpjplsok.jpg,default
images_largescale/sun/images/sun_bapydmxjyzghshvs.jpg,default
images_largescale/sun/images/sun_baqeosoyefybbfec.jpg,default
images_largescale/sun/images/sun_baqgnkpcttdfnhke.jpg,default
images_largescale/sun/images/sun_baqhxkyfdhnhjhnf.jpg,default
images_largescale/sun/images/sun_baqkmeplqshccetc.jpg,default
images_largescale/sun/images/sun_baqmgilfolnepbgf.jpg,default
images_largescale/sun/images/sun_baqpunnqmctisquh.jpg,default
images_largescale/sun/images/sun_baqwcejktistcdwo.jpg,default
images_largescale/sun/images/sun_baqwvlnbxnqtwfmr.jpg,default
images_largescale/sun/images/sun_baragezstacbqinr.jpg,default
images_largescale/sun/images/sun_barhcufvujfvjlea.jpg,default
images_largescale/sun/images/sun_basaqpsgrixxkxwb.jpg,default
images_largescale/sun/images/sun_basawwrseapigucx.jpg,default
images_largescale/sun/images/sun_basayezunqjbbjwj.jpg,default
images_largescale/sun/images/sun_basbaxlzyvnheule.jpg,default
images_largescale/sun/images/sun_basggtqnjshcjvse.jpg,default
images_largescale/sun/images/sun_basmaqmvzneskqln.jpg,default
images_largescale/sun/images/sun_basrkemwvzeyolvk.jpg,default
images_largescale/sun/images/sun_basudrzerfkjuzym.jpg,default
images_largescale/sun/images/sun_batcqfhnspbbhvkx.jpg,default
images_largescale/sun/images/sun_batefcazbqnzrdzr.jpg,default
images_largescale/sun/images/sun_bathpfgzhsozvzkr.jpg,default
images_largescale/sun/images/sun_batiihujitfdmkwz.jpg,default
images_largescale/sun/images/sun_batnzqvcegghqpts.jpg,default
images_largescale/sun/images/sun_batpggblnqvbvoeq.jpg,default
images_largescale/sun/images/sun_battbuwagkecsqek.jpg,default
images_largescale/sun/images/sun_battwjfzerdzknqf.jpg,default
images_largescale/sun/images/sun_batvqogxaphouznx.jpg,default
images_largescale/sun/images/sun_batwfakdqjmpqbkw.jpg,default
images_largescale/sun/images/sun_batwgmmjrrvorwyi.jpg,default
images_largescale/sun/images/sun_bauavdtvezyfmtck.jpg,default
images_largescale/sun/images/sun_bauehiyxpyxnmqzq.jpg,default
images_largescale/sun/images/sun_bauhlzzccvracuio.jpg,default
images_largescale/sun/images/sun_baulgnwkepwuhnnb.jpg,default
images_largescale/sun/images/sun_bauubzceolbeienr.jpg,default
images_largescale/sun/images/sun_bauyiebaxrznpiig.jpg,default
images_largescale/sun/images/sun_bauzbcnattgzlvqr.jpg,default
images_largescale/sun/images/sun_bavjommxylmrzzxw.jpg,default
images_largescale/sun/images/sun_bavkwfleuxbcnzgb.jpg,default
images_largescale/sun/images/sun_bavqqcxmiixxeirr.jpg,default
images_largescale/sun/images/sun_bavrdbmclbvpdcer.jpg,default
images_largescale/sun/images/sun_bavxrtteqbijbqyk.jpg,default
images_largescale/sun/images/sun_bawemrrntrhzlpir.jpg,default
images_largescale/sun/images/sun_bawfqxoijglulfff.jpg,default
images_largescale/sun/images/sun_bawkebmqafttwycf.jpg,default
images_largescale/sun/images/sun_bawolscskfuqukhj.jpg,default
images_largescale/sun/images/sun_baworjhprekraztl.jpg,default
images_largescale/sun/images/sun_bawppvumvwphllrx.jpg,default
images_largescale/sun/images/sun_bawsgeurqavbassz.jpg,default
images_largescale/sun/images/sun_bawthjvxlzohljzi.jpg,default
images_largescale/sun/images/sun_bawyjwbbphakiltp.jpg,default
images_largescale/sun/images/sun_baxacspodqzpyzui.jpg,default
images_largescale/sun/images/sun_baxdxzqlqypipwms.jpg,default
images_largescale/sun/images/sun_baxfqfzrjwrlfwuf.jpg,default
images_largescale/sun/images/sun_baxfxfiinqkbfwfh.jpg,default
images_largescale/sun/images/sun_baxosqkdnlqdyjrv.jpg,default
images_largescale/sun/images/sun_baxrooclyjvpwuos.jpg,default
images_largescale/sun/images/sun_baxuxzbefkphuswl.jpg,default
images_largescale/sun/images/sun_baxuzfvoxcaxmwon.jpg,default
images_largescale/sun/images/sun_baygejivtnkvutqh.jpg,default
images_largescale/sun/images/sun_baygeymcwaxukrif.jpg,default
images_largescale/sun/images/sun_bayjdojxyhsvijcf.jpg,default
images_largescale/sun/images/sun_bazdsrylwiuovlgg.jpg,default
images_largescale/sun/images/sun_bazgtjffmttvgcyr.jpg,default
images_largescale/sun/images/sun_bazkizgrndwrkuak.jpg,default
images_largescale/sun/images/sun_bazmyujunthhfxrh.jpg,default
images_largescale/sun/images/sun_bazufrgymjxluzjo.jpg,default
images_largescale/sun/images/sun_bazwaujyydwlxxqo.jpg,default
images_largescale/sun/images/sun_bazxoikkoxmptssh.jpg,default
images_largescale/sun/images/sun_bazyrnfuqmuwprzs.jpg,default
images_largescale/sun/images/sun_bazytsvxsjidkupr.jpg,default
images_largescale/sun/images/sun_bbaiihiakszxkano.jpg,default
images_largescale/sun/images/sun_bbasfgabkycgdfbf.jpg,default
images_largescale/sun/images/sun_bbatdneqajmgwaiq.jpg,default
images_largescale/sun/images/sun_bbatrfotqsxxinou.jpg,default
images_largescale/sun/images/sun_bbayjcstjozdmodp.jpg,default
images_largescale/sun/images/sun_bbbdgiohxrwcmoly.jpg,default
images_largescale/sun/images/sun_bbbeoebtsvzdoutd.jpg,default
images_largescale/sun/images/sun_bbbkiyvelyybhyrt.jpg,default
images_largescale/sun/images/sun_bbblbvcpytaazmur.jpg,default
images_largescale/sun/images/sun_bbbnwqiximqlvffx.jpg,default
images_largescale/sun/images/sun_bbbqsmpgzwrfmjxg.jpg,default
images_largescale/sun/images/sun_bbbrempkthvvvzro.jpg,default
images_largescale/sun/images/sun_bbbsexgmnxybskmg.jpg,default
images_largescale/sun/images/sun_bbbsgtyhsvixfalm.jpg,default
images_largescale/sun/images/sun_bbbsmpdvugnfdtnb.jpg,default
images_largescale/sun/images/sun_bbbynvjwkxfslodn.jpg,default
images_largescale/sun/images/sun_bbcfpwlpolnutyju.jpg,default
images_largescale/sun/images/sun_bbcjxvviqsjjwuao.jpg,default
images_largescale/sun/images/sun_bbckzrwjwsgyidfy.jpg,default
images_largescale/sun/images/sun_bbcmhfhnkxmaryzm.jpg,default
images_largescale/sun/images/sun_bbcmpqsvnzkkrlhf.jpg,default
images_largescale/sun/images/sun_bbcrgumtjhkrxsnj.jpg,default
images_largescale/sun/images/sun_bbdeovecqgjhamcm.jpg,default
images_largescale/sun/images/sun_bbdmntjqykvxbbxz.jpg,default
images_largescale/sun/images/sun_bbdpsuetapnexjyq.jpg,default
images_largescale/sun/images/sun_bbedxwyrwuypkjnw.jpg,default
images_largescale/sun/images/sun_bbegjuftcvviijpb.jpg,default
images_largescale/sun/images/sun_bbehahfpoqskbhts.jpg,default
images_largescale/sun/images/sun_bbeiciashgnuckzl.jpg,default
images_largescale/sun/images/sun_bbelvucjanbnkioi.jpg,default
images_largescale/sun/images/sun_bbeqjdnienanmmif.jpg,default
images_largescale/sun/images/sun_bbexnqobrgpxkwmp.jpg,default
images_largescale/sun/images/sun_bbeyoadksqprjkbu.jpg,default
images_largescale/sun/images/sun_bbezlissvgrktaka.jpg,default
images_largescale/sun/images/sun_bbfamzudkpbhnssi.jpg,default
images_largescale/sun/images/sun_bbfdlqmctfdclvdq.jpg,default
images_largescale/sun/images/sun_bbfsgfnqmnzhadoi.jpg,default
images_largescale/sun/images/sun_bbftoyumumszfvwg.jpg,default
images_largescale/sun/images/sun_bbfuacabitqgmxxs.jpg,default
images_largescale/sun/images/sun_bbfvixdygbpxvyko.jpg,default
images_largescale/sun/images/sun_bbfxgvvywiwghhdl.jpg,default
images_largescale/sun/images/sun_bbfyeevtahjqglst.jpg,default
images_largescale/sun/images/sun_bbgdqvqjukagrofy.jpg,default
images_largescale/sun/images/sun_bbgflftewjdxxhmu.jpg,default
images_largescale/sun/images/sun_bbgfmgxiclvmeber.jpg,default
images_largescale/sun/images/sun_bbgifrznoippetrg.jpg,default
images_largescale/sun/images/sun_bbgknwmiphdyfnka.jpg,default
images_largescale/sun/images/sun_bbgsdtyskvwckcke.jpg,default
images_largescale/sun/images/sun_bbgtlgislubwmajm.jpg,default
images_largescale/sun/images/sun_bbhexcbqmkvbbypz.jpg,default
images_largescale/sun/images/sun_bbhfeqepnmvxveyu.jpg,default
images_largescale/sun/images/sun_bbhfokazoqukzntm.jpg,default
images_largescale/sun/images/sun_bbhgjujquztipwcc.jpg,default
images_largescale/sun/images/sun_bbhisookoxsnkglj.jpg,default
images_largescale/sun/images/sun_bbhmknnnodkmroem.jpg,default
images_largescale/sun/images/sun_bbhoetxaplalqpyq.jpg,default
images_largescale/sun/images/sun_bbhpsodlucgrwahc.jpg,default
images_largescale/sun/images/sun_bbhqaesnfxfjejta.jpg,default
images_largescale/sun/images/sun_bbidpqefmsokhoez.jpg,default
images_largescale/sun/images/sun_bbifdblqvhnpxuob.jpg,default
images_largescale/sun/images/sun_bbifwwwgjnomvfda.jpg,default
images_largescale/sun/images/sun_bbinlgnhjhhkabmu.jpg,default
images_largescale/sun/images/sun_bbizwmverufurnvl.jpg,default
images_largescale/sun/images/sun_bbjilosmalnjhmmy.jpg,default
images_largescale/sun/images/sun_bbjjnokbekzhlflu.jpg,default
images_largescale/sun/images/sun_bbjlbsdrobxecyws.jpg,default
images_largescale/sun/images/sun_bbjmqhrvmlqluyil.jpg,default
images_largescale/sun/images/sun_bbjnxfdwrqaaullj.jpg,default
images_largescale/sun/images/sun_bbjurfqhczqkxbyx.jpg,default
images_largescale/sun/images/sun_bbjwqihfseiyhlez.jpg,default
images_largescale/sun/images/sun_bbjxjjsbzcjiefrn.jpg,default
images_largescale/sun/images/sun_bbkaxecjpzdozrqn.jpg,default
images_largescale/sun/images/sun_bbkrezaalutqxabf.jpg,default
images_largescale/sun/images/sun_bbkudvdbbdoiyqaf.jpg,default
images_largescale/sun/images/sun_bblcgbwheqlvfviv.jpg,default
images_largescale/sun/images/sun_bblftehhrrmdlykd.jpg,default
images_largescale/sun/images/sun_bblhhccyzfwasema.jpg,default
images_largescale/sun/images/sun_bblkxtzfqouigpjx.jpg,default
images_largescale/sun/images/sun_bblpdgabxhhyyyvh.jpg,default
images_largescale/sun/images/sun_bblxdcshfckqrxys.jpg,default
images_largescale/sun/images/sun_bblyamqcjgugrttd.jpg,default
images_largescale/sun/images/sun_bbmkzxvudrcajnle.jpg,default
images_largescale/sun/images/sun_bbmqmgyuaajcddcj.jpg,default
images_largescale/sun/images/sun_bbmrhxqjrmmoevml.jpg,default
images_largescale/sun/images/sun_bbmtptrmagfpvrmi.jpg,default
images_largescale/sun/images/sun_bbmyxzisyxvafulb.jpg,default
images_largescale/sun/images/sun_bbnascjbjzlywqlb.jpg,default
images_largescale/sun/images/sun_bbnenuyrjluqbsie.jpg,default
images_largescale/sun/images/sun_bbnepvzvycqjjczs.jpg,default
images_largescale/sun/images/sun_bbnevmuwcfiycnhf.jpg,default
images_largescale/sun/images/sun_bbngvscgyhjiznxi.jpg,default
images_largescale/sun/images/sun_bbnknkjvzedwwker.jpg,default
images_largescale/sun/images/sun_bbnptmztoyjaizwn.jpg,default
images_largescale/sun/images/sun_bbnxeyvepgragvcb.jpg,default
images_largescale/sun/images/sun_bbolbdfgrmdytwya.jpg,default
images_largescale/sun/images/sun_bbolmdoybsblyhrf.jpg,default
images_largescale/sun/images/sun_bbomkyqwyrwdszhi.jpg,default
images_largescale/sun/images/sun_bbosiuiqphdekaqb.jpg,default
images_largescale/sun/images/sun_bbowggxyhyiwvzcu.jpg,default
images_largescale/sun/images/sun_bbpicznaaaxrfyms.jpg,default
images_largescale/sun/images/sun_bbplnvvcxkcovrqi.jpg,default
images_largescale/sun/images/sun_bbpnxmhafoexuvcm.jpg,default
images_largescale/sun/images/sun_bbpoavgrifnzsoyt.jpg,default
images_largescale/sun/images/sun_bbpupfycnskomags.jpg,default
images_largescale/sun/images/sun_bbputjiaskfwzgxx.jpg,default
images_largescale/sun/images/sun_bbpvorsmjeokollx.jpg,default
images_largescale/sun/images/sun_bbpwcweehdkefavz.jpg,default
images_largescale/sun/images/sun_bbpxnzidzbskdjor.jpg,default
images_largescale/sun/images/sun_bbpxrptmezsxeiip.jpg,default
images_largescale/sun/images/sun_bbqacusxjthihjvd.jpg,default
images_largescale/sun/images/sun_bbqgxpgmmphsspfg.jpg,default
images_largescale/sun/images/sun_bbqjctvdhxjdzvqc.jpg,default
images_largescale/sun/images/sun_bbqlzqeivhkkapne.jpg,default
images_largescale/sun/images/sun_bbqngxuvcleyusll.jpg,default
images_largescale/sun/images/sun_bbqqlfqbsrbquley.jpg,default
images_largescale/sun/images/sun_bbqugihfqiyfscdk.jpg,default
images_largescale/sun/images/sun_bbqxxiviskgsmmjh.jpg,default
images_largescale/sun/images/sun_bbrfwthdzagzztaq.jpg,default
images_largescale/sun/images/sun_bbrpgpaaomapmuqh.jpg,default
images_largescale/sun/images/sun_bbrrdxeoavpkqjzs.jpg,default
images_largescale/sun/images/sun_bbrvccpqbycaqwlw.jpg,default
images_largescale/sun/images/sun_bbrwcqjalnwlquqn.jpg,default
images_largescale/sun/images/sun_bbsbobcpdqtugepx.jpg,default
images_largescale/sun/images/sun_bbsbxeucuzdgdtsj.jpg,default
images_largescale/sun/images/sun_bbsevjzddeawnmko.jpg,default
images_largescale/sun/images/sun_bbsiqewcwdtgrogy.jpg,default
images_largescale/sun/images/sun_bbskctuivbrjkwhl.jpg,default
images_largescale/sun/images/sun_bbsldvounmbcjdnp.jpg,default
images_largescale/sun/images/sun_bbsqonwnsiirjukt.jpg,default
images_largescale/sun/images/sun_bbsrfapqfrboxqdn.jpg,default
images_largescale/sun/images/sun_bbszhhvqtdvdfotq.jpg,default
images_largescale/sun/images/sun_bbtbpmkbnwbiqegi.jpg,default
images_largescale/sun/images/sun_bbtdevdjvtutgwbq.jpg,default
images_largescale/sun/images/sun_bbtfwcezyudhlepx.jpg,default
images_largescale/sun/images/sun_bbtnfwxqwubahivc.jpg,default
images_largescale/sun/images/sun_bbtpdywbdytgzmkh.jpg,default
images_largescale/sun/images/sun_bbtporqtsiggyltk.jpg,default
images_largescale/sun/images/sun_bbtqrknxvjfjiith.jpg,default
images_largescale/sun/images/sun_bbucldjutreomuvh.jpg,default
images_largescale/sun/images/sun_bbuohkwrqmnaqkdb.jpg,default
images_largescale/sun/images/sun_bbuoqusmquyteqnr.jpg,default
images_largescale/sun/images/sun_bbuqszbjhclnlyhl.jpg,default
images_largescale/sun/images/sun_bbuuovympokneccf.jpg,default
images_largescale/sun/images/sun_bbuxljnyqysrpckm.jpg,default
images_largescale/sun/images/sun_bbvcnptsajsdxzkp.jpg,default
images_largescale/sun/images/sun_bbvmqrpmjbpvbocy.jpg,default
images_largescale/sun/images/sun_bbvoytqcsnsdcyfs.jpg,default
images_largescale/sun/images/sun_bbvqpskfqvossqod.jpg,default
images_largescale/sun/images/sun_bbvvrtrkthopflko.jpg,default
images_largescale/sun/images/sun_bbvzemlagkvnzeew.jpg,default
images_largescale/sun/images/sun_bbweksktwvrnytsd.jpg,default
images_largescale/sun/images/sun_bbwmfhienyjejuxu.jpg,default
images_largescale/sun/images/sun_bbxcrnnjkkcocekn.jpg,default
images_largescale/sun/images/sun_bbxegplvudxeoyuh.jpg,default
images_largescale/sun/images/sun_bbxihwnodrvfwxvj.jpg,default
images_largescale/sun/images/sun_bbxinvtesorkafwr.jpg,default
images_largescale/sun/images/sun_bbxndrciygjcpzid.jpg,default
images_largescale/sun/images/sun_bbxsmnngzcqyfsfi.jpg,default
images_largescale/sun/images/sun_bbybkkwfsbjqpbei.jpg,default
images_largescale/sun/images/sun_bbybknbohecapvtt.jpg,default
images_largescale/sun/images/sun_bbydnuiqbbbwvisw.jpg,default
images_largescale/sun/images/sun_bbydqqmextyertfa.jpg,default
images_largescale/sun/images/sun_bbylkphjxtczrtfg.jpg,default
images_largescale/sun/images/sun_bbzogpoltntzopuj.jpg,default
images_largescale/sun/images/sun_bbzuaffjubfmsgsj.jpg,default
images_largescale/sun/images/sun_bbzuqsrgcsonqlkz.jpg,default
images_largescale/sun/images/sun_bbzwktvzevqormwo.jpg,default
images_largescale/sun/images/sun_bbzyhalvkplifmtw.jpg,default
images_largescale/sun/images/sun_bbzztnqbrxjvicql.jpg,default
images_largescale/sun/images/sun_bcagbngzpmujqbde.jpg,default
images_largescale/sun/images/sun_bcamcdzyvmwunbep.jpg,default
images_largescale/sun/images/sun_bcamlozbbbptpqor.jpg,default
images_largescale/sun/images/sun_bcankvuojvyebpde.jpg,default
images_largescale/sun/images/sun_bcaszdhdwbzhsiry.jpg,default
images_largescale/sun/images/sun_bcaywheveyfydojk.jpg,default
images_largescale/sun/images/sun_bcbahlipqcrjpbuc.jpg,default
images_largescale/sun/images/sun_bcbedrbdihclstkl.jpg,default
images_largescale/sun/images/sun_bcbhoyakeedclbks.jpg,default
images_largescale/sun/images/sun_bcbknsaedctckzgs.jpg,default
images_largescale/sun/images/sun_bcboctumoxwpdefl.jpg,default
images_largescale/sun/images/sun_bcbpljnsmphaxpeh.jpg,default
images_largescale/sun/images/sun_bcbqdmqfztkhxkad.jpg,default
images_largescale/sun/images/sun_bcbqklrqpwcmtjzd.jpg,default
images_largescale/sun/images/sun_bcbrrhmnumhzqgok.jpg,default
images_largescale/sun/images/sun_bccdwljdotrhkmuv.jpg,default
images_largescale/sun/images/sun_bcckdqlbawqqhnfd.jpg,default
images_largescale/sun/images/sun_bcctkejwlqiojvpt.jpg,default
images_largescale/sun/images/sun_bcdixxbyorxkifet.jpg,default
images_largescale/sun/images/sun_bcdjraiazexpqdpx.jpg,default
images_largescale/sun/images/sun_bcdnxaopitodxwvf.jpg,default
images_largescale/sun/images/sun_bcdpicdoawqshogb.jpg,default
images_largescale/sun/images/sun_bcdrpzxdfatmjuxl.jpg,default
images_largescale/sun/images/sun_bcdshlzzwgbxnkns.jpg,default
images_largescale/sun/images/sun_bcdxfnyjmgrluxgk.jpg,default
images_largescale/sun/images/sun_bcdzskbmoqkezpfm.jpg,default
images_largescale/sun/images/sun_bceabrpvwencmtkf.jpg,default
images_largescale/sun/images/sun_bcededizfhhplvte.jpg,default
images_largescale/sun/images/sun_bceioanxihslxqfq.jpg,default
images_largescale/sun/images/sun_bcekcoefmwgxcgud.jpg,default
images_largescale/sun/images/sun_bcekhoifweckpzhm.jpg,default
images_largescale/sun/images/sun_bcekwhtknwfyyvkm.jpg,default
images_largescale/sun/images/sun_bcepwlpgbhuivybz.jpg,default
images_largescale/sun/images/sun_bcfbmxlanwgoukdg.jpg,default
images_largescale/sun/images/sun_bcfdedhrcmbnovlr.jpg,default
images_largescale/sun/images/sun_bcfdiefghsjwrogz.jpg,default
images_largescale/sun/images/sun_bcfflmoxryslddbb.jpg,default
images_largescale/sun/images/sun_bcfubzxbgelcjxzx.jpg,default
images_largescale/sun/images/sun_bcfvjdeywvigkfje.jpg,default
images_largescale/sun/images/sun_bcfzpnfpngukrlki.jpg,default
images_largescale/sun/images/sun_bcgckqygipshenhl.jpg,default
images_largescale/sun/images/sun_bcggzfjhlbqzathe.jpg,default
images_largescale/sun/images/sun_bcgjysecwafpzrnf.jpg,default
images_largescale/sun/images/sun_bcgmbjdhmotrstqr.jpg,default
images_largescale/sun/images/sun_bcgnubzaaespvfle.jpg,default
images_largescale/sun/images/sun_bcgpmjpqwltajcys.jpg,default
images_largescale/sun/images/sun_bcgqalfgmrssdxrd.jpg,default
images_largescale/sun/images/sun_bcgugqnqpnbrgjka.jpg,default
images_largescale/sun/images/sun_bcgwjjnfgyohdokv.jpg,default
images_largescale/sun/images/sun_bcgxkjtmaaqvjadb.jpg,default
images_largescale/sun/images/sun_bchbodjclhhqpqql.jpg,default
images_largescale/sun/images/sun_bchcsvsxzwpwqnal.jpg,default
images_largescale/sun/images/sun_bchdczsxxzeneayc.jpg,default
images_largescale/sun/images/sun_bchrurwymivlxaqj.jpg,default
images_largescale/sun/images/sun_bchsjlaecrlqndlz.jpg,default
images_largescale/sun/images/sun_bchteatojfyjzlux.jpg,default
images_largescale/sun/images/sun_bchwrolxiznlleal.jpg,default
images_largescale/sun/images/sun_bcibmlwaypvjeemv.jpg,default
images_largescale/sun/images/sun_bciefqxzxfictnab.jpg,default
images_largescale/sun/images/sun_bcimcjzlwhoiwuat.jpg,default
images_largescale/sun/images/sun_bciovxcdhkottyqz.jpg,default
images_largescale/sun/images/sun_bcixjiqjpnnfiire.jpg,default
images_largescale/sun/images/sun_bcixvzrtzjujjyiq.jpg,default
images_largescale/sun/images/sun_bcjcvzqhwybsucmr.jpg,default
images_largescale/sun/images/sun_bcjdaxsjxavxzeoj.jpg,default
images_largescale/sun/images/sun_bcjlrbgbxnkdydjx.jpg,default
images_largescale/sun/images/sun_bcjnqmsislzwklfi.jpg,default
images_largescale/sun/images/sun_bcjrsclziatbxmpn.jpg,default
images_largescale/sun/images/sun_bcjryaqtmitnetbc.jpg,default
images_largescale/sun/images/sun_bckakaskpzokqnxe.jpg,default
images_largescale/sun/images/sun_bckhfypetduakrib.jpg,default
images_largescale/sun/images/sun_bckkfhdjdkojfybf.jpg,default
images_largescale/sun/images/sun_bckommokylseenrf.jpg,default
images_largescale/sun/images/sun_bckscbubuyphqjlz.jpg,default
images_largescale/sun/images/sun_bcksoalcuvcfclgc.jpg,default
images_largescale/sun/images/sun_bcleizrvpfcumffz.jpg,default
images_largescale/sun/images/sun_bcltnykewewvmuvk.jpg,default
images_largescale/sun/images/sun_bcluohnufnyvsncz.jpg,default
images_largescale/sun/images/sun_bclzcgpgwugmhgur.jpg,default
images_largescale/sun/images/sun_bclzdyzxtacqhtvp.jpg,default
images_largescale/sun/images/sun_bcmaspbgkutychfz.jpg,default
images_largescale/sun/images/sun_bcmcbzzondnvepgv.jpg,default
images_largescale/sun/images/sun_bcmcpvbknqctkaba.jpg,default
images_largescale/sun/images/sun_bcmefgqswtugavbp.jpg,default
images_largescale/sun/images/sun_bcmeigzeimskjyba.jpg,default
images_largescale/sun/images/sun_bcmfobsmkvxhgyqj.jpg,default
images_largescale/sun/images/sun_bcmfupqdwpupcwns.jpg,default
images_largescale/sun/images/sun_bcmhdbzhuexunnaq.jpg,default
images_largescale/sun/images/sun_bcmjtztrnvkxftye.jpg,default
images_largescale/sun/images/sun_bcmlctjxdcxijrxi.jpg,default
images_largescale/sun/images/sun_bcmlvfgygrvcvcin.jpg,default
images_largescale/sun/images/sun_bcmpqqfbsvlzinzl.jpg,default
images_largescale/sun/images/sun_bcmtnoxifzoylgyo.jpg,default
images_largescale/sun/images/sun_bcmxkzoujllvqulm.jpg,default
images_largescale/sun/images/sun_bcnanhcmdahyjxaz.jpg,default
images_largescale/sun/images/sun_bcnfhnzmftedvfuj.jpg,default
images_largescale/sun/images/sun_bcnhffqpagcxdtia.jpg,default
images_largescale/sun/images/sun_bcnladpxcqmawcco.jpg,default
images_largescale/sun/images/sun_bcntdvrekuefqbjf.jpg,default
images_largescale/sun/images/sun_bcntjleitjrgvnth.jpg,default
images_largescale/sun/images/sun_bcnzjtbouqhkaesg.jpg,default
images_largescale/sun/images/sun_bcoewmwazljdbmml.jpg,default
images_largescale/sun/images/sun_bcofoaoaxokdlmor.jpg,default
images_largescale/sun/images/sun_bcolnsjqwkoawhan.jpg,default
images_largescale/sun/images/sun_bcorncjicjbueeqd.jpg,default
images_largescale/sun/images/sun_bcpmvofllwtkeoad.jpg,default
images_largescale/sun/images/sun_bcpneqnureflnbli.jpg,default
images_largescale/sun/images/sun_bcppqikbimljnfvy.jpg,default
images_largescale/sun/images/sun_bcpqdzurmklhwsdw.jpg,default
images_largescale/sun/images/sun_bcqgcgvyzdhyavxz.jpg,default
images_largescale/sun/images/sun_bcqlrrjyxxvqdvdb.jpg,default
images_largescale/sun/images/sun_bcqvjtjqayoxowhs.jpg,default
images_largescale/sun/images/sun_bcqwyfnbyjflbigy.jpg,default
images_largescale/sun/images/sun_bcqzbvyiksbidwlp.jpg,default
images_largescale/sun/images/sun_bcrgrktmnwzihbbn.jpg,default
images_largescale/sun/images/sun_bcrhyzlnnrejuoqr.jpg,default
images_largescale/sun/images/sun_bcrqldhmwdraspza.jpg,default
images_largescale/sun/images/sun_bcrtbbnzfvwtptcp.jpg,default
images_largescale/sun/images/sun_bcryvxhnjxesamfu.jpg,default
images_largescale/sun/images/sun_bcsacwamehhbfpef.jpg,default
images_largescale/sun/images/sun_bcscizucryhwlsjo.jpg,default
images_largescale/sun/images/sun_bcshnsgoajjljkem.jpg,default
images_largescale/sun/images/sun_bcsilmmjzqbejnxh.jpg,default
images_largescale/sun/images/sun_bcsithstsuonlylz.jpg,default
images_largescale/sun/images/sun_bcsldcxlxkocudco.jpg,default
images_largescale/sun/images/sun_bcsnvdppbbdgpplp.jpg,default
images_largescale/sun/images/sun_bcsqogieozpyvuft.jpg,default
images_largescale/sun/images/sun_bcssfdaphwnfmykq.jpg,default
images_largescale/sun/images/sun_bctbbpaunxdwubas.jpg,default
images_largescale/sun/images/sun_bctdegghbaicxung.jpg,default
images_largescale/sun/images/sun_bctfkogczgneshyn.jpg,default
images_largescale/sun/images/sun_bctlzwwmzxxwpaou.jpg,default
images_largescale/sun/images/sun_bctrjxwmuphppovu.jpg,default
images_largescale/sun/images/sun_bctumlvscqlhxnlx.jpg,default
images_largescale/sun/images/sun_bctwyybwoonietsf.jpg,default
images_largescale/sun/images/sun_bctxnmayzjwawivc.jpg,default
images_largescale/sun/images/sun_bctzxsydexlmeeys.jpg,default
images_largescale/sun/images/sun_bcuecykwuwreergp.jpg,default
images_largescale/sun/images/sun_bculpbdsranynzyn.jpg,default
images_largescale/sun/images/sun_bcuyvxjbqwmtetch.jpg,default
images_largescale/sun/images/sun_bcvaclfjwgteltuh.jpg,default
images_largescale/sun/images/sun_bcvgioomgjwtwrbf.jpg,default
images_largescale/sun/images/sun_bcvmygcpqxoruzgb.jpg,default
images_largescale/sun/images/sun_bcvovsrkuqmypydj.jpg,default
images_largescale/sun/images/sun_bcvtnndcbvcwykzp.jpg,default
images_largescale/sun/images/sun_bcvxptmfqhahbpzs.jpg,default
images_largescale/sun/images/sun_bcwbzytiqrjvmtpb.jpg,default
images_largescale/sun/images/sun_bcwcfakrunomyxpn.jpg,default
images_largescale/sun/images/sun_bcwfxccxhrhyqkky.jpg,default
images_largescale/sun/images/sun_bcwggadqsfpovdjv.jpg,default
images_largescale/sun/images/sun_bcwieovzogrxaany.jpg,default
images_largescale/sun/images/sun_bcwljhcjggqbgtgi.jpg,default
images_largescale/sun/images/sun_bcwnstytkgrhldtw.jpg,default
images_largescale/sun/images/sun_bcxdijcmkawhkhob.jpg,default
images_largescale/sun/images/sun_bcxdkojvysimgjfx.jpg,default
images_largescale/sun/images/sun_bcxgazicjamzfbwk.jpg,default
images_largescale/sun/images/sun_bcxgdvqqztuifvpx.jpg,default
images_largescale/sun/images/sun_bcxwpvaoambnfkgi.jpg,default
images_largescale/sun/images/sun_bcxyrsfnyrnweqzl.jpg,default
images_largescale/sun/images/sun_bcycdoztxoluxjyk.jpg,default
images_largescale/sun/images/sun_bcydsvnoxzbhzhcj.jpg,default
images_largescale/sun/images/sun_bcyjqznaicukdsrh.jpg,default
images_largescale/sun/images/sun_bcyknmhtbnevtdwh.jpg,default
images_largescale/sun/images/sun_bcyqhmsuncrhyodx.jpg,default
images_largescale/sun/images/sun_bcyzaycynxrgumwm.jpg,default
images_largescale/sun/images/sun_bcyzkxgibrohfkgo.jpg,default
images_largescale/sun/images/sun_bczfmcedafdrbmdj.jpg,default
images_largescale/sun/images/sun_bczhzjsbjlxccgqz.jpg,default
images_largescale/sun/images/sun_bczwjohiabrbsydx.jpg,default
images_largescale/sun/images/sun_bczxkcbkwljudvpf.jpg,default
images_largescale/sun/images/sun_bdaapnxsbnrdyeyj.jpg,default
images_largescale/sun/images/sun_bdabjpwehllvgsqj.jpg,default
images_largescale/sun/images/sun_bdakiusigclyjlwu.jpg,default
images_largescale/sun/images/sun_bdaltaqflaqnwbgi.jpg,default
images_largescale/sun/images/sun_bdaqbyhtdgoxpaqm.jpg,default
images_largescale/sun/images/sun_bdavrxdxeqzinnrs.jpg,default
images_largescale/sun/images/sun_bdbactgiswxblcqy.jpg,default
images_largescale/sun/images/sun_bdbbwtrzzqkxebtv.jpg,default
images_largescale/sun/images/sun_bdbeejmljvdgqasm.jpg,default
images_largescale/sun/images/sun_bdbnzqtbxwtllqvg.jpg,default
images_largescale/sun/images/sun_bdbrnkofdfjmjqvz.jpg,default
images_largescale/sun/images/sun_bdbvhfnvnlvltexs.jpg,default
images_largescale/sun/images/sun_bdbwkypbzxbwwrks.jpg,default
images_largescale/sun/images/sun_bdccohwkoatucgnh.jpg,default
images_largescale/sun/images/sun_bdceldwlqwuzrwlj.jpg,default
images_largescale/sun/images/sun_bdcfingxwkzaozgs.jpg,default
images_largescale/sun/images/sun_bdcjpzftbsbfqjkx.jpg,default
images_largescale/sun/images/sun_bdcrbnhvzqcejrot.jpg,default
images_largescale/sun/images/sun_bdcttfhebcktjrep.jpg,default
images_largescale/sun/images/sun_bdczdnbpjaerpcpi.jpg,default
images_largescale/sun/images/sun_bdczkiofzzucaicu.jpg,default
images_largescale/sun/images/sun_bddbjgtxofldctkk.jpg,default
images_largescale/sun/images/sun_bdddqzpkaxzzxeom.jpg,default
images_largescale/sun/images/sun_bddidvgjatnseyje.jpg,default
images_largescale/sun/images/sun_bddirejroxghtmrm.jpg,default
images_largescale/sun/images/sun_bddpyqdepyroayta.jpg,default
images_largescale/sun/images/sun_bddridsazewunjau.jpg,default
images_largescale/sun/images/sun_bddsaeicthrfbkhe.jpg,default
images_largescale/sun/images/sun_bdduasgzckkeqvqt.jpg,default
images_largescale/sun/images/sun_bddyhksqlbblwwbs.jpg,default
images_largescale/sun/images/sun_bdeefuhutrtzlcdd.jpg,default
images_largescale/sun/images/sun_bdefqymoipjawrft.jpg,default
images_largescale/sun/images/sun_bdephxvrriwlbwfd.jpg,default
images_largescale/sun/images/sun_bdeuwfwlyttpepxo.jpg,default
images_largescale/sun/images/sun_bdevsgjkzzfqycda.jpg,default
images_largescale/sun/images/sun_bdeyjnomvxagauao.jpg,default
images_largescale/sun/images/sun_bdezhdasbacshwpp.jpg,default
images_largescale/sun/images/sun_bdfadayhjsvrrocs.jpg,default
images_largescale/sun/images/sun_bdfehtizfxynalii.jpg,default
images_largescale/sun/images/sun_bdfjllgwodlyospl.jpg,default
images_largescale/sun/images/sun_bdfmybwuzephhumi.jpg,default
images_largescale/sun/images/sun_bdfrdnkvettdwbtl.jpg,default
images_largescale/sun/images/sun_bdfuxvuxfxqtxtwz.jpg,default
images_largescale/sun/images/sun_bdfvuswdefnwpirb.jpg,default
images_largescale/sun/images/sun_bdghdshozpcdgeow.jpg,default
images_largescale/sun/images/sun_bdghtxezglgfnsml.jpg,default
images_largescale/sun/images/sun_bdgiqjbmhjyznpgu.jpg,default
images_largescale/sun/images/sun_bdgivytfineiyqpo.jpg,default
images_largescale/sun/images/sun_bdgmokeiphwjzczz.jpg,default
images_largescale/sun/images/sun_bdgogxbnamobgkpx.jpg,default
images_largescale/sun/images/sun_bdgptxplbkjtyylj.jpg,default
images_largescale/sun/images/sun_bdgsemuxqjscdtdc.jpg,default
images_largescale/sun/images/sun_bdgueubrwfylcljg.jpg,default
images_largescale/sun/images/sun_bdgumenahwhhycao.jpg,default
images_largescale/sun/images/sun_bdgvlhvggyqiehii.jpg,default
images_largescale/sun/images/sun_bdgwqzttihopmpbf.jpg,default
images_largescale/sun/images/sun_bdgyqridabapcaqk.jpg,default
images_largescale/sun/images/sun_bdgzvmxyejtxyllx.jpg,default
images_largescale/sun/images/sun_bdhpbskfdguuznpw.jpg,default
images_largescale/sun/images/sun_bdhqlwspkmhzclcw.jpg,default
images_largescale/sun/images/sun_bdhtqljiepekwwgk.jpg,default
images_largescale/sun/images/sun_bdhvzcaecreybiic.jpg,default
images_largescale/sun/images/sun_bdiaojytcipmefez.jpg,default
images_largescale/sun/images/sun_bdibsltpgqdqjyml.jpg,default
images_largescale/sun/images/sun_bdipwnldbckosgko.jpg,default
images_largescale/sun/images/sun_bdisotafirbxnhvh.jpg,default
images_largescale/sun/images/sun_bdiuiaflljjpyzmf.jpg,default
images_largescale/sun/images/sun_bdiuzjxqcndbffol.jpg,default
images_largescale/sun/images/sun_bdjdpufqmxpltzcp.jpg,default
images_largescale/sun/images/sun_bdjkjgdshivgmlde.jpg,default
images_largescale/sun/images/sun_bdjlztcrvglmpabo.jpg,default
images_largescale/sun/images/sun_bdjvsohpkeaxwwtp.jpg,default
images_largescale/sun/images/sun_bdkpcmpasrxgpvkc.jpg,default
images_largescale/sun/images/sun_bdktuhuywbkavvzk.jpg,default
images_largescale/sun/images/sun_bdkuvrqbhbcsufry.jpg,default
images_largescale/sun/images/sun_bdkvdpqsnnrtruqy.jpg,default
images_largescale/sun/images/sun_bdkxnxsyzgrwijak.jpg,default
images_largescale/sun/images/sun_bdlbhyrtqqmgnwnw.jpg,default
images_largescale/sun/images/sun_bdlhbpgrvmenjlty.jpg,default
images_largescale/sun/images/sun_bdliglbnjzczkhcd.jpg,default
images_largescale/sun/images/sun_bdljaexxtiaphbmp.jpg,default
images_largescale/sun/images/sun_bdlkikxeoerlafcz.jpg,default
images_largescale/sun/images/sun_bdlvcyjdurobrpga.jpg,default
images_largescale/sun/images/sun_bdmfsgiiywubfrqv.jpg,default
images_largescale/sun/images/sun_bdmgqcufgrnpgiii.jpg,default
images_largescale/sun/images/sun_bdmifnzxqpzxcbxk.jpg,default
images_largescale/sun/images/sun_bdmijnefgsdagrqq.jpg,default
images_largescale/sun/images/sun_bdmjknycctecewda.jpg,default
images_largescale/sun/images/sun_bdmovxyruqzrzbgk.jpg,default
images_largescale/sun/images/sun_bdmrkjfffdqzzwtt.jpg,default
images_largescale/sun/images/sun_bdmvhnfpuwcfexks.jpg,default
images_largescale/sun/images/sun_bdmwlghhtfixlbsf.jpg,default
images_largescale/sun/images/sun_bdmydpouxhuyxhgz.jpg,default
images_largescale/sun/images/sun_bdneibfitpojinsh.jpg,default
images_largescale/sun/images/sun_bdnmquxtaldwrydm.jpg,default
images_largescale/sun/images/sun_bdnsvpnoagvvukbf.jpg,default
images_largescale/sun/images/sun_bdoijxdolfxlfkel.jpg,default
images_largescale/sun/images/sun_bdopihbtdarjsliv.jpg,default
images_largescale/sun/images/sun_bdouftgdrzsideja.jpg,default
images_largescale/sun/images/sun_bdowprfgjmhwjoha.jpg,default
images_largescale/sun/images/sun_bdpaotduxhsvnqzq.jpg,default
images_largescale/sun/images/sun_bdpdnjdtgzikhsws.jpg,default
images_largescale/sun/images/sun_bdpigbyfxqlzrzlp.jpg,default
images_largescale/sun/images/sun_bdpnuvuacqfbtpnz.jpg,default
images_largescale/sun/images/sun_bdprjgxjrivcindz.jpg,default
images_largescale/sun/images/sun_bdpyqusnomfnmcbr.jpg,default
images_largescale/sun/images/sun_bdqdtaezzlknfjxy.jpg,default
images_largescale/sun/images/sun_bdqjafsbenxnqafr.jpg,default
images_largescale/sun/images/sun_bdqyryzalmshkaok.jpg,default
images_largescale/sun/images/sun_bdqzmtoeopygzlwy.jpg,default
images_largescale/sun/images/sun_bdrannwowksqqlmb.jpg,default
images_largescale/sun/images/sun_bdrcfchcpaldecta.jpg,default
images_largescale/sun/images/sun_bdrekcukgrizfxph.jpg,default
images_largescale/sun/images/sun_bdrevaqbqmvwngsl.jpg,default
images_largescale/sun/images/sun_bdrhavzscyydstsj.jpg,default
images_largescale/sun/images/sun_bdscotxwjsjlgpak.jpg,default
images_largescale/sun/images/sun_bdsjzbvonluebmii.jpg,default
images_largescale/sun/images/sun_bdsocmqghnprogdu.jpg,default
images_largescale/sun/images/sun_bdsoomwablbdgpkr.jpg,default
images_largescale/sun/images/sun_bdtgbjkmsxruvbwk.jpg,default
images_largescale/sun/images/sun_bdtgurarcjmosiac.jpg,default
images_largescale/sun/images/sun_bdtjpwiuwmqkjdrf.jpg,default
images_largescale/sun/images/sun_bdtlkbsnljfkrqpd.jpg,default
images_largescale/sun/images/sun_bdtwazyvptfazzht.jpg,default
images_largescale/sun/images/sun_bdtwdeemzgsqwpgv.jpg,default
images_largescale/sun/images/sun_bdukxzwxtlrxliib.jpg,default
images_largescale/sun/images/sun_bdunsuyphxjdjlsx.jpg,default
images_largescale/sun/images/sun_bduvvcumwzpjyhkm.jpg,default
images_largescale/sun/images/sun_bduxjnkcugmhcpag.jpg,default
images_largescale/sun/images/sun_bdvfgdmteqkzpkdu.jpg,default
images_largescale/sun/images/sun_bdvfsuhpokltwttm.jpg,default
images_largescale/sun/images/sun_bdvpneuwpsijzvdc.jpg,default
images_largescale/sun/images/sun_bdvvpobxtvfzzszz.jpg,default
images_largescale/sun/images/sun_bdvvtxlsrkxwgony.jpg,default
images_largescale/sun/images/sun_bdvzrsnfeiaembrz.jpg,default
images_largescale/sun/images/sun_bdweoduzeactdvtl.jpg,default
images_largescale/sun/images/sun_bdwmqunsgktrqjyn.jpg,default
images_largescale/sun/images/sun_bdwvdrthivwjdnoq.jpg,default
images_largescale/sun/images/sun_bdxbbomlgkyfiipe.jpg,default
images_largescale/sun/images/sun_bdxcdhsinznxkdns.jpg,default
images_largescale/sun/images/sun_bdxhfmsjjplglydg.jpg,default
images_largescale/sun/images/sun_bdxhnbgbnolddswz.jpg,default
images_largescale/sun/images/sun_bdxilxjfrvpntjpc.jpg,default
images_largescale/sun/images/sun_bdxkyuzfspbzibta.jpg,default
images_largescale/sun/images/sun_bdxtwjxllwqymvnl.jpg,default
images_largescale/sun/images/sun_bdxvmnlyovhqognn.jpg,default
images_largescale/sun/images/sun_bdxxjfvxjahwbwpk.jpg,default
images_largescale/sun/images/sun_bdxydjishjruodqp.jpg,default
images_largescale/sun/images/sun_bdxyrycgxbnmubnb.jpg,default
images_largescale/sun/images/sun_bdymcxavbxnupbjn.jpg,default
images_largescale/sun/images/sun_bdyocvmxflrwmcrc.jpg,default
images_largescale/sun/images/sun_bdyonfxbyixhcrdy.jpg,default
images_largescale/sun/images/sun_bdyukidgfhckseyu.jpg,default
images_largescale/sun/images/sun_bdyumtlpqraknqiw.jpg,default
images_largescale/sun/images/sun_bdyuplyitktlubpx.jpg,default
images_largescale/sun/images/sun_bdyvpwuxxhnuofcz.jpg,default
images_largescale/sun/images/sun_bdyygmubqkjotbin.jpg,default
images_largescale/sun/images/sun_bdyyjxskaxwqfpjv.jpg,default
images_largescale/sun/images/sun_bdzbkrvisvmtpxee.jpg,default
images_largescale/sun/images/sun_bdzhdteutczrhhno.jpg,default
images_largescale/sun/images/sun_bdzirimjohetcbej.jpg,default
images_largescale/sun/images/sun_bdzizggydvbzazkx.jpg,default
images_largescale/sun/images/sun_bdznjwwrmdjlegjg.jpg,default
images_largescale/sun/images/sun_bdzthayzufvldrgc.jpg,default
images_largescale/sun/images/sun_bdzwthqbmuiebruo.jpg,default
images_largescale/sun/images/sun_beaaqxecwcxovdpu.jpg,default
images_largescale/sun/images/sun_beacbqijqehvtcsf.jpg,default
images_largescale/sun/images/sun_beaeplunhsumwauo.jpg,default
images_largescale/sun/images/sun_beafoifmpvqkmale.jpg,default
images_largescale/sun/images/sun_beagtcvucaofzmho.jpg,default
images_largescale/sun/images/sun_bearnkljoflmdqyb.jpg,default
images_largescale/sun/images/sun_beaxbuzqxtlisniz.jpg,default
images_largescale/sun/images/sun_bebdlzzfpmlfajeg.jpg,default
images_largescale/sun/images/sun_bebnequhdsevegym.jpg,default
images_largescale/sun/images/sun_bebodjfavxljjhvz.jpg,default
images_largescale/sun/images/sun_bebskipdayycjrew.jpg,default
images_largescale/sun/images/sun_bebynfnghqomwggj.jpg,default
images_largescale/sun/images/sun_bechwhqicxeuwazf.jpg,default
images_largescale/sun/images/sun_becpeydhuzrghoad.jpg,default
images_largescale/sun/images/sun_becrfhnvviheazdd.jpg,default
images_largescale/sun/images/sun_becxbzzrmtwfbcng.jpg,default
images_largescale/sun/images/sun_becznrcubygyjqpf.jpg,default
images_largescale/sun/images/sun_bedaexojeafqbpma.jpg,default
images_largescale/sun/images/sun_bedgmnqbkyqzjcqk.jpg,default
images_largescale/sun/images/sun_bednbvojqxgcfwmh.jpg,default
images_largescale/sun/images/sun_bedtcxuynvzwvdvm.jpg,default
images_largescale/sun/images/sun_bedtylfcqxemdmlz.jpg,default
images_largescale/sun/images/sun_beedtohrfnmtuzqh.jpg,default
images_largescale/sun/images/sun_beeemkimavnranuf.jpg,default
images_largescale/sun/images/sun_beehkrktthrkvgtf.jpg,default
images_largescale/sun/images/sun_beejycwcershxzno.jpg,default
images_largescale/sun/images/sun_beekutazzuomvxxg.jpg,default
images_largescale/sun/images/sun_beemyeznuptwvija.jpg,default
images_largescale/sun/images/sun_beesprkjfzvoldqq.jpg,default
images_largescale/sun/images/sun_beexfnpktgiuiymz.jpg,default
images_largescale/sun/images/sun_befcrvfychsyxaxx.jpg,default
images_largescale/sun/images/sun_beffkaqoxneezukf.jpg,default
images_largescale/sun/images/sun_befgfkxfvzwcjunm.jpg,default
images_largescale/sun/images/sun_befjfluymqmemtau.jpg,default
images_largescale/sun/images/sun_befmrjnqhhysdkoh.jpg,default
images_largescale/sun/images/sun_befnezlqgoquvizp.jpg,default
images_largescale/sun/images/sun_befuhisgtgnhwaok.jpg,default
images_largescale/sun/images/sun_befuxidxagylhqzp.jpg,default
images_largescale/sun/images/sun_begaxytvbrlknjux.jpg,default
images_largescale/sun/images/sun_begcwwrgqilefbhm.jpg,default
images_largescale/sun/images/sun_begfffslhjefpyqx.jpg,default
images_largescale/sun/images/sun_beggyvcetelshfrn.jpg,default
images_largescale/sun/images/sun_beglwukrpfcvizob.jpg,default
images_largescale/sun/images/sun_begooqpfazcagbnr.jpg,default
images_largescale/sun/images/sun_behczbufxyxbtkyq.jpg,default
images_largescale/sun/images/sun_behdjtkbnxcflcfx.jpg,default
images_largescale/sun/images/sun_behosexgldfpaift.jpg,default
images_largescale/sun/images/sun_behpzycvadvphcuu.jpg,default
images_largescale/sun/images/sun_behteliccmlguzux.jpg,default
images_largescale/sun/images/sun_behtwrifllnnvypv.jpg,default
images_largescale/sun/images/sun_beibfzvckgkmxyrr.jpg,default
images_largescale/sun/images/sun_beisghyxaoyzruef.jpg,default
images_largescale/sun/images/sun_beisrsakoyftdoxc.jpg,default
images_largescale/sun/images/sun_beixobjxoeecwdsv.jpg,default
images_largescale/sun/images/sun_beiytqujoobehrgn.jpg,default
images_largescale/sun/images/sun_bejcsgvwhpamyfki.jpg,default
images_largescale/sun/images/sun_bejituydpzbbbydb.jpg,default
images_largescale/sun/images/sun_bejjkyiqurstfflk.jpg,default
images_largescale/sun/images/sun_bejnvnpltdmhbcsi.jpg,default
images_largescale/sun/images/sun_bejrqzwygwfftsjs.jpg,default
images_largescale/sun/images/sun_bejwjdzzgbamedbu.jpg,default
images_largescale/sun/images/sun_bekclaylaeflybot.jpg,default
images_largescale/sun/images/sun_bekglifnwjeigwms.jpg,default
images_largescale/sun/images/sun_bekmgbknsrunmall.jpg,default
images_largescale/sun/images/sun_bekrnorggacwdogs.jpg,default
images_largescale/sun/images/sun_bekuhdcfjqinijvc.jpg,default
images_largescale/sun/images/sun_bekxednqlooydeon.jpg,default
images_largescale/sun/images/sun_bekxzuayjekgbjcu.jpg,default
images_largescale/sun/images/sun_beleuqxdphydmwdj.jpg,default
images_largescale/sun/images/sun_belszmshjwdadpej.jpg,default
images_largescale/sun/images/sun_belxjhxathglocbv.jpg,default
images_largescale/sun/images/sun_belzfptetenbobfm.jpg,default
images_largescale/sun/images/sun_bemdqhujhebnfcoi.jpg,default
images_largescale/sun/images/sun_bemhmqcolfgxwdqj.jpg,default
images_largescale/sun/images/sun_bemjtjaeoyyntgzk.jpg,default
images_largescale/sun/images/sun_bemlsnwkpttatumu.jpg,default
images_largescale/sun/images/sun_bemnvlwctczkwycb.jpg,default
images_largescale/sun/images/sun_bempdhktyiimhhry.jpg,default
images_largescale/sun/images/sun_bemplgmjdmhdyskq.jpg,default
images_largescale/sun/images/sun_bemsdxrwwffzrabb.jpg,default
images_largescale/sun/images/sun_bemzfzonsfxgcwbg.jpg,default
images_largescale/sun/images/sun_bendbltndtestodg.jpg,default
images_largescale/sun/images/sun_benfetxfeupuohpe.jpg,default
images_largescale/sun/images/sun_benjidgitrzldlkw.jpg,default
images_largescale/sun/images/sun_benkuxzbvehzaqck.jpg,default
images_largescale/sun/images/sun_bennzssceodhjtsp.jpg,default
images_largescale/sun/images/sun_benvjyisancfngvq.jpg,default
images_largescale/sun/images/sun_beoddqlkshwcbxrk.jpg,default
images_largescale/sun/images/sun_beodijpqslswqlmc.jpg,default
images_largescale/sun/images/sun_beodjyjmbemtgjhe.jpg,default
images_largescale/sun/images/sun_beohzjlviqnbhmrz.jpg,default
images_largescale/sun/images/sun_beojfmjhmndlzqbo.jpg,default
images_largescale/sun/images/sun_beopakcnchiohqwu.jpg,default
images_largescale/sun/images/sun_beouyskryqexcelr.jpg,default
images_largescale/sun/images/sun_beovjooignxjfqgy.jpg,default
images_largescale/sun/images/sun_beowcraqcstwkifx.jpg,default
images_largescale/sun/images/sun_beoxmnpfkndyayxy.jpg,default
images_largescale/sun/images/sun_beoykvrdpwmvsojf.jpg,default
images_largescale/sun/images/sun_bepldefhuioqizsp.jpg,default
images_largescale/sun/images/sun_beppsinfyejjoxhz.jpg,default
images_largescale/sun/images/sun_beppyrikjpqttphn.jpg,default
images_largescale/sun/images/sun_bepwqxlkbxpiinsm.jpg,default
images_largescale/sun/images/sun_beqaddgqztiyxwlw.jpg,default
images_largescale/sun/images/sun_beqckrvpalymhzqd.jpg,default
images_largescale/sun/images/sun_beqeelodgssizlat.jpg,default
images_largescale/sun/images/sun_beqfqtsqpajggsis.jpg,default
images_largescale/sun/images/sun_beqlkzktbsuavozo.jpg,default
images_largescale/sun/images/sun_beqptapkjakznvuq.jpg,default
images_largescale/sun/images/sun_beqtstmbbooclrjx.jpg,default
images_largescale/sun/images/sun_beqwueebvqoptnkd.jpg,default
images_largescale/sun/images/sun_berhdhovmnfduswi.jpg,default
images_largescale/sun/images/sun_berqycjzqfqdufac.jpg,default
images_largescale/sun/images/sun_berwrtidjsfybcec.jpg,default
images_largescale/sun/images/sun_berxbwxwgbsqlzwu.jpg,default
images_largescale/sun/images/sun_berycvcbkisvibml.jpg,default
images_largescale/sun/images/sun_besaekvccktziazd.jpg,default
images_largescale/sun/images/sun_beseicqkavjlkgut.jpg,default
images_largescale/sun/images/sun_besixywqyyugvdrz.jpg,default
images_largescale/sun/images/sun_besopsbksfiljthn.jpg,default
images_largescale/sun/images/sun_besqlghtyvznsftq.jpg,default
images_largescale/sun/images/sun_besrxuwcrgbqetcu.jpg,default
images_largescale/sun/images/sun_besyteaxjciynciw.jpg,default
images_largescale/sun/images/sun_betenvxvczoydwwk.jpg,default
images_largescale/sun/images/sun_betlpkluatnfjtqw.jpg,default
images_largescale/sun/images/sun_betrhwthswnphwix.jpg,default
images_largescale/sun/images/sun_betvkvztmfigwmso.jpg,default
images_largescale/sun/images/sun_beudzcwlnlyqilto.jpg,default
images_largescale/sun/images/sun_beueihrogrfkaojy.jpg,default
images_largescale/sun/images/sun_beumodjtzbqoxhce.jpg,default
images_largescale/sun/images/sun_beumszouksnprjbc.jpg,default
images_largescale/sun/images/sun_beuusiaospirzuoi.jpg,default
images_largescale/sun/images/sun_beuywdtibjxifjvw.jpg,default
images_largescale/sun/images/sun_bevbjhrbkhgnqyun.jpg,default
images_largescale/sun/images/sun_bevcenekuxggkdaj.jpg,default
images_largescale/sun/images/sun_bevevmhpxguxrfbv.jpg,default
images_largescale/sun/images/sun_bevjdwnfcyseoqoo.jpg,default
images_largescale/sun/images/sun_bevncgpkkxckyxrc.jpg,default
images_largescale/sun/images/sun_bevnngsddlcfeiwb.jpg,default
images_largescale/sun/images/sun_bevudzoepcrjskws.jpg,default
images_largescale/sun/images/sun_bewaxdqpfvbfblkd.jpg,default
images_largescale/sun/images/sun_bewdcttzxlkaacxo.jpg,default
images_largescale/sun/images/sun_bewgbumdodjwgtgv.jpg,default
images_largescale/sun/images/sun_bewlahslhahuvzjt.jpg,default
images_largescale/sun/images/sun_bewobgtsvbuobuce.jpg,default
images_largescale/sun/images/sun_bewrxwsxorihryac.jpg,default
images_largescale/sun/images/sun_bexdqzgqahiggqzo.jpg,default
images_largescale/sun/images/sun_bexivfjvkkfpwxzh.jpg,default
images_largescale/sun/images/sun_bexiyirxwdmantvf.jpg,default
images_largescale/sun/images/sun_bexkpdpaovyqtprx.jpg,default
images_largescale/sun/images/sun_bextgvmcujdmplfg.jpg,default
images_largescale/sun/images/sun_beyghequvmzfsoqw.jpg,default
images_largescale/sun/images/sun_beyhehnyrjurckky.jpg,default
images_largescale/sun/images/sun_beyisochemkvbrqu.jpg,default
images_largescale/sun/images/sun_beyjnybbygaaonmh.jpg,default
images_largescale/sun/images/sun_beyldjsaiazvgwlb.jpg,default
images_largescale/sun/images/sun_beymsjkywdwqictt.jpg,default
images_largescale/sun/images/sun_beypwuxbvwfgsvck.jpg,default
images_largescale/sun/images/sun_beyqkdhbapysbwbv.jpg,default
images_largescale/sun/images/sun_beyxnsjrnbdhbesx.jpg,default
images_largescale/sun/images/sun_beyzinlitchmoklt.jpg,default
images_largescale/sun/images/sun_bezcogtfhjtrpbpf.jpg,default
images_largescale/sun/images/sun_bezgdcewzmyezmgd.jpg,default
images_largescale/sun/images/sun_bezkdstfgapdwcwg.jpg,default
images_largescale/sun/images/sun_bezmwlyvsecgxcsq.jpg,default
images_largescale/sun/images/sun_bezwbydcdrdlayqn.jpg,default
images_largescale/sun/images/sun_bezwbzjjsfqefbmr.jpg,default
images_largescale/sun/images/sun_bfacqjwmeipxtsdu.jpg,default
images_largescale/sun/images/sun_bfahyedyfqwvjxjd.jpg,default
images_largescale/sun/images/sun_bfasbzwcxsgcnxye.jpg,default
images_largescale/sun/images/sun_bfaszflkpeudylof.jpg,default
images_largescale/sun/images/sun_bfaumeacpdunykhn.jpg,default
images_largescale/sun/images/sun_bfayshqdgsookiqg.jpg,default
images_largescale/sun/images/sun_bfboszfakptkruzl.jpg,default
images_largescale/sun/images/sun_bfbpxrioefmbnmqs.jpg,default
images_largescale/sun/images/sun_bfcfbbkmzckdrxkx.jpg,default
images_largescale/sun/images/sun_bfclbxcfuzeabmmv.jpg,default
images_largescale/sun/images/sun_bfcltkgejykwomky.jpg,default
images_largescale/sun/images/sun_bfcmcwbnjxyamsbr.jpg,default
images_largescale/sun/images/sun_bfcnsxtpyztodzjy.jpg,default
images_largescale/sun/images/sun_bfcoxkatjvmddjan.jpg,default
images_largescale/sun/images/sun_bfcoxrrfwfxiveco.jpg,default
images_largescale/sun/images/sun_bfctwhwghmxkplgk.jpg,default
images_largescale/sun/images/sun_bfcuctqgjleygebb.jpg,default
images_largescale/sun/images/sun_bfcuseqfeavilace.jpg,default
images_largescale/sun/images/sun_bfczcbqeyforadgk.jpg,default
images_largescale/sun/images/sun_bfcznyjjveltrvmb.jpg,default
images_largescale/sun/images/sun_bfdelqqqwcjuynjq.jpg,default
images_largescale/sun/images/sun_bfdipntneuszomwh.jpg,default
images_largescale/sun/images/sun_bfdwgirrnsylhbyw.jpg,default
images_largescale/sun/images/sun_bfdznrtgnybgvohk.jpg,default
images_largescale/sun/images/sun_bfeimeerzlrrtlya.jpg,default
images_largescale/sun/images/sun_bferhjkjsnsvetuc.jpg,default
images_largescale/sun/images/sun_bfeviqaiwzihycrt.jpg,default
images_largescale/sun/images/sun_bfevjlsvqurxuxct.jpg,default
images_largescale/sun/images/sun_bfezkiathmvflrzs.jpg,default
images_largescale/sun/images/sun_bffbcvkupurepzae.jpg,default
images_largescale/sun/images/sun_bffswlnhnwvwfcvj.jpg,default
images_largescale/sun/images/sun_bffvoglcxkecmshf.jpg,default
images_largescale/sun/images/sun_bffyrcmewxrayqch.jpg,default
images_largescale/sun/images/sun_bfgaithaarhcjqiq.jpg,default
images_largescale/sun/images/sun_bfgblsxjifkcvgtg.jpg,default
images_largescale/sun/images/sun_bfgcpxqshzlwtziz.jpg,default
images_largescale/sun/images/sun_bfgdvyhmdnvitudm.jpg,default
images_largescale/sun/images/sun_bfgicszdflrgezlh.jpg,default
images_largescale/sun/images/sun_bfglymgpesbbhrpv.jpg,default
images_largescale/sun/images/sun_bfgxxrxaipjnlsie.jpg,default
images_largescale/sun/images/sun_bfgyyjqrotuxyaxm.jpg,default
images_largescale/sun/images/sun_bfgzuzycaycbmeko.jpg,default
images_largescale/sun/images/sun_bfhgzpofcxknmpox.jpg,default
images_largescale/sun/images/sun_bfhjmivmjvnaucrd.jpg,default
images_largescale/sun/images/sun_bfhkpkvnuiqxejrd.jpg,default
images_largescale/sun/images/sun_bfhonwmovczzfzva.jpg,default
images_largescale/sun/images/sun_bfhprinjloctstdf.jpg,default
images_largescale/sun/images/sun_bfhtnfcckhmmmbjs.jpg,default
images_largescale/sun/images/sun_bfieonihtbkirkym.jpg,default
images_largescale/sun/images/sun_bfifciawrubsakki.jpg,default
images_largescale/sun/images/sun_bfifhsqpfnwmhywl.jpg,default
images_largescale/sun/images/sun_bfijzcreyuihuhrj.jpg,default
images_largescale/sun/images/sun_bfikgviozyuozhvc.jpg,default
images_largescale/sun/images/sun_bfiovyoxudkenauq.jpg,default
images_largescale/sun/images/sun_bfitsolprxtujmld.jpg,default
images_largescale/sun/images/sun_bfiumrvwmeqypbkj.jpg,default
images_largescale/sun/images/sun_bfivovrihxubovkk.jpg,default
images_largescale/sun/images/sun_bfizxofsjflnvdga.jpg,default
images_largescale/sun/images/sun_bfjdkscvafzsdlpj.jpg,default
images_largescale/sun/images/sun_bfjfecetuwjlpgtk.jpg,default
images_largescale/sun/images/sun_bfjfuddzfboarscv.jpg,default
images_largescale/sun/images/sun_bfjmctfeqcgzfmco.jpg,default
images_largescale/sun/images/sun_bfjosmssdcpvgtig.jpg,default
images_largescale/sun/images/sun_bfjwlnvfzakqyevj.jpg,default
images_largescale/sun/images/sun_bfkglvlvqeqbqxxk.jpg,default
images_largescale/sun/images/sun_bfkhtqimdkotqcxr.jpg,default
images_largescale/sun/images/sun_bfkjwiparjsetthc.jpg,default
images_largescale/sun/images/sun_bfklrxpiokodhhus.jpg,default
images_largescale/sun/images/sun_bfkohjinrpnfckxl.jpg,default
images_largescale/sun/images/sun_bfkspnjiwzrtttxu.jpg,default
images_largescale/sun/images/sun_bfkyqellrdmqfmnf.jpg,default
images_largescale/sun/images/sun_bfljuneaqgzigcwv.jpg,default
images_largescale/sun/images/sun_bflkfucccjckfnux.jpg,default
images_largescale/sun/images/sun_bflpurrifjtqudae.jpg,default
images_largescale/sun/images/sun_bflturjnhzlhrmth.jpg,default
images_largescale/sun/images/sun_bflwrfoqybfbqfnn.jpg,default
images_largescale/sun/images/sun_bflyoqcugpnjcvvb.jpg,default
images_largescale/sun/images/sun_bfmavtmbfmutbcms.jpg,default
images_largescale/sun/images/sun_bfmhmrfewqpojtbj.jpg,default
images_largescale/sun/images/sun_bfmjnizsqizwjzht.jpg,default
images_largescale/sun/images/sun_bfmpslwdqiovqpgx.jpg,default
images_largescale/sun/images/sun_bfmpucpayezqyvhs.jpg,default
images_largescale/sun/images/sun_bfmytpfqnyozyrfk.jpg,default
images_largescale/sun/images/sun_bfndewtnifxbbjym.jpg,default
images_largescale/sun/images/sun_bfndrkoffwqpprlg.jpg,default
images_largescale/sun/images/sun_bfnkftgygesflalo.jpg,default
images_largescale/sun/images/sun_bfnobeogxvxjawun.jpg,default
images_largescale/sun/images/sun_bfnoedqmewhmopck.jpg,default
images_largescale/sun/images/sun_bfnohhiwzlgyijvx.jpg,default
images_largescale/sun/images/sun_bfnzwixdybiznrml.jpg,default
images_largescale/sun/images/sun_bfotovckuuxqorxt.jpg,default
images_largescale/sun/images/sun_bfoyuynoljnohpup.jpg,default
images_largescale/sun/images/sun_bfozjvdsmzmczafo.jpg,default
images_largescale/sun/images/sun_bfpagjvkivpomcps.jpg,default
images_largescale/sun/images/sun_bfpbzgwweedbtkoa.jpg,default
images_largescale/sun/images/sun_bfpgphrzsbeqlsrv.jpg,default
images_largescale/sun/images/sun_bfpjqnwfgnvpewty.jpg,default
images_largescale/sun/images/sun_bfpliuqzyxlljkmy.jpg,default
images_largescale/sun/images/sun_bfptvvkkrjfkwmss.jpg,default
images_largescale/sun/images/sun_bfpujwcrizwaiaxe.jpg,default
images_largescale/sun/images/sun_bfpvabrzdbgikrkm.jpg,default
images_largescale/sun/images/sun_bfqicolsryoclisf.jpg,default
images_largescale/sun/images/sun_bfqjdtgrahttqusy.jpg,default
images_largescale/sun/images/sun_bfqvyxtbphmgnxxj.jpg,default
images_largescale/sun/images/sun_bfqyroqlmcljofpm.jpg,default
images_largescale/sun/images/sun_bfrantmibrlwqowe.jpg,default
images_largescale/sun/images/sun_bfrlkwnfslkydaly.jpg,default
images_largescale/sun/images/sun_bfrrkwvvbtcgxxmn.jpg,default
images_largescale/sun/images/sun_bfrwiykoncfkfqtf.jpg,default
images_largescale/sun/images/sun_bfrykndaungqymlx.jpg,default
images_largescale/sun/images/sun_bfsedvznjajfvxbq.jpg,default
images_largescale/sun/images/sun_bfsroeazaidaoltr.jpg,default
images_largescale/sun/images/sun_bfstsgrfidnplnaj.jpg,default
images_largescale/sun/images/sun_bfsxkbhokuraqbns.jpg,default
images_largescale/sun/images/sun_bftgpraajzrmvwop.jpg,default
images_largescale/sun/images/sun_bftigmblffmkwbnr.jpg,default
images_largescale/sun/images/sun_bftimxmxlxykdozl.jpg,default
images_largescale/sun/images/sun_bftnxmzfspnrxegu.jpg,default
images_largescale/sun/images/sun_bftwiluyleufatic.jpg,default
images_largescale/sun/images/sun_bfubazsyxzcxnvtx.jpg,default
images_largescale/sun/images/sun_bfuohvyrfgldajax.jpg,default
images_largescale/sun/images/sun_bfuoinkozbbhqksk.jpg,default
images_largescale/sun/images/sun_bfurigkinamjktcr.jpg,default
images_largescale/sun/images/sun_bfuzdowmdomovhuc.jpg,default
images_largescale/sun/images/sun_bfvhqmbmqkgpkjbn.jpg,default
images_largescale/sun/images/sun_bfvmypjjmjxoydnj.jpg,default
images_largescale/sun/images/sun_bfvoxtvqrzafigme.jpg,default
images_largescale/sun/images/sun_bfvtfxwrvvinsmem.jpg,default
images_largescale/sun/images/sun_bfvtpfczkzopbgue.jpg,default
images_largescale/sun/images/sun_bfvwqwxcdcisdhss.jpg,default
images_largescale/sun/images/sun_bfvxyyqbcopsmkdl.jpg,default
images_largescale/sun/images/sun_bfvypuwhshqingck.jpg,default
images_largescale/sun/images/sun_bfwaqlumzayasqmc.jpg,default
images_largescale/sun/images/sun_bfwexemqjqxzjwea.jpg,default
images_largescale/sun/images/sun_bfwneeymmjfpjhai.jpg,default
images_largescale/sun/images/sun_bfxclcvdmndckszx.jpg,default
images_largescale/sun/images/sun_bfxhnznofjnlysre.jpg,default
images_largescale/sun/images/sun_bfxhwqffztmpyjwh.jpg,default
images_largescale/sun/images/sun_bfxlmkxyqziwbldh.jpg,default
images_largescale/sun/images/sun_bfxrzhwspffgwqyl.jpg,default
images_largescale/sun/images/sun_bfybdrsfxcvfnwwv.jpg,default
images_largescale/sun/images/sun_bfznwcoeaqhkdkcg.jpg,default
images_largescale/sun/images/sun_bfzobhldchczwarx.jpg,default
images_largescale/sun/images/sun_bfzqltenaltsampv.jpg,default
images_largescale/sun/images/sun_bgadqgrkcpmcyqxu.jpg,default
images_largescale/sun/images/sun_bgafwhzbyfnjyfus.jpg,default
images_largescale/sun/images/sun_bgaiqxsfgsdrqjaq.jpg,default
images_largescale/sun/images/sun_bgajyjtnvisnmrfr.jpg,default
images_largescale/sun/images/sun_bgaultglmcckyxtl.jpg,default
images_largescale/sun/images/sun_bgaxsnctwrnubxtj.jpg,default
images_largescale/sun/images/sun_bgazkhgbbvwpbflf.jpg,default
images_largescale/sun/images/sun_bgbdmmkvnagrrjtz.jpg,default
images_largescale/sun/images/sun_bgbjdvcvbejoeouy.jpg,default
images_largescale/sun/images/sun_bgbulbzhfqurfrcs.jpg,default
images_largescale/sun/images/sun_bgcdilrlpbqqultf.jpg,default
images_largescale/sun/images/sun_bgchhqpsdjqwmrcb.jpg,default
images_largescale/sun/images/sun_bgcmqstvwjkxlsjh.jpg,default
images_largescale/sun/images/sun_bgcpddqjfctasxrz.jpg,default
images_largescale/sun/images/sun_bgdaolhmuplyqvcd.jpg,default
images_largescale/sun/images/sun_bgdiwbmnodfhlrxg.jpg,default
images_largescale/sun/images/sun_bgdkfsmyoqznahnk.jpg,default
images_largescale/sun/images/sun_bgdlhkbtdisterhs.jpg,default
images_largescale/sun/images/sun_bgdqfpskndvqshgk.jpg,default
images_largescale/sun/images/sun_bgdtrlfgmmghntjv.jpg,default
images_largescale/sun/images/sun_bgdvyzsdypdmkckg.jpg,default
images_largescale/sun/images/sun_bgdwtgwjjfvzxmuc.jpg,default
images_largescale/sun/images/sun_bgebsfpoviggkdwk.jpg,default
images_largescale/sun/images/sun_bgefipxftrsfncrj.jpg,default
images_largescale/sun/images/sun_bgehpuigoqzwjnuw.jpg,default
images_largescale/sun/images/sun_bgejojvttluyffmk.jpg,default
images_largescale/sun/images/sun_bgelsouuhmemliht.jpg,default
images_largescale/sun/images/sun_bgeutxkjhkglitcq.jpg,default
images_largescale/sun/images/sun_bgeymjtbjwcikatg.jpg,default
images_largescale/sun/images/sun_bgfckqrdlrllesio.jpg,default
images_largescale/sun/images/sun_bgfefjiczmutwaqa.jpg,default
images_largescale/sun/images/sun_bgfhbwdmriflbqzp.jpg,default
images_largescale/sun/images/sun_bgfqobogfcfecvtc.jpg,default
images_largescale/sun/images/sun_bggimumtgjzqkdhe.jpg,default
images_largescale/sun/images/sun_bggiusguszesteho.jpg,default
images_largescale/sun/images/sun_bggkbsahglmdlvvo.jpg,default
images_largescale/sun/images/sun_bggoqozyzaivknyk.jpg,default
images_largescale/sun/images/sun_bggqeoarlosxsols.jpg,default
images_largescale/sun/images/sun_bghjlnwisvjjpfah.jpg,default
images_largescale/sun/images/sun_bghmnwbenhmpdsqh.jpg,default
images_largescale/sun/images/sun_bghtgyhiabjhvxep.jpg,default
images_largescale/sun/images/sun_bghuugrssxlpepdg.jpg,default
images_largescale/sun/images/sun_bghxigcmvqzaztlv.jpg,default
images_largescale/sun/images/sun_bghzhxrvjwaxrxxu.jpg,default
images_largescale/sun/images/sun_bghzzgqneplxqwrs.jpg,default
images_largescale/sun/images/sun_bgiaixjlwvsvcfpf.jpg,default
images_largescale/sun/images/sun_bgicbxhtgjnsbimm.jpg,default
images_largescale/sun/images/sun_bgijcmrltsxjcwwa.jpg,default
images_largescale/sun/images/sun_bgipdkpovnqrcsgh.jpg,default
images_largescale/sun/images/sun_bgiqmbajmbbfggjq.jpg,default
images_largescale/sun/images/sun_bgiwbiydtbyqckoq.jpg,default
images_largescale/sun/images/sun_bgiyzytilprmoztk.jpg,default
images_largescale/sun/images/sun_bgjbtqziovkvxyqp.jpg,default
images_largescale/sun/images/sun_bgjctipxhtmkvnmw.jpg,default
images_largescale/sun/images/sun_bgjjetoxxuczbaan.jpg,default
images_largescale/sun/images/sun_bgjlodativrzqdij.jpg,default
images_largescale/sun/images/sun_bgjlvqogdmgvhiwi.jpg,default
images_largescale/sun/images/sun_bgjmxltrgnbpzvob.jpg,default
images_largescale/sun/images/sun_bgjnfwpwcehtyqmw.jpg,default
images_largescale/sun/images/sun_bgjrfuxxcwocdmqt.jpg,default
images_largescale/sun/images/sun_bgjwmwyktbyoiumh.jpg,default
images_largescale/sun/images/sun_bgkazmikqpviiqhw.jpg,default
images_largescale/sun/images/sun_bgkchvqkeudqeifb.jpg,default
images_largescale/sun/images/sun_bgkcnppnuaenfqik.jpg,default
images_largescale/sun/images/sun_bgkgjmhhyqowlmdm.jpg,default
images_largescale/sun/images/sun_bgkqopupqtdgedfx.jpg,default
images_largescale/sun/images/sun_bgkxcntwdttmibdo.jpg,default
images_largescale/sun/images/sun_bgldkgurotkwlbyr.jpg,default
images_largescale/sun/images/sun_bgljoorbdyvrmzct.jpg,default
images_largescale/sun/images/sun_bglojtticlvlvbmu.jpg,default
images_largescale/sun/images/sun_bglrepqrmrfqcola.jpg,default
images_largescale/sun/images/sun_bglsohqddackbnny.jpg,default
images_largescale/sun/images/sun_bglxbjbriyasadjz.jpg,default
images_largescale/sun/images/sun_bgmaejhatbkcmuhn.jpg,default
images_largescale/sun/images/sun_bgmgihamcjawuvxw.jpg,default
images_largescale/sun/images/sun_bgmhznufwrnnqfse.jpg,default
images_largescale/sun/images/sun_bgmmxuazyvngzuvv.jpg,default
images_largescale/sun/images/sun_bgmntihefverizvq.jpg,default
images_largescale/sun/images/sun_bgmqnyttabwpodxz.jpg,default
images_largescale/sun/images/sun_bgmrmrntagrndult.jpg,default
images_largescale/sun/images/sun_bgmtytqyvzstumht.jpg,default
images_largescale/sun/images/sun_bgmublltybalairx.jpg,default
images_largescale/sun/images/sun_bgmvpinjmjrumwdx.jpg,default
images_largescale/sun/images/sun_bgmxahbodgzvlkml.jpg,default
images_largescale/sun/images/sun_bgmylyaviikfuowd.jpg,default
images_largescale/sun/images/sun_bgmzqbimqpuzjfyg.jpg,default
images_largescale/sun/images/sun_bgmzrgigiokkwetw.jpg,default
images_largescale/sun/images/sun_bgnarkcracmlnlhn.jpg,default
images_largescale/sun/images/sun_bgnemhxqttialhay.jpg,default
images_largescale/sun/images/sun_bgnrtccxffxbnijx.jpg,default
images_largescale/sun/images/sun_bgnxbfhmwhliypvg.jpg,default
images_largescale/sun/images/sun_bgnzdajqkeganqeb.jpg,default
images_largescale/sun/images/sun_bgoeawgklkgrtmbs.jpg,default
images_largescale/sun/images/sun_bgohpcohnvmpdbgp.jpg,default
images_largescale/sun/images/sun_bgopceyjfdbuxkai.jpg,default
images_largescale/sun/images/sun_bgoujiojmdfvjllh.jpg,default
images_largescale/sun/images/sun_bgoxaajztfppthlc.jpg,default
images_largescale/sun/images/sun_bgoxuyhyugwuuekn.jpg,default
images_largescale/sun/images/sun_bgpfzncwgubruhjm.jpg,default
images_largescale/sun/images/sun_bgpmylpbaddmkupf.jpg,default
images_largescale/sun/images/sun_bgpvvtxbnihghabx.jpg,default
images_largescale/sun/images/sun_bgqeglojxduwbyor.jpg,default
images_largescale/sun/images/sun_bgqeraovtxaskjrh.jpg,default
images_largescale/sun/images/sun_bgqozdroymzeyqsq.jpg,default
images_largescale/sun/images/sun_bgqvkdftekbuirar.jpg,default
images_largescale/sun/images/sun_bgqvngusuffpnkst.jpg,default
images_largescale/sun/images/sun_bgqympushcnntmfc.jpg,default
images_largescale/sun/images/sun_bgrlwjxhckhknrcf.jpg,default
images_largescale/sun/images/sun_bgrvwhpqdikqrokh.jpg,default
images_largescale/sun/images/sun_bgrzwmrbfgqrskcp.jpg,default
images_largescale/sun/images/sun_bgscphejyczmybvg.jpg,default
images_largescale/sun/images/sun_bgsfdtxqlxwrcpec.jpg,default
images_largescale/sun/images/sun_bgsgdlaptjileliy.jpg,default
images_largescale/sun/images/sun_bgsiavbhhndunfvc.jpg,default
images_largescale/sun/images/sun_bgsidjaakxyijmqc.jpg,default
images_largescale/sun/images/sun_bgstcoefrnirxnbg.jpg,default
images_largescale/sun/images/sun_bgtbtpcrimkdgawj.jpg,default
images_largescale/sun/images/sun_bgtcjxmkreqkofmr.jpg,default
images_largescale/sun/images/sun_bgtcsoutgfoqygec.jpg,default
images_largescale/sun/images/sun_bgtrgfqedqnklwqf.jpg,default
images_largescale/sun/images/sun_bgtsspgohiofvcys.jpg,default
images_largescale/sun/images/sun_bgtvsxmrsyezulio.jpg,default
images_largescale/sun/images/sun_bgtyowsqallenfwb.jpg,default
images_largescale/sun/images/sun_bgudaktqbpkgxxhn.jpg,default
images_largescale/sun/images/sun_bgudtzrorllapyyr.jpg,default
images_largescale/sun/images/sun_bguivurwrkqopafi.jpg,default
images_largescale/sun/images/sun_bgujsndhzwpfelya.jpg,default
images_largescale/sun/images/sun_bguksijxdepvbfrn.jpg,default
images_largescale/sun/images/sun_bgulafiqznlkwxce.jpg,default
images_largescale/sun/images/sun_bgutzltbnkgffhnm.jpg,default
images_largescale/sun/images/sun_bgvfkeligullefpl.jpg,default
images_largescale/sun/images/sun_bgvkztdpwdffdmwk.jpg,default
images_largescale/sun/images/sun_bgvltooxfpftsrmg.jpg,default
images_largescale/sun/images/sun_bgvzsposoadifjzc.jpg,default
images_largescale/sun/images/sun_bgwdhrnqpqambofu.jpg,default
images_largescale/sun/images/sun_bgwdwaeuakbmuxeg.jpg,default
images_largescale/sun/images/sun_bgwjmsswodzxvwax.jpg,default
images_largescale/sun/images/sun_bgwuazzbtfciqswo.jpg,default
images_largescale/sun/images/sun_bgwwozesajjoecuf.jpg,default
images_largescale/sun/images/sun_bgwxwaqwjbfiykjd.jpg,default
images_largescale/sun/images/sun_bgwyvyfhizerdwmw.jpg,default
images_largescale/sun/images/sun_bgxdivhitpqnkgdr.jpg,default
images_largescale/sun/images/sun_bgxdpfaslafhprgy.jpg,default
images_largescale/sun/images/sun_bgxedhqsbjbhghhs.jpg,default
images_largescale/sun/images/sun_bgxjfngkckfyolru.jpg,default
images_largescale/sun/images/sun_bgxrngdrzorehqia.jpg,default
images_largescale/sun/images/sun_bgymyvnyftynbzrg.jpg,default
images_largescale/sun/images/sun_bgyozsbhauksryns.jpg,default
images_largescale/sun/images/sun_bgyptgctcdklwaci.jpg,default
images_largescale/sun/images/sun_bgyqnqmpcgavmnfe.jpg,default
images_largescale/sun/images/sun_bgyrzgbpswqopvgk.jpg,default
images_largescale/sun/images/sun_bgyrzisrcotqqmnp.jpg,default
images_largescale/sun/images/sun_bgytxbpfpvuucsqg.jpg,default
images_largescale/sun/images/sun_bgyxsjgyglxbwmpu.jpg,default
images_largescale/sun/images/sun_bgyxtmzfufmlrhhg.jpg,default
images_largescale/sun/images/sun_bgyzfelggzowigsd.jpg,default
images_largescale/sun/images/sun_bgzbzpruspmwbcxx.jpg,default
images_largescale/sun/images/sun_bgzixwppzhhptgcn.jpg,default
images_largescale/sun/images/sun_bgzneawkswgemdpo.jpg,default
images_largescale/sun/images/sun_bgzolpelhrakbxix.jpg,default
images_largescale/sun/images/sun_bgzsjiqyoyxibzxi.jpg,default
images_largescale/sun/images/sun_bgzsldlptevfxyni.jpg,default
images_largescale/sun/images/sun_bgztzvauuasqkzte.jpg,default
images_largescale/sun/images/sun_bgzwkgyoowohmrrr.jpg,default
images_largescale/sun/images/sun_bgzwzhdhtxdbnpdl.jpg,default
images_largescale/sun/images/sun_bgzxjwmmyuqvhhqv.jpg,default
images_largescale/sun/images/sun_bhabnuhcdactdsru.jpg,default
images_largescale/sun/images/sun_bhafdggiojetbder.jpg,default
images_largescale/sun/images/sun_bhalryhebjzjgoae.jpg,default
images_largescale/sun/images/sun_bhausucvxcesbhmt.jpg,default
images_largescale/sun/images/sun_bhberutafzpfetjb.jpg,default
images_largescale/sun/images/sun_bhbgiiinnsmrancm.jpg,default
images_largescale/sun/images/sun_bhbkrscxfkuqttan.jpg,default
images_largescale/sun/images/sun_bhblefrromawiqvx.jpg,default
images_largescale/sun/images/sun_bhbmfufviwifqsic.jpg,default
images_largescale/sun/images/sun_bhbqnxyvfjyixmhi.jpg,default
images_largescale/sun/images/sun_bhbyiwjwlfadwfap.jpg,default
images_largescale/sun/images/sun_bhbzthjpsovewarj.jpg,default
images_largescale/sun/images/sun_bhcjdgcvabinrlrr.jpg,default
images_largescale/sun/images/sun_bhculotmxagjlyya.jpg,default
images_largescale/sun/images/sun_bhcwrdukiwxhwbqw.jpg,default
images_largescale/sun/images/sun_bhcyfowdpwgnmvls.jpg,default
images_largescale/sun/images/sun_bhczjtvnuhhqeaxg.jpg,default
images_largescale/sun/images/sun_bhczjvotxbipnfwt.jpg,default
images_largescale/sun/images/sun_bhdfhjaiekcwzeqy.jpg,default
images_largescale/sun/images/sun_bhdmcrpctauhppeh.jpg,default
images_largescale/sun/images/sun_bhdprkhllyhcwnmp.jpg,default
images_largescale/sun/images/sun_bheftgszthafmmjz.jpg,default
images_largescale/sun/images/sun_bheiqhmsbkusjmrl.jpg,default
images_largescale/sun/images/sun_bhellbikxvhzypse.jpg,default
images_largescale/sun/images/sun_bhelqqtcupofwdrt.jpg,default
images_largescale/sun/images/sun_bheofdzsilmnczwt.jpg,default
images_largescale/sun/images/sun_bhepxxkfwcoeehoz.jpg,default
images_largescale/sun/images/sun_bhetockzykleiiin.jpg,default
images_largescale/sun/images/sun_bhetuxiemtdqvsbq.jpg,default
images_largescale/sun/images/sun_bhfabkyvizapiykq.jpg,default
images_largescale/sun/images/sun_bhgcxxditbshkpdi.jpg,default
images_largescale/sun/images/sun_bhgevpydnwavgnbk.jpg,default
images_largescale/sun/images/sun_bhgiqidynipqvopx.jpg,default
images_largescale/sun/images/sun_bhgiruprvwaplvsh.jpg,default
images_largescale/sun/images/sun_bhglmyggkstphqip.jpg,default
images_largescale/sun/images/sun_bhgolfyvplllhymw.jpg,default
images_largescale/sun/images/sun_bhhcvpgzilwxsvns.jpg,default
images_largescale/sun/images/sun_bhhpfpbaslcdcqgf.jpg,default
images_largescale/sun/images/sun_bhhsbfidpypqsjgc.jpg,default
images_largescale/sun/images/sun_bhhzvumzbnorffdt.jpg,default
images_largescale/sun/images/sun_bhimdcsskivemath.jpg,default
images_largescale/sun/images/sun_bhiosdudmxevwdlc.jpg,default
images_largescale/sun/images/sun_bhiqjqnusduvnbvx.jpg,default
images_largescale/sun/images/sun_bhismidfdoxfzsxj.jpg,default
images_largescale/sun/images/sun_bhivcddysydbpnsk.jpg,default
images_largescale/sun/images/sun_bhivjmvnoxryoozg.jpg,default
images_largescale/sun/images/sun_bhizexfmqmhdujtw.jpg,default
images_largescale/sun/images/sun_bhizxrsqlchryhhv.jpg,default
images_largescale/sun/images/sun_bhjayvynjnzeqkie.jpg,default
images_largescale/sun/images/sun_bhjbuafsyxgtkbuj.jpg,default
images_largescale/sun/images/sun_bhjkrjdozhevwkfc.jpg,default
images_largescale/sun/images/sun_bhjrmuyathyzywbh.jpg,default
images_largescale/sun/images/sun_bhjurotycrbzmlrr.jpg,default
images_largescale/sun/images/sun_bhkastoilikjmcmx.jpg,default
images_largescale/sun/images/sun_bhkeskgweruomgdg.jpg,default
images_largescale/sun/images/sun_bhkilidhnuzrfdoc.jpg,default
images_largescale/sun/images/sun_bhkktatguorxmrnr.jpg,default
images_largescale/sun/images/sun_bhkmyxmuupixlpqh.jpg,default
images_largescale/sun/images/sun_bhkwyfbsiwcbqeyk.jpg,default
images_largescale/sun/images/sun_bhldffyscnkepznv.jpg,default
images_largescale/sun/images/sun_bhludywxdvjztvtz.jpg,default
images_largescale/sun/images/sun_bhlugtxwagydpqdu.jpg,default
images_largescale/sun/images/sun_bhlzdkqwmynhehxj.jpg,default
images_largescale/sun/images/sun_bhmdbinavwwssvzl.jpg,default
images_largescale/sun/images/sun_bhmdgmlrsjhksmmg.jpg,default
images_largescale/sun/images/sun_bhmlgxitzjdlmfzz.jpg,default
images_largescale/sun/images/sun_bhmycohdkioefoxs.jpg,default
images_largescale/sun/images/sun_bhngkagstdbyptdr.jpg,default
images_largescale/sun/images/sun_bhnmkusafcfnksef.jpg,default
images_largescale/sun/images/sun_bhntgvnxdpwnnqmf.jpg,default
images_largescale/sun/images/sun_bhnznprnmgkcemfl.jpg,default
images_largescale/sun/images/sun_bhobsqrpjniewlor.jpg,default
images_largescale/sun/images/sun_bhocbrrtckxehnsm.jpg,default
images_largescale/sun/images/sun_bhogfpbegerfiyty.jpg,default
images_largescale/sun/images/sun_bhosfrklfnifqdtj.jpg,default
images_largescale/sun/images/sun_bhpefxwehjeeuroq.jpg,default
images_largescale/sun/images/sun_bhpgrcktsmnsltql.jpg,default
images_largescale/sun/images/sun_bhpsjilpsodbudur.jpg,default
images_largescale/sun/images/sun_bhpyqjjzimgcxjhv.jpg,default
images_largescale/sun/images/sun_bhqhjsogneubqcea.jpg,default
images_largescale/sun/images/sun_bhqnwmgrdffokhvp.jpg,default
images_largescale/sun/images/sun_bhqumfxtsypzisnh.jpg,default
images_largescale/sun/images/sun_bhqylwsmkkekgvio.jpg,default
images_largescale/sun/images/sun_bhribroenyyculkx.jpg,default
images_largescale/sun/images/sun_bhrkqjcudmueydui.jpg,default
images_largescale/sun/images/sun_bhrmnsqcaphhmzis.jpg,default
images_largescale/sun/images/sun_bhrpukfhvmtkkxlw.jpg,default
images_largescale/sun/images/sun_bhrrrkffhjsdtrtl.jpg,default
images_largescale/sun/images/sun_bhsdglgmgybvxhls.jpg,default
images_largescale/sun/images/sun_bhskiqsnuymfuhap.jpg,default
images_largescale/sun/images/sun_bhspxpvthtfwplib.jpg,default
images_largescale/sun/images/sun_bhsrbwjczgxwjdyu.jpg,default
images_largescale/sun/images/sun_bhsrvskaandiujjw.jpg,default
images_largescale/sun/images/sun_bhssvbppgnnbjhst.jpg,default
images_largescale/sun/images/sun_bhthfajnvhgjbiqz.jpg,default
images_largescale/sun/images/sun_bhthkorpvbmytwtr.jpg,default
images_largescale/sun/images/sun_bhtifgukzvueqklc.jpg,default
images_largescale/sun/images/sun_bhtjutyciamzamkv.jpg,default
images_largescale/sun/images/sun_bhtpgefcwsokicxv.jpg,default
images_largescale/sun/images/sun_bhtrkysiuzntfkyv.jpg,default
images_largescale/sun/images/sun_bhttlhbqrbkqrozl.jpg,default
images_largescale/sun/images/sun_bhtuutqvtlypnhct.jpg,default
images_largescale/sun/images/sun_bhtuydtmnjlwvcjg.jpg,default
images_largescale/sun/images/sun_bhtvpvsexgxujtel.jpg,default
images_largescale/sun/images/sun_bhtwpvjtqbjyhzox.jpg,default
images_largescale/sun/images/sun_bhtzlfresphagrgm.jpg,default
images_largescale/sun/images/sun_bhudkgzmmubfsddk.jpg,default
images_largescale/sun/images/sun_bhueajdakwecddnm.jpg,default
images_largescale/sun/images/sun_bhukzmljlbseevjb.jpg,default
images_largescale/sun/images/sun_bhumgozeosrwabnj.jpg,default
images_largescale/sun/images/sun_bhuwsjihkzafkbeg.jpg,default
images_largescale/sun/images/sun_bhvczmxhjebxnqve.jpg,default
images_largescale/sun/images/sun_bhveazfmzdizpzvc.jpg,default
images_largescale/sun/images/sun_bhvhbyanflpwvpzd.jpg,default
images_largescale/sun/images/sun_bhvnrysxrhqgdrrm.jpg,default
images_largescale/sun/images/sun_bhvoexxajvyzqlfh.jpg,default
images_largescale/sun/images/sun_bhvpbhuefakiaiao.jpg,default
images_largescale/sun/images/sun_bhvqjkyhoquybgfe.jpg,default
images_largescale/sun/images/sun_bhvuqwhhdrfmwhjd.jpg,default
images_largescale/sun/images/sun_bhvuxfjrylpruwls.jpg,default
images_largescale/sun/images/sun_bhvwwvrjsmjqbyuy.jpg,default
images_largescale/sun/images/sun_bhvwxzkdwlqveixh.jpg,default
images_largescale/sun/images/sun_bhvwzrpamotxkrgs.jpg,default
images_largescale/sun/images/sun_bhwcxdrfinabwbpi.jpg,default
images_largescale/sun/images/sun_bhwfympevpvsbntq.jpg,default
images_largescale/sun/images/sun_bhwmdsmcpomvprxp.jpg,default
images_largescale/sun/images/sun_bhwnukbgnueyvgau.jpg,default
images_largescale/sun/images/sun_bhwxibrrxknwmiop.jpg,default
images_largescale/sun/images/sun_bhwxzugrqnmvssfo.jpg,default
images_largescale/sun/images/sun_bhxebzdkhofoitot.jpg,default
images_largescale/sun/images/sun_bhxfywrxksxvorua.jpg,default
images_largescale/sun/images/sun_bhxgenfqjcmpmbcx.jpg,default
images_largescale/sun/images/sun_bhxjtbdhuqerxvze.jpg,default
images_largescale/sun/images/sun_bhxkuduxczonwtsl.jpg,default
images_largescale/sun/images/sun_bhxmtrxxgpcbeeta.jpg,default
images_largescale/sun/images/sun_bhxmueafrhwxznsw.jpg,default
images_largescale/sun/images/sun_bhxpvjkamaehzhfg.jpg,default
images_largescale/sun/images/sun_bhxwftapogouhaja.jpg,default
images_largescale/sun/images/sun_bhyhrogulzgdnynk.jpg,default
images_largescale/sun/images/sun_bhyiayaeovsjllme.jpg,default
images_largescale/sun/images/sun_bhymujixfdfgxfvn.jpg,default
images_largescale/sun/images/sun_bhynbsihboolpzml.jpg,default
images_largescale/sun/images/sun_bhynyyyccpksgwiv.jpg,default
images_largescale/sun/images/sun_bhyozuinivymxiae.jpg,default
images_largescale/sun/images/sun_bhzejixdeqdnoqql.jpg,default
images_largescale/sun/images/sun_bhzmtmmutshmjayu.jpg,default
images_largescale/sun/images/sun_bhzptrurkjdbbqrs.jpg,default
images_largescale/sun/images/sun_biaagwvvtbnxdnos.jpg,default
images_largescale/sun/images/sun_biaeuvjdxakjrhpq.jpg,default
images_largescale/sun/images/sun_biafqohjpvsdffgx.jpg,default
images_largescale/sun/images/sun_biajzyfioqefwzhb.jpg,default
images_largescale/sun/images/sun_biamsayfqfekzaya.jpg,default
images_largescale/sun/images/sun_biaqgxthsrnpkrgk.jpg,default
images_largescale/sun/images/sun_bibktlulujatjhgh.jpg,default
images_largescale/sun/images/sun_bibmpsqbgzqmxpae.jpg,default
images_largescale/sun/images/sun_bibqovbidkysxelg.jpg,default
images_largescale/sun/images/sun_bibrsevsbtkwkavy.jpg,default
images_largescale/sun/images/sun_bibtxyucisbwwzwr.jpg,default
images_largescale/sun/images/sun_bicjllnuawobmoxk.jpg,default
images_largescale/sun/images/sun_bicjveyguayuuepk.jpg,default
images_largescale/sun/images/sun_biclmmlgmotxrzkh.jpg,default
images_largescale/sun/images/sun_bicsaxjkakqdpsas.jpg,default
images_largescale/sun/images/sun_bidiryykvgyymftf.jpg,default
images_largescale/sun/images/sun_biebzssguuejjujo.jpg,default
images_largescale/sun/images/sun_biehunpxexdnebcl.jpg,default
images_largescale/sun/images/sun_bieigixhnmfefuxv.jpg,default
images_largescale/sun/images/sun_bieldnxipwgejuin.jpg,default
images_largescale/sun/images/sun_biequpropjqynvxh.jpg,default
images_largescale/sun/images/sun_bietielemykgswtk.jpg,default
images_largescale/sun/images/sun_bietsivrpgqxtnmg.jpg,default
images_largescale/sun/images/sun_bieubuwceahatwug.jpg,default
images_largescale/sun/images/sun_biewsknlfkpuavdb.jpg,default
images_largescale/sun/images/sun_bieydxdarbvfupbf.jpg,default
images_largescale/sun/images/sun_biezpsrnszrneyrb.jpg,default
images_largescale/sun/images/sun_bifavmhukaftyfyu.jpg,default
images_largescale/sun/images/sun_bifbemzvwujguvfx.jpg,default
images_largescale/sun/images/sun_bifeafaphsqyestb.jpg,default
images_largescale/sun/images/sun_bifgjslhdibombqx.jpg,default
images_largescale/sun/images/sun_biflwwnfratbiiwl.jpg,default
images_largescale/sun/images/sun_biftlrsleezuzufa.jpg,default
images_largescale/sun/images/sun_bigbcusebrficlfd.jpg,default
images_largescale/sun/images/sun_bigcyqonjnbuavij.jpg,default
images_largescale/sun/images/sun_bigdbrahtytyqlfo.jpg,default
images_largescale/sun/images/sun_bigewiepmpbyjjif.jpg,default
images_largescale/sun/images/sun_bigfobsqfstpchxx.jpg,default
images_largescale/sun/images/sun_bigmowatguregzuw.jpg,default
images_largescale/sun/images/sun_bigmxpfnhdpemync.jpg,default
images_largescale/sun/images/sun_bignsrwfdpcgjbbx.jpg,default
images_largescale/sun/images/sun_bigqvfdxpslzwlyy.jpg,default
images_largescale/sun/images/sun_bigyiwyihnpodomh.jpg,default
images_largescale/sun/images/sun_bigzatlfxwpsupvm.jpg,default
images_largescale/sun/images/sun_bihuzcywodscnadc.jpg,default
images_largescale/sun/images/sun_biikiiyijjggcofo.jpg,default
images_largescale/sun/images/sun_biisxxclmotzruof.jpg,default
images_largescale/sun/images/sun_biiykbogyermqewn.jpg,default
images_largescale/sun/images/sun_biiyttgbsgphougg.jpg,default
images_largescale/sun/images/sun_bijasvfnbgchmndj.jpg,default
images_largescale/sun/images/sun_bijfhocqngxtvisj.jpg,default
images_largescale/sun/images/sun_bijmognxdxxjrthv.jpg,default
images_largescale/sun/images/sun_bijupuhmvzuzujtk.jpg,default
images_largescale/sun/images/sun_bijwwmgzrhuguuha.jpg,default
images_largescale/sun/images/sun_bikfofuicyqkgowj.jpg,default
images_largescale/sun/images/sun_bikfozpaxmltwxkv.jpg,default
images_largescale/sun/images/sun_bikhtfknkdmaruqk.jpg,default
images_largescale/sun/images/sun_biknomolzxnulbon.jpg,default
images_largescale/sun/images/sun_bikpnsmvdoeqwarj.jpg,default
images_largescale/sun/images/sun_bikqrdbjlewabdni.jpg,default
images_largescale/sun/images/sun_biktcfepfckfapfb.jpg,default
images_largescale/sun/images/sun_bikuduvmzhxjnuhf.jpg,default
images_largescale/sun/images/sun_bikxpngddkwfopyz.jpg,default
images_largescale/sun/images/sun_bilhgpjyeadwyhrf.jpg,default
images_largescale/sun/images/sun_biliuhcighmneavy.jpg,default
images_largescale/sun/images/sun_biljvhzjraqosaxb.jpg,default
images_largescale/sun/images/sun_bimbreqjkywveice.jpg,default
images_largescale/sun/images/sun_bimpjpllwsldbnoz.jpg,default
images_largescale/sun/images/sun_bimvdolwsgwxrile.jpg,default
images_largescale/sun/images/sun_bindqdxaukpxqhhx.jpg,default
images_largescale/sun/images/sun_binhpaaclkuirlcz.jpg,default
images_largescale/sun/images/sun_binhtwukkgiwzahz.jpg,default
images_largescale/sun/images/sun_binpqoalfsqkxogl.jpg,default
images_largescale/sun/images/sun_binuwxbifgwaeqtw.jpg,default
images_largescale/sun/images/sun_bioizsmryxlratmt.jpg,default
images_largescale/sun/images/sun_biooeoxxpwzatfxn.jpg,default
images_largescale/sun/images/sun_biopsninhklijadj.jpg,default
images_largescale/sun/images/sun_biotdxtxpqjxgcin.jpg,default
images_largescale/sun/images/sun_biozxhxgtfrmoagh.jpg,default
images_largescale/sun/images/sun_bipahzgxhkdbmmrj.jpg,default
images_largescale/sun/images/sun_bipefuiutdhqthlp.jpg,default
images_largescale/sun/images/sun_bipeqqwjnszxjbqd.jpg,default
images_largescale/sun/images/sun_bipfvzjxidsdpjjr.jpg,default
images_largescale/sun/images/sun_bipgqmjxocynqhfo.jpg,default
images_largescale/sun/images/sun_bipltgygufcaxdtp.jpg,default
images_largescale/sun/images/sun_bipoigeomftmzzxa.jpg,default
images_largescale/sun/images/sun_bipojbbqfztecorq.jpg,default
images_largescale/sun/images/sun_bipovqlyjffiqssa.jpg,default
images_largescale/sun/images/sun_bipqxwanhsjssyzq.jpg,default
images_largescale/sun/images/sun_biprnokhuglvococ.jpg,default
images_largescale/sun/images/sun_bipyedlzueushdzu.jpg,default
images_largescale/sun/images/sun_biqexkmmayuninsd.jpg,default
images_largescale/sun/images/sun_biqhrevmtnevgruo.jpg,default
images_largescale/sun/images/sun_biqivvudcrvqfaen.jpg,default
images_largescale/sun/images/sun_biqkpmsxhnrvsuwh.jpg,default
images_largescale/sun/images/sun_biqmabkmyhrrasmc.jpg,default
images_largescale/sun/images/sun_biqxliegdlvddmmz.jpg,default
images_largescale/sun/images/sun_birailhtdwurkwef.jpg,default
images_largescale/sun/images/sun_birayexifqzkzzqc.jpg,default
images_largescale/sun/images/sun_birbwwpwtfeczupo.jpg,default
images_largescale/sun/images/sun_birgtjgkuuanpoif.jpg,default
images_largescale/sun/images/sun_birhrlqqqofqqihg.jpg,default
images_largescale/sun/images/sun_birjrgxyjrzhdrng.jpg,default
images_largescale/sun/images/sun_birpnzaqbjpkflna.jpg,default
images_largescale/sun/images/sun_birzjkswnrkcieqk.jpg,default
images_largescale/sun/images/sun_birzszedoluaeguc.jpg,default
images_largescale/sun/images/sun_bisstrmpmfeutcph.jpg,default
images_largescale/sun/images/sun_bisuwkolqtizprrr.jpg,default
images_largescale/sun/images/sun_bisuxdduukaxranb.jpg,default
images_largescale/sun/images/sun_biswkjoymayvkxvj.jpg,default
images_largescale/sun/images/sun_bitacwizpgjmhuge.jpg,default
images_largescale/sun/images/sun_bitcnwaoudlgbzcc.jpg,default
images_largescale/sun/images/sun_bitkzqsacqpbgras.jpg,default
images_largescale/sun/images/sun_bitodgqflfykstrr.jpg,default
images_largescale/sun/images/sun_bitolwmacaskqfrb.jpg,default
images_largescale/sun/images/sun_bitthgjsriytrvac.jpg,default
images_largescale/sun/images/sun_bitvbhevbkjlnbqw.jpg,default
images_largescale/sun/images/sun_bitycrbczcpedcps.jpg,default
images_largescale/sun/images/sun_biucgkuylirkuffu.jpg,default
images_largescale/sun/images/sun_biugjdqyvmabxoba.jpg,default
images_largescale/sun/images/sun_biuusvkifbeohkjb.jpg,default
images_largescale/sun/images/sun_biuwsylhrnnynvlf.jpg,default
images_largescale/sun/images/sun_biuxjkewfazzuedg.jpg,default
images_largescale/sun/images/sun_bivbusjkbvhxhkwm.jpg,default
images_largescale/sun/images/sun_bivjjljmctthtucw.jpg,default
images_largescale/sun/images/sun_bivnyaeygdvfnnyk.jpg,default
images_largescale/sun/images/sun_bivunyvwzlwwijgg.jpg,default
images_largescale/sun/images/sun_biwakokoyccrzpsj.jpg,default
images_largescale/sun/images/sun_biwhlemizthotcmr.jpg,default
images_largescale/sun/images/sun_biwhwjzikspmawsq.jpg,default
images_largescale/sun/images/sun_biwjtjbrkjosclay.jpg,default
images_largescale/sun/images/sun_biwnmlikkpckxnxe.jpg,default
images_largescale/sun/images/sun_biwvjmgxaeknkdrg.jpg,default
images_largescale/sun/images/sun_biwvorcmzllmlniq.jpg,default
images_largescale/sun/images/sun_biwvwqvffxagxbpb.jpg,default
images_largescale/sun/images/sun_biwxctcpdxfsnaoz.jpg,default
images_largescale/sun/images/sun_biwxsrfklrfwhozj.jpg,default
images_largescale/sun/images/sun_bixasebieqyajhpk.jpg,default
images_largescale/sun/images/sun_bixdjcaizgdvwqeb.jpg,default
images_largescale/sun/images/sun_bixfiacrxelfdgae.jpg,default
images_largescale/sun/images/sun_bixfvvnrylnrlhzf.jpg,default
images_largescale/sun/images/sun_bixfyhwjvwmulihp.jpg,default
images_largescale/sun/images/sun_bixgknhbsarsncqd.jpg,default
images_largescale/sun/images/sun_bixipkiluwnyfwzh.jpg,default
images_largescale/sun/images/sun_bixkixplfwhpywcx.jpg,default
images_largescale/sun/images/sun_bixkmzxyjnrbeyzo.jpg,default
images_largescale/sun/images/sun_bixnoejzeoiscmgp.jpg,default
images_largescale/sun/images/sun_bixoomwbknxnsqha.jpg,default
images_largescale/sun/images/sun_biyalzseuasbmcgo.jpg,default
images_largescale/sun/images/sun_biykpzrmsfiqmaag.jpg,default
images_largescale/sun/images/sun_biymujoasfledyfz.jpg,default
images_largescale/sun/images/sun_biynjcxuzphminwn.jpg,default
images_largescale/sun/images/sun_bizckozyehqhxgfn.jpg,default
images_largescale/sun/images/sun_bizdfvpuwkksxcwm.jpg,default
images_largescale/sun/images/sun_bizdltlotbbyxayx.jpg,default
images_largescale/sun/images/sun_bizfxkskfjvrukjq.jpg,default
images_largescale/sun/images/sun_bizmfedekjhsroxi.jpg,default
images_largescale/sun/images/sun_bizqieyilagixdok.jpg,default
images_largescale/sun/images/sun_bizregtobozszxps.jpg,default
images_largescale/sun/images/sun_bizuclptciwuihpt.jpg,default
images_largescale/sun/images/sun_bizvbfxvyrswehzq.jpg,default
images_largescale/sun/images/sun_bizvmlpygibosngq.jpg,default
images_largescale/sun/images/sun_bizwyyamswdihfom.jpg,default
images_largescale/sun/images/sun_bjadbrwiaxjmzykd.jpg,default
images_largescale/sun/images/sun_bjamwbgfzyzkgvwr.jpg,default
images_largescale/sun/images/sun_bjaribvpwldvnafj.jpg,default
images_largescale/sun/images/sun_bjarrxztollqupqf.jpg,default
images_largescale/sun/images/sun_bjbdjdohfjnerdhy.jpg,default
images_largescale/sun/images/sun_bjbklnyahkydknzu.jpg,default
images_largescale/sun/images/sun_bjbptcqnsvafsrsl.jpg,default
images_largescale/sun/images/sun_bjbqldbtefoqflsa.jpg,default
images_largescale/sun/images/sun_bjbsmnveffgvusnn.jpg,default
images_largescale/sun/images/sun_bjccirusdesbrkui.jpg,default
images_largescale/sun/images/sun_bjcdljgsysazisyg.jpg,default
images_largescale/sun/images/sun_bjcfczqkmlcuwggh.jpg,default
images_largescale/sun/images/sun_bjclfwylwuzbsxyf.jpg,default
images_largescale/sun/images/sun_bjctddulmkscojax.jpg,default
images_largescale/sun/images/sun_bjcweekpzubbjscv.jpg,default
images_largescale/sun/images/sun_bjdhyufmddoadsxl.jpg,default
images_largescale/sun/images/sun_bjdixmwjojvptuzy.jpg,default
images_largescale/sun/images/sun_bjdjvrmntljwntav.jpg,default
images_largescale/sun/images/sun_bjdtijzqkgzdkncp.jpg,default
images_largescale/sun/images/sun_bjdvpkrgskpdhxoh.jpg,default
images_largescale/sun/images/sun_bjdxablttsqgrtpr.jpg,default
images_largescale/sun/images/sun_bjdzlylirzzwzwxy.jpg,default
images_largescale/sun/images/sun_bjebchbwknysdetz.jpg,default
images_largescale/sun/images/sun_bjebiurepzdzjwvw.jpg,default
images_largescale/sun/images/sun_bjebqjnabjojxiht.jpg,default
images_largescale/sun/images/sun_bjehylprbugofsck.jpg,default
images_largescale/sun/images/sun_bjeqowkbzbdlukti.jpg,default
images_largescale/sun/images/sun_bjespsvogefxkuhn.jpg,default
images_largescale/sun/images/sun_bjewqxtmbnkpzzzn.jpg,default
images_largescale/sun/images/sun_bjexokknlxityjfd.jpg,default
images_largescale/sun/images/sun_bjexzsczkpdovjhi.jpg,default
images_largescale/sun/images/sun_bjeyrjeiylokwlqj.jpg,default
images_largescale/sun/images/sun_bjfdbuxrpqjurxyk.jpg,default
images_largescale/sun/images/sun_bjffbuefbuffssfk.jpg,default
images_largescale/sun/images/sun_bjfggvzpwreedqmd.jpg,default
images_largescale/sun/images/sun_bjfhrmqqbabxkjfb.jpg,default
images_largescale/sun/images/sun_bjfxpkljpfjghkdf.jpg,default
images_largescale/sun/images/sun_bjgdrafximiumjpw.jpg,default
images_largescale/sun/images/sun_bjgebwheenyurlit.jpg,default
images_largescale/sun/images/sun_bjgepxugbhsxdqpg.jpg,default
images_largescale/sun/images/sun_bjghucdtydkdfyhs.jpg,default
images_largescale/sun/images/sun_bjgjzibdngrsefdw.jpg,default
images_largescale/sun/images/sun_bjgogzomarzvudzk.jpg,default
images_largescale/sun/images/sun_bjgptifbjypvanrg.jpg,default
images_largescale/sun/images/sun_bjgrlxexmccrfhva.jpg,default
images_largescale/sun/images/sun_bjgrnbpoyjifdksh.jpg,default
images_largescale/sun/images/sun_bjgssegmnnmuthts.jpg,default
images_largescale/sun/images/sun_bjgujnjeakwxtjtz.jpg,default
images_largescale/sun/images/sun_bjgvpjaogwxrtkni.jpg,default
images_largescale/sun/images/sun_bjgxgeowgnupfbzm.jpg,default
images_largescale/sun/images/sun_bjhaqicrxzffojot.jpg,default
images_largescale/sun/images/sun_bjhcebidykwszavb.jpg,default
images_largescale/sun/images/sun_bjhgqmxjqmwtfdfz.jpg,default
images_largescale/sun/images/sun_bjhofetqvbojgcol.jpg,default
images_largescale/sun/images/sun_bjhqeroklonebnih.jpg,default
images_largescale/sun/images/sun_bjhrzagxcklghprr.jpg,default
images_largescale/sun/images/sun_bjhskbeprwcrmebx.jpg,default
images_largescale/sun/images/sun_bjhualmyrlzklpwd.jpg,default
images_largescale/sun/images/sun_bjialvqzpnbrkgtw.jpg,default
images_largescale/sun/images/sun_bjieoampqzhcwivi.jpg,default
images_largescale/sun/images/sun_bjifngbtljzexpjp.jpg,default
images_largescale/sun/images/sun_bjipggidhagfwjqy.jpg,default
images_largescale/sun/images/sun_bjiyctjczrvzqame.jpg,default
images_largescale/sun/images/sun_bjjbjbusfbmvxahy.jpg,default
images_largescale/sun/images/sun_bjjcfujbbminsvzt.jpg,default
images_largescale/sun/images/sun_bjjichjwheicwdaj.jpg,default
images_largescale/sun/images/sun_bjjlojqyqftxyxgx.jpg,default
images_largescale/sun/images/sun_bjjncvakesxwkijm.jpg,default
images_largescale/sun/images/sun_bjkiwrwvcxevriqs.jpg,default
images_largescale/sun/images/sun_bjkrcdstxmkfhxid.jpg,default
images_largescale/sun/images/sun_bjkszrwbthpdpxul.jpg,default
images_largescale/sun/images/sun_bjljoxfiwrskkpcc.jpg,default
images_largescale/sun/images/sun_bjlkfhhuuxysfcuj.jpg,default
images_largescale/sun/images/sun_bjlpmrvmwcoljspb.jpg,default
images_largescale/sun/images/sun_bjlsekpnffgkyouz.jpg,default
images_largescale/sun/images/sun_bjmeewkgyiaxzhcf.jpg,default
images_largescale/sun/images/sun_bjmgnzrllihtxtrk.jpg,default
images_largescale/sun/images/sun_bjmkxnjycyzykcxm.jpg,default
images_largescale/sun/images/sun_bjmzozstvsxisvgx.jpg,default
images_largescale/sun/images/sun_bjngrgltoysgwwig.jpg,default
images_largescale/sun/images/sun_bjngvelznedqygvh.jpg,default
images_largescale/sun/images/sun_bjnhidgwfwfptvpe.jpg,default
images_largescale/sun/images/sun_bjoflyuadghvnjds.jpg,default
images_largescale/sun/images/sun_bjoruqrbekuyvfyc.jpg,default
images_largescale/sun/images/sun_bjosqiddwjzgiwfq.jpg,default
images_largescale/sun/images/sun_bjosvrqcrwtfcdnw.jpg,default
images_largescale/sun/images/sun_bjpdesmpmbcnhujq.jpg,default
images_largescale/sun/images/sun_bjpdldlktwajsfep.jpg,default
images_largescale/sun/images/sun_bjpdzpodokdjwicq.jpg,default
images_largescale/sun/images/sun_bjpfdapzexonpqnf.jpg,default
images_largescale/sun/images/sun_bjplrpjftlplmmfe.jpg,default
images_largescale/sun/images/sun_bjpryaalypkmqtnw.jpg,default
images_largescale/sun/images/sun_bjqkymqgzhkwrpte.jpg,default
images_largescale/sun/images/sun_bjqnfztjscjbblrl.jpg,default
images_largescale/sun/images/sun_bjragzzvhppuckky.jpg,default
images_largescale/sun/images/sun_bjrcbnwustqpjhtd.jpg,default
images_largescale/sun/images/sun_bjrfujxqpynsflak.jpg,default
images_largescale/sun/images/sun_bjrlrrynlclvkpcd.jpg,default
images_largescale/sun/images/sun_bjrqletzpvgijwnx.jpg,default
images_largescale/sun/images/sun_bjrrmlagmwabhfzc.jpg,default
images_largescale/sun/images/sun_bjruhcaekvoefsmt.jpg,default
images_largescale/sun/images/sun_bjrxopjiakyihdqo.jpg,default
images_largescale/sun/images/sun_bjsdkfbetqtqrmuk.jpg,default
images_largescale/sun/images/sun_bjsmnejcmbytgkvq.jpg,default
images_largescale/sun/images/sun_bjspuxnkhbxohbdp.jpg,default
images_largescale/sun/images/sun_bjsvojlmgegxofvy.jpg,default
images_largescale/sun/images/sun_bjswveykgvwddpqd.jpg,default
images_largescale/sun/images/sun_bjsykoxqcdpdimxz.jpg,default
images_largescale/sun/images/sun_bjtkuenrerisrxse.jpg,default
images_largescale/sun/images/sun_bjttlxkekdphdjkr.jpg,default
images_largescale/sun/images/sun_bjtxithxcjccbkjb.jpg,default
images_largescale/sun/images/sun_bjtyqmounopoklbq.jpg,default
images_largescale/sun/images/sun_bjubiqokfhqvhzfu.jpg,default
images_largescale/sun/images/sun_bjummxtyhmouesda.jpg,default
images_largescale/sun/images/sun_bjvbeshlnugqsfmx.jpg,default
images_largescale/sun/images/sun_bjvbupbdodjjyfxh.jpg,default
images_largescale/sun/images/sun_bjvgxsdteucqjbee.jpg,default
images_largescale/sun/images/sun_bjvnofvviebxjtae.jpg,default
images_largescale/sun/images/sun_bjvtcyqzxclefemg.jpg,default
images_largescale/sun/images/sun_bjwjjjwlmqutfiin.jpg,default
images_largescale/sun/images/sun_bjwmjxibjslekjap.jpg,default
images_largescale/sun/images/sun_bjwvgjfrsvhawyie.jpg,default
images_largescale/sun/images/sun_bjwxaepsjkdeymav.jpg,default
images_largescale/sun/images/sun_bjwxsiaofeanyezl.jpg,default
images_largescale/sun/images/sun_bjwyacvzjhlobkjq.jpg,default
images_largescale/sun/images/sun_bjxcjofmnvxpsipg.jpg,default
images_largescale/sun/images/sun_bjxdhotzyzizamoq.jpg,default
images_largescale/sun/images/sun_bjxdxkwlrkxplsfu.jpg,default
images_largescale/sun/images/sun_bjxkvzorotqdvdry.jpg,default
images_largescale/sun/images/sun_bjxnsofjshfdevat.jpg,default
images_largescale/sun/images/sun_bjxqfsmroybopwfd.jpg,default
images_largescale/sun/images/sun_bjxrzbuthgwfzqsz.jpg,default
images_largescale/sun/images/sun_bjxsthrgjxcbyqxf.jpg,default
images_largescale/sun/images/sun_bjxtwgyauebwondb.jpg,default
images_largescale/sun/images/sun_bjxupbtmwjkjocln.jpg,default
images_largescale/sun/images/sun_bjxuzwydpnskhqcf.jpg,default
images_largescale/sun/images/sun_bjxwzlfsqvjdvhkh.jpg,default
images_largescale/sun/images/sun_bjxyafpmktdyqaiq.jpg,default
images_largescale/sun/images/sun_bjydheqtdyoosihh.jpg,default
images_largescale/sun/images/sun_bjyhwkrtcevnqlaj.jpg,default
images_largescale/sun/images/sun_bjyljmcmudhzkrup.jpg,default
images_largescale/sun/images/sun_bjymtbgcghormagy.jpg,default
images_largescale/sun/images/sun_bjynjpcltodfyuuo.jpg,default
images_largescale/sun/images/sun_bjyofrlmbceypmft.jpg,default
images_largescale/sun/images/sun_bjyqblmdzrhbguyl.jpg,default
images_largescale/sun/images/sun_bjytqxiksgisnzjq.jpg,default
images_largescale/sun/images/sun_bjyyzmhqjmddiptt.jpg,default
images_largescale/sun/images/sun_bjyzdvkufmpsnrih.jpg,default
images_largescale/sun/images/sun_bjyzwyaukklzquwg.jpg,default
images_largescale/sun/images/sun_bjzdvhxmzcpahmep.jpg,default
images_largescale/sun/images/sun_bjzejdcmqvfyrqpk.jpg,default
images_largescale/sun/images/sun_bjzgruccysoejqnc.jpg,default
images_largescale/sun/images/sun_bjzxpfhnuarhinup.jpg,default
images_largescale/sun/images/sun_bkahzgsyifftdwwg.jpg,default
images_largescale/sun/images/sun_bkaiztqswvwaxaym.jpg,default
images_largescale/sun/images/sun_bkajdrhtlhzsgqjs.jpg,default
images_largescale/sun/images/sun_bkakokvnjjojeapr.jpg,default
images_largescale/sun/images/sun_bkazkjiovinsdaqt.jpg,default
images_largescale/sun/images/sun_bkazxtgbbowctpgf.jpg,default
images_largescale/sun/images/sun_bkbcehgmnfoteevg.jpg,default
images_largescale/sun/images/sun_bkbkflhkgzrvmvfd.jpg,default
images_largescale/sun/images/sun_bkbkjrfltzcbrsoy.jpg,default
images_largescale/sun/images/sun_bkbmryjvnwqyefux.jpg,default
images_largescale/sun/images/sun_bkbocuwclkxqlofx.jpg,default
images_largescale/sun/images/sun_bkbrixbqvcmquntz.jpg,default
images_largescale/sun/images/sun_bkbwfgnxkbsetgpx.jpg,default
images_largescale/sun/images/sun_bkbwxfywmrcaignf.jpg,default
images_largescale/sun/images/sun_bkcdatqxdazovlgp.jpg,default
images_largescale/sun/images/sun_bkcnaavczfkkuvio.jpg,default
images_largescale/sun/images/sun_bkcscxrnwwqnbstu.jpg,default
images_largescale/sun/images/sun_bkcujnwxszlsdnve.jpg,default
images_largescale/sun/images/sun_bkddxkdhqjaowkjt.jpg,default
images_largescale/sun/images/sun_bkdgqkjviqhtpofo.jpg,default
images_largescale/sun/images/sun_bkdjlhyywlichbwa.jpg,default
images_largescale/sun/images/sun_bkdlcawhrrerhvol.jpg,default
images_largescale/sun/images/sun_bkdmsmgotovmqbbr.jpg,default
images_largescale/sun/images/sun_bkdsyoremmlsnbcw.jpg,default
images_largescale/sun/images/sun_bkduvsxhbjnvbxwy.jpg,default
images_largescale/sun/images/sun_bkdvbhqtrfvxwqzn.jpg,default
images_largescale/sun/images/sun_bkehcuvnzdqbcjtr.jpg,default
images_largescale/sun/images/sun_bkeicfgsblregoek.jpg,default
images_largescale/sun/images/sun_bkesoyguadlauith.jpg,default
images_largescale/sun/images/sun_bkfbrudkkqderhhx.jpg,default
images_largescale/sun/images/sun_bkfclhqccutkzpjt.jpg,default
images_largescale/sun/images/sun_bkflcfhoqetlkudz.jpg,default
images_largescale/sun/images/sun_bkfmteujutawjsyv.jpg,default
images_largescale/sun/images/sun_bkfsbedbimdwsnjv.jpg,default
images_largescale/sun/images/sun_bkfzhyqozpjwgeep.jpg,default
images_largescale/sun/images/sun_bkgbtlrowuowxcbr.jpg,default
images_largescale/sun/images/sun_bkgjghcsgvqnwlgz.jpg,default
images_largescale/sun/images/sun_bkgpcyzabaqezjbv.jpg,default
images_largescale/sun/images/sun_bkgrpfbkcqbhrbkx.jpg,default
images_largescale/sun/images/sun_bkgzvlccxlhxuygw.jpg,default
images_largescale/sun/images/sun_bkhdehitquntyszv.jpg,default
images_largescale/sun/images/sun_bkhkdzhtyudthkdo.jpg,default
images_largescale/sun/images/sun_bkhnjemvbsmulmil.jpg,default
images_largescale/sun/images/sun_bkhoekmdhhgmmpdd.jpg,default
images_largescale/sun/images/sun_bkhqgzrrubgnwzpa.jpg,default
images_largescale/sun/images/sun_bkhrdxystoxifvgr.jpg,default
images_largescale/sun/images/sun_bkhsdwauvqgtfrye.jpg,default
images_largescale/sun/images/sun_bkhwozmuqyvaayfl.jpg,default
images_largescale/sun/images/sun_bkihnffhjajaxbwx.jpg,default
images_largescale/sun/images/sun_bkiixhifrehxvnjp.jpg,default
images_largescale/sun/images/sun_bkiksblwtlzyzflw.jpg,default
images_largescale/sun/images/sun_bkikvuorpvbecgmw.jpg,default
images_largescale/sun/images/sun_bkiwswsstotfdxqk.jpg,default
images_largescale/sun/images/sun_bkizsugjzcqqnmaz.jpg,default
images_largescale/sun/images/sun_bkjdpfhteyvjvtmy.jpg,default
images_largescale/sun/images/sun_bkjjbqiposnoyvux.jpg,default
images_largescale/sun/images/sun_bkjjouaiymakjmsk.jpg,default
images_largescale/sun/images/sun_bkjkupofmapegxxj.jpg,default
images_largescale/sun/images/sun_bkjltdxxqottgaag.jpg,default
images_largescale/sun/images/sun_bkjtbzjtotmpoimu.jpg,default
images_largescale/sun/images/sun_bkjxzdcdwzfximmk.jpg,default
images_largescale/sun/images/sun_bkkcgqkztnbnlfhq.jpg,default
images_largescale/sun/images/sun_bkkcnzhkqqfcclkc.jpg,default
images_largescale/sun/images/sun_bkkevfdspaoueppm.jpg,default
images_largescale/sun/images/sun_bkkhmhhvmqrfkpkp.jpg,default
images_largescale/sun/images/sun_bkklahlxwrscqywv.jpg,default
images_largescale/sun/images/sun_bkklodroxrgazbin.jpg,default
images_largescale/sun/images/sun_bkkrkoymgtnybtpp.jpg,default
images_largescale/sun/images/sun_bklareebkleijpnb.jpg,default
images_largescale/sun/images/sun_bklaudyttzhgbzir.jpg,default
images_largescale/sun/images/sun_bklfydtdfxdjvqam.jpg,default
images_largescale/sun/images/sun_bklgonxkqhcxqubr.jpg,default
images_largescale/sun/images/sun_bklhoeyydjjuotiz.jpg,default
images_largescale/sun/images/sun_bklpjygjomhwbbed.jpg,default
images_largescale/sun/images/sun_bklxqxumdvuorqzz.jpg,default
images_largescale/sun/images/sun_bkmgumqnvumwmzbj.jpg,default
images_largescale/sun/images/sun_bkmkwxrjwecdivrg.jpg,default
images_largescale/sun/images/sun_bkmrjunijyqdjkmc.jpg,default
images_largescale/sun/images/sun_bkmtcjkgqiuymqdz.jpg,default
images_largescale/sun/images/sun_bkndlzaanugxpvaq.jpg,default
images_largescale/sun/images/sun_bknfnoxfoctkfzqj.jpg,default
images_largescale/sun/images/sun_bknfunbvjetcaqyl.jpg,default
images_largescale/sun/images/sun_bknncljcrmtysrge.jpg,default
images_largescale/sun/images/sun_bknqwvipkfmhuaip.jpg,default
images_largescale/sun/images/sun_bknukeopvziabmzb.jpg,default
images_largescale/sun/images/sun_bkobcskhcblbppjh.jpg,default
images_largescale/sun/images/sun_bkobeihwekdacgfl.jpg,default
images_largescale/sun/images/sun_bkocrltlrmzvulra.jpg,default
images_largescale/sun/images/sun_bkojtgtuaatajbbi.jpg,default
images_largescale/sun/images/sun_bkosnqswrjctlvnj.jpg,default
images_largescale/sun/images/sun_bkosqprntspedovp.jpg,default
images_largescale/sun/images/sun_bkovtgyhdtoukafz.jpg,default
images_largescale/sun/images/sun_bkpaaaajndugdzeh.jpg,default
images_largescale/sun/images/sun_bkpdtnsodphidzfj.jpg,default
images_largescale/sun/images/sun_bkpeeokpjxnryfwi.jpg,default
images_largescale/sun/images/sun_bkpegruwwfrzaaey.jpg,default
images_largescale/sun/images/sun_bkpgykpbznwgwork.jpg,default
images_largescale/sun/images/sun_bkpjbeqiwazpgipb.jpg,default
images_largescale/sun/images/sun_bkppgyeyrlkgczxw.jpg,default
images_largescale/sun/images/sun_bkpsnjtskiesnwhm.jpg,default
images_largescale/sun/images/sun_bkpvthupnickhoyi.jpg,default
images_largescale/sun/images/sun_bkpygjbxsvafzxvq.jpg,default
images_largescale/sun/images/sun_bkpzlacwbphfaijk.jpg,default
images_largescale/sun/images/sun_bkqboutuxwqpbjli.jpg,default
images_largescale/sun/images/sun_bkqghrumbrkmvwsa.jpg,default
images_largescale/sun/images/sun_bkqkhlnjqesahroe.jpg,default
images_largescale/sun/images/sun_bkqpikmgyzrpoilg.jpg,default
images_largescale/sun/images/sun_bkqsyaetpkcdkxmk.jpg,default
images_largescale/sun/images/sun_bkqwetgonqrmxgkh.jpg,default
images_largescale/sun/images/sun_bkqzuvykgutsvgbx.jpg,default
images_largescale/sun/images/sun_bkrfeyzyhynwhynm.jpg,default
images_largescale/sun/images/sun_bkrgsfgivvggctpf.jpg,default
images_largescale/sun/images/sun_bkrkedbxraqrukoz.jpg,default
images_largescale/sun/images/sun_bkscwyiuwsawucvu.jpg,default
images_largescale/sun/images/sun_bksdinhpajvomhto.jpg,default
images_largescale/sun/images/sun_bksiawfosrmgrxkq.jpg,default
images_largescale/sun/images/sun_bksqasnjtwnisyzu.jpg,default
images_largescale/sun/images/sun_bksronrsyguydlzk.jpg,default
images_largescale/sun/images/sun_bkstzooeiumhjjea.jpg,default
images_largescale/sun/images/sun_bksyabeehlnphsmo.jpg,default
images_largescale/sun/images/sun_bksyhawoyulpekpy.jpg,default
images_largescale/sun/images/sun_bktjeoknolwummvf.jpg,default
images_largescale/sun/images/sun_bktkxzmxaqfpgisy.jpg,default
images_largescale/sun/images/sun_bktphdljjumgfzge.jpg,default
images_largescale/sun/images/sun_bktwjrhpbihxnxhq.jpg,default
images_largescale/sun/images/sun_bktzgtzgsiamkuvk.jpg,default
images_largescale/sun/images/sun_bkuakndlhiyugwqc.jpg,default
images_largescale/sun/images/sun_bkueaxewlzijtzmy.jpg,default
images_largescale/sun/images/sun_bkuhhtmfwkjqorom.jpg,default
images_largescale/sun/images/sun_bkujbipmwxygnbgq.jpg,default
images_largescale/sun/images/sun_bkujbolkzxowiomu.jpg,default
images_largescale/sun/images/sun_bkukdjvduziykhmk.jpg,default
images_largescale/sun/images/sun_bkuxryabjodpcfag.jpg,default
images_largescale/sun/images/sun_bkvgdvqanvquowhm.jpg,default
images_largescale/sun/images/sun_bkvlbzobolurccwb.jpg,default
images_largescale/sun/images/sun_bkvpyxqasphtwfoo.jpg,default
images_largescale/sun/images/sun_bkwiqpxsfupwugzp.jpg,default
images_largescale/sun/images/sun_bkwsnxmydjylkvqo.jpg,default
images_largescale/sun/images/sun_bkxeqctachsawhnd.jpg,default
images_largescale/sun/images/sun_bkxltgxedsncwdvm.jpg,default
images_largescale/sun/images/sun_bkxlvtkggzrtvmdy.jpg,default
images_largescale/sun/images/sun_bkxmhhmtulnerrgm.jpg,default
images_largescale/sun/images/sun_bkxmmxihwwvpzgti.jpg,default
images_largescale/sun/images/sun_bkxojpddsciwsjyn.jpg,default
images_largescale/sun/images/sun_bkxqdsjgxyxdhzrc.jpg,default
images_largescale/sun/images/sun_bkxvaohmkiuysnce.jpg,default
images_largescale/sun/images/sun_bkxwxoerjekugrel.jpg,default
images_largescale/sun/images/sun_bkxyhbzflvfvpzzu.jpg,default
images_largescale/sun/images/sun_bkxzhfjrsqfjyzoe.jpg,default
images_largescale/sun/images/sun_bkyemjpulnrcvxmb.jpg,default
images_largescale/sun/images/sun_bkygcteekawivmxp.jpg,default
images_largescale/sun/images/sun_bkygzkvebrmkmxdk.jpg,default
images_largescale/sun/images/sun_bkygzxwpisspmlzc.jpg,default
images_largescale/sun/images/sun_bkymsyiboqahizaa.jpg,default
images_largescale/sun/images/sun_bkymudoykpqddufl.jpg,default
images_largescale/sun/images/sun_bkynhepkzcxxkgow.jpg,default
images_largescale/sun/images/sun_bkypkizdshydnszr.jpg,default
images_largescale/sun/images/sun_bkyqcexvshrinrho.jpg,default
images_largescale/sun/images/sun_bkyryspcupjqmqqx.jpg,default
images_largescale/sun/images/sun_bkysfybbzlwrdmxl.jpg,default
images_largescale/sun/images/sun_bkyyikglvyxclrgm.jpg,default
images_largescale/sun/images/sun_bkzmlfwauwywnghg.jpg,default
images_largescale/sun/images/sun_bkzohhkozzmdbjqx.jpg,default
images_largescale/sun/images/sun_bkzpondpdiodgixy.jpg,default
images_largescale/sun/images/sun_bkzqlgepekqslhbn.jpg,default
images_largescale/sun/images/sun_bkzstdviobgjbloz.jpg,default
images_largescale/sun/images/sun_bkztzuuwklqjsjpt.jpg,default
images_largescale/sun/images/sun_bkzzhyuyqjksqovd.jpg,default
images_largescale/sun/images/sun_blaeynijgtaopbae.jpg,default
images_largescale/sun/images/sun_blafshlvrrqxehon.jpg,default
images_largescale/sun/images/sun_blagufqsctztfexh.jpg,default
images_largescale/sun/images/sun_blaqxdebghixzyyw.jpg,default
images_largescale/sun/images/sun_blayotsncuxatnbm.jpg,default
images_largescale/sun/images/sun_blbehxzkypbmvpya.jpg,default
images_largescale/sun/images/sun_blbprpdaozkocfyv.jpg,default
images_largescale/sun/images/sun_blbufhgbygraybeq.jpg,default
images_largescale/sun/images/sun_blbwhwaogxqsnspe.jpg,default
images_largescale/sun/images/sun_blcbuapjkkkvsxui.jpg,default
images_largescale/sun/images/sun_blcdeumhvwjyquay.jpg,default
images_largescale/sun/images/sun_blcdwocqmwxiytcj.jpg,default
images_largescale/sun/images/sun_blcecqjdcjnxhdir.jpg,default
images_largescale/sun/images/sun_blchmwyzykwvoude.jpg,default
images_largescale/sun/images/sun_blcjerkenafaxbla.jpg,default
images_largescale/sun/images/sun_blcnfdcedhmwpppr.jpg,default
images_largescale/sun/images/sun_blcnqpmlkaztwxmq.jpg,default
images_largescale/sun/images/sun_blcnusxpyjhrqylr.jpg,default
images_largescale/sun/images/sun_blczmhadouhfeees.jpg,default
images_largescale/sun/images/sun_bldajamdvyftbndq.jpg,default
images_largescale/sun/images/sun_bldpbdihrcxgnuco.jpg,default
images_largescale/sun/images/sun_bldpzsluhleirpgr.jpg,default
images_largescale/sun/images/sun_bldstoyxjdrkcnva.jpg,default
images_largescale/sun/images/sun_bldwaollmaufocrj.jpg,default
images_largescale/sun/images/sun_bldygmbaylllmahh.jpg,default
images_largescale/sun/images/sun_bleivpryvsbdgwlu.jpg,default
images_largescale/sun/images/sun_bleonnevnvjvkanr.jpg,default
images_largescale/sun/images/sun_blesjiydlgokyjps.jpg,default
images_largescale/sun/images/sun_bletnhwligujiejs.jpg,default
images_largescale/sun/images/sun_blfbhcsaxidtfuyz.jpg,default
images_largescale/sun/images/sun_blfbphxdwqdvijxg.jpg,default
images_largescale/sun/images/sun_blfdeibwnhyjdvif.jpg,default
images_largescale/sun/images/sun_blfglsmhvwaztemo.jpg,default
images_largescale/sun/images/sun_blfkptimmmxljdsw.jpg,default
images_largescale/sun/images/sun_blfnojlgybilvtrj.jpg,default
images_largescale/sun/images/sun_blfnvnmxcjheorcl.jpg,default
images_largescale/sun/images/sun_blfwxroabgsscjvs.jpg,default
images_largescale/sun/images/sun_blfyimzmdmbvsmyq.jpg,default
images_largescale/sun/images/sun_blgdyquiaysvwpks.jpg,default
images_largescale/sun/images/sun_blghvkxyjomjjvsv.jpg,default
images_largescale/sun/images/sun_blgqfmhajgcyjzos.jpg,default
images_largescale/sun/images/sun_blgufiilvurgjlsm.jpg,default
images_largescale/sun/images/sun_blhbdydqjcwixfbg.jpg,default
images_largescale/sun/images/sun_blhelptmbqgxchdn.jpg,default
images_largescale/sun/images/sun_blheuvviohzpbgpm.jpg,default
images_largescale/sun/images/sun_blhfkhnnjpkbdttl.jpg,default
images_largescale/sun/images/sun_blhgbmkfdxdgcpwt.jpg,default
images_largescale/sun/images/sun_blhgdidrnzakjpcj.jpg,default
images_largescale/sun/images/sun_blhkebrbvaqzmbjo.jpg,default
images_largescale/sun/images/sun_blhltgghdiaumaoh.jpg,default
images_largescale/sun/images/sun_blhmgdahjbajhdhd.jpg,default
images_largescale/sun/images/sun_blhnpczjbtekagzp.jpg,default
images_largescale/sun/images/sun_blhrqyufxhhacdwv.jpg,default
images_largescale/sun/images/sun_blidnxxzmtubbwmj.jpg,default
images_largescale/sun/images/sun_blifoqsiwehjxodq.jpg,default
images_largescale/sun/images/sun_blijupegrycrveaw.jpg,default
images_largescale/sun/images/sun_blikhmwxrfxvuydz.jpg,default
images_largescale/sun/images/sun_blikwzwawttzrqai.jpg,default
images_largescale/sun/images/sun_blilwttrgvjyjhbz.jpg,default
images_largescale/sun/images/sun_blirftlzmeaafiog.jpg,default
images_largescale/sun/images/sun_bliywlongjlwboml.jpg,default
images_largescale/sun/images/sun_bljjejrulmhlleln.jpg,default
images_largescale/sun/images/sun_bljtdkbxilyveats.jpg,default
images_largescale/sun/images/sun_bljtprwduzfannaw.jpg,default
images_largescale/sun/images/sun_bljveksourcslxbh.jpg,default
images_largescale/sun/images/sun_bljyguxxfiakvvcz.jpg,default
images_largescale/sun/images/sun_blkewdnhetmusdtm.jpg,default
images_largescale/sun/images/sun_blkgpujdknxyyuse.jpg,default
images_largescale/sun/images/sun_blkofwkswrrcpawf.jpg,default
images_largescale/sun/images/sun_blkoldlrwzlhjhdq.jpg,default
images_largescale/sun/images/sun_blkxylfsqyduedww.jpg,default
images_largescale/sun/images/sun_bllalbrkfiqavyhr.jpg,default
images_largescale/sun/images/sun_bllbzlcdjvazzghj.jpg,default
images_largescale/sun/images/sun_bllmndpjlzwzzuqz.jpg,default
images_largescale/sun/images/sun_bllrmzpqvfqlwbjc.jpg,default
images_largescale/sun/images/sun_bllscsclyhwaoasp.jpg,default
images_largescale/sun/images/sun_blmlpefjfuplwgvb.jpg,default
images_largescale/sun/images/sun_blmlyoefcpwtpodu.jpg,default
images_largescale/sun/images/sun_blmopnfbbtvhesuq.jpg,default
images_largescale/sun/images/sun_blmpqpqydnhmabnm.jpg,default
images_largescale/sun/images/sun_blmqfgczhwfelgxx.jpg,default
images_largescale/sun/images/sun_blmsbkiavpteufmc.jpg,default
images_largescale/sun/images/sun_blmtnksfxwvylcgf.jpg,default
images_largescale/sun/images/sun_blmyxpwiujivnjqf.jpg,default
images_largescale/sun/images/sun_blnczoaxjmnmsfom.jpg,default
images_largescale/sun/images/sun_blnfgoeitstwuugq.jpg,default
images_largescale/sun/images/sun_blnfxfpplenfpsmo.jpg,default
images_largescale/sun/images/sun_blnimcytvvxwwkdd.jpg,default
images_largescale/sun/images/sun_blnjghdvsxyqdyyk.jpg,default
images_largescale/sun/images/sun_blnookkatnsqgson.jpg,default
images_largescale/sun/images/sun_blnppxzppwkzhpbu.jpg,default
images_largescale/sun/images/sun_blnriaasqpkjypiw.jpg,default
images_largescale/sun/images/sun_blnxlhjfilegcqbv.jpg,default
images_largescale/sun/images/sun_blnytujlpikwbjer.jpg,default
images_largescale/sun/images/sun_bloaudmccewcqjvg.jpg,default
images_largescale/sun/images/sun_blodfibgrvitpjaq.jpg,default
images_largescale/sun/images/sun_blodtqiqnwhagtef.jpg,default
images_largescale/sun/images/sun_bloeuhmrjdayhgjz.jpg,default
images_largescale/sun/images/sun_bloijjzntutkbcbo.jpg,default
images_largescale/sun/images/sun_blolzqfjyiyqkmfu.jpg,default
images_largescale/sun/images/sun_blopjilghtnyhnph.jpg,default
images_largescale/sun/images/sun_bloqozmrdexaeycf.jpg,default
images_largescale/sun/images/sun_blowkvgbxsrtaqno.jpg,default
images_largescale/sun/images/sun_bloxxvjmgrtqzbfx.jpg,default
images_largescale/sun/images/sun_bloystzeayawjxsl.jpg,default
images_largescale/sun/images/sun_blpgeazqzxhwqast.jpg,default
images_largescale/sun/images/sun_blpjnsbalivmtqbw.jpg,default
images_largescale/sun/images/sun_blpjzfcbobloioao.jpg,default
images_largescale/sun/images/sun_blpkjjwsbnutmdse.jpg,default
images_largescale/sun/images/sun_blpkjxwsledxiapu.jpg,default
images_largescale/sun/images/sun_blpprsjwulpatqil.jpg,default
images_largescale/sun/images/sun_blprutpllphhohhj.jpg,default
images_largescale/sun/images/sun_blpwquuoffkvozsi.jpg,default
images_largescale/sun/images/sun_blpxhhjbfvrtqlxh.jpg,default
images_largescale/sun/images/sun_blqcqcnnbitjvafl.jpg,default
images_largescale/sun/images/sun_blqhmddibqlijqba.jpg,default
images_largescale/sun/images/sun_blqqblxkrixamcqz.jpg,default
images_largescale/sun/images/sun_blqtgeertiozjyij.jpg,default
images_largescale/sun/images/sun_blqtxykhsmyoczmv.jpg,default
images_largescale/sun/images/sun_blqvtculfxjcyoih.jpg,default
images_largescale/sun/images/sun_blqzfcckzclwhxvj.jpg,default
images_largescale/sun/images/sun_blrairickgdpzfpj.jpg,default
images_largescale/sun/images/sun_blrauqamnqkfkrat.jpg,default
images_largescale/sun/images/sun_blrcuczqoxmuvmqc.jpg,default
images_largescale/sun/images/sun_blrppchsyxjpulld.jpg,default
images_largescale/sun/images/sun_blrsdnirxincbcuc.jpg,default
images_largescale/sun/images/sun_blrsfmluczgxiqgs.jpg,default
images_largescale/sun/images/sun_blrtlgnmgpdhuvoq.jpg,default
images_largescale/sun/images/sun_blrwitwahfvzqpxs.jpg,default
images_largescale/sun/images/sun_blrwncawlphowpgn.jpg,default
images_largescale/sun/images/sun_blrzkpzuckhxmomc.jpg,default
images_largescale/sun/images/sun_blrzrwyliuyrhpaf.jpg,default
images_largescale/sun/images/sun_blrzvdbilaxxjprr.jpg,default
images_largescale/sun/images/sun_blsbvhnpbuoltrqp.jpg,default
images_largescale/sun/images/sun_blsdvyyalwlgaprk.jpg,default
images_largescale/sun/images/sun_blshhrhzfvgkpsuy.jpg,default
images_largescale/sun/images/sun_blshiqaprigkarlb.jpg,default
images_largescale/sun/images/sun_blsiuhbgrtmsyyyv.jpg,default
images_largescale/sun/images/sun_blsrwalxrolqygld.jpg,default
images_largescale/sun/images/sun_blsrykeujnyuzhyb.jpg,default
images_largescale/sun/images/sun_blstrzhxuqoubbfz.jpg,default
images_largescale/sun/images/sun_blsznuzqhpqxqygf.jpg,default
images_largescale/sun/images/sun_blszyhaaqwvmthre.jpg,default
images_largescale/sun/images/sun_bltbfarkoupjfphu.jpg,default
images_largescale/sun/images/sun_bltkiuukvzrnblxd.jpg,default
images_largescale/sun/images/sun_bltkizldlxrbpkvw.jpg,default
images_largescale/sun/images/sun_bltljjtbufacyzwx.jpg,default
images_largescale/sun/images/sun_bltqapasaysaihlm.jpg,default
images_largescale/sun/images/sun_bltxnjuempwrfypr.jpg,default
images_largescale/sun/images/sun_bltyoeuvjqkdnsbv.jpg,default
images_largescale/sun/images/sun_bltzrdmwmxjkuvct.jpg,default
images_largescale/sun/images/sun_bluafykalnkznzwe.jpg,default
images_largescale/sun/images/sun_bluburyjgwpmcscr.jpg,default
images_largescale/sun/images/sun_bludarpzzarwoast.jpg,default
images_largescale/sun/images/sun_bluffitlyoeobvct.jpg,default
images_largescale/sun/images/sun_blukgsbattxrmoqt.jpg,default
images_largescale/sun/images/sun_blukvanairhbypkv.jpg,default
images_largescale/sun/images/sun_bluuotjyntxdvfxp.jpg,default
images_largescale/sun/images/sun_bluvtoebijcpuppx.jpg,default
images_largescale/sun/images/sun_bluyobhfzgrldyad.jpg,default
images_largescale/sun/images/sun_bluzgyuzczbkbdwp.jpg,default
images_largescale/sun/images/sun_blvcrapsdxceupbq.jpg,default
images_largescale/sun/images/sun_blvdiwiwuuphyuap.jpg,default
images_largescale/sun/images/sun_blvgspgtvvlfqrea.jpg,default
images_largescale/sun/images/sun_blvhxnghhdtjpwnl.jpg,default
images_largescale/sun/images/sun_blvieidqiaxgwfjr.jpg,default
images_largescale/sun/images/sun_blvnzynsiakdsxhi.jpg,default
images_largescale/sun/images/sun_blvwshpgrpqramln.jpg,default
images_largescale/sun/images/sun_blvystqasccwtatv.jpg,default
images_largescale/sun/images/sun_blwfjibhiynholid.jpg,default
images_largescale/sun/images/sun_blwfnvncwqthlbjr.jpg,default
images_largescale/sun/images/sun_blwjctxernwhhfdy.jpg,default
images_largescale/sun/images/sun_blwklhgwxqhgpwip.jpg,default
images_largescale/sun/images/sun_blwpuxlwywksgdsr.jpg,default
images_largescale/sun/images/sun_blwrfglpkhxpenia.jpg,default
images_largescale/sun/images/sun_blwsobpanlxfryni.jpg,default
images_largescale/sun/images/sun_blwsrjqhnmrqcbhj.jpg,default
images_largescale/sun/images/sun_blwvamlqrhpvtrus.jpg,default
images_largescale/sun/images/sun_blxdyduogaafoqju.jpg,default
images_largescale/sun/images/sun_blxgynmwzpsamoht.jpg,default
images_largescale/sun/images/sun_blxhimheqqaprbws.jpg,default
images_largescale/sun/images/sun_blxhisouowmuzolw.jpg,default
images_largescale/sun/images/sun_blxlcmhfztjxnfjt.jpg,default
images_largescale/sun/images/sun_blxlpcdwugqwhdwm.jpg,default
images_largescale/sun/images/sun_blxvkigunxozwgcz.jpg,default
images_largescale/sun/images/sun_blxwvmbmcxehequr.jpg,default
images_largescale/sun/images/sun_blyfyjhxlcjwzogp.jpg,default
images_largescale/sun/images/sun_blynysrkwildhocy.jpg,default
images_largescale/sun/images/sun_blyqzcxyetatvumc.jpg,default
images_largescale/sun/images/sun_blyxbydoddvykqbv.jpg,default
images_largescale/sun/images/sun_blzbowygtqpnmeju.jpg,default
images_largescale/sun/images/sun_blzkzywxnedlhmim.jpg,default
images_largescale/sun/images/sun_blzqxkmpmunrmauy.jpg,default
images_largescale/sun/images/sun_blzuoqcraozgizrf.jpg,default
images_largescale/sun/images/sun_bmadggdncbwcjlim.jpg,default
images_largescale/sun/images/sun_bmansbcqkkobovhq.jpg,default
images_largescale/sun/images/sun_bmargyyuqxtgtcsp.jpg,default
images_largescale/sun/images/sun_bmatwvgcfyzuynms.jpg,default
images_largescale/sun/images/sun_bmbclsgivruzpecc.jpg,default
images_largescale/sun/images/sun_bmbkzguvlvfkbwlh.jpg,default
images_largescale/sun/images/sun_bmbsneqkyromncrb.jpg,default
images_largescale/sun/images/sun_bmbxqkxujjcpgjft.jpg,default
images_largescale/sun/images/sun_bmcbreandlowwmwx.jpg,default
images_largescale/sun/images/sun_bmcjgsfanofxiytl.jpg,default
images_largescale/sun/images/sun_bmcorvkkaqwhlngp.jpg,default
images_largescale/sun/images/sun_bmcuzmmokbcaekdk.jpg,default
images_largescale/sun/images/sun_bmcvksziemdbkech.jpg,default
images_largescale/sun/images/sun_bmddvjnwmnnghxrh.jpg,default
images_largescale/sun/images/sun_bmdigcwuyrvpjcvi.jpg,default
images_largescale/sun/images/sun_bmdswrwbxyefoeof.jpg,default
images_largescale/sun/images/sun_bmdwmrjtwkmambiz.jpg,default
images_largescale/sun/images/sun_bmdxrgxaxhngeeak.jpg,default
images_largescale/sun/images/sun_bmdxsvuddfpigcvu.jpg,default
images_largescale/sun/images/sun_bmeegqfslmxryoyq.jpg,default
images_largescale/sun/images/sun_bmeeustegnmanbuq.jpg,default
images_largescale/sun/images/sun_bmefwtaknwtvrvza.jpg,default
images_largescale/sun/images/sun_bmeknojfylagqbqx.jpg,default
images_largescale/sun/images/sun_bmeoepnvypisrelk.jpg,default
images_largescale/sun/images/sun_bmeoqnmlxnmzefsn.jpg,default
images_largescale/sun/images/sun_bmeposakkpdgpsjl.jpg,default
images_largescale/sun/images/sun_bmerzwiiozglmolf.jpg,default
images_largescale/sun/images/sun_bmewqmzsjzykyove.jpg,default
images_largescale/sun/images/sun_bmfafoujlxpndiuj.jpg,default
images_largescale/sun/images/sun_bmforjutfnvhasbj.jpg,default
images_largescale/sun/images/sun_bmgecxljwzsauyoo.jpg,default
images_largescale/sun/images/sun_bmgjqufcsngsqegn.jpg,default
images_largescale/sun/images/sun_bmgolruftenzsoay.jpg,default
images_largescale/sun/images/sun_bmgtcefotdodkiyc.jpg,default
images_largescale/sun/images/sun_bmgycegphrxbrtcj.jpg,default
images_largescale/sun/images/sun_bmhaxyeudprnbpmd.jpg,default
images_largescale/sun/images/sun_bmhculcupnvrwaag.jpg,default
images_largescale/sun/images/sun_bmhiiwqrtgrdzipt.jpg,default
images_largescale/sun/images/sun_bmhiphqlcwbdandf.jpg,default
images_largescale/sun/images/sun_bmhosojggqtbylwj.jpg,default
images_largescale/sun/images/sun_bmhtmqkwfymvnufo.jpg,default
images_largescale/sun/images/sun_bmhuogxlnzxnubjd.jpg,default
images_largescale/sun/images/sun_bmiiyvovxwpjmuca.jpg,default
images_largescale/sun/images/sun_bmimpgvsszlkcifw.jpg,default
images_largescale/sun/images/sun_bmipuvscghbjybye.jpg,default
images_largescale/sun/images/sun_bmiqgluixjsqqctr.jpg,default
images_largescale/sun/images/sun_bmivvplrrpzgbtrt.jpg,default
images_largescale/sun/images/sun_bmiywzfvpguldodf.jpg,default
images_largescale/sun/images/sun_bmjfwzofuvvlnqyz.jpg,default
images_largescale/sun/images/sun_bmjtplixqemghubb.jpg,default
images_largescale/sun/images/sun_bmjyiiansdbcrggo.jpg,default
images_largescale/sun/images/sun_bmkbkfpdkqgocwth.jpg,default
images_largescale/sun/images/sun_bmkbygdvjajmfymj.jpg,default
images_largescale/sun/images/sun_bmkccuoqocntyomo.jpg,default
images_largescale/sun/images/sun_bmkeidmsbrgldpyu.jpg,default
images_largescale/sun/images/sun_bmkgpcqmzqrrqkoa.jpg,default
images_largescale/sun/images/sun_bmkliaaepqboeips.jpg,default
images_largescale/sun/images/sun_bmkrcaltrfdypdti.jpg,default
images_largescale/sun/images/sun_bmkuditnzjpzuyft.jpg,default
images_largescale/sun/images/sun_bmkvgfgpteidzpoi.jpg,default
images_largescale/sun/images/sun_bmlgdlzkdvijopib.jpg,default
images_largescale/sun/images/sun_bmlovsvtxgdtbhxl.jpg,default
images_largescale/sun/images/sun_bmlrqgxddlewidrd.jpg,default
images_largescale/sun/images/sun_bmlvibjzdncadfrd.jpg,default
images_largescale/sun/images/sun_bmlxhnqqzzmlepai.jpg,default
images_largescale/sun/images/sun_bmmajwuuvxosfarp.jpg,default
images_largescale/sun/images/sun_bmmcqvihvryqivwe.jpg,default
images_largescale/sun/images/sun_bmmfakjkxqxipnfr.jpg,default
images_largescale/sun/images/sun_bmmiqztpivjlxeqy.jpg,default
images_largescale/sun/images/sun_bmmspyttzyqpliiw.jpg,default
images_largescale/sun/images/sun_bmmybyrlmockcdft.jpg,default
images_largescale/sun/images/sun_bmmysztnpjoodbyz.jpg,default
images_largescale/sun/images/sun_bmmzkqbhwyrobsoz.jpg,default
images_largescale/sun/images/sun_bmnfyehaljzgfcdy.jpg,default
images_largescale/sun/images/sun_bmnwvouuwgizaroo.jpg,default
images_largescale/sun/images/sun_bmnyyjsmgokzkzvm.jpg,default
images_largescale/sun/images/sun_bmohbbtsdwyziqay.jpg,default
images_largescale/sun/images/sun_bmomvydzqgxojeqh.jpg,default
images_largescale/sun/images/sun_bmoouvnnsnxypsla.jpg,default
images_largescale/sun/images/sun_bmoprubauqidnrhk.jpg,default
images_largescale/sun/images/sun_bmpcvexdythnvmtf.jpg,default
images_largescale/sun/images/sun_bmpetpemknuscjtr.jpg,default
images_largescale/sun/images/sun_bmpfjbzchjkbvfof.jpg,default
images_largescale/sun/images/sun_bmpgxwyyzdylfvge.jpg,default
images_largescale/sun/images/sun_bmpkaepywxyluvhc.jpg,default
images_largescale/sun/images/sun_bmpohhxinrwymzdk.jpg,default
images_largescale/sun/images/sun_bmpsevhugsiqtpwr.jpg,default
images_largescale/sun/images/sun_bmptqhlydjbtwdgo.jpg,default
images_largescale/sun/images/sun_bmqevubisymlaldh.jpg,default
images_largescale/sun/images/sun_bmqfepyaawnlehvc.jpg,default
images_largescale/sun/images/sun_bmqfeyyxywpzlgjw.jpg,default
images_largescale/sun/images/sun_bmqlroptwomwftrl.jpg,default
images_largescale/sun/images/sun_bmqmkagzucwpdrvy.jpg,default
images_largescale/sun/images/sun_bmqmyrydxzguedin.jpg,default
images_largescale/sun/images/sun_bmqqtreminvjjrdk.jpg,default
images_largescale/sun/images/sun_bmquenxcbtwwbtkc.jpg,default
images_largescale/sun/images/sun_bmquyatrihnligfd.jpg,default
images_largescale/sun/images/sun_bmriuxtxhrocrofk.jpg,default
images_largescale/sun/images/sun_bmrnrcjspmmintsn.jpg,default
images_largescale/sun/images/sun_bmrwnopkxfrpaozv.jpg,default
images_largescale/sun/images/sun_bmsbdyquxjqbchpd.jpg,default
images_largescale/sun/images/sun_bmsdfmgmahbkxcnb.jpg,default
images_largescale/sun/images/sun_bmsdnncgyeoixvky.jpg,default
images_largescale/sun/images/sun_bmsemacabrlvsidf.jpg,default
images_largescale/sun/images/sun_bmsgmxemqhjihhsg.jpg,default
images_largescale/sun/images/sun_bmsgxutnkticktca.jpg,default
images_largescale/sun/images/sun_bmsiaqenymwkxjdl.jpg,default
images_largescale/sun/images/sun_bmsjjeflooecqdtq.jpg,default
images_largescale/sun/images/sun_bmskmybrfefjwhxn.jpg,default
images_largescale/sun/images/sun_bmsmgucwotarzwxe.jpg,default
images_largescale/sun/images/sun_bmsppnhcytqzfmup.jpg,default
images_largescale/sun/images/sun_bmssjguiutsjykfk.jpg,default
images_largescale/sun/images/sun_bmstzslnjmsvtyjr.jpg,default
images_largescale/sun/images/sun_bmtkndrlwygtzrpm.jpg,default
images_largescale/sun/images/sun_bmtmexceifivxawr.jpg,default
images_largescale/sun/images/sun_bmtmxjtbapwpyiit.jpg,default
images_largescale/sun/images/sun_bmttjuwgtvkkmovh.jpg,default
images_largescale/sun/images/sun_bmuhbzmdjkougjdn.jpg,default
images_largescale/sun/images/sun_bmulvhgmroeidprz.jpg,default
images_largescale/sun/images/sun_bmuoovsxdxseopev.jpg,default
images_largescale/sun/images/sun_bmuretrrtohddbvh.jpg,default
images_largescale/sun/images/sun_bmuxzdjvjhhjkaqv.jpg,default
images_largescale/sun/images/sun_bmvnbkxhgzdlnnyb.jpg,default
images_largescale/sun/images/sun_bmvppedtzacztuqw.jpg,default
images_largescale/sun/images/sun_bmvptvskhfjnikqf.jpg,default
images_largescale/sun/images/sun_bmvvigjpopjpglog.jpg,default
images_largescale/sun/images/sun_bmvxuvmotxbpgvqe.jpg,default
images_largescale/sun/images/sun_bmvyrzkujitpmdhf.jpg,default
images_largescale/sun/images/sun_bmwaoyjzslqxtasi.jpg,default
images_largescale/sun/images/sun_bmwkazvynuxjnokf.jpg,default
images_largescale/sun/images/sun_bmwnjlvvrzwfjnru.jpg,default
images_largescale/sun/images/sun_bmwpgeahjcssauwv.jpg,default
images_largescale/sun/images/sun_bmwppnxiaaqoipqh.jpg,default
images_largescale/sun/images/sun_bmwvtwffeljjjqmu.jpg,default
images_largescale/sun/images/sun_bmwyoyvhiezkwxui.jpg,default
images_largescale/sun/images/sun_bmxcaqdsnmibldlb.jpg,default
images_largescale/sun/images/sun_bmxefwrsgoavlanj.jpg,default
images_largescale/sun/images/sun_bmxigsouqrjdbuce.jpg,default
images_largescale/sun/images/sun_bmxlsrvzatsmjonu.jpg,default
images_largescale/sun/images/sun_bmxqvpbjucjrnmxx.jpg,default
images_largescale/sun/images/sun_bmxrclnyqwxywnel.jpg,default
images_largescale/sun/images/sun_bmxslpcszmibcion.jpg,default
images_largescale/sun/images/sun_bmxxetjhttoihfaa.jpg,default
images_largescale/sun/images/sun_bmyofjzcdmllwzdi.jpg,default
images_largescale/sun/images/sun_bmyxpxgcrdvpwrre.jpg,default
images_largescale/sun/images/sun_bmyziqmmstwcrxos.jpg,default
images_largescale/sun/images/sun_bmzacnaisieofkyv.jpg,default
images_largescale/sun/images/sun_bmznbkqvpdgkhkju.jpg,default
images_largescale/sun/images/sun_bmznzoolqemtcuss.jpg,default
images_largescale/sun/images/sun_bmzuepqivqrmygzn.jpg,default
images_largescale/sun/images/sun_bmzywtmzbtrblhpr.jpg,default
images_largescale/sun/images/sun_bnaevmsmeevnnmwv.jpg,default
images_largescale/sun/images/sun_bnaoagmllpcahqmp.jpg,default
images_largescale/sun/images/sun_bnatdqbwzrnnuniu.jpg,default
images_largescale/sun/images/sun_bnayxyujczgjwugo.jpg,default
images_largescale/sun/images/sun_bnbblulyamtvhofo.jpg,default
images_largescale/sun/images/sun_bnbbuxtgvwcarrdh.jpg,default
images_largescale/sun/images/sun_bnbgnhvwvbzkhpsp.jpg,default
images_largescale/sun/images/sun_bnbkrfjfaaywipyd.jpg,default
images_largescale/sun/images/sun_bnbniiagldxdcaty.jpg,default
images_largescale/sun/images/sun_bnbqsmeexyfsmtlv.jpg,default
images_largescale/sun/images/sun_bnbsmyjkckncknwp.jpg,default
images_largescale/sun/images/sun_bncfxclnocynbyvy.jpg,default
images_largescale/sun/images/sun_bnchiymhhedbygmy.jpg,default
images_largescale/sun/images/sun_bnckaxjanlwncuyw.jpg,default
images_largescale/sun/images/sun_bncomqpwrvfyranr.jpg,default
images_largescale/sun/images/sun_bncpfazdlfcsbfti.jpg,default
images_largescale/sun/images/sun_bncsjcyfawreexcb.jpg,default
images_largescale/sun/images/sun_bnctspqojjevmnwz.jpg,default
images_largescale/sun/images/sun_bncvgxjfmtlvfwho.jpg,default
images_largescale/sun/images/sun_bncwrttgfvqfyouf.jpg,default
images_largescale/sun/images/sun_bndbcfhimkvpczff.jpg,default
images_largescale/sun/images/sun_bndhmiyfnwfmexcs.jpg,default
images_largescale/sun/images/sun_bndhznmhiyvvytsa.jpg,default
images_largescale/sun/images/sun_bndnuebynkqqxqmw.jpg,default
images_largescale/sun/images/sun_bndoxmwzkcyvvxsf.jpg,default
images_largescale/sun/images/sun_bndqvwytuiyiarpf.jpg,default
images_largescale/sun/images/sun_bneccgphgfiyjahw.jpg,default
images_largescale/sun/images/sun_bneexhjbsmblnoff.jpg,default
images_largescale/sun/images/sun_bnekmoetyqeyqrih.jpg,default
images_largescale/sun/images/sun_bnelubfctlhwpinb.jpg,default
images_largescale/sun/images/sun_bneygfffuwkxkcqr.jpg,default
images_largescale/sun/images/sun_bnfavsrnaneaekkj.jpg,default
images_largescale/sun/images/sun_bnfeytgczrmbnoij.jpg,default
images_largescale/sun/images/sun_bnfhhcjskgobcjyc.jpg,default
images_largescale/sun/images/sun_bnfoqrjqtjqdxvrt.jpg,default
images_largescale/sun/images/sun_bnfqhqmajsejhlqe.jpg,default
images_largescale/sun/images/sun_bnfuvozxekhryvcn.jpg,default
images_largescale/sun/images/sun_bnfymkpsfvlcpzav.jpg,default
images_largescale/sun/images/sun_bngbbodlpxmqrhno.jpg,default
images_largescale/sun/images/sun_bngkrecdjevokalz.jpg,default
images_largescale/sun/images/sun_bngpojenexsynhfi.jpg,default
images_largescale/sun/images/sun_bngqljpeobbkxfcd.jpg,default
images_largescale/sun/images/sun_bngquulvvnytlqxq.jpg,default
images_largescale/sun/images/sun_bngurhxxqlgixqia.jpg,default
images_largescale/sun/images/sun_bngzvxdptreyzuqj.jpg,default
images_largescale/sun/images/sun_bnhbvaxddyfrntvs.jpg,default
images_largescale/sun/images/sun_bnhdemfscdzpxkxe.jpg,default
images_largescale/sun/images/sun_bnhnmlvoncmvfezq.jpg,default
images_largescale/sun/images/sun_bnhpcqltknzubpqq.jpg,default
images_largescale/sun/images/sun_bnhtwzzkeysrumah.jpg,default
images_largescale/sun/images/sun_bnhxlwrzjxhqwuzk.jpg,default
images_largescale/sun/images/sun_bnhzaziwnmimjvxd.jpg,default
images_largescale/sun/images/sun_bnifrsurpzupsitt.jpg,default
images_largescale/sun/images/sun_bniifvfjcnnfxeeb.jpg,default
images_largescale/sun/images/sun_bnijolwowufyizmw.jpg,default
images_largescale/sun/images/sun_bnilylxbzffkecsv.jpg,default
images_largescale/sun/images/sun_bninfokhzdkndflx.jpg,default
images_largescale/sun/images/sun_bninrfwmwhsqhpdg.jpg,default
images_largescale/sun/images/sun_bninxwoopqwhodii.jpg,default
images_largescale/sun/images/sun_bnipsfgcxspspynj.jpg,default
images_largescale/sun/images/sun_bnixfvkhfiomwxri.jpg,default
images_largescale/sun/images/sun_bniybfhpqstbrxjl.jpg,default
images_largescale/sun/images/sun_bnizxvukiwsmxpqt.jpg,default
images_largescale/sun/images/sun_bnjbmarllgmdydqd.jpg,default
images_largescale/sun/images/sun_bnjgpcrfxqawdfjf.jpg,default
images_largescale/sun/images/sun_bnjrpcmpdjmovnzr.jpg,default
images_largescale/sun/images/sun_bnjvhjqzqidjrvus.jpg,default
images_largescale/sun/images/sun_bnjzewprkeyrhggf.jpg,default
images_largescale/sun/images/sun_bnkpieadnelxvzwf.jpg,default
images_largescale/sun/images/sun_bnkwfeagylofucir.jpg,default
images_largescale/sun/images/sun_bnkyccofpyslgnuh.jpg,default
images_largescale/sun/images/sun_bnlethiubapibnps.jpg,default
images_largescale/sun/images/sun_bnlhvayadngevfia.jpg,default
images_largescale/sun/images/sun_bnlindzcfzpglgxb.jpg,default
images_largescale/sun/images/sun_bnlldrxputltseqs.jpg,default
images_largescale/sun/images/sun_bnlmmeznimruqwmx.jpg,default
images_largescale/sun/images/sun_bnlncqflacliotur.jpg,default
images_largescale/sun/images/sun_bnlowngvzgdckfmc.jpg,default
images_largescale/sun/images/sun_bnlriqupxtcnaxfq.jpg,default
images_largescale/sun/images/sun_bnlsslvzbrqglzic.jpg,default
images_largescale/sun/images/sun_bnlygjgssynoxfyg.jpg,default
images_largescale/sun/images/sun_bnlzfdydpikkvobh.jpg,default
images_largescale/sun/images/sun_bnlzmhlruciiaacl.jpg,default
images_largescale/sun/images/sun_bnmdnstgrkauejhy.jpg,default
images_largescale/sun/images/sun_bnmigxikuwwbvwbk.jpg,default
images_largescale/sun/images/sun_bnnnxnvdfedkkjft.jpg,default
images_largescale/sun/images/sun_bnnsavxliszcbgtd.jpg,default
images_largescale/sun/images/sun_bnnxztlqjdywnfis.jpg,default
images_largescale/sun/images/sun_bnnykhhxityoasoo.jpg,default
images_largescale/sun/images/sun_bnnzgixnwtclrmkn.jpg,default
images_largescale/sun/images/sun_bnoajzeilyoqagml.jpg,default
images_largescale/sun/images/sun_bnoalwjtbfvzbaoc.jpg,default
images_largescale/sun/images/sun_bnoccwtcjnjntyjm.jpg,default
images_largescale/sun/images/sun_bnokdnghzxvmtwjh.jpg,default
images_largescale/sun/images/sun_bnoogfzvfqyvlmjw.jpg,default
images_largescale/sun/images/sun_bnovhlflqhckijkc.jpg,default
images_largescale/sun/images/sun_bnowimruogjigwnc.jpg,default
images_largescale/sun/images/sun_bnoxpdxqbxvgxitm.jpg,default
images_largescale/sun/images/sun_bnozuvoxisdxvifu.jpg,default
images_largescale/sun/images/sun_bnpdnhywqbopimvv.jpg,default
images_largescale/sun/images/sun_bnpvqodnapzgneso.jpg,default
images_largescale/sun/images/sun_bnpywruwbpnhtpiy.jpg,default
images_largescale/sun/images/sun_bnqoygzrismwtxwn.jpg,default
images_largescale/sun/images/sun_bnqpionwelsvedgr.jpg,default
images_largescale/sun/images/sun_bnqwxhxtfncuqkic.jpg,default
images_largescale/sun/images/sun_bnrcokvqnlrtakqv.jpg,default
images_largescale/sun/images/sun_bnregewkuhifaynt.jpg,default
images_largescale/sun/images/sun_bnrgyjbzriibwhvo.jpg,default
images_largescale/sun/images/sun_bnrhvztysqytewzm.jpg,default
images_largescale/sun/images/sun_bnrpatoccuvbbkip.jpg,default
images_largescale/sun/images/sun_bnrubxnobdzaoarx.jpg,default
images_largescale/sun/images/sun_bnsdjctzpixzkkbg.jpg,default
images_largescale/sun/images/sun_bnsfwzswqwwmejve.jpg,default
images_largescale/sun/images/sun_bnsizqyqblmyoaui.jpg,default
images_largescale/sun/images/sun_bnsnhiycoagwtfhj.jpg,default
images_largescale/sun/images/sun_bnsptafuacbnuiqh.jpg,default
images_largescale/sun/images/sun_bnsrnpeqactqrcuy.jpg,default
images_largescale/sun/images/sun_bnsujkmriybbyvxi.jpg,default
images_largescale/sun/images/sun_bnswxevvhgfxfgph.jpg,default
images_largescale/sun/images/sun_bnszcgxfcpqjvfny.jpg,default
images_largescale/sun/images/sun_bntipuwutdgciwul.jpg,default
images_largescale/sun/images/sun_bntjszlysoycfuda.jpg,default
images_largescale/sun/images/sun_bntmtpaxtghekrcf.jpg,default
images_largescale/sun/images/sun_bntwohnhclgfhaig.jpg,default
images_largescale/sun/images/sun_bntxdnwvsuggilij.jpg,default
images_largescale/sun/images/sun_bntxofflsoylbezr.jpg,default
images_largescale/sun/images/sun_bnuaoysqaicwxcfe.jpg,default
images_largescale/sun/images/sun_bnudgebylmrjsrya.jpg,default
images_largescale/sun/images/sun_bnuhlcozrhmjjptj.jpg,default
images_largescale/sun/images/sun_bnuosdungskkhsqh.jpg,default
images_largescale/sun/images/sun_bnupdlyoatjwnbzt.jpg,default
images_largescale/sun/images/sun_bnuptyrtgcussfxm.jpg,default
images_largescale/sun/images/sun_bnurdsjbnskhtucn.jpg,default
images_largescale/sun/images/sun_bnvbggufwzojzqlt.jpg,default
images_largescale/sun/images/sun_bnvfjbyjakllfeou.jpg,default
images_largescale/sun/images/sun_bnvggvugbbvdmaml.jpg,default
images_largescale/sun/images/sun_bnvikwrrwftuzmlu.jpg,default
images_largescale/sun/images/sun_bnvkfcutrkvomvdw.jpg,default
images_largescale/sun/images/sun_bnvxvjkhvknkvdvn.jpg,default
images_largescale/sun/images/sun_bnwcytibolwphafx.jpg,default
images_largescale/sun/images/sun_bnwmrfvcewsqyvqh.jpg,default
images_largescale/sun/images/sun_bnwrahsjeulpnwsf.jpg,default
images_largescale/sun/images/sun_bnxepdsqqxmdmjdq.jpg,default
images_largescale/sun/images/sun_bnxiwwiyuiqgnshh.jpg,default
images_largescale/sun/images/sun_bnxqfdnoyjjtnxyp.jpg,default
images_largescale/sun/images/sun_bnxqfzspljstudag.jpg,default
images_largescale/sun/images/sun_bnyeuxywbsjldvqz.jpg,default
images_largescale/sun/images/sun_bnyhyhsexxwuxnnw.jpg,default
images_largescale/sun/images/sun_bnyvozizifbcgmrg.jpg,default
images_largescale/sun/images/sun_bnywfafjxzcycqwh.jpg,default
images_largescale/sun/images/sun_bnyynjqhiugewavm.jpg,default
images_largescale/sun/images/sun_bnzbyiccftyynbcx.jpg,default
images_largescale/sun/images/sun_bnzdcmzjheguxhjd.jpg,default
images_largescale/sun/images/sun_bnzfohtozfjoxyye.jpg,default
images_largescale/sun/images/sun_bnzfzveujnerudao.jpg,default
images_largescale/sun/images/sun_bnzklplacelgbsxd.jpg,default
images_largescale/sun/images/sun_bnztrbwcwwkkrnum.jpg,default
images_largescale/sun/images/sun_bnzuxwsmgmfpwkji.jpg,default
images_largescale/sun/images/sun_bnzvdzxwvcakwito.jpg,default
images_largescale/sun/images/sun_boaiyijrmzdiktdn.jpg,default
images_largescale/sun/images/sun_boakpjsofzyrojia.jpg,default
images_largescale/sun/images/sun_boanfldvnpwctsjp.jpg,default
images_largescale/sun/images/sun_boaoyvkvxvircvoh.jpg,default
images_largescale/sun/images/sun_boapleyurhbbromo.jpg,default
images_largescale/sun/images/sun_boaqvgieiquqixlv.jpg,default
images_largescale/sun/images/sun_boarzrfruiixewtk.jpg,default
images_largescale/sun/images/sun_boasvrecugjzfpuj.jpg,default
images_largescale/sun/images/sun_boauminurvypltgk.jpg,default
images_largescale/sun/images/sun_boayafrfcnaalpim.jpg,default
images_largescale/sun/images/sun_bobahfpuaziicdbu.jpg,default
images_largescale/sun/images/sun_bobhigelmaqyamqn.jpg,default
images_largescale/sun/images/sun_bobmrwopuesizgbs.jpg,default
images_largescale/sun/images/sun_bobxaeioyhkawcuz.jpg,default
images_largescale/sun/images/sun_bobxkweowczcidmu.jpg,default
images_largescale/sun/images/sun_bobzojzeyotxkmpe.jpg,default
images_largescale/sun/images/sun_bocjadfuqedouctr.jpg,default
images_largescale/sun/images/sun_boclpoupdjxoljep.jpg,default
images_largescale/sun/images/sun_bocnmdnxhloyawdn.jpg,default
images_largescale/sun/images/sun_bocpewfrdrsetxfl.jpg,default
images_largescale/sun/images/sun_bocptwcimurgyith.jpg,default
images_largescale/sun/images/sun_bocupjygqwqrkkse.jpg,default
images_largescale/sun/images/sun_bocwmglaeuumdzwu.jpg,default
images_largescale/sun/images/sun_boddhfnbtlkgwfyc.jpg,default
images_largescale/sun/images/sun_boddjzjxmggeofch.jpg,default
images_largescale/sun/images/sun_bodfylpynqiknlet.jpg,default
images_largescale/sun/images/sun_bodgjnfcijrmotoh.jpg,default
images_largescale/sun/images/sun_bodhpjlrrgnmcdkj.jpg,default
images_largescale/sun/images/sun_bodiowbptzhnqsfk.jpg,default
images_largescale/sun/images/sun_bodycucvmqlkeuvh.jpg,default
images_largescale/sun/images/sun_boelqdlplziersvr.jpg,default
images_largescale/sun/images/sun_boepacutjnaltdck.jpg,default
images_largescale/sun/images/sun_boeueaxvgaxyvspe.jpg,default
images_largescale/sun/images/sun_bofcpgmxztaqtaly.jpg,default
images_largescale/sun/images/sun_bofgqithjpnufnoc.jpg,default
images_largescale/sun/images/sun_bofnqnjunvcoqtpu.jpg,default
images_largescale/sun/images/sun_boftuzaqyenkcfjo.jpg,default
images_largescale/sun/images/sun_bofuvqqihavkppvj.jpg,default
images_largescale/sun/images/sun_bofvuzqugoupewfk.jpg,default
images_largescale/sun/images/sun_bofxnevtiqpppaky.jpg,default
images_largescale/sun/images/sun_bofznsgskzreaanj.jpg,default
images_largescale/sun/images/sun_bogfclxopyvidkjj.jpg,default
images_largescale/sun/images/sun_bogllvrgvmywprni.jpg,default
images_largescale/sun/images/sun_bogsjipcqkceyeyh.jpg,default
images_largescale/sun/images/sun_boguprmpqgtwwnwl.jpg,default
images_largescale/sun/images/sun_bogxzkmjbbvzpccq.jpg,default
images_largescale/sun/images/sun_boheuhfpyirpykvh.jpg,default
images_largescale/sun/images/sun_bohhcnzggjvdtvgn.jpg,default
images_largescale/sun/images/sun_bohkvzillyxwobig.jpg,default
images_largescale/sun/images/sun_bohraidgjkdvkahb.jpg,default
images_largescale/sun/images/sun_bohrznfqrlczbtpy.jpg,default
images_largescale/sun/images/sun_boibshmnwpyfkqcf.jpg,default
images_largescale/sun/images/sun_boidhrrhnckigshf.jpg,default
images_largescale/sun/images/sun_boihexmjotsiomwr.jpg,default
images_largescale/sun/images/sun_boijempwewpuwkaj.jpg,default
images_largescale/sun/images/sun_boijhzhrasbhezpo.jpg,default
images_largescale/sun/images/sun_boilvzpkksueyzge.jpg,default
images_largescale/sun/images/sun_boimyjrrgcarkdod.jpg,default
images_largescale/sun/images/sun_boipqzfgbvtfqxem.jpg,default
images_largescale/sun/images/sun_bojbxgadgjyajeaw.jpg,default
images_largescale/sun/images/sun_bojczkkvwhjlbwre.jpg,default
images_largescale/sun/images/sun_bojegsnaoubwaamt.jpg,default
images_largescale/sun/images/sun_bojeikmlypryxgxi.jpg,default
images_largescale/sun/images/sun_bojgtpqiqikzwjpn.jpg,default
images_largescale/sun/images/sun_bojgwkrosnxjxeui.jpg,default
images_largescale/sun/images/sun_bojnrgxntgmzbibn.jpg,default
images_largescale/sun/images/sun_bojovhhraxtgafcy.jpg,default
images_largescale/sun/images/sun_bojywhwufsckphfa.jpg,default
images_largescale/sun/images/sun_bokajkljcgvhecef.jpg,default
images_largescale/sun/images/sun_bokcuczowrqwbeff.jpg,default
images_largescale/sun/images/sun_bokcuxnieacuvomy.jpg,default
images_largescale/sun/images/sun_bokkmnxcmeygcgmu.jpg,default
images_largescale/sun/images/sun_bokqloboyxdlhwmr.jpg,default
images_largescale/sun/images/sun_bokredbbditgkfqp.jpg,default
images_largescale/sun/images/sun_bokxsqrcrkhtbcoq.jpg,default
images_largescale/sun/images/sun_bolfhwtizbvyjmem.jpg,default
images_largescale/sun/images/sun_bolklzlhpveocgfv.jpg,default
images_largescale/sun/images/sun_bolkukpjlkdeamno.jpg,default
images_largescale/sun/images/sun_bolpvbefwmlapdkd.jpg,default
images_largescale/sun/images/sun_bolsdjenxpyvlhzv.jpg,default
images_largescale/sun/images/sun_bolzopgumdlarzsj.jpg,default
images_largescale/sun/images/sun_bomcfwpoafhzuyzo.jpg,default
images_largescale/sun/images/sun_bomgxvoqvyktgxbq.jpg,default
images_largescale/sun/images/sun_bomnfqsrmomnfvmb.jpg,default
images_largescale/sun/images/sun_bomzqwlbvpujjapp.jpg,default
images_largescale/sun/images/sun_bonbsorfftjeuufx.jpg,default
images_largescale/sun/images/sun_bondzdckwhnbfhzw.jpg,default
images_largescale/sun/images/sun_bonhxkxmksvewqlr.jpg,default
images_largescale/sun/images/sun_bonicrtorseimzvs.jpg,default
images_largescale/sun/images/sun_bonjahviyratjzfd.jpg,default
images_largescale/sun/images/sun_bonmnywyymzbfunj.jpg,default
images_largescale/sun/images/sun_bonqlfmntzeevgwj.jpg,default
images_largescale/sun/images/sun_bonrrewojapzsygf.jpg,default
images_largescale/sun/images/sun_bonvrqejqbhosbpc.jpg,default
images_largescale/sun/images/sun_bonygtvimlcnuiin.jpg,default
images_largescale/sun/images/sun_booalijlkqsgsflr.jpg,default
images_largescale/sun/images/sun_booivtaufucdexvz.jpg,default
images_largescale/sun/images/sun_boojdvzriawiocue.jpg,default
images_largescale/sun/images/sun_boorlgyybapxjchm.jpg,default
images_largescale/sun/images/sun_boowpnhjvnotrzrp.jpg,default
images_largescale/sun/images/sun_bopejhekzgtxxmws.jpg,default
images_largescale/sun/images/sun_bopwvilnxiwkwhtr.jpg,default
images_largescale/sun/images/sun_boqayajsavmgjomi.jpg,default
images_largescale/sun/images/sun_boqccfgyosokujff.jpg,default
images_largescale/sun/images/sun_boqciietwdaeyqfb.jpg,default
images_largescale/sun/images/sun_boqrokdpkdhnyiqe.jpg,default
images_largescale/sun/images/sun_boqtrlchcshpsozc.jpg,default
images_largescale/sun/images/sun_borbzagvgsputcfc.jpg,default
images_largescale/sun/images/sun_borifqvmtuyzjbyc.jpg,default
images_largescale/sun/images/sun_borlfobemkuidfya.jpg,default
images_largescale/sun/images/sun_borrlhvodbzhetjv.jpg,default
images_largescale/sun/images/sun_borsamfomxnvyjdt.jpg,default
images_largescale/sun/images/sun_borwhrnccemdtpig.jpg,default
images_largescale/sun/images/sun_borxocctfqsluohg.jpg,default
images_largescale/sun/images/sun_boryivbddrnarrbo.jpg,default
images_largescale/sun/images/sun_borzsrianvdlhxef.jpg,default
images_largescale/sun/images/sun_bosdobohgrfspygj.jpg,default
images_largescale/sun/images/sun_bosfmpegjpvsfhhs.jpg,default
images_largescale/sun/images/sun_bosjkefdgxqnvago.jpg,default
images_largescale/sun/images/sun_bosqugtjckssablu.jpg,default
images_largescale/sun/images/sun_bostnmwopbwkaeym.jpg,default
images_largescale/sun/images/sun_bosvqijvmwznjrsh.jpg,default
images_largescale/sun/images/sun_bosytjokmpvilcpj.jpg,default
images_largescale/sun/images/sun_botcbqxkungjmspm.jpg,default
images_largescale/sun/images/sun_botfdfqogchgvxjn.jpg,default
images_largescale/sun/images/sun_botkpqfauetqnqwg.jpg,default
images_largescale/sun/images/sun_botlnixnxzndcfon.jpg,default
images_largescale/sun/images/sun_botowculxowgliws.jpg,default
images_largescale/sun/images/sun_bottzfndaoxflsyd.jpg,default
images_largescale/sun/images/sun_botupffjvpedqwyw.jpg,default
images_largescale/sun/images/sun_botzbtfbdwrjsruq.jpg,default
images_largescale/sun/images/sun_bouefbengbwzxyjm.jpg,default
images_largescale/sun/images/sun_boumcxqghppwjchf.jpg,default
images_largescale/sun/images/sun_boumgforqudqfymc.jpg,default
images_largescale/sun/images/sun_bouwelaruvflqplc.jpg,default
images_largescale/sun/images/sun_bouzfwvvundpqqqj.jpg,default
images_largescale/sun/images/sun_bovgjgwijepogshj.jpg,default
images_largescale/sun/images/sun_bovpnolhvmqpdgib.jpg,default
images_largescale/sun/images/sun_bovqzegqixwzdxhl.jpg,default
images_largescale/sun/images/sun_bowbbfcyptcuorim.jpg,default
images_largescale/sun/images/sun_bowkjnakraaenyal.jpg,default
images_largescale/sun/images/sun_bowwiurootlotniq.jpg,default
images_largescale/sun/images/sun_boxhpekvemzuotrn.jpg,default
images_largescale/sun/images/sun_boxijugwkfftrkyy.jpg,default
images_largescale/sun/images/sun_boyifrzyzrepokaf.jpg,default
images_largescale/sun/images/sun_boynbjkebmfifolc.jpg,default
images_largescale/sun/images/sun_boynddrhvzuoiypw.jpg,default
images_largescale/sun/images/sun_boypnjthbnliuuyp.jpg,default
images_largescale/sun/images/sun_bozjlrqrylvwoatp.jpg,default
images_largescale/sun/images/sun_bozqdhkjdrvkbrre.jpg,default
images_largescale/sun/images/sun_bpafmvrzsvclrefi.jpg,default
images_largescale/sun/images/sun_bpahzgjwaphlnxxi.jpg,default
images_largescale/sun/images/sun_bpannpslktumdvkm.jpg,default
images_largescale/sun/images/sun_bpapvxxavflulvnf.jpg,default
images_largescale/sun/images/sun_bpaxbmthswuyinso.jpg,default
images_largescale/sun/images/sun_bpaxchdqcxohhpnd.jpg,default
images_largescale/sun/images/sun_bpaxqwpiugzujtdv.jpg,default
images_largescale/sun/images/sun_bpayhqykliisuueq.jpg,default
images_largescale/sun/images/sun_bpazovprdnteupiw.jpg,default
images_largescale/sun/images/sun_bpbabaozvescvkai.jpg,default
images_largescale/sun/images/sun_bpbickufnxtanprt.jpg,default
images_largescale/sun/images/sun_bpbnjcctfkoayjxh.jpg,default
images_largescale/sun/images/sun_bpbpgtifqocntqzi.jpg,default
images_largescale/sun/images/sun_bpbrwipkqcrrbvxq.jpg,default
images_largescale/sun/images/sun_bpbvrgxettxtuilz.jpg,default
images_largescale/sun/images/sun_bpccpwpohfirajtf.jpg,default
images_largescale/sun/images/sun_bpcdxwdkzouqjybg.jpg,default
images_largescale/sun/images/sun_bpchfqmsheuxrlav.jpg,default
images_largescale/sun/images/sun_bpcjenybduzjcflr.jpg,default
images_largescale/sun/images/sun_bpckzzktdagpjxcd.jpg,default
images_largescale/sun/images/sun_bpclutakotaszosq.jpg,default
images_largescale/sun/images/sun_bpcnofhktxkcmgcx.jpg,default
images_largescale/sun/images/sun_bpcqhggpstkwiizz.jpg,default
images_largescale/sun/images/sun_bpcrjvtoynmlshii.jpg,default
images_largescale/sun/images/sun_bpcuptrbvabfklpw.jpg,default
images_largescale/sun/images/sun_bpcvatbwihbkjtfs.jpg,default
images_largescale/sun/images/sun_bpcwzdmeechuqovr.jpg,default
images_largescale/sun/images/sun_bpczpnldtievvxwa.jpg,default
images_largescale/sun/images/sun_bpdaupnfltsvhynp.jpg,default
images_largescale/sun/images/sun_bpdbnejexcvxhrlt.jpg,default
images_largescale/sun/images/sun_bpdksluhidmzqlte.jpg,default
images_largescale/sun/images/sun_bpdpuygoqshpsuie.jpg,default
images_largescale/sun/images/sun_bpdwkpcogubfezru.jpg,default
images_largescale/sun/images/sun_bpdwnhdufftfdcmo.jpg,default
images_largescale/sun/images/sun_bpebdhtkdtrqogbk.jpg,default
images_largescale/sun/images/sun_bpedqsdhaxeexnqx.jpg,default
images_largescale/sun/images/sun_bpeozzeocrnioenp.jpg,default
images_largescale/sun/images/sun_bpeufwdnzgkcchgr.jpg,default
images_largescale/sun/images/sun_bpeyufjwcmtwxjqv.jpg,default
images_largescale/sun/images/sun_bpezhbsanceubmae.jpg,default
images_largescale/sun/images/sun_bpfazjylegifdylz.jpg,default
images_largescale/sun/images/sun_bpfbavrznbnbujuh.jpg,default
images_largescale/sun/images/sun_bpfitergltvlvfwe.jpg,default
images_largescale/sun/images/sun_bpfrcnarcaoaoioa.jpg,default
images_largescale/sun/images/sun_bpfrrtuqvhgbslds.jpg,default
images_largescale/sun/images/sun_bpfruzlqwrgzaclj.jpg,default
images_largescale/sun/images/sun_bpfvilegbtkqdjdj.jpg,default
images_largescale/sun/images/sun_bpgaculoftwjywkr.jpg,default
images_largescale/sun/images/sun_bpgngbakaimsvslv.jpg,default
images_largescale/sun/images/sun_bpgpqqcptsfpwfos.jpg,default
images_largescale/sun/images/sun_bpgrxfluekgwackl.jpg,default
images_largescale/sun/images/sun_bpgwbevtofnqyazj.jpg,default
images_largescale/sun/images/sun_bpgwzatvppzgljgv.jpg,default
images_largescale/sun/images/sun_bpgxedqnhzevaaqc.jpg,default
images_largescale/sun/images/sun_bphcumhegtsmkncp.jpg,default
images_largescale/sun/images/sun_bphmpyfremeeacsj.jpg,default
images_largescale/sun/images/sun_bphrpifekmpyvvjx.jpg,default
images_largescale/sun/images/sun_bphxvzybxijceteh.jpg,default
images_largescale/sun/images/sun_bphzxqeeiqhhxzwm.jpg,default
images_largescale/sun/images/sun_bpidjclvqkzpnbsr.jpg,default
images_largescale/sun/images/sun_bpifhrlaitnnpgju.jpg,default
images_largescale/sun/images/sun_bpiiqnglxhjcyjsb.jpg,default
images_largescale/sun/images/sun_bpijlblnrtsfbwad.jpg,default
images_largescale/sun/images/sun_bpitbzkfmelmgfqz.jpg,default
images_largescale/sun/images/sun_bpitrhpmfpwtwnie.jpg,default
images_largescale/sun/images/sun_bpiynrtryudoywgv.jpg,default
images_largescale/sun/images/sun_bpjaugthurqqesou.jpg,default
images_largescale/sun/images/sun_bpjdtyuefqwgpehi.jpg,default
images_largescale/sun/images/sun_bpjicnpesqgxbdxw.jpg,default
images_largescale/sun/images/sun_bpjkwjnycgcahasw.jpg,default
images_largescale/sun/images/sun_bpjpmzqahdxbjtpu.jpg,default
images_largescale/sun/images/sun_bpjqwtjrbusanygx.jpg,default
images_largescale/sun/images/sun_bpjwroihqmtcdggb.jpg,default
images_largescale/sun/images/sun_bpjzufprohfqnreo.jpg,default
images_largescale/sun/images/sun_bpkpyzkrsgonmrxt.jpg,default
images_largescale/sun/images/sun_bpkqwahldtyzndjy.jpg,default
images_largescale/sun/images/sun_bpkxdnlpdvdktcsp.jpg,default
images_largescale/sun/images/sun_bplvbvrymfnddqyt.jpg,default
images_largescale/sun/images/sun_bplydgywotbysayr.jpg,default
images_largescale/sun/images/sun_bpmdsopylwxutbjt.jpg,default
images_largescale/sun/images/sun_bpmlhwdlsvertesy.jpg,default
images_largescale/sun/images/sun_bpmmltygpffpjmjq.jpg,default
images_largescale/sun/images/sun_bpmpccsywxzytwrx.jpg,default
images_largescale/sun/images/sun_bpmpckqkpbxlpqqe.jpg,default
images_largescale/sun/images/sun_bpmtlbwaiyvotovc.jpg,default
images_largescale/sun/images/sun_bpmyxsciechzlftz.jpg,default
images_largescale/sun/images/sun_bpnagbvvtlhmnidd.jpg,default
images_largescale/sun/images/sun_bpnevcgihrcnnrcr.jpg,default
images_largescale/sun/images/sun_bpngcwmzxjrxxrzf.jpg,default
images_largescale/sun/images/sun_bpnjenngbekmzbtt.jpg,default
images_largescale/sun/images/sun_bpnjypxotqpvrncz.jpg,default
images_largescale/sun/images/sun_bpnmfkedgvicsxae.jpg,default
images_largescale/sun/images/sun_bpocefddykylewhf.jpg,default
images_largescale/sun/images/sun_bpoftgifzmnvdsrq.jpg,default
images_largescale/sun/images/sun_bpogfzdasaopfkdm.jpg,default
images_largescale/sun/images/sun_bpoheidjlhhynpsl.jpg,default
images_largescale/sun/images/sun_bpoljhkshhctgtvw.jpg,default
images_largescale/sun/images/sun_bposchcteopjwqfo.jpg,default
images_largescale/sun/images/sun_bppcrcqkoyoudwct.jpg,default
images_largescale/sun/images/sun_bppfyapxmmijytgo.jpg,default
images_largescale/sun/images/sun_bppgoicmcreukqgk.jpg,default
images_largescale/sun/images/sun_bppjznkejfvhpcbi.jpg,default
images_largescale/sun/images/sun_bppmlevfhnhhdgrr.jpg,default
images_largescale/sun/images/sun_bppocfepzvpeekeq.jpg,default
images_largescale/sun/images/sun_bppswasiybddniwz.jpg,default
images_largescale/sun/images/sun_bppwokaycquisvkf.jpg,default
images_largescale/sun/images/sun_bpqilqgqgpxmehhn.jpg,default
images_largescale/sun/images/sun_bpqkikloksnwehow.jpg,default
images_largescale/sun/images/sun_bpqknwyfqdyimcrt.jpg,default
images_largescale/sun/images/sun_bpqlavbrtcaptzqa.jpg,default
images_largescale/sun/images/sun_bpqlmzoacpwdeymk.jpg,default
images_largescale/sun/images/sun_bpqpflvbieciefwn.jpg,default
images_largescale/sun/images/sun_bpqsbibbgvicuynn.jpg,default
images_largescale/sun/images/sun_bpquomihwfdorjri.jpg,default
images_largescale/sun/images/sun_bprasvgptndlwcil.jpg,default
images_largescale/sun/images/sun_bprbbpnbntrcpnot.jpg,default
images_largescale/sun/images/sun_bprgnfafwygducpn.jpg,default
images_largescale/sun/images/sun_bprkacfyrmerwilc.jpg,default
images_largescale/sun/images/sun_bprlumfhkqeujucf.jpg,default
images_largescale/sun/images/sun_bprpwiflgagpsida.jpg,default
images_largescale/sun/images/sun_bpruzvinnewkhtyj.jpg,default
images_largescale/sun/images/sun_bpryudtkjxleibce.jpg,default
images_largescale/sun/images/sun_bpsblunekvypkeyx.jpg,default
images_largescale/sun/images/sun_bpsdacsxpltplbek.jpg,default
images_largescale/sun/images/sun_bpsmnnilzngdptwc.jpg,default
images_largescale/sun/images/sun_bpsnefpjdaobegqc.jpg,default
images_largescale/sun/images/sun_bpsoapwdsvvtfiry.jpg,default
images_largescale/sun/images/sun_bpsokhsuwrijlxru.jpg,default
images_largescale/sun/images/sun_bpsqcgdcrasovtlw.jpg,default
images_largescale/sun/images/sun_bpsrbnzuqnmroqhk.jpg,default
images_largescale/sun/images/sun_bpstiwcjsvbvotqu.jpg,default
images_largescale/sun/images/sun_bpswjdezuzezthrs.jpg,default
images_largescale/sun/images/sun_bptjidmxgfhrcwii.jpg,default
images_largescale/sun/images/sun_bptmcnbprikvvuad.jpg,default
images_largescale/sun/images/sun_bptnyzusewbqladq.jpg,default
images_largescale/sun/images/sun_bptqofnmkssvnsqy.jpg,default
images_largescale/sun/images/sun_bptqzbtsgtoicnke.jpg,default
images_largescale/sun/images/sun_bpttctzgbssesgkq.jpg,default
images_largescale/sun/images/sun_bptxmxcpzpbifivh.jpg,default
images_largescale/sun/images/sun_bptyyxeqjsxowfvo.jpg,default
images_largescale/sun/images/sun_bpucjsrrdcygvpyd.jpg,default
images_largescale/sun/images/sun_bpuqqeyxzhjmdtaj.jpg,default
images_largescale/sun/images/sun_bpusdnvfwappgoim.jpg,default
images_largescale/sun/images/sun_bpuuwcxvmzmjvfmx.jpg,default
images_largescale/sun/images/sun_bpuuwgzlskmrxvnl.jpg,default
images_largescale/sun/images/sun_bpuxukzmfigpxtkh.jpg,default
images_largescale/sun/images/sun_bpvfnsguyrwhmxbn.jpg,default
images_largescale/sun/images/sun_bpvkcqarkipjxuxl.jpg,default
images_largescale/sun/images/sun_bpwkqeughwjptkae.jpg,default
images_largescale/sun/images/sun_bpwlayldzwvlpvgm.jpg,default
images_largescale/sun/images/sun_bpwllthradzrocyp.jpg,default
images_largescale/sun/images/sun_bpwnplwaflbhfzlu.jpg,default
images_largescale/sun/images/sun_bpwzaqncedrdecnb.jpg,default
images_largescale/sun/images/sun_bpxgjtnjjuccyxjc.jpg,default
images_largescale/sun/images/sun_bpxklnutyzjstqhh.jpg,default
images_largescale/sun/images/sun_bpxllynbigzoaihe.jpg,default
images_largescale/sun/images/sun_bpxsicxrqgmervyf.jpg,default
images_largescale/sun/images/sun_bpyghcqtrpqnabei.jpg,default
images_largescale/sun/images/sun_bpyhmhyvrfxxzvsi.jpg,default
images_largescale/sun/images/sun_bpyjktvqrbfuoseg.jpg,default
images_largescale/sun/images/sun_bpyltwailbnyhovo.jpg,default
images_largescale/sun/images/sun_bpypjisscjjjzuwk.jpg,default
images_largescale/sun/images/sun_bpyuppjnwkmubrdy.jpg,default
images_largescale/sun/images/sun_bpyymnauubdxszer.jpg,default
images_largescale/sun/images/sun_bpzaqmeianhcsclg.jpg,default
images_largescale/sun/images/sun_bpzbwjbdbxayhuhw.jpg,default
images_largescale/sun/images/sun_bpzdlygqgyarlzym.jpg,default
images_largescale/sun/images/sun_bpzfmfcwoozhdefo.jpg,default
images_largescale/sun/images/sun_bpzggxygclgevoqs.jpg,default
images_largescale/sun/images/sun_bpzjdbhvbshawzbv.jpg,default
images_largescale/sun/images/sun_bpzmoeggwefugkid.jpg,default
images_largescale/sun/images/sun_bpzszftcvrpuhajt.jpg,default
images_largescale/sun/images/sun_bpzttumuppzbbzrn.jpg,default
images_largescale/sun/images/sun_bpzuhcjbprssifcu.jpg,default
images_largescale/sun/images/sun_bpzylelzifbozomg.jpg,default
images_largescale/sun/images/sun_bpzyotxyhtkuacgh.jpg,default
images_largescale/sun/images/sun_bqaefueqhkdbhdwj.jpg,default
images_largescale/sun/images/sun_bqaftpkriwhvxytq.jpg,default
images_largescale/sun/images/sun_bqafwrgpyyxnhfqz.jpg,default
images_largescale/sun/images/sun_bqaghmscvkwktwod.jpg,default
images_largescale/sun/images/sun_bqapsexypgjawqpw.jpg,default
images_largescale/sun/images/sun_bqasyxuiwlrdbnlo.jpg,default
images_largescale/sun/images/sun_bqawcygeqmbgyiyn.jpg,default
images_largescale/sun/images/sun_bqaxgrflfovgycyn.jpg,default
images_largescale/sun/images/sun_bqaxyvljrmfradja.jpg,default
images_largescale/sun/images/sun_bqbhoghqvecjvohh.jpg,default
images_largescale/sun/images/sun_bqbopmwllahxnkrz.jpg,default
images_largescale/sun/images/sun_bqbtirifrattozjw.jpg,default
images_largescale/sun/images/sun_bqbwojjuvallcbtn.jpg,default
images_largescale/sun/images/sun_bqcfikcsvsttapsa.jpg,default
images_largescale/sun/images/sun_bqdbzetycwmdrkfe.jpg,default
images_largescale/sun/images/sun_bqdpwgvloqtatykd.jpg,default
images_largescale/sun/images/sun_bqdshkbduolgjtvp.jpg,default
images_largescale/sun/images/sun_bqdwkpxymssgdkfn.jpg,default
images_largescale/sun/images/sun_bqdwsjkirgzkggiv.jpg,default
images_largescale/sun/images/sun_bqdzmhnogeyjrtvc.jpg,default
images_largescale/sun/images/sun_bqedfphswjlioclk.jpg,default
images_largescale/sun/images/sun_bqegnkliajyynwfs.jpg,default
images_largescale/sun/images/sun_bqelvuvltjlgitmp.jpg,default
images_largescale/sun/images/sun_bqemtzpjturaoscy.jpg,default
images_largescale/sun/images/sun_bqenzlnmicreyhip.jpg,default
images_largescale/sun/images/sun_bqeuyvdgvrtnhekh.jpg,default
images_largescale/sun/images/sun_bqewwfblytqcktzf.jpg,default
images_largescale/sun/images/sun_bqeyhuydzgsewcoz.jpg,default
images_largescale/sun/images/sun_bqeyubgxuxospqhf.jpg,default
images_largescale/sun/images/sun_bqezafmogzlbsghg.jpg,default
images_largescale/sun/images/sun_bqfbcxqabmnltsnn.jpg,default
images_largescale/sun/images/sun_bqfhmkfaidjdjruy.jpg,default
images_largescale/sun/images/sun_bqfhnsmqdwjxsfmq.jpg,default
images_largescale/sun/images/sun_bqfodkhwsquiledh.jpg,default
images_largescale/sun/images/sun_bqfsturbsfjnwbsg.jpg,default
images_largescale/sun/images/sun_bqftctjxicgethmn.jpg,default
images_largescale/sun/images/sun_bqftgjgkxydbbfyl.jpg,default
images_largescale/sun/images/sun_bqgbavcitbacirty.jpg,default
images_largescale/sun/images/sun_bqgcjnddwgihsaac.jpg,default
images_largescale/sun/images/sun_bqgcojlglpcxynrt.jpg,default
images_largescale/sun/images/sun_bqgevksptcwymxtz.jpg,default
images_largescale/sun/images/sun_bqghbfzvxjgfuoyl.jpg,default
images_largescale/sun/images/sun_bqghfwajnaodublp.jpg,default
images_largescale/sun/images/sun_bqgmgtkcifgkdftk.jpg,default
images_largescale/sun/images/sun_bqgwyhijpzhpdqxg.jpg,default
images_largescale/sun/images/sun_bqhafmffknkkxytk.jpg,default
images_largescale/sun/images/sun_bqhbnjejdmwfpifm.jpg,default
images_largescale/sun/images/sun_bqhgafjjuzuqovmg.jpg,default
images_largescale/sun/images/sun_bqhjqnnzsawxvvvd.jpg,default
images_largescale/sun/images/sun_bqhkugywpkodkdpe.jpg,default
images_largescale/sun/images/sun_bqhldhedgcwazvlz.jpg,default
images_largescale/sun/images/sun_bqhnihjztlvnothk.jpg,default
images_largescale/sun/images/sun_bqhnuqdhzkozfuwp.jpg,default
images_largescale/sun/images/sun_bqhqcbxmywakusff.jpg,default
images_largescale/sun/images/sun_bqhvpazmxaykchvy.jpg,default
images_largescale/sun/images/sun_bqhxzkkuqjorbgfh.jpg,default
images_largescale/sun/images/sun_bqihbbdgerrnufbf.jpg,default
images_largescale/sun/images/sun_bqiogfbmgsohuxhw.jpg,default
images_largescale/sun/images/sun_bqipunssaycegvhy.jpg,default
images_largescale/sun/images/sun_bqipzdvzujqspizw.jpg,default
images_largescale/sun/images/sun_bqiuzenmmlwktjxx.jpg,default
images_largescale/sun/images/sun_bqjglyqtcjcnmtqr.jpg,default
images_largescale/sun/images/sun_bqjifojetgkoxwco.jpg,default
images_largescale/sun/images/sun_bqjlydtlwvquvanw.jpg,default
images_largescale/sun/images/sun_bqjontkywhwklwhb.jpg,default
images_largescale/sun/images/sun_bqjuovyovmqpjdxv.jpg,default
images_largescale/sun/images/sun_bqjwciodhwilnihu.jpg,default
images_largescale/sun/images/sun_bqkblgnpxrsplnzz.jpg,default
images_largescale/sun/images/sun_bqkcqwvhefnkcinz.jpg,default
images_largescale/sun/images/sun_bqkdhdjpdxvgljay.jpg,default
images_largescale/sun/images/sun_bqkefbrfnhfpdpfd.jpg,default
images_largescale/sun/images/sun_bqkekoxbfusxmant.jpg,default
images_largescale/sun/images/sun_bqkpcjesqmpwviqr.jpg,default
images_largescale/sun/images/sun_bqkpfczjgruiwsoz.jpg,default
images_largescale/sun/images/sun_bqkuvvxyovwgljht.jpg,default
images_largescale/sun/images/sun_bqlccfrlldokvygn.jpg,default
images_largescale/sun/images/sun_bqlecwrnlpkhugxd.jpg,default
images_largescale/sun/images/sun_bqlegrhxizosflss.jpg,default
images_largescale/sun/images/sun_bqlhycjhbjybeoqv.jpg,default
images_largescale/sun/images/sun_bqlijptknclcnier.jpg,default
images_largescale/sun/images/sun_bqlpumzfqtcixsjl.jpg,default
images_largescale/sun/images/sun_bqltcmbedvdpbpbz.jpg,default
images_largescale/sun/images/sun_bqltqvuaylvihntv.jpg,default
images_largescale/sun/images/sun_bqmabswjvyxcaxaq.jpg,default
images_largescale/sun/images/sun_bqmodmvreecrobvc.jpg,default
images_largescale/sun/images/sun_bqmxkstxlsmnoiuw.jpg,default
images_largescale/sun/images/sun_bqmzrzwsclaruxjo.jpg,default
images_largescale/sun/images/sun_bqniabnciigjyvfp.jpg,default
images_largescale/sun/images/sun_bqnjtriqsmpbijqk.jpg,default
images_largescale/sun/images/sun_bqnrbtdfzybucpdi.jpg,default
images_largescale/sun/images/sun_bqnuoijdrruyljgi.jpg,default
images_largescale/sun/images/sun_bqnwbukpwurnvtnn.jpg,default
images_largescale/sun/images/sun_bqnwnmygphbscrjm.jpg,default
images_largescale/sun/images/sun_bqnxhznjteollcjl.jpg,default
images_largescale/sun/images/sun_bqnyowzrevfvkuhi.jpg,default
images_largescale/sun/images/sun_bqnzuthfiaxbtbhg.jpg,default
images_largescale/sun/images/sun_bqobfilloxwhwbxf.jpg,default
images_largescale/sun/images/sun_bqocwefhkmalannd.jpg,default
images_largescale/sun/images/sun_bqodmnlpcfjfdsho.jpg,default
images_largescale/sun/images/sun_bqoejdyjfcpfozty.jpg,default
images_largescale/sun/images/sun_bqogketumcqznmzs.jpg,default
images_largescale/sun/images/sun_bqopzpcpjiqdpjci.jpg,default
images_largescale/sun/images/sun_bqorursqtqxcvgkf.jpg,default
images_largescale/sun/images/sun_bqotgbtuvjpgzpoh.jpg,default
images_largescale/sun/images/sun_bqoyecjerxdbtqed.jpg,default
images_largescale/sun/images/sun_bqoylotoyljjidge.jpg,default
images_largescale/sun/images/sun_bqoywfddzhaeaeux.jpg,default
images_largescale/sun/images/sun_bqozdwxabrcgzxfg.jpg,default
images_largescale/sun/images/sun_bqpgzqwdglfssiyq.jpg,default
images_largescale/sun/images/sun_bqphyiivbowrhydo.jpg,default
images_largescale/sun/images/sun_bqpmarqkbytgxlxp.jpg,default
images_largescale/sun/images/sun_bqptdnqvlvvkwhvj.jpg,default
images_largescale/sun/images/sun_bqqdmfnqycjyhvuq.jpg,default
images_largescale/sun/images/sun_bqqexkywwsvhlxkm.jpg,default
images_largescale/sun/images/sun_bqqjedkpnjaqvxjw.jpg,default
images_largescale/sun/images/sun_bqqjncjmumkdbuft.jpg,default
images_largescale/sun/images/sun_bqqncxmzzrzjklsd.jpg,default
images_largescale/sun/images/sun_bqqqteaswlunewqy.jpg,default
images_largescale/sun/images/sun_bqquzkzrdmcddrmm.jpg,default
images_largescale/sun/images/sun_bqrgfdhgmufjwayt.jpg,default
images_largescale/sun/images/sun_bqrjptqnidnnvadx.jpg,default
images_largescale/sun/images/sun_bqrlqchcutsweunj.jpg,default
images_largescale/sun/images/sun_bqroioqpjctxmnaa.jpg,default
images_largescale/sun/images/sun_bqsajjdelfjruiae.jpg,default
images_largescale/sun/images/sun_bqsdnkiwcsuuitxb.jpg,default
images_largescale/sun/images/sun_bqskhldbshgsswgh.jpg,default
images_largescale/sun/images/sun_bqslbccsjowcgvui.jpg,default
images_largescale/sun/images/sun_bqslgobnlqjzerkc.jpg,default
images_largescale/sun/images/sun_bqsnofxbzdcmvwcs.jpg,default
images_largescale/sun/images/sun_bqsprqtlgfznhqbx.jpg,default
images_largescale/sun/images/sun_bqtcyewednaaywqs.jpg,default
images_largescale/sun/images/sun_bqtjjsntkkwuxvcs.jpg,default
images_largescale/sun/images/sun_bqtunapiuxlzvquz.jpg,default
images_largescale/sun/images/sun_bqufonuuarwpzqqi.jpg,default
images_largescale/sun/images/sun_bqufxorrzhhepusw.jpg,default
images_largescale/sun/images/sun_bqugfgnqckzqucmb.jpg,default
images_largescale/sun/images/sun_bqugivkuaitlfmyu.jpg,default
images_largescale/sun/images/sun_bqujpdxcuslyzejj.jpg,default
images_largescale/sun/images/sun_bqulzvjtpnwvtyyx.jpg,default
images_largescale/sun/images/sun_bqupknowrmgvsacn.jpg,default
images_largescale/sun/images/sun_bquuuvxjlmzgddig.jpg,default
images_largescale/sun/images/sun_bqvfovrihyokqdmm.jpg,default
images_largescale/sun/images/sun_bqvldktdprlskoki.jpg,default
images_largescale/sun/images/sun_bqvqmaojuuzdfroq.jpg,default
images_largescale/sun/images/sun_bqvtatgzrkinbxqt.jpg,default
images_largescale/sun/images/sun_bqvtgesbyoepseay.jpg,default
images_largescale/sun/images/sun_bqvtgwtxvgpjokon.jpg,default
images_largescale/sun/images/sun_bqvwxcsdmkvrvkpd.jpg,default
images_largescale/sun/images/sun_bqwfgmkwbhvsgwpy.jpg,default
images_largescale/sun/images/sun_bqwjdmifbisipebw.jpg,default
images_largescale/sun/images/sun_bqwlllyhynjrcuco.jpg,default
images_largescale/sun/images/sun_bqwlnocfhfqfapmh.jpg,default
images_largescale/sun/images/sun_bqwqrkxfgedaumhq.jpg,default
images_largescale/sun/images/sun_bqwsqaqiborgyqri.jpg,default
images_largescale/sun/images/sun_bqwujcjjmowstgow.jpg,default
images_largescale/sun/images/sun_bqwwjpmohpiperxk.jpg,default
images_largescale/sun/images/sun_bqwxdcovbuahfzcs.jpg,default
images_largescale/sun/images/sun_bqxautlxvzxoqvbm.jpg,default
images_largescale/sun/images/sun_bqxbizxehaycfgjc.jpg,default
images_largescale/sun/images/sun_bqxjwczwiwnzkrbj.jpg,default
images_largescale/sun/images/sun_bqxmluhzijvqipwy.jpg,default
images_largescale/sun/images/sun_bqxofdifcjumcqgi.jpg,default
images_largescale/sun/images/sun_bqxscrgwqbslgrpt.jpg,default
images_largescale/sun/images/sun_bqxwgcmoymbrfjdt.jpg,default
images_largescale/sun/images/sun_bqxwjzpshenbotdu.jpg,default
images_largescale/sun/images/sun_bqyccdifjmpridde.jpg,default
images_largescale/sun/images/sun_bqychxdmcolnjmag.jpg,default
images_largescale/sun/images/sun_bqygsyaxzxpwymue.jpg,default
images_largescale/sun/images/sun_bqypfryvokygihnj.jpg,default
images_largescale/sun/images/sun_bqyqzucwuqjixhok.jpg,default
images_largescale/sun/images/sun_bqytxlpqgdgggfum.jpg,default
images_largescale/sun/images/sun_bqywjesucujoeegp.jpg,default
images_largescale/sun/images/sun_bqyzmaqeugvsgvyg.jpg,default
images_largescale/sun/images/sun_bqyzncplywnlzpzg.jpg,default
images_largescale/sun/images/sun_bqzfahmucmixsuni.jpg,default
images_largescale/sun/images/sun_bqzknolpefruoqzn.jpg,default
images_largescale/sun/images/sun_bqzlxwdwlxygislk.jpg,default
images_largescale/sun/images/sun_bqzmwzpnzjpgisgl.jpg,default
images_largescale/sun/images/sun_bqzujxfzyxthzaut.jpg,default
images_largescale/sun/images/sun_bqzwujkicrxhrtcn.jpg,default
images_largescale/sun/images/sun_bqzzqfbbckfikfrh.jpg,default
images_largescale/sun/images/sun_bracqiiqnomzsnzd.jpg,default
images_largescale/sun/images/sun_brakhminhdzrotxv.jpg,default
images_largescale/sun/images/sun_braorlausmiuiuoa.jpg,default
images_largescale/sun/images/sun_brarbbahjcvakhqm.jpg,default
images_largescale/sun/images/sun_braryliiyffvwogv.jpg,default
images_largescale/sun/images/sun_brauxflntprqqngy.jpg,default
images_largescale/sun/images/sun_brbbfncpqjrlvatv.jpg,default
images_largescale/sun/images/sun_brbjtxljqbdsjelp.jpg,default
images_largescale/sun/images/sun_brblaorihfgkheyj.jpg,default
images_largescale/sun/images/sun_brboqnulgacsxtsm.jpg,default
images_largescale/sun/images/sun_brbqlbweebvfftru.jpg,default
images_largescale/sun/images/sun_brbrrbtaxscidgzz.jpg,default
images_largescale/sun/images/sun_brbumkambvvquurr.jpg,default
images_largescale/sun/images/sun_brbxadfcpnfdiexe.jpg,default
images_largescale/sun/images/sun_brcfjzxbjsbcirkz.jpg,default
images_largescale/sun/images/sun_brcnweauxwwhfmme.jpg,default
images_largescale/sun/images/sun_brcrmsskdrtbrwfs.jpg,default
images_largescale/sun/images/sun_brdbnywgqwdajsgr.jpg,default
images_largescale/sun/images/sun_brdbznhxpubknupd.jpg,default
images_largescale/sun/images/sun_brdcdevjitalpmrh.jpg,default
images_largescale/sun/images/sun_brdfinnnkhpdpcov.jpg,default
images_largescale/sun/images/sun_brdggwrpgcjttudz.jpg,default
images_largescale/sun/images/sun_brdvshtvhnatzzrk.jpg,default
images_largescale/sun/images/sun_brdwxdzctzodmlpl.jpg,default
images_largescale/sun/images/sun_brdyzynrrliodoae.jpg,default
images_largescale/sun/images/sun_breceimsuthxosld.jpg,default
images_largescale/sun/images/sun_bregkqjbhyvyexep.jpg,default
images_largescale/sun/images/sun_brehfsgrhztotbpp.jpg,default
images_largescale/sun/images/sun_brejtssxheffgmmo.jpg,default
images_largescale/sun/images/sun_brewkuezwvkbpzle.jpg,default
images_largescale/sun/images/sun_brezwczwwllviogu.jpg,default
images_largescale/sun/images/sun_brfalfhmfjlmyhpt.jpg,default
images_largescale/sun/images/sun_brfdsooebuizrwhy.jpg,default
images_largescale/sun/images/sun_brfhqhccuyjvmqkj.jpg,default
images_largescale/sun/images/sun_brfhyhtzzdhgszyb.jpg,default
images_largescale/sun/images/sun_brfibldoleymhugs.jpg,default
images_largescale/sun/images/sun_brfkbajowtzsysef.jpg,default
images_largescale/sun/images/sun_brfkeoeqnwuleasw.jpg,default
images_largescale/sun/images/sun_brforzhpmmvohcvf.jpg,default
images_largescale/sun/images/sun_brfpyidtyjdewmfg.jpg,default
images_largescale/sun/images/sun_brfqvhzbovrtqsqf.jpg,default
images_largescale/sun/images/sun_brfrtuxrznyqjizq.jpg,default
images_largescale/sun/images/sun_brgdcqowiksjiujf.jpg,default
images_largescale/sun/images/sun_brgdxdbqkymohesf.jpg,default
images_largescale/sun/images/sun_brggrkscbswxhlmx.jpg,default
images_largescale/sun/images/sun_brgjzaktiawxctac.jpg,default
images_largescale/sun/images/sun_brgkvnrgktlgxdvp.jpg,default
images_largescale/sun/images/sun_brgqljpaoopbseai.jpg,default
images_largescale/sun/images/sun_brgslpktxzvkqrvs.jpg,default
images_largescale/sun/images/sun_brhezbqlmfqirlup.jpg,default
images_largescale/sun/images/sun_brhmlzueumfuxdrr.jpg,default
images_largescale/sun/images/sun_brhpjebzpqhxlgbd.jpg,default
images_largescale/sun/images/sun_brhsrakkduvhcivj.jpg,default
images_largescale/sun/images/sun_brhtwpxvfhwcvbmh.jpg,default
images_largescale/sun/images/sun_brhyjxmxydrdpkvw.jpg,default
images_largescale/sun/images/sun_bribfxffpxnnxykd.jpg,default
images_largescale/sun/images/sun_bricvbspckuqpadx.jpg,default
images_largescale/sun/images/sun_brifkzatyyuxoztn.jpg,default
images_largescale/sun/images/sun_brigluuuobimoyjt.jpg,default
images_largescale/sun/images/sun_brihqcvyzsatttgj.jpg,default
images_largescale/sun/images/sun_briilpnbltuhgdfc.jpg,default
images_largescale/sun/images/sun_bripdbqeoszauhdj.jpg,default
images_largescale/sun/images/sun_brivftfslvzwuova.jpg,default
images_largescale/sun/images/sun_brjdcxherbevdawl.jpg,default
images_largescale/sun/images/sun_brjloxohkvsbwleo.jpg,default
images_largescale/sun/images/sun_brjsnqgpttyhhxhx.jpg,default
images_largescale/sun/images/sun_brkffsojztldwvje.jpg,default
images_largescale/sun/images/sun_brkitofqpzvfxqep.jpg,default
images_largescale/sun/images/sun_brkrvhytsbdmgwzn.jpg,default
images_largescale/sun/images/sun_brkugvbspwtxolbm.jpg,default
images_largescale/sun/images/sun_brkxcolsrtwdshle.jpg,default
images_largescale/sun/images/sun_brladcpxwttduuru.jpg,default
images_largescale/sun/images/sun_brljiuznlxitzsdf.jpg,default
images_largescale/sun/images/sun_brlmofkkhcqxslic.jpg,default
images_largescale/sun/images/sun_brlppesakihdyizc.jpg,default
images_largescale/sun/images/sun_brlskqqxsdfowqcm.jpg,default
images_largescale/sun/images/sun_brmlmqwfyldewvlg.jpg,default
images_largescale/sun/images/sun_brmseyijvdajewiv.jpg,default
images_largescale/sun/images/sun_brmvkplfuwspdcoz.jpg,default
images_largescale/sun/images/sun_brmwhsstkvvjzrbm.jpg,default
images_largescale/sun/images/sun_brmyvesnjocwrgkm.jpg,default
images_largescale/sun/images/sun_brmzyeihookswrug.jpg,default
images_largescale/sun/images/sun_brnapbxsttosbeae.jpg,default
images_largescale/sun/images/sun_brngjlfxqvvduldz.jpg,default
images_largescale/sun/images/sun_brnlpqzhhklntpog.jpg,default
images_largescale/sun/images/sun_brnmlxeomuyazuzo.jpg,default
images_largescale/sun/images/sun_brnphtzgswjhydzg.jpg,default
images_largescale/sun/images/sun_brnqhmhshxulvorl.jpg,default
images_largescale/sun/images/sun_broiwjoxvifuvxcq.jpg,default
images_largescale/sun/images/sun_broiyezlljjiwhbk.jpg,default
images_largescale/sun/images/sun_brovtpalyszpvjli.jpg,default
images_largescale/sun/images/sun_browhtghljbzuemv.jpg,default
images_largescale/sun/images/sun_brpcsffpapnsqbxi.jpg,default
images_largescale/sun/images/sun_brptwtueegjovcqt.jpg,default
images_largescale/sun/images/sun_brpvrmpmnikrbupw.jpg,default
images_largescale/sun/images/sun_brpwztmgmcdwbczi.jpg,default
images_largescale/sun/images/sun_brpzynirzrnpfwxx.jpg,default
images_largescale/sun/images/sun_brqeqmvxzinbwfxb.jpg,default
images_largescale/sun/images/sun_brqhsckhinjialxf.jpg,default
images_largescale/sun/images/sun_brqnfgizsbjdnfmg.jpg,default
images_largescale/sun/images/sun_brqvrsohaotksbjc.jpg,default
images_largescale/sun/images/sun_brqyikigkyfpegug.jpg,default
images_largescale/sun/images/sun_brqzquxbptvmorgv.jpg,default
images_largescale/sun/images/sun_brrfgyocfvxfuabc.jpg,default
images_largescale/sun/images/sun_brrgwgenqkmkztij.jpg,default
images_largescale/sun/images/sun_brrjyawtgabkbuxp.jpg,default
images_largescale/sun/images/sun_brrpdracygynlgwk.jpg,default
images_largescale/sun/images/sun_brrqzdgsvflywnvw.jpg,default
images_largescale/sun/images/sun_brrsyqswvlqzqiam.jpg,default
images_largescale/sun/images/sun_brsgsjrcnzpjazkk.jpg,default
images_largescale/sun/images/sun_brsgwudgonzugcus.jpg,default
images_largescale/sun/images/sun_brslaipkwkmlqflu.jpg,default
images_largescale/sun/images/sun_brswjranmruwfiwg.jpg,default
images_largescale/sun/images/sun_brsykfyfyckuuado.jpg,default
images_largescale/sun/images/sun_brsyyeulcgbzzrgn.jpg,default
images_largescale/sun/images/sun_brtppsnxwtiuiebn.jpg,default
images_largescale/sun/images/sun_brtptultyfzcuxgi.jpg,default
images_largescale/sun/images/sun_brtpymiulhgdpvqf.jpg,default
images_largescale/sun/images/sun_brubicreqdtvoguu.jpg,default
images_largescale/sun/images/sun_bruegippndskcujm.jpg,default
images_largescale/sun/images/sun_bruewjhyihqwhpfw.jpg,default
images_largescale/sun/images/sun_bruezscbtuvtbdvs.jpg,default
images_largescale/sun/images/sun_brujfrqypophmptj.jpg,default
images_largescale/sun/images/sun_brumzunsibnojqcx.jpg,default
images_largescale/sun/images/sun_brunvgswczsbyzkp.jpg,default
images_largescale/sun/images/sun_bruphbrfsbxowtlq.jpg,default
images_largescale/sun/images/sun_bruuyterwsnuojhb.jpg,default
images_largescale/sun/images/sun_bruvrjuhzzfajbib.jpg,default
images_largescale/sun/images/sun_bruxdrrmtvuwaoem.jpg,default
images_largescale/sun/images/sun_bruxsjcmmuhsozai.jpg,default
images_largescale/sun/images/sun_bruxvsajjmailgql.jpg,default
images_largescale/sun/images/sun_brvgfhfxhmxhmpps.jpg,default
images_largescale/sun/images/sun_brvjaagykdhejrtd.jpg,default
images_largescale/sun/images/sun_brvjbymxeagmvacw.jpg,default
images_largescale/sun/images/sun_brvktbakleygxxfl.jpg,default
images_largescale/sun/images/sun_brvvdlyethytzzib.jpg,default
images_largescale/sun/images/sun_brvzopcyvrklmmqg.jpg,default
images_largescale/sun/images/sun_brwcmhxpybdvpsxn.jpg,default
images_largescale/sun/images/sun_brwcwpdohtfcqmca.jpg,default
images_largescale/sun/images/sun_brwetbzahpuoatgt.jpg,default
images_largescale/sun/images/sun_brwjmvqdzjkizcjk.jpg,default
images_largescale/sun/images/sun_brwlrmvavirrpuur.jpg,default
images_largescale/sun/images/sun_brwnhhraevihosvn.jpg,default
images_largescale/sun/images/sun_brwtivpqbrlkwavz.jpg,default
images_largescale/sun/images/sun_brwuaysmiirifsyp.jpg,default
images_largescale/sun/images/sun_brwuyibrnkqgcyxk.jpg,default
images_largescale/sun/images/sun_brxgzsufvemzaewu.jpg,default
images_largescale/sun/images/sun_brxlwwllljvailpk.jpg,default
images_largescale/sun/images/sun_brxmmryiaucnuoui.jpg,default
images_largescale/sun/images/sun_brxpivttdvmqgiit.jpg,default
images_largescale/sun/images/sun_brxwowtzhasojxna.jpg,default
images_largescale/sun/images/sun_brxynrpcncafwvie.jpg,default
images_largescale/sun/images/sun_brybaqxpclzfvpim.jpg,default
images_largescale/sun/images/sun_brysrbyajtisgfcx.jpg,default
images_largescale/sun/images/sun_bryugdogxustjsgv.jpg,default
images_largescale/sun/images/sun_bryuofyrkwsccpio.jpg,default
images_largescale/sun/images/sun_bryvdjjztzegrdrd.jpg,default
images_largescale/sun/images/sun_bryxaetjjmbvrxtj.jpg,default
images_largescale/sun/images/sun_bryxslvwejoemepu.jpg,default
images_largescale/sun/images/sun_bryymghzehemxjge.jpg,default
images_largescale/sun/images/sun_brzehwlrtzvrphhm.jpg,default
images_largescale/sun/images/sun_brzfimvznwfbitvo.jpg,default
images_largescale/sun/images/sun_brzgxrphmdibfvvn.jpg,default
images_largescale/sun/images/sun_brziyxpsmmwfszdc.jpg,default
images_largescale/sun/images/sun_brzmcqwqmvqnuycb.jpg,default
images_largescale/sun/images/sun_brzrjlqewicbalkt.jpg,default
images_largescale/sun/images/sun_brzuhtwkaaxxjeso.jpg,default
images_largescale/sun/images/sun_brzxjuvbpmfibbvx.jpg,default
images_largescale/sun/images/sun_bsaaypqnipulcjwn.jpg,default
images_largescale/sun/images/sun_bsagkngugqrtxocl.jpg,default
images_largescale/sun/images/sun_bsahehrgtwtwajcb.jpg,default
images_largescale/sun/images/sun_bsajsjmopsjeagmd.jpg,default
images_largescale/sun/images/sun_bsaotdiiwmauzdat.jpg,default
images_largescale/sun/images/sun_bsaplrngqqkwxfer.jpg,default
images_largescale/sun/images/sun_bsarydappcvgbacs.jpg,default
images_largescale/sun/images/sun_bsasczteoajlsixs.jpg,default
images_largescale/sun/images/sun_bsatwlepdeoqdmpx.jpg,default
images_largescale/sun/images/sun_bsbeqhdtgpkmyans.jpg,default
images_largescale/sun/images/sun_bsbineafjaznmtqz.jpg,default
images_largescale/sun/images/sun_bsbocvfkepoqtkto.jpg,default
images_largescale/sun/images/sun_bsbrbyfeyqglziyx.jpg,default
images_largescale/sun/images/sun_bsbteppwwdtwyjcf.jpg,default
images_largescale/sun/images/sun_bsccltramfvmxbsm.jpg,default
images_largescale/sun/images/sun_bsdclzykhhzfdjir.jpg,default
images_largescale/sun/images/sun_bsdegxcseviuvife.jpg,default
images_largescale/sun/images/sun_bsdfuxkzhslqwzjm.jpg,default
images_largescale/sun/images/sun_bsdgxxwtlvqzrfgl.jpg,default
images_largescale/sun/images/sun_bsdhwplsfdvvcqls.jpg,default
images_largescale/sun/images/sun_bsdijduozwbelplp.jpg,default
images_largescale/sun/images/sun_bsdkhphsfkespxnv.jpg,default
images_largescale/sun/images/sun_bsdnohndctxdsaha.jpg,default
images_largescale/sun/images/sun_bsdtfhsovlmpookd.jpg,default
images_largescale/sun/images/sun_bsdvbjrbvtwqiyzx.jpg,default
images_largescale/sun/images/sun_bseepwzwhhcypylx.jpg,default
images_largescale/sun/images/sun_bsehgeimmwxomwfa.jpg,default
images_largescale/sun/images/sun_bseqaxtqwtrnleds.jpg,default
images_largescale/sun/images/sun_bsetcvglxjlrqebx.jpg,default
images_largescale/sun/images/sun_bseuujpkllsquihg.jpg,default
images_largescale/sun/images/sun_bsewwykkyotnplra.jpg,default
images_largescale/sun/images/sun_bsewzilqodkkqova.jpg,default
images_largescale/sun/images/sun_bsfdjtitgzwpmjyj.jpg,default
images_largescale/sun/images/sun_bsfjnqwtbwxvlxta.jpg,default
images_largescale/sun/images/sun_bsfsxigzpczgpduw.jpg,default
images_largescale/sun/images/sun_bsfxbklaxpxlsgoa.jpg,default
images_largescale/sun/images/sun_bsfydhkvsqabzdon.jpg,default
images_largescale/sun/images/sun_bsfytlyrfgrvhhbm.jpg,default
images_largescale/sun/images/sun_bsgkcoqggusftknl.jpg,default
images_largescale/sun/images/sun_bsgmwkftttvjyvqk.jpg,default
images_largescale/sun/images/sun_bsgvhkfbcdxxihwo.jpg,default
images_largescale/sun/images/sun_bsgxcbsjcplhmaeh.jpg,default
images_largescale/sun/images/sun_bsgxupdvitsawcet.jpg,default
images_largescale/sun/images/sun_bsgywztwbmxaybws.jpg,default
images_largescale/sun/images/sun_bshburneneixsrvy.jpg,default
images_largescale/sun/images/sun_bshlsvbifryffwph.jpg,default
images_largescale/sun/images/sun_bshrfmtzkbzgzkcl.jpg,default
images_largescale/sun/images/sun_bsibygjgewduudbr.jpg,default
images_largescale/sun/images/sun_bsiewkbogmfyzurc.jpg,default
images_largescale/sun/images/sun_bsimhuxhlemcrozs.jpg,default
images_largescale/sun/images/sun_bsiqhborvkkcvfbo.jpg,default
images_largescale/sun/images/sun_bsiqhhdnthivktoq.jpg,default
images_largescale/sun/images/sun_bsiutgegqdmzyyyf.jpg,default
images_largescale/sun/images/sun_bsixhfuwkzyxcmzo.jpg,default
images_largescale/sun/images/sun_bsjbhasmxmpfyhfz.jpg,default
images_largescale/sun/images/sun_bsjbkzwnmkhqbxld.jpg,default
images_largescale/sun/images/sun_bsjcfekkneyhampu.jpg,default
images_largescale/sun/images/sun_bsjekirjugexdcou.jpg,default
images_largescale/sun/images/sun_bsjfefkpdkkrzbmx.jpg,default
images_largescale/sun/images/sun_bsjfpuaqatsawwyb.jpg,default
images_largescale/sun/images/sun_bsjnhfrabnupuqzj.jpg,default
images_largescale/sun/images/sun_bsknwsjhfwvpxama.jpg,default
images_largescale/sun/images/sun_bskrxgipifrczxkf.jpg,default
images_largescale/sun/images/sun_bslafxlsqsoszwfp.jpg,default
images_largescale/sun/images/sun_bslanabpbczcclco.jpg,default
images_largescale/sun/images/sun_bslddjtdzzdwduht.jpg,default
images_largescale/sun/images/sun_bslfkuinlcujillj.jpg,default
images_largescale/sun/images/sun_bslflhmdxdvkfbbg.jpg,default
images_largescale/sun/images/sun_bsljbwpbgocmqlph.jpg,default
images_largescale/sun/images/sun_bsllpsfcokgepzkh.jpg,default
images_largescale/sun/images/sun_bslpuhvgubqlbfpc.jpg,default
images_largescale/sun/images/sun_bslqeygbgomsrwmk.jpg,default
images_largescale/sun/images/sun_bslrghjahsfswxwe.jpg,default
images_largescale/sun/images/sun_bsmdogsphcfdjtaa.jpg,default
images_largescale/sun/images/sun_bsmfewspichmjhkc.jpg,default
images_largescale/sun/images/sun_bsmrjurejftzbryp.jpg,default
images_largescale/sun/images/sun_bsnawdrhcuccovxv.jpg,default
images_largescale/sun/images/sun_bsnccfsrwquqdfii.jpg,default
images_largescale/sun/images/sun_bsnewjizaetbxway.jpg,default
images_largescale/sun/images/sun_bsnfyjkjhldwgosz.jpg,default
images_largescale/sun/images/sun_bsnhxdxlawuuzlpi.jpg,default
images_largescale/sun/images/sun_bsnjzwasqljwoapa.jpg,default
images_largescale/sun/images/sun_bsnobcnjhpjjccyn.jpg,default
images_largescale/sun/images/sun_bsnrbvziylwznfhw.jpg,default
images_largescale/sun/images/sun_bsnslvjpcmrgonxl.jpg,default
images_largescale/sun/images/sun_bsntfvwesqamkbow.jpg,default
images_largescale/sun/images/sun_bsnucwuubstyluqd.jpg,default
images_largescale/sun/images/sun_bsnzhqqiilybwnlz.jpg,default
images_largescale/sun/images/sun_bsoikvjlszulwjzc.jpg,default
images_largescale/sun/images/sun_bsordpjetfzztcxj.jpg,default
images_largescale/sun/images/sun_bsoszlnqrbrczqdj.jpg,default
images_largescale/sun/images/sun_bsozpwmgtadzfoaq.jpg,default
images_largescale/sun/images/sun_bspaaulxdxaarjft.jpg,default
images_largescale/sun/images/sun_bspephtrosdecryh.jpg,default
images_largescale/sun/images/sun_bspfylxfzfcqgdsh.jpg,default
images_largescale/sun/images/sun_bspliyjbbkukuqyg.jpg,default
images_largescale/sun/images/sun_bspqiewxjqvlitdz.jpg,default
images_largescale/sun/images/sun_bspqksjfmhjtndzb.jpg,default
images_largescale/sun/images/sun_bspsxifbtkqecraj.jpg,default
images_largescale/sun/images/sun_bsqbxmpfaabptimj.jpg,default
images_largescale/sun/images/sun_bsqcggbcxappvyey.jpg,default
images_largescale/sun/images/sun_bsqdmkemzdcvjbps.jpg,default
images_largescale/sun/images/sun_bsqdotytertcpxjc.jpg,default
images_largescale/sun/images/sun_bsqhlpemurgdulub.jpg,default
images_largescale/sun/images/sun_bsqhourzrglgtncr.jpg,default
images_largescale/sun/images/sun_bsqlhpesrcwkeozl.jpg,default
images_largescale/sun/images/sun_bsqlpmuuudnfqwyr.jpg,default
images_largescale/sun/images/sun_bsqwzmbiucjpvjhj.jpg,default
images_largescale/sun/images/sun_bsqxblomyriduwcn.jpg,default
images_largescale/sun/images/sun_bsqxlzciryetszuk.jpg,default
images_largescale/sun/images/sun_bsqzmvvbfqkamlpx.jpg,default
images_largescale/sun/images/sun_bsrjaxaxifjplooq.jpg,default
images_largescale/sun/images/sun_bsrkjsrlgtdeveku.jpg,default
images_largescale/sun/images/sun_bsrlckehxbacdyep.jpg,default
images_largescale/sun/images/sun_bsrmdkvzrcrhnymi.jpg,default
images_largescale/sun/images/sun_bsrqbbgopkoxysxs.jpg,default
images_largescale/sun/images/sun_bsrwfwbsbyjdugqy.jpg,default
images_largescale/sun/images/sun_bsrxtixhxzmwiczh.jpg,default
images_largescale/sun/images/sun_bsrxvexzvimvftnq.jpg,default
images_largescale/sun/images/sun_bssaqtoppjcumpma.jpg,default
images_largescale/sun/images/sun_bssiqcjaiiyqmpqg.jpg,default
images_largescale/sun/images/sun_bssqucwrelzuxkdr.jpg,default
images_largescale/sun/images/sun_bssrzuslposilujg.jpg,default
images_largescale/sun/images/sun_bsssizmsssfovgzv.jpg,default
images_largescale/sun/images/sun_bssxwnihyjlhlgzt.jpg,default
images_largescale/sun/images/sun_bssypmtehmylhvgh.jpg,default
images_largescale/sun/images/sun_bstgjvinfquvaomi.jpg,default
images_largescale/sun/images/sun_bstmyqfvexuxflrz.jpg,default
images_largescale/sun/images/sun_bstnegfuzjwevhbe.jpg,default
images_largescale/sun/images/sun_bstrmlyioojzmwms.jpg,default
images_largescale/sun/images/sun_bstsvdjzxugqjsee.jpg,default
images_largescale/sun/images/sun_bsuedipgaiykcgyv.jpg,default
images_largescale/sun/images/sun_bsupqfricmknhlrt.jpg,default
images_largescale/sun/images/sun_bsuzxyfxmnnxilnu.jpg,default
images_largescale/sun/images/sun_bsvboytpyzmlptxv.jpg,default
images_largescale/sun/images/sun_bsvhgheroluapphj.jpg,default
images_largescale/sun/images/sun_bsvrcfonjwkhkuxh.jpg,default
images_largescale/sun/images/sun_bsvvuiuunkakdlzt.jpg,default
images_largescale/sun/images/sun_bsvwbhojonjgviln.jpg,default
images_largescale/sun/images/sun_bswdvzlbgpcchfty.jpg,default
images_largescale/sun/images/sun_bsweiajpyijqlrki.jpg,default
images_largescale/sun/images/sun_bswgzhhypdloknko.jpg,default
images_largescale/sun/images/sun_bswhoypthhzqagyz.jpg,default
images_largescale/sun/images/sun_bswhqznvraczgbam.jpg,default
images_largescale/sun/images/sun_bswlxocxvoskskor.jpg,default
images_largescale/sun/images/sun_bswojroqaltowkuy.jpg,default
images_largescale/sun/images/sun_bsxfzquidtzapbjb.jpg,default
images_largescale/sun/images/sun_bsxiqnitqidwsqnu.jpg,default
images_largescale/sun/images/sun_bsxiuzducwuemrxc.jpg,default
images_largescale/sun/images/sun_bsxjeiuybojyvpqv.jpg,default
images_largescale/sun/images/sun_bsxusefiyvfdwenl.jpg,default
images_largescale/sun/images/sun_bsxuyupknmqvtqzg.jpg,default
images_largescale/sun/images/sun_bsxzwundhwdffpsi.jpg,default
images_largescale/sun/images/sun_bsyigpspyrcmqekj.jpg,default
images_largescale/sun/images/sun_bsyofgkkvqjlirwa.jpg,default
images_largescale/sun/images/sun_bsyrzwnlwmdnkogh.jpg,default
images_largescale/sun/images/sun_bszgxxrejpywnaxo.jpg,default
images_largescale/sun/images/sun_bszmbvvhqalhjwmi.jpg,default
images_largescale/sun/images/sun_bszpsqyiqaiqhjri.jpg,default
images_largescale/sun/images/sun_bszsispomugqvnsv.jpg,default
images_largescale/sun/images/sun_bszsvdtmokjooabn.jpg,default
images_largescale/sun/images/sun_btaqrfwqryfzwuxk.jpg,default
images_largescale/sun/images/sun_btauxgrmgojjzhma.jpg,default
images_largescale/sun/images/sun_btawmmnkjfcsazbk.jpg,default
images_largescale/sun/images/sun_btbbfxbrtucqtath.jpg,default
images_largescale/sun/images/sun_btblysppgcwgmjwg.jpg,default
images_largescale/sun/images/sun_btbohcsspoagqolu.jpg,default
images_largescale/sun/images/sun_btbpfdgefsxcsmvh.jpg,default
images_largescale/sun/images/sun_btbqobmswppxbiih.jpg,default
images_largescale/sun/images/sun_btbwywgrllnthkvy.jpg,default
images_largescale/sun/images/sun_btceyuuwxykhtyhj.jpg,default
images_largescale/sun/images/sun_btcjckiwjedxxskq.jpg,default
images_largescale/sun/images/sun_btckadetzztuszgd.jpg,default
images_largescale/sun/images/sun_btcswbtysrbdswlw.jpg,default
images_largescale/sun/images/sun_btcsyoybaeiblzas.jpg,default
images_largescale/sun/images/sun_btcufbzrhtkukqxm.jpg,default
images_largescale/sun/images/sun_btcwsyaszviybcdg.jpg,default
images_largescale/sun/images/sun_btdcxoagxrzpmnds.jpg,default
images_largescale/sun/images/sun_btdmdxmevtphftvs.jpg,default
images_largescale/sun/images/sun_btdqepprdedadenp.jpg,default
images_largescale/sun/images/sun_btdsuxsdtsqltrdm.jpg,default
images_largescale/sun/images/sun_btdxkvgfqqsahlwx.jpg,default
images_largescale/sun/images/sun_btebrtrymeikdcji.jpg,default
images_largescale/sun/images/sun_bteinfwdnfhgjsvp.jpg,default
images_largescale/sun/images/sun_btempexiuqhdstfe.jpg,default
images_largescale/sun/images/sun_bteojilkrrifycnb.jpg,default
images_largescale/sun/images/sun_bterounarpffjgta.jpg,default
images_largescale/sun/images/sun_bterpeveyqaigcgx.jpg,default
images_largescale/sun/images/sun_bterrutfevbieedt.jpg,default
images_largescale/sun/images/sun_btexqsdhcswrwuia.jpg,default
images_largescale/sun/images/sun_btfadjrcmdqopunc.jpg,default
images_largescale/sun/images/sun_btfmoqhqnnksydlf.jpg,default
images_largescale/sun/images/sun_btfrwhpjfcjumkyc.jpg,default
images_largescale/sun/images/sun_btftvxdchuahiawy.jpg,default
images_largescale/sun/images/sun_btfugkhlqphcplhh.jpg,default
images_largescale/sun/images/sun_btfvhvplbnmlxkoh.jpg,default
images_largescale/sun/images/sun_btgaavtgghdwybcf.jpg,default
images_largescale/sun/images/sun_btgadfsulbnisxqu.jpg,default
images_largescale/sun/images/sun_btgaqrjnwgnuqqul.jpg,default
images_largescale/sun/images/sun_btgfgcnnaufodvfu.jpg,default
images_largescale/sun/images/sun_btggnvlqerhzljpw.jpg,default
images_largescale/sun/images/sun_btghzmlpuphcvztf.jpg,default
images_largescale/sun/images/sun_btglombnbdzaqsyh.jpg,default
images_largescale/sun/images/sun_btgofrrviwaavkkx.jpg,default
images_largescale/sun/images/sun_bthajdwvmidzsimq.jpg,default
images_largescale/sun/images/sun_bthcsqcftcofncjg.jpg,default
images_largescale/sun/images/sun_bthdhekortklqyvg.jpg,default
images_largescale/sun/images/sun_bthfaqfmsbiqmjnb.jpg,default
images_largescale/sun/images/sun_bthkaijqyxxcqbes.jpg,default
images_largescale/sun/images/sun_bthktqpbgdtstgiv.jpg,default
images_largescale/sun/images/sun_bthngmgimcmkjssm.jpg,default
images_largescale/sun/images/sun_bthomgkbzofmduli.jpg,default
images_largescale/sun/images/sun_bticiujonutgirux.jpg,default
images_largescale/sun/images/sun_btiezwrhxgwkcyvy.jpg,default
images_largescale/sun/images/sun_btiobruimnopblrr.jpg,default
images_largescale/sun/images/sun_btjcdpubjyksltie.jpg,default
images_largescale/sun/images/sun_btjuabujtjwxdkga.jpg,default
images_largescale/sun/images/sun_btjyrbxemjmaeuns.jpg,default
images_largescale/sun/images/sun_btkajydhoxecvrfn.jpg,default
images_largescale/sun/images/sun_btkezrygdrhztldq.jpg,default
images_largescale/sun/images/sun_btkiggkqsfpmbajv.jpg,default
images_largescale/sun/images/sun_btkiooarjsplqsin.jpg,default
images_largescale/sun/images/sun_btkngrtyqclpdmre.jpg,default
images_largescale/sun/images/sun_btknswcxmpgpkypp.jpg,default
images_largescale/sun/images/sun_btkpavxyvqmfuvau.jpg,default
images_largescale/sun/images/sun_btkqfgyvgtnjwhom.jpg,default
images_largescale/sun/images/sun_btkqmmuyekgkrqpk.jpg,default
images_largescale/sun/images/sun_btkwdetkqutxeclv.jpg,default
images_largescale/sun/images/sun_btkysrxzvsinghev.jpg,default
images_largescale/sun/images/sun_btliqdegewzzgwbz.jpg,default
images_largescale/sun/images/sun_btlkjrsglnnsdtzn.jpg,default
images_largescale/sun/images/sun_btlupldrgodleczv.jpg,default
images_largescale/sun/images/sun_btlyexcpbzvlntje.jpg,default
images_largescale/sun/images/sun_btmamxwntzbrzioj.jpg,default
images_largescale/sun/images/sun_btmhprixdccxvvaf.jpg,default
images_largescale/sun/images/sun_btmkdqtuscnvrqsc.jpg,default
images_largescale/sun/images/sun_btmrxihqefucrfjo.jpg,default
images_largescale/sun/images/sun_btnbfinjbmehkpbv.jpg,default
images_largescale/sun/images/sun_btnhlxlczwmiymzt.jpg,default
images_largescale/sun/images/sun_btnhtsthbawhykse.jpg,default
images_largescale/sun/images/sun_btnmalgjetirrnou.jpg,default
images_largescale/sun/images/sun_btnmrsigjysmluid.jpg,default
images_largescale/sun/images/sun_btnoatzxrxamxxmz.jpg,default
images_largescale/sun/images/sun_btnpdloxbysgjrmx.jpg,default
images_largescale/sun/images/sun_btnptkkaeeigglit.jpg,default
images_largescale/sun/images/sun_btntrwpdqxszhjnv.jpg,default
images_largescale/sun/images/sun_btohwudpiusfvpvl.jpg,default
images_largescale/sun/images/sun_btorblbdpqodlban.jpg,default
images_largescale/sun/images/sun_btouyuhywpdtptbk.jpg,default
images_largescale/sun/images/sun_btovjrkczomjznyg.jpg,default
images_largescale/sun/images/sun_btpaxygvjiqfrsvs.jpg,default
images_largescale/sun/images/sun_btpelckiljlvlswz.jpg,default
images_largescale/sun/images/sun_btpwxzbarctnpoaf.jpg,default
images_largescale/sun/images/sun_btqeciscopuatdbn.jpg,default
images_largescale/sun/images/sun_btqepkpdkspoadsg.jpg,default
images_largescale/sun/images/sun_btqgtvvifrthpsyl.jpg,default
images_largescale/sun/images/sun_btqhtehozkcnhpib.jpg,default
images_largescale/sun/images/sun_btqyyvfgcyfydefg.jpg,default
images_largescale/sun/images/sun_btrdflrfjsnbdacu.jpg,default
images_largescale/sun/images/sun_btrimtpntjoaproy.jpg,default
images_largescale/sun/images/sun_btrlvbvbsuqvdgua.jpg,default
images_largescale/sun/images/sun_btrnvgxtsqnicert.jpg,default
images_largescale/sun/images/sun_btrwxphygxfdynkm.jpg,default
images_largescale/sun/images/sun_btsepotuayoxodhj.jpg,default
images_largescale/sun/images/sun_btshfnepwxpetmqj.jpg,default
images_largescale/sun/images/sun_btslgvzlfkyotclw.jpg,default
images_largescale/sun/images/sun_btsphcfwfavdtslj.jpg,default
images_largescale/sun/images/sun_btstvsvpyfesbngu.jpg,default
images_largescale/sun/images/sun_btsvtqczkbtzopeq.jpg,default
images_largescale/sun/images/sun_btsztyansafgiykd.jpg,default
images_largescale/sun/images/sun_bttfybmngdqnppeu.jpg,default
images_largescale/sun/images/sun_bttlvbosotfxcnsm.jpg,default
images_largescale/sun/images/sun_bttoexsrypfewlvz.jpg,default
images_largescale/sun/images/sun_bttozzxkyirxkpro.jpg,default
images_largescale/sun/images/sun_bttruerelhmgvvtv.jpg,default
images_largescale/sun/images/sun_bttucypubtbknbgl.jpg,default
images_largescale/sun/images/sun_bttxdcxyxetnbtid.jpg,default
images_largescale/sun/images/sun_btuibprrdcrjqxvw.jpg,default
images_largescale/sun/images/sun_btujhlvsnthushcq.jpg,default
images_largescale/sun/images/sun_btuosftthgpwpkfy.jpg,default
images_largescale/sun/images/sun_btuphrkoqrrfymlm.jpg,default
images_largescale/sun/images/sun_btupmnldbaeuzyox.jpg,default
images_largescale/sun/images/sun_btupyfvdcmfcbomm.jpg,default
images_largescale/sun/images/sun_btuqhiqziwvmjkwu.jpg,default
images_largescale/sun/images/sun_btuvskdblgniqsng.jpg,default
images_largescale/sun/images/sun_btuxytomiyjhaqan.jpg,default
images_largescale/sun/images/sun_btuzbcimfutlrjyw.jpg,default
images_largescale/sun/images/sun_btuzpwiyahrxscld.jpg,default
images_largescale/sun/images/sun_btvebsfkfdkkuhkl.jpg,default
images_largescale/sun/images/sun_btvfatkfxdhtcoox.jpg,default
images_largescale/sun/images/sun_btvfyvzajbelrigk.jpg,default
images_largescale/sun/images/sun_btvjvojhlynyiovk.jpg,default
images_largescale/sun/images/sun_btvmhcomazunmqdx.jpg,default
images_largescale/sun/images/sun_btvuzjajhjxkwrxh.jpg,default
images_largescale/sun/images/sun_btwbodsqexaatyxm.jpg,default
images_largescale/sun/images/sun_btwghgckgfykudiz.jpg,default
images_largescale/sun/images/sun_btwnsiohxdyehggc.jpg,default
images_largescale/sun/images/sun_btwrwmenrlwzpstv.jpg,default
images_largescale/sun/images/sun_btwvwilhaclprobr.jpg,default
images_largescale/sun/images/sun_btxnmequkviirztz.jpg,default
images_largescale/sun/images/sun_btxojkwrveafqlqo.jpg,default
images_largescale/sun/images/sun_btybgogwvogbygqj.jpg,default
images_largescale/sun/images/sun_btycdauqwlpjrezt.jpg,default
images_largescale/sun/images/sun_btyesquxyytxifkc.jpg,default
images_largescale/sun/images/sun_btyffipxgbqvmwgf.jpg,default
images_largescale/sun/images/sun_btyfsylxhsfhmutw.jpg,default
images_largescale/sun/images/sun_btyhdrbzwlmyxvwx.jpg,default
images_largescale/sun/images/sun_btyhgalqlabwuyqy.jpg,default
images_largescale/sun/images/sun_btyhjqokikabkszi.jpg,default
images_largescale/sun/images/sun_btysjemtwedqxntp.jpg,default
images_largescale/sun/images/sun_btyyfonkqksudkgz.jpg,default
images_largescale/sun/images/sun_btyylghouvafgcqn.jpg,default
images_largescale/sun/images/sun_btzagluyqfdbvujq.jpg,default
images_largescale/sun/images/sun_btzgnyxfqotunmlo.jpg,default
images_largescale/sun/images/sun_btzhnumcispghirh.jpg,default
images_largescale/sun/images/sun_btzjzxdnqinyexsk.jpg,default
images_largescale/sun/images/sun_btzkabpkznuuglno.jpg,default
images_largescale/sun/images/sun_buajcwtlsfbnbdwj.jpg,default
images_largescale/sun/images/sun_buanjvuuilqwzfkt.jpg,default
images_largescale/sun/images/sun_buargqrdaatgcpkt.jpg,default
images_largescale/sun/images/sun_buatykubugfypvck.jpg,default
images_largescale/sun/images/sun_bubdsrjepohefgwn.jpg,default
images_largescale/sun/images/sun_bubjkxtsprugjtpz.jpg,default
images_largescale/sun/images/sun_bubjseoxaxvrnruk.jpg,default
images_largescale/sun/images/sun_bubmzlgtkammmnsh.jpg,default
images_largescale/sun/images/sun_bubnnpsvwxjpooqm.jpg,default
images_largescale/sun/images/sun_bubommlydjlnjsoh.jpg,default
images_largescale/sun/images/sun_bubtvmsaqqdccuci.jpg,default
images_largescale/sun/images/sun_bucdgovtyatplelp.jpg,default
images_largescale/sun/images/sun_bucnodybjotdqnxn.jpg,default
images_largescale/sun/images/sun_bucpsfhkambseqct.jpg,default
images_largescale/sun/images/sun_buczarbmnbtmavwn.jpg,default
images_largescale/sun/images/sun_budxbsqewqbzwmjq.jpg,default
images_largescale/sun/images/sun_budxvpncrolscckl.jpg,default
images_largescale/sun/images/sun_budzoekrfjzcmzhv.jpg,default
images_largescale/sun/images/sun_buedaglxyayrwzbg.jpg,default
images_largescale/sun/images/sun_bueghtvyoxzxashl.jpg,default
images_largescale/sun/images/sun_buehexyaiffdhxtr.jpg,default
images_largescale/sun/images/sun_bueuntcxwgxsfkis.jpg,default
images_largescale/sun/images/sun_buevfvzxtjkgxytq.jpg,default
images_largescale/sun/images/sun_bufcxxqnprpnaylv.jpg,default
images_largescale/sun/images/sun_bufkxhyjvngmvysq.jpg,default
images_largescale/sun/images/sun_bufssnluldczcymv.jpg,default
images_largescale/sun/images/sun_bufuhfanasedonoh.jpg,default
images_largescale/sun/images/sun_bufzwmcumasvivyn.jpg,default
images_largescale/sun/images/sun_buggpxnfmaxsjcwt.jpg,default
images_largescale/sun/images/sun_bugimookpuzwctfi.jpg,default
images_largescale/sun/images/sun_bugxcpcrythhvlob.jpg,default
images_largescale/sun/images/sun_buhemqpumlryxwua.jpg,default
images_largescale/sun/images/sun_buhgqccnbhmqgupm.jpg,default
images_largescale/sun/images/sun_buhlzdffevrprhej.jpg,default
images_largescale/sun/images/sun_buhsrhfhegdorlmy.jpg,default
images_largescale/sun/images/sun_buiigowpeeccndwz.jpg,default
images_largescale/sun/images/sun_buiklkvniiiwnugd.jpg,default
images_largescale/sun/images/sun_buiraamdmgyhbuwi.jpg,default
images_largescale/sun/images/sun_buiyumkajbvbezin.jpg,default
images_largescale/sun/images/sun_buizzhdyywhitikp.jpg,default
images_largescale/sun/images/sun_bujcqcgupgfqeuqa.jpg,default
images_largescale/sun/images/sun_bujdexevpjjiuhft.jpg,default
images_largescale/sun/images/sun_bujfpjjhjwikgkqn.jpg,default
images_largescale/sun/images/sun_bujjyesjsssfguew.jpg,default
images_largescale/sun/images/sun_bujoisvespkzglsf.jpg,default
images_largescale/sun/images/sun_bujtguzfbllvwgib.jpg,default
images_largescale/sun/images/sun_bujvbfrqwlxdfxif.jpg,default
images_largescale/sun/images/sun_bujwtxamprfeslns.jpg,default
images_largescale/sun/images/sun_bujymhhmvoolploe.jpg,default
images_largescale/sun/images/sun_bukcmkgcvrpcuajn.jpg,default
images_largescale/sun/images/sun_bukehpaockfvfndt.jpg,default
images_largescale/sun/images/sun_bukjfthvsyggitlw.jpg,default
images_largescale/sun/images/sun_buksvwkwgttaytol.jpg,default
images_largescale/sun/images/sun_bulajskdskmlygkh.jpg,default
images_largescale/sun/images/sun_bulexddxkqtetdat.jpg,default
images_largescale/sun/images/sun_bulgeglsasonozmm.jpg,default
images_largescale/sun/images/sun_bulhgneqfpkmbbpr.jpg,default
images_largescale/sun/images/sun_bultmxzvyuasgjed.jpg,default
images_largescale/sun/images/sun_bumockakjmtudpaz.jpg,default
images_largescale/sun/images/sun_bumqfbcpqksfbges.jpg,default
images_largescale/sun/images/sun_bumqrehnflurgaqr.jpg,default
images_largescale/sun/images/sun_bumtzanwkudmrkhi.jpg,default
images_largescale/sun/images/sun_bumurzqpopvljrof.jpg,default
images_largescale/sun/images/sun_bumxikkejhzanjui.jpg,default
images_largescale/sun/images/sun_bunifntuwytpubwy.jpg,default
images_largescale/sun/images/sun_bunkegtkujuqmlia.jpg,default
images_largescale/sun/images/sun_bunmixfiqyuyphwz.jpg,default
images_largescale/sun/images/sun_bunqarfjkiwuzaak.jpg,default
images_largescale/sun/images/sun_bunzexuyaftkjvfp.jpg,default
images_largescale/sun/images/sun_buohxbbfjdvtwffk.jpg,default
images_largescale/sun/images/sun_buoqvikboaubzqid.jpg,default
images_largescale/sun/images/sun_buouevebdbjdiuhv.jpg,default
images_largescale/sun/images/sun_buoxppbzbenwwwrb.jpg,default
images_largescale/sun/images/sun_buoysnwunefgclzw.jpg,default
images_largescale/sun/images/sun_buozchxjszwjoyrg.jpg,default
images_largescale/sun/images/sun_bupcnrqcynxtdjzd.jpg,default
images_largescale/sun/images/sun_bupcypsivhdpnrzb.jpg,default
images_largescale/sun/images/sun_bupkmadjhhtiagpc.jpg,default
images_largescale/sun/images/sun_bupmcllrscfmfuhg.jpg,default
images_largescale/sun/images/sun_bupolaaofnvmvhaz.jpg,default
images_largescale/sun/images/sun_buprfbqhfzyczfhr.jpg,default
images_largescale/sun/images/sun_bupyrxfwzawdqngx.jpg,default
images_largescale/sun/images/sun_bupzgnbxfubduxub.jpg,default
images_largescale/sun/images/sun_buqbeusxlrmuycpo.jpg,default
images_largescale/sun/images/sun_buqjkjekojqenkji.jpg,default
images_largescale/sun/images/sun_buqouosqrkvlywbn.jpg,default
images_largescale/sun/images/sun_buqqbpbrzxgvfbkm.jpg,default
images_largescale/sun/images/sun_buqtvumfmkysfsxr.jpg,default
images_largescale/sun/images/sun_buqzyxwkytvxxcqm.jpg,default
images_largescale/sun/images/sun_burhphqpxfoayqaj.jpg,default
images_largescale/sun/images/sun_burmthwplynfjadf.jpg,default
images_largescale/sun/images/sun_burvtuzskjzqrcyq.jpg,default
images_largescale/sun/images/sun_busadkfesoywzsku.jpg,default
images_largescale/sun/images/sun_buseslbmwwnmqild.jpg,default
images_largescale/sun/images/sun_busessqtjcedzggx.jpg,default
images_largescale/sun/images/sun_busfomqcsxvjxknf.jpg,default
images_largescale/sun/images/sun_buslofrcuvethlbt.jpg,default
images_largescale/sun/images/sun_buslvnoaelquxqmb.jpg,default
images_largescale/sun/images/sun_busrjelvdavjfvcg.jpg,default
images_largescale/sun/images/sun_busupkdjteeysgde.jpg,default
images_largescale/sun/images/sun_butkudgyugerpoxp.jpg,default
images_largescale/sun/images/sun_butncsyftvklbwgy.jpg,default
images_largescale/sun/images/sun_butwkdqoqpuxioxz.jpg,default
images_largescale/sun/images/sun_buufxbcylfhnaomk.jpg,default
images_largescale/sun/images/sun_buugxikijzramiks.jpg,default
images_largescale/sun/images/sun_buuqqlaulkzkzcxm.jpg,default
images_largescale/sun/images/sun_buuqrbypdtqpnviw.jpg,default
images_largescale/sun/images/sun_buuquqynpascvpvg.jpg,default
images_largescale/sun/images/sun_buurthpaifcskwbb.jpg,default
images_largescale/sun/images/sun_buuxehqdouknzyry.jpg,default
images_largescale/sun/images/sun_buuxukdupupbqdea.jpg,default
images_largescale/sun/images/sun_buuyssfxmxodwtug.jpg,default
images_largescale/sun/images/sun_buvakhythzczgcnz.jpg,default
images_largescale/sun/images/sun_buvambxlqaguxlhl.jpg,default
images_largescale/sun/images/sun_buvgkzmdxwdvcmia.jpg,default
images_largescale/sun/images/sun_buvguzeesvhnciki.jpg,default
images_largescale/sun/images/sun_buwcqrbbwfokmbfn.jpg,default
images_largescale/sun/images/sun_buwfkswrpuoxtfnt.jpg,default
images_largescale/sun/images/sun_buwjkebkodratosa.jpg,default
images_largescale/sun/images/sun_buwmubyuoxivyojg.jpg,default
images_largescale/sun/images/sun_buwplyssabskyede.jpg,default
images_largescale/sun/images/sun_buwyecnwhleoolhx.jpg,default
images_largescale/sun/images/sun_buxcojsrxqasrkhd.jpg,default
images_largescale/sun/images/sun_buxdfhnfjjtvtfbz.jpg,default
images_largescale/sun/images/sun_buxxbbgfugrvbnlc.jpg,default
images_largescale/sun/images/sun_buxzijnulpwuydju.jpg,default
images_largescale/sun/images/sun_buyfbsqbnohcytfb.jpg,default
images_largescale/sun/images/sun_buylavieleinujxo.jpg,default
images_largescale/sun/images/sun_buylcmijoopwqugn.jpg,default
images_largescale/sun/images/sun_buyvbmzcjifjclqr.jpg,default
images_largescale/sun/images/sun_buyyxdbbdnlmtdhs.jpg,default
images_largescale/sun/images/sun_buzfpdoneintpehf.jpg,default
images_largescale/sun/images/sun_buzoykfryxuwlbrk.jpg,default
images_largescale/sun/images/sun_buzpnbahojqqkvrt.jpg,default
images_largescale/sun/images/sun_buzptenhhzbfkklk.jpg,default
images_largescale/sun/images/sun_buzswxpeuqddnoip.jpg,default
images_largescale/sun/images/sun_buzwlclibjlewjbb.jpg,default
images_largescale/sun/images/sun_buzyfwjpqdavkmpf.jpg,default
images_largescale/sun/images/sun_bvachejdscjkngdn.jpg,default
images_largescale/sun/images/sun_bvagocntwzujlqvo.jpg,default
images_largescale/sun/images/sun_bvanvhsmzxrktkol.jpg,default
images_largescale/sun/images/sun_bvapqzlurslxhfjr.jpg,default
images_largescale/sun/images/sun_bvawcmcabmaoywsj.jpg,default
images_largescale/sun/images/sun_bvbdbnxprgqmxtjn.jpg,default
images_largescale/sun/images/sun_bvbiusayjuxfxdnr.jpg,default
images_largescale/sun/images/sun_bvbkuetdqxbgmsle.jpg,default
images_largescale/sun/images/sun_bvbmocnkdnxbfgcb.jpg,default
images_largescale/sun/images/sun_bvboyfsyghgsitdw.jpg,default
images_largescale/sun/images/sun_bvbwevvnnjyszzcj.jpg,default
images_largescale/sun/images/sun_bvbzvunekksfggon.jpg,default
images_largescale/sun/images/sun_bvcfurmxkryhsteo.jpg,default
images_largescale/sun/images/sun_bvcgpqofiadhwret.jpg,default
images_largescale/sun/images/sun_bvchxwnpyeghkxeb.jpg,default
images_largescale/sun/images/sun_bvcrkwrwsgjmrkht.jpg,default
images_largescale/sun/images/sun_bvdanuindktkfvwv.jpg,default
images_largescale/sun/images/sun_bvdekhwwbbxtlyuc.jpg,default
images_largescale/sun/images/sun_bvdeobxbfbljdzeh.jpg,default
images_largescale/sun/images/sun_bvdpaarqoanuqhsa.jpg,default
images_largescale/sun/images/sun_bvdqbmtlsgxihwwm.jpg,default
images_largescale/sun/images/sun_bveclyqazovicbwb.jpg,default
images_largescale/sun/images/sun_bvegrcszhuuqrzpf.jpg,default
images_largescale/sun/images/sun_bvegxvvqyslkfefi.jpg,default
images_largescale/sun/images/sun_bveoddxqdhkkhfij.jpg,default
images_largescale/sun/images/sun_bveotqpbvzgbrmrz.jpg,default
images_largescale/sun/images/sun_bvetdhrdxcjuouwm.jpg,default
images_largescale/sun/images/sun_bvetyqsohdojxlxw.jpg,default
images_largescale/sun/images/sun_bvewwfajjwjntohf.jpg,default
images_largescale/sun/images/sun_bvfdtzxfdmxerlup.jpg,default
images_largescale/sun/images/sun_bvfegcomtcwnxepo.jpg,default
images_largescale/sun/images/sun_bvfldbwhklzfobyi.jpg,default
images_largescale/sun/images/sun_bvfxcqrntslxpzdv.jpg,default
images_largescale/sun/images/sun_bvgakmterkqkgyuq.jpg,default
images_largescale/sun/images/sun_bvgdwtboanrriaxl.jpg,default
images_largescale/sun/images/sun_bvggrroqlffkzwkc.jpg,default
images_largescale/sun/images/sun_bvgizivvlyeavido.jpg,default
images_largescale/sun/images/sun_bvgrpksluwdblxig.jpg,default
images_largescale/sun/images/sun_bvhatdwnddvefnkw.jpg,default
images_largescale/sun/images/sun_bvhdjjdacobsagjg.jpg,default
images_largescale/sun/images/sun_bvhlrdqxlatwqasc.jpg,default
images_largescale/sun/images/sun_bvhoridrzxtgvzex.jpg,default
images_largescale/sun/images/sun_bvhzcchlhphvqjsj.jpg,default
images_largescale/sun/images/sun_bviajiduymaivwil.jpg,default
images_largescale/sun/images/sun_bviclkqwkaiulovk.jpg,default
images_largescale/sun/images/sun_bvigtamzwppjqmzg.jpg,default
images_largescale/sun/images/sun_bvirpoavdcypuoyg.jpg,default
images_largescale/sun/images/sun_bvjalcjrlrporxjr.jpg,default
images_largescale/sun/images/sun_bvjfqynqgvifoocf.jpg,default
images_largescale/sun/images/sun_bvjncyzdjhaglgwz.jpg,default
images_largescale/sun/images/sun_bvjsyinklujmxwic.jpg,default
images_largescale/sun/images/sun_bvjwituscqawqjxs.jpg,default
images_largescale/sun/images/sun_bvkdkhgibuiajvzc.jpg,default
images_largescale/sun/images/sun_bvkjqpkmvwshayou.jpg,default
images_largescale/sun/images/sun_bvkpmcjpjzgdkwmd.jpg,default
images_largescale/sun/images/sun_bvkqjhidxjzhqdoy.jpg,default
images_largescale/sun/images/sun_bvkxjniyveozkoon.jpg,default
images_largescale/sun/images/sun_bvlheeyfiqkyrclm.jpg,default
images_largescale/sun/images/sun_bvlihuzwolttdrnn.jpg,default
images_largescale/sun/images/sun_bvlikrwlbedqmlmm.jpg,default
images_largescale/sun/images/sun_bvlomdgleqgdbusq.jpg,default
images_largescale/sun/images/sun_bvlrbluwoxhiogyn.jpg,default
images_largescale/sun/images/sun_bvltjlcldurqqjta.jpg,default
images_largescale/sun/images/sun_bvltkemqnfxlorga.jpg,default
images_largescale/sun/images/sun_bvltztwgxggeaiyb.jpg,default
images_largescale/sun/images/sun_bvlwmdeakftzkwmt.jpg,default
images_largescale/sun/images/sun_bvmbtprmorfswznh.jpg,default
images_largescale/sun/images/sun_bvmiqjbdnfgcnclx.jpg,default
images_largescale/sun/images/sun_bvmmhxspfcqtedjh.jpg,default
images_largescale/sun/images/sun_bvmqnyousgjiredz.jpg,default
images_largescale/sun/images/sun_bvmtlnkiwicczaja.jpg,default
images_largescale/sun/images/sun_bvmxxqvzkwunzoac.jpg,default
images_largescale/sun/images/sun_bvnggjvxsuviieyu.jpg,default
images_largescale/sun/images/sun_bvnngxmwkcvruqyv.jpg,default
images_largescale/sun/images/sun_bvnqdmhxacjnbwmk.jpg,default
images_largescale/sun/images/sun_bvocdxttbbxmrmee.jpg,default
images_largescale/sun/images/sun_bvoraywiwkghtfsp.jpg,default
images_largescale/sun/images/sun_bvostcxxrlbpquip.jpg,default
images_largescale/sun/images/sun_bvozfjkjqagiwqab.jpg,default
images_largescale/sun/images/sun_bvpbumitwcazuujt.jpg,default
images_largescale/sun/images/sun_bvpbxohmyaxmbzrt.jpg,default
images_largescale/sun/images/sun_bvpcdmlgahttxfmb.jpg,default
images_largescale/sun/images/sun_bvpcpwftcvuycwlt.jpg,default
images_largescale/sun/images/sun_bvpldpqkkyjrnptp.jpg,default
images_largescale/sun/images/sun_bvpliwejztiqwwjg.jpg,default
images_largescale/sun/images/sun_bvpvixdpqbvytmpj.jpg,default
images_largescale/sun/images/sun_bvpxyhujdohtrlbg.jpg,default
images_largescale/sun/images/sun_bvqbcewassocqnbc.jpg,default
images_largescale/sun/images/sun_bvqbwyqzryswhvhr.jpg,default
images_largescale/sun/images/sun_bvqducnqevwlezpd.jpg,default
images_largescale/sun/images/sun_bvqryjjyruzhloem.jpg,default
images_largescale/sun/images/sun_bvqtjyvvsgrcazvx.jpg,default
images_largescale/sun/images/sun_bvrdyhlihtclhyac.jpg,default
images_largescale/sun/images/sun_bvrdypwwuskviwbh.jpg,default
images_largescale/sun/images/sun_bvrebjtqjljimiri.jpg,default
images_largescale/sun/images/sun_bvredivagarwuogx.jpg,default
images_largescale/sun/images/sun_bvrfeaopeggjltxq.jpg,default
images_largescale/sun/images/sun_bvrgjwkrkkqrgpxb.jpg,default
images_largescale/sun/images/sun_bvrkbbogfvmxsfjn.jpg,default
images_largescale/sun/images/sun_bvrlrkpojuizmrqe.jpg,default
images_largescale/sun/images/sun_bvrwkrclmceurzjw.jpg,default
images_largescale/sun/images/sun_bvrzfxxxhinynrcp.jpg,default
images_largescale/sun/images/sun_bvsantjstnavtgrm.jpg,default
images_largescale/sun/images/sun_bvsdkmlfmltkbclz.jpg,default
images_largescale/sun/images/sun_bvsdxeesdwqvzeir.jpg,default
images_largescale/sun/images/sun_bvsospxyjtczfted.jpg,default
images_largescale/sun/images/sun_bvsoumdthjcrnfnw.jpg,default
images_largescale/sun/images/sun_bvsvqpaowlicxlxn.jpg,default
images_largescale/sun/images/sun_bvsyixierqztagxe.jpg,default
images_largescale/sun/images/sun_bvtdfhkruhayttjl.jpg,default
images_largescale/sun/images/sun_bvtfcwegepskvaen.jpg,default
images_largescale/sun/images/sun_bvtghzonebbkmekb.jpg,default
images_largescale/sun/images/sun_bvtpdoserqgvofmz.jpg,default
images_largescale/sun/images/sun_bvtqyjaxidcmvluq.jpg,default
images_largescale/sun/images/sun_bvucnbwwxqskuhdw.jpg,default
images_largescale/sun/images/sun_bvucsccipzzujhvq.jpg,default
images_largescale/sun/images/sun_bvugjiwlluaqihue.jpg,default
images_largescale/sun/images/sun_bvujnmoprteohszh.jpg,default
images_largescale/sun/images/sun_bvuywwiebdwaxgmk.jpg,default
images_largescale/sun/images/sun_bvvajepabmhgpjav.jpg,default
images_largescale/sun/images/sun_bvvfzkidbpzwrptr.jpg,default
images_largescale/sun/images/sun_bvvhuiaiqnkkxjjl.jpg,default
images_largescale/sun/images/sun_bvvphvkxzezwgcqm.jpg,default
images_largescale/sun/images/sun_bvvuttgvlwdydbkh.jpg,default
images_largescale/sun/images/sun_bvvxfrhddmqjkrzw.jpg,default
images_largescale/sun/images/sun_bvvxxlrzhfyceypf.jpg,default
images_largescale/sun/images/sun_bvvyuamqugrhhnwj.jpg,default
images_largescale/sun/images/sun_bvwefeqflhvtsydm.jpg,default
images_largescale/sun/images/sun_bvwulfrpijoixyor.jpg,default
images_largescale/sun/images/sun_bvwwfrhtvupdxldb.jpg,default
images_largescale/sun/images/sun_bvxfzujxgpqfvbne.jpg,default
images_largescale/sun/images/sun_bvxhicorpyooqzmn.jpg,default
images_largescale/sun/images/sun_bvxrwsizuzyevdei.jpg,default
images_largescale/sun/images/sun_bvxthzckyprdjnln.jpg,default
images_largescale/sun/images/sun_bvxtjsbnahrzwbhi.jpg,default
images_largescale/sun/images/sun_bvxvwenjhkcpfnrd.jpg,default
images_largescale/sun/images/sun_bvxwodfayxgsedwl.jpg,default
images_largescale/sun/images/sun_bvyikdwbfkldplnp.jpg,default
images_largescale/sun/images/sun_bvyixzhgislcdyxh.jpg,default
images_largescale/sun/images/sun_bvypymdgalyoaskf.jpg,default
images_largescale/sun/images/sun_bvyrrijcefalwkel.jpg,default
images_largescale/sun/images/sun_bvyskzcxziyiywub.jpg,default
images_largescale/sun/images/sun_bvywucwhkqqwicrw.jpg,default
images_largescale/sun/images/sun_bvywzzmqxshyixie.jpg,default
images_largescale/sun/images/sun_bvyxtpthsxbigblb.jpg,default
images_largescale/sun/images/sun_bvzgsalndmqmuchm.jpg,default
images_largescale/sun/images/sun_bvzjgxppzizhzdik.jpg,default
images_largescale/sun/images/sun_bvzqssjmdzunblbe.jpg,default
images_largescale/sun/images/sun_bvztmelvkabcfrda.jpg,default
images_largescale/sun/images/sun_bvzuuiwbqiclcmdh.jpg,default
images_largescale/sun/images/sun_bvzvwoxccsdqzioh.jpg,default
images_largescale/sun/images/sun_bvzyczfwqqkoysrv.jpg,default
images_largescale/sun/images/sun_bwaakfqktqpuagbv.jpg,default
images_largescale/sun/images/sun_bwafvrymhrsckjbl.jpg,default
images_largescale/sun/images/sun_bwbakyekyllnrbly.jpg,default
images_largescale/sun/images/sun_bwbbfqdhmtpkzlwv.jpg,default
images_largescale/sun/images/sun_bwbbfvsqshlvjjet.jpg,default
images_largescale/sun/images/sun_bwbcqdwhxbslrvaz.jpg,default
images_largescale/sun/images/sun_bwbdakyrmlqnqona.jpg,default
images_largescale/sun/images/sun_bwbeayteffpmoluy.jpg,default
images_largescale/sun/images/sun_bwbgzcqjdolrueho.jpg,default
images_largescale/sun/images/sun_bwbnvrnqhvzektqv.jpg,default
images_largescale/sun/images/sun_bwbqkloviocxctfm.jpg,default
images_largescale/sun/images/sun_bwburtskvhafiwpa.jpg,default
images_largescale/sun/images/sun_bwcbpsqzpixwnwhf.jpg,default
images_largescale/sun/images/sun_bwckyhdteqqdgeve.jpg,default
images_largescale/sun/images/sun_bwcltmwkwjsqxiln.jpg,default
images_largescale/sun/images/sun_bwcmpklymnzbielt.jpg,default
images_largescale/sun/images/sun_bwcxrepzilnboled.jpg,default
images_largescale/sun/images/sun_bwdbnttbmdzfzvrw.jpg,default
images_largescale/sun/images/sun_bwdgowvjzoplmjvf.jpg,default
images_largescale/sun/images/sun_bwdkyqfrphuympwt.jpg,default
images_largescale/sun/images/sun_bwdmgnmyalszgmnm.jpg,default
images_largescale/sun/images/sun_bwdtrjpptvdfkdrs.jpg,default
images_largescale/sun/images/sun_bwdulibeczqcrall.jpg,default
images_largescale/sun/images/sun_bwdvtwlzbuxstjcp.jpg,default
images_largescale/sun/images/sun_bweapldmprcyaxps.jpg,default
images_largescale/sun/images/sun_bwebusdtlbwvaihy.jpg,default
images_largescale/sun/images/sun_bwepytxdvdklixpk.jpg,default
images_largescale/sun/images/sun_bwerolorukcpmvxt.jpg,default
images_largescale/sun/images/sun_bwezepjotikevvtc.jpg,default
images_largescale/sun/images/sun_bweztrxfgtyoqzvc.jpg,default
images_largescale/sun/images/sun_bwfgaxzghojjdeon.jpg,default
images_largescale/sun/images/sun_bwfhmffreqxpwtsn.jpg,default
images_largescale/sun/images/sun_bwflhqodufjekfoa.jpg,default
images_largescale/sun/images/sun_bwflwmxqyduxgmzy.jpg,default
images_largescale/sun/images/sun_bwfmqkcsursirvwu.jpg,default
images_largescale/sun/images/sun_bwfrdmhzxumekhvl.jpg,default
images_largescale/sun/images/sun_bwfsbgvvdpeksycy.jpg,default
images_largescale/sun/images/sun_bwgbiyqsgcjgkapd.jpg,default
images_largescale/sun/images/sun_bwgghpyhapzkghec.jpg,default
images_largescale/sun/images/sun_bwhjdpcmtacuzxhz.jpg,default
images_largescale/sun/images/sun_bwhjrkvsmaxdokrf.jpg,default
images_largescale/sun/images/sun_bwhntsxqruccpaed.jpg,default
images_largescale/sun/images/sun_bwhntvouxfbjxdka.jpg,default
images_largescale/sun/images/sun_bwhpuccxkxzzfnfp.jpg,default
images_largescale/sun/images/sun_bwhrjbmbmgsxwnda.jpg,default
images_largescale/sun/images/sun_bwhuwxazfqwuqhik.jpg,default
images_largescale/sun/images/sun_bwieewwukpzwbtgw.jpg,default
images_largescale/sun/images/sun_bwipdgspjaitsvqg.jpg,default
images_largescale/sun/images/sun_bwitmfieqhukhrns.jpg,default
images_largescale/sun/images/sun_bwiwbxmldboptqix.jpg,default
images_largescale/sun/images/sun_bwiwusmyjzmoegeg.jpg,default
images_largescale/sun/images/sun_bwizcygzplaztkud.jpg,default
images_largescale/sun/images/sun_bwjkeogrjqmuplhu.jpg,default
images_largescale/sun/images/sun_bwjknwjvcigwgybm.jpg,default
images_largescale/sun/images/sun_bwjkruolmxmlbxpo.jpg,default
images_largescale/sun/images/sun_bwjlxwtrmkoooqwx.jpg,default
images_largescale/sun/images/sun_bwjsijpspdgrvkek.jpg,default
images_largescale/sun/images/sun_bwjxputzultzgxie.jpg,default
images_largescale/sun/images/sun_bwkaqgmldnpjkrua.jpg,default
images_largescale/sun/images/sun_bwkdgghnkdmdhulk.jpg,default
images_largescale/sun/images/sun_bwkoyhgvwssqqjjb.jpg,default
images_largescale/sun/images/sun_bwkwqqzvqwwnqtfl.jpg,default
images_largescale/sun/images/sun_bwkxupbhrnksvpzy.jpg,default
images_largescale/sun/images/sun_bwlnfmfadvrajpxo.jpg,default
images_largescale/sun/images/sun_bwlonregsztomhia.jpg,default
images_largescale/sun/images/sun_bwlqyebhnlfysnfy.jpg,default
images_largescale/sun/images/sun_bwlthshkmkiaysgx.jpg,default
images_largescale/sun/images/sun_bwluwdnzuswvzdch.jpg,default
images_largescale/sun/images/sun_bwmmfeerjlxarspp.jpg,default
images_largescale/sun/images/sun_bwmnhquqxyafyfhe.jpg,default
images_largescale/sun/images/sun_bwmnzbjwasmednqy.jpg,default
images_largescale/sun/images/sun_bwmowuzmotoevztg.jpg,default
images_largescale/sun/images/sun_bwmyyitqloovfjel.jpg,default
images_largescale/sun/images/sun_bwnfucnbaeukobqq.jpg,default
images_largescale/sun/images/sun_bwnuqefxskfslurv.jpg,default
images_largescale/sun/images/sun_bwnzrgxinqsmpxku.jpg,default
images_largescale/sun/images/sun_bwofjrbwerkbpcnz.jpg,default
images_largescale/sun/images/sun_bwohxfpdihuolfes.jpg,default
images_largescale/sun/images/sun_bwokxlujsmgyzirm.jpg,default
images_largescale/sun/images/sun_bwomcxpgtbvuqgeb.jpg,default
images_largescale/sun/images/sun_bwomfrxacbvxzekp.jpg,default
images_largescale/sun/images/sun_bwoticxsbtbjervk.jpg,default
images_largescale/sun/images/sun_bwoygsfgldhdzgmh.jpg,default
images_largescale/sun/images/sun_bwpijeleympcfakt.jpg,default
images_largescale/sun/images/sun_bwpkcqmzhnfezqzj.jpg,default
images_largescale/sun/images/sun_bwpldbsshymcmgam.jpg,default
images_largescale/sun/images/sun_bwpljxgznyykqbyq.jpg,default
images_largescale/sun/images/sun_bwptxrgioutbwzoz.jpg,default
images_largescale/sun/images/sun_bwpwuvmszsuvxbwp.jpg,default
images_largescale/sun/images/sun_bwqibwshsdamumuf.jpg,default
images_largescale/sun/images/sun_bwqivyljbeacaiek.jpg,default
images_largescale/sun/images/sun_bwqlaouqtbbmkira.jpg,default
images_largescale/sun/images/sun_bwqpknltkvcnziei.jpg,default
images_largescale/sun/images/sun_bwqvssqyrasqsuvm.jpg,default
images_largescale/sun/images/sun_bwrtoajrxlnkfbfy.jpg,default
images_largescale/sun/images/sun_bwrzfjzkfgltxkfk.jpg,default
images_largescale/sun/images/sun_bwsbevwaatqmijpp.jpg,default
images_largescale/sun/images/sun_bwslsyqutsrjvqvf.jpg,default
images_largescale/sun/images/sun_bwsujahbjgqkdiph.jpg,default
images_largescale/sun/images/sun_bwsxfioevwfsylkq.jpg,default
images_largescale/sun/images/sun_bwsygytrfvlkmhpz.jpg,default
images_largescale/sun/images/sun_bwtetpfaejtidpph.jpg,default
images_largescale/sun/images/sun_bwthnvyoqktdrigv.jpg,default
images_largescale/sun/images/sun_bwtidaqmpcqggdnq.jpg,default
images_largescale/sun/images/sun_bwtlxjouourpdrdg.jpg,default
images_largescale/sun/images/sun_bwttarcjyprgjlxi.jpg,default
images_largescale/sun/images/sun_bwugqammgdzmdkzz.jpg,default
images_largescale/sun/images/sun_bwuiwvvivyzyhgxi.jpg,default
images_largescale/sun/images/sun_bwupvpheetelqgdt.jpg,default
images_largescale/sun/images/sun_bwuqrccizfisqcxi.jpg,default
images_largescale/sun/images/sun_bwuyaszivxsqqcgw.jpg,default
images_largescale/sun/images/sun_bwuyuawlnajqnotk.jpg,default
images_largescale/sun/images/sun_bwvcxtndcznpifmf.jpg,default
images_largescale/sun/images/sun_bwveoicsojsrziij.jpg,default
images_largescale/sun/images/sun_bwvfueghcftoypbq.jpg,default
images_largescale/sun/images/sun_bwvgbdvzgmpajxiz.jpg,default
images_largescale/sun/images/sun_bwvqovjbilbqaamp.jpg,default
images_largescale/sun/images/sun_bwvqxdakicpnvejq.jpg,default
images_largescale/sun/images/sun_bwvyaoemdccevrgi.jpg,default
images_largescale/sun/images/sun_bwwalhpwbzbnicfp.jpg,default
images_largescale/sun/images/sun_bwwazmltcwbhvqsh.jpg,default
images_largescale/sun/images/sun_bwwdjclqmviytmcn.jpg,default
images_largescale/sun/images/sun_bwwhqvmyhlrzpjqw.jpg,default
images_largescale/sun/images/sun_bwwjtvyfeqexupam.jpg,default
images_largescale/sun/images/sun_bwwtdksztdaqsczg.jpg,default
images_largescale/sun/images/sun_bwwvrayfybouqwzb.jpg,default
images_largescale/sun/images/sun_bwwzgyontxgvudgu.jpg,default
images_largescale/sun/images/sun_bwxfkldgzaukqxit.jpg,default
images_largescale/sun/images/sun_bwxnhjkvfdxeedvp.jpg,default
images_largescale/sun/images/sun_bwybtohyllrtfxar.jpg,default
images_largescale/sun/images/sun_bwycimmpsdqkfcog.jpg,default
images_largescale/sun/images/sun_bwympcgnjpcteoti.jpg,default
images_largescale/sun/images/sun_bwywlbprduyryqiv.jpg,default
images_largescale/sun/images/sun_bwzcolzfzoiqgrnk.jpg,default
images_largescale/sun/images/sun_bwziqtqvuwhdeqgl.jpg,default
images_largescale/sun/images/sun_bwzkjyclonamrgog.jpg,default
images_largescale/sun/images/sun_bwznnowvdgitriji.jpg,default
images_largescale/sun/images/sun_bwzoxaycpkgolqog.jpg,default
images_largescale/sun/images/sun_bwzvzrctkhctqtak.jpg,default
images_largescale/sun/images/sun_bxaiqylxyfgkmjwc.jpg,default
images_largescale/sun/images/sun_bxakmpszpuxfourd.jpg,default
images_largescale/sun/images/sun_bxalroxbqywukglc.jpg,default
images_largescale/sun/images/sun_bxanrkzoilwmnaij.jpg,default
images_largescale/sun/images/sun_bxanwavqahgamrvz.jpg,default
images_largescale/sun/images/sun_bxazxuchwrfojcem.jpg,default
images_largescale/sun/images/sun_bxbamozeyisndgrd.jpg,default
images_largescale/sun/images/sun_bxbinpjsivbpuhek.jpg,default
images_largescale/sun/images/sun_bxblzukuemhqjlxz.jpg,default
images_largescale/sun/images/sun_bxbmiigozpggufoo.jpg,default
images_largescale/sun/images/sun_bxbmkwpdzgpklkom.jpg,default
images_largescale/sun/images/sun_bxbqjivoncckxrap.jpg,default
images_largescale/sun/images/sun_bxbqmkhoagpnqknh.jpg,default
images_largescale/sun/images/sun_bxbqnskmvvidhmcj.jpg,default
images_largescale/sun/images/sun_bxbrtspcaxhwdend.jpg,default
images_largescale/sun/images/sun_bxbsnnlvmskdknsb.jpg,default
images_largescale/sun/images/sun_bxbwslzwdsyvgean.jpg,default
images_largescale/sun/images/sun_bxbynfkyucpwhxjb.jpg,default
images_largescale/sun/images/sun_bxcfyuifxqgqdcwn.jpg,default
images_largescale/sun/images/sun_bxcsujhnupvisjgp.jpg,default
images_largescale/sun/images/sun_bxczccnmwsjoeccx.jpg,default
images_largescale/sun/images/sun_bxddrqgaqzvulufw.jpg,default
images_largescale/sun/images/sun_bxdkavmkskboefhl.jpg,default
images_largescale/sun/images/sun_bxdlpmvlinqpuomx.jpg,default
images_largescale/sun/images/sun_bxdozruirczajnct.jpg,default
images_largescale/sun/images/sun_bxdswlhkmskjjkun.jpg,default
images_largescale/sun/images/sun_bxdtwdtwndsxbkff.jpg,default
images_largescale/sun/images/sun_bxdwfwbmtijtjjsa.jpg,default
images_largescale/sun/images/sun_bxdykqrzdgrahcsz.jpg,default
images_largescale/sun/images/sun_bxeawzssopcrvucx.jpg,default
images_largescale/sun/images/sun_bxecwquhcxdsnufj.jpg,default
images_largescale/sun/images/sun_bxeedtfylzpnzffu.jpg,default
images_largescale/sun/images/sun_bxejcpkmzeymyixa.jpg,default
images_largescale/sun/images/sun_bxekwepiurgavboc.jpg,default
images_largescale/sun/images/sun_bxeurxofgqjjatgr.jpg,default
images_largescale/sun/images/sun_bxevlwdgsngdbglb.jpg,default
images_largescale/sun/images/sun_bxfdqqdplsfadvvr.jpg,default
images_largescale/sun/images/sun_bxfpfobnckozgbfx.jpg,default
images_largescale/sun/images/sun_bxfvwehnkeowulxn.jpg,default
images_largescale/sun/images/sun_bxgkxjdnwhztmyyc.jpg,default
images_largescale/sun/images/sun_bxgnsnymwzmqjtju.jpg,default
images_largescale/sun/images/sun_bxgxhhnfcsxvzddl.jpg,default
images_largescale/sun/images/sun_bxhhdqghiiyaegzp.jpg,default
images_largescale/sun/images/sun_bxhosyjbwmtrsgkz.jpg,default
images_largescale/sun/images/sun_bxigazsvbymurvxz.jpg,default
images_largescale/sun/images/sun_bximbvfjwnwactzo.jpg,default
images_largescale/sun/images/sun_bximgaxujsdbqunl.jpg,default
images_largescale/sun/images/sun_bxiwmugceyxphonf.jpg,default
images_largescale/sun/images/sun_bxiwpwpevyqsxcfs.jpg,default
images_largescale/sun/images/sun_bxjcvnlphvdndcbo.jpg,default
images_largescale/sun/images/sun_bxjdvahzdcqjlcbp.jpg,default
images_largescale/sun/images/sun_bxjeqetmyxsetmyi.jpg,default
images_largescale/sun/images/sun_bxjhpalqrqudqipn.jpg,default
images_largescale/sun/images/sun_bxjluhpvcpubhbgh.jpg,default
images_largescale/sun/images/sun_bxjnhmxsopbrryht.jpg,default
images_largescale/sun/images/sun_bxjpffxzwlhbdwty.jpg,default
images_largescale/sun/images/sun_bxjtuyfdxdhgfkcj.jpg,default
images_largescale/sun/images/sun_bxjxedpymqjckfbv.jpg,default
images_largescale/sun/images/sun_bxklcgayciqadfbd.jpg,default
images_largescale/sun/images/sun_bxkrfugcffmazfic.jpg,default
images_largescale/sun/images/sun_bxlfxunodrswurdr.jpg,default
images_largescale/sun/images/sun_bxliksqiuwdqvyuy.jpg,default
images_largescale/sun/images/sun_bxljaxganxwfqoru.jpg,default
images_largescale/sun/images/sun_bxlnzunivbfhtoqg.jpg,default
images_largescale/sun/images/sun_bxlxebftjbgykhxj.jpg,default
images_largescale/sun/images/sun_bxmazaxfrqjazcuu.jpg,default
images_largescale/sun/images/sun_bxmeylvljkwqanyn.jpg,default
images_largescale/sun/images/sun_bxmjqvfmldoeibvy.jpg,default
images_largescale/sun/images/sun_bxmkvkqtxkgdkqcd.jpg,default
images_largescale/sun/images/sun_bxmllrhuenzpksqq.jpg,default
images_largescale/sun/images/sun_bxmspibuidjekmgt.jpg,default
images_largescale/sun/images/sun_bxmtzlwjlnjawjhd.jpg,default
images_largescale/sun/images/sun_bxndjpumfsnfywml.jpg,default
images_largescale/sun/images/sun_bxndlqakcjlrtxfa.jpg,default
images_largescale/sun/images/sun_bxnghpdddabusxfi.jpg,default
images_largescale/sun/images/sun_bxnkcsintratvqlt.jpg,default
images_largescale/sun/images/sun_bxnkrnzorxkfgbtr.jpg,default
images_largescale/sun/images/sun_bxnlxwnecukjinta.jpg,default
images_largescale/sun/images/sun_bxnoajtgwtwvkxoz.jpg,default
images_largescale/sun/images/sun_bxnpuwbkntssxdci.jpg,default
images_largescale/sun/images/sun_bxntqxlgugxyhbfg.jpg,default
images_largescale/sun/images/sun_bxoaledztovxsdsq.jpg,default
images_largescale/sun/images/sun_bxodwwxhrdrsnymd.jpg,default
images_largescale/sun/images/sun_bxollauefnmrcfji.jpg,default
images_largescale/sun/images/sun_bxosramwvxjjxwbh.jpg,default
images_largescale/sun/images/sun_bxotgjfgmjhwaxwy.jpg,default
images_largescale/sun/images/sun_bxoycohdhmltgngo.jpg,default
images_largescale/sun/images/sun_bxozkinuprdzvabc.jpg,default
images_largescale/sun/images/sun_bxpamalzbhgkhhry.jpg,default
images_largescale/sun/images/sun_bxpbzyagptqepcly.jpg,default
images_largescale/sun/images/sun_bxpmarxdorngzixf.jpg,default
images_largescale/sun/images/sun_bxpndmxxkgyapvdt.jpg,default
images_largescale/sun/images/sun_bxptgcurxpnetbfr.jpg,default
images_largescale/sun/images/sun_bxpuvthndihfkfwn.jpg,default
images_largescale/sun/images/sun_bxpwwnllmtkfdxtt.jpg,default
images_largescale/sun/images/sun_bxqgvqzmrchcsjnw.jpg,default
images_largescale/sun/images/sun_bxqkrmpjseaaobgs.jpg,default
images_largescale/sun/images/sun_bxqnrhfdckkaiytm.jpg,default
images_largescale/sun/images/sun_bxqtycmziclvdpxx.jpg,default
images_largescale/sun/images/sun_bxqumcisxaaevuok.jpg,default
images_largescale/sun/images/sun_bxrfugjznqsrpypn.jpg,default
images_largescale/sun/images/sun_bxrgbgmwwmejukki.jpg,default
images_largescale/sun/images/sun_bxrhketaznrolkfi.jpg,default
images_largescale/sun/images/sun_bxrjxxbavrhxhckd.jpg,default
images_largescale/sun/images/sun_bxrkdloyrhucbwqh.jpg,default
images_largescale/sun/images/sun_bxrkvfrtmlxesplx.jpg,default
images_largescale/sun/images/sun_bxrtobofnydzwbvh.jpg,default
images_largescale/sun/images/sun_bxruxfsfstlwuflb.jpg,default
images_largescale/sun/images/sun_bxrvxtkndqmaevnl.jpg,default
images_largescale/sun/images/sun_bxsbubieicyizvst.jpg,default
images_largescale/sun/images/sun_bxsczjcdbeqsjbnp.jpg,default
images_largescale/sun/images/sun_bxsdcjcvjsursexq.jpg,default
images_largescale/sun/images/sun_bxsdqdctfaakpbao.jpg,default
images_largescale/sun/images/sun_bxseawfqzcplwmua.jpg,default
images_largescale/sun/images/sun_bxsmgccpyolmlavh.jpg,default
images_largescale/sun/images/sun_bxsonatyyekflzhk.jpg,default
images_largescale/sun/images/sun_bxsqrhreetajxwgr.jpg,default
images_largescale/sun/images/sun_bxsxmzvayvhkasby.jpg,default
images_largescale/sun/images/sun_bxsxytdnmwstyxjm.jpg,default
images_largescale/sun/images/sun_bxtbupjfpqnbutla.jpg,default
images_largescale/sun/images/sun_bxtfhcskgmhzmpyx.jpg,default
images_largescale/sun/images/sun_bxthmoldqsufbmpa.jpg,default
images_largescale/sun/images/sun_bxtldypihnvywonn.jpg,default
images_largescale/sun/images/sun_bxtogbesgbvgcxat.jpg,default
images_largescale/sun/images/sun_bxtonsgzegpfhnmy.jpg,default
images_largescale/sun/images/sun_bxtoqpaqvdtgnshp.jpg,default
images_largescale/sun/images/sun_bxuewkgjyjiqnqsl.jpg,default
images_largescale/sun/images/sun_bxunccevchgqbant.jpg,default
images_largescale/sun/images/sun_bxuntpkgfijknxde.jpg,default
images_largescale/sun/images/sun_bxuxsxjtsljxflsp.jpg,default
images_largescale/sun/images/sun_bxvgqbvqxwlvjgtm.jpg,default
images_largescale/sun/images/sun_bxvnigxwubwqmxnq.jpg,default
images_largescale/sun/images/sun_bxvpohglfplwtkcw.jpg,default
images_largescale/sun/images/sun_bxvwsdwyqmphnapb.jpg,default
images_largescale/sun/images/sun_bxvxzuebsyzdlmzl.jpg,default
images_largescale/sun/images/sun_bxvygpejpqpwtugf.jpg,default
images_largescale/sun/images/sun_bxwabwlbzcjjudki.jpg,default
images_largescale/sun/images/sun_bxwowvxhoyidpxtm.jpg,default
images_largescale/sun/images/sun_bxwpqdednuickhma.jpg,default
images_largescale/sun/images/sun_bxwpwtfyslukgzpi.jpg,default
images_largescale/sun/images/sun_bxwvxpeqtececnyf.jpg,default
images_largescale/sun/images/sun_bxxbpkzwoxduooff.jpg,default
images_largescale/sun/images/sun_bxxgkdjuxryfqblf.jpg,default
images_largescale/sun/images/sun_bxxgpqxujddsvqmw.jpg,default
images_largescale/sun/images/sun_bxxjzuukzmvfmndi.jpg,default
images_largescale/sun/images/sun_bxxkmoviutkluqji.jpg,default
images_largescale/sun/images/sun_bxxopfinoeeepikh.jpg,default
images_largescale/sun/images/sun_bxxqkypwexedhjce.jpg,default
images_largescale/sun/images/sun_bxxxgoxgqeiltdan.jpg,default
images_largescale/sun/images/sun_bxxxlseyvbloiava.jpg,default
images_largescale/sun/images/sun_bxycsrnpzdcutgvz.jpg,default
images_largescale/sun/images/sun_bxyhzeasejlzsqik.jpg,default
images_largescale/sun/images/sun_bxyndviipkeqassc.jpg,default
images_largescale/sun/images/sun_bxyoawjwiiqwixxj.jpg,default
images_largescale/sun/images/sun_bxyoqqhxaeocbixs.jpg,default
images_largescale/sun/images/sun_bxyrouqfyqecnhpu.jpg,default
images_largescale/sun/images/sun_bxzdwmampgoukonq.jpg,default
images_largescale/sun/images/sun_bxzfvqhopbxbuhys.jpg,default
images_largescale/sun/images/sun_bxzhsspruhtgwyoi.jpg,default
images_largescale/sun/images/sun_bxzjjdcrzgiumhzs.jpg,default
images_largescale/sun/images/sun_bxznfrxjqjtycpxq.jpg,default
images_largescale/sun/images/sun_bxzxkqupcqgltzku.jpg,default
images_largescale/sun/images/sun_bxzzghvzcrzjmxgl.jpg,default
images_largescale/sun/images/sun_bxzzqpjxvydmaqru.jpg,default
images_largescale/sun/images/sun_byaaonvkfgcwreom.jpg,default
images_largescale/sun/images/sun_byahdkbqpvsefcci.jpg,default
images_largescale/sun/images/sun_byainrcnfmckmvrv.jpg,default
images_largescale/sun/images/sun_byakcuywwovpkkqz.jpg,default
images_largescale/sun/images/sun_byapwpssjeemastl.jpg,default
images_largescale/sun/images/sun_byasmnqprtezhmoh.jpg,default
images_largescale/sun/images/sun_byaxllnnnitfsmio.jpg,default
images_largescale/sun/images/sun_byazhfcfutymqnek.jpg,default
images_largescale/sun/images/sun_bybfqhmtalumpegn.jpg,default
images_largescale/sun/images/sun_bybgcpdtecrkfedi.jpg,default
images_largescale/sun/images/sun_bybphoiolpnlyaqi.jpg,default
images_largescale/sun/images/sun_bybpvlbbsnxxwjmm.jpg,default
images_largescale/sun/images/sun_bycbaaohqjqbmmmz.jpg,default
images_largescale/sun/images/sun_bycfgjjfccjnesus.jpg,default
images_largescale/sun/images/sun_bycggycpgzdbakjk.jpg,default
images_largescale/sun/images/sun_byciflhttwfpakhx.jpg,default
images_largescale/sun/images/sun_bycnipjwiafqefpf.jpg,default
images_largescale/sun/images/sun_bycojpeamopiccep.jpg,default
images_largescale/sun/images/sun_bycpruevddmpmpcv.jpg,default
images_largescale/sun/images/sun_bycpswmfqtxxzxck.jpg,default
images_largescale/sun/images/sun_bycqplbacuzcczpa.jpg,default
images_largescale/sun/images/sun_bycsfdyqiurvjyer.jpg,default
images_largescale/sun/images/sun_bydajqxbtzvfklxw.jpg,default
images_largescale/sun/images/sun_byddebtimrzrddio.jpg,default
images_largescale/sun/images/sun_bydjoyrfrrbcnpbq.jpg,default
images_largescale/sun/images/sun_bydncdmhjwmamvdj.jpg,default
images_largescale/sun/images/sun_bydraxollngkhmdy.jpg,default
images_largescale/sun/images/sun_bydwlbqzcluynjqj.jpg,default
images_largescale/sun/images/sun_bydyovtrinxiahsz.jpg,default
images_largescale/sun/images/sun_byebdwhqzicvsivk.jpg,default
images_largescale/sun/images/sun_byefsrxulnbvhqfu.jpg,default
images_largescale/sun/images/sun_byeheyrimmjlxisu.jpg,default
images_largescale/sun/images/sun_byeqssszyrsahpew.jpg,default
images_largescale/sun/images/sun_byetyiatltoabdoi.jpg,default
images_largescale/sun/images/sun_byexidcvpkzwbkyb.jpg,default
images_largescale/sun/images/sun_byeyybszizgelanc.jpg,default
images_largescale/sun/images/sun_byfcziplcletmwop.jpg,default
images_largescale/sun/images/sun_byfdfssdmdzlcotc.jpg,default
images_largescale/sun/images/sun_byfekgszgnicoyhw.jpg,default
images_largescale/sun/images/sun_byfemzdmcqsholoe.jpg,default
images_largescale/sun/images/sun_byfffdwqltqvkulk.jpg,default
images_largescale/sun/images/sun_byfnalqvecuetjgg.jpg,default
images_largescale/sun/images/sun_byfnxalvdpmrghtg.jpg,default
images_largescale/sun/images/sun_byfoohavkvniyqjn.jpg,default
images_largescale/sun/images/sun_byfpepqnhrkdrvlc.jpg,default
images_largescale/sun/images/sun_byfvpljlmltottzx.jpg,default
images_largescale/sun/images/sun_byfyhwgrcemofvsj.jpg,default
images_largescale/sun/images/sun_byfzzlkrdtbqhajx.jpg,default
images_largescale/sun/images/sun_bygbemqsoamzepeo.jpg,default
images_largescale/sun/images/sun_bygmzwheskeynsts.jpg,default
images_largescale/sun/images/sun_bygpmiinanhnjcjl.jpg,default
images_largescale/sun/images/sun_byhapjbfyixnygje.jpg,default
images_largescale/sun/images/sun_byhdhgfbibzjstgp.jpg,default
images_largescale/sun/images/sun_byhjnvgojqyrpqhw.jpg,default
images_largescale/sun/images/sun_byhodqsdmmjhngpp.jpg,default
images_largescale/sun/images/sun_byhsmspbuhedbgpq.jpg,default
images_largescale/sun/images/sun_byidpgffswheesjw.jpg,default
images_largescale/sun/images/sun_byifpjruvqwqsnka.jpg,default
images_largescale/sun/images/sun_byiiaqsdnvgsuulx.jpg,default
images_largescale/sun/images/sun_byijhymonjnvoitz.jpg,default
images_largescale/sun/images/sun_byiqvoxdksabhlrj.jpg,default
images_largescale/sun/images/sun_byisrgsdzcvpftwr.jpg,default
images_largescale/sun/images/sun_byiwtlrepenzfgla.jpg,default
images_largescale/sun/images/sun_byjbyrjyzyadrzwc.jpg,default
images_largescale/sun/images/sun_byjcflgvngvaekql.jpg,default
images_largescale/sun/images/sun_byjczgbclpelowgj.jpg,default
images_largescale/sun/images/sun_byjonkkuatvsnilg.jpg,default
images_largescale/sun/images/sun_byjpputewbfznneb.jpg,default
images_largescale/sun/images/sun_byjtronwcohqmfbh.jpg,default
images_largescale/sun/images/sun_byjwoxtbvbrjmitx.jpg,default
images_largescale/sun/images/sun_byjzmkpqieitxzii.jpg,default
images_largescale/sun/images/sun_bykdojfidmayserw.jpg,default
images_largescale/sun/images/sun_bykgtkoezodngwxp.jpg,default
images_largescale/sun/images/sun_bykhfggwlwjwdpgi.jpg,default
images_largescale/sun/images/sun_bykopauyjbtnwwdw.jpg,default
images_largescale/sun/images/sun_bykvlkgyprttsoor.jpg,default
images_largescale/sun/images/sun_bykwtyvknquxsqzc.jpg,default
images_largescale/sun/images/sun_byleorterxtbmdmf.jpg,default
images_largescale/sun/images/sun_bylhafymngudyspp.jpg,default
images_largescale/sun/images/sun_bylhmppwgttiexzb.jpg,default
images_largescale/sun/images/sun_bylpgadjfnubstcy.jpg,default
images_largescale/sun/images/sun_bylusgeltuixyewa.jpg,default
images_largescale/sun/images/sun_bymehdkkklldqhav.jpg,default
images_largescale/sun/images/sun_bymjwsblarmttacc.jpg,default
images_largescale/sun/images/sun_bymmpcljitwmrebr.jpg,default
images_largescale/sun/images/sun_bymtfjhkyadvijhm.jpg,default
images_largescale/sun/images/sun_bymvtthxfgsqfqqj.jpg,default
images_largescale/sun/images/sun_bymyhlxdzflgutao.jpg,default
images_largescale/sun/images/sun_bynbtwftyktzgvkp.jpg,default
images_largescale/sun/images/sun_bynhitgemghbfoxg.jpg,default
images_largescale/sun/images/sun_bynpcybwcaibkyrj.jpg,default
images_largescale/sun/images/sun_bynuadavixyylfdm.jpg,default
images_largescale/sun/images/sun_bynuhpbketqvxudd.jpg,default
images_largescale/sun/images/sun_bynuzmabqutwdolh.jpg,default
images_largescale/sun/images/sun_bynvixeqqtyoizkb.jpg,default
images_largescale/sun/images/sun_bynyssvjkhfiaybt.jpg,default
images_largescale/sun/images/sun_byobuhsgvryskzzl.jpg,default
images_largescale/sun/images/sun_byojptwsnwiykqlb.jpg,default
images_largescale/sun/images/sun_byoladzkvswvdobw.jpg,default
images_largescale/sun/images/sun_byopnshzhrvkuiuk.jpg,default
images_largescale/sun/images/sun_byopwjqykoowqiqh.jpg,default
images_largescale/sun/images/sun_byparszjadedxjia.jpg,default
images_largescale/sun/images/sun_bypculmeswihmhsy.jpg,default
images_largescale/sun/images/sun_bypgivpnhsxrmmfa.jpg,default
images_largescale/sun/images/sun_byqbfrnspsardvjx.jpg,default
images_largescale/sun/images/sun_byqciwmfwnborbjk.jpg,default
images_largescale/sun/images/sun_byqeeveezaocoeec.jpg,default
images_largescale/sun/images/sun_byqetykpphjpuabg.jpg,default
images_largescale/sun/images/sun_byqhmhzwodmgyovw.jpg,default
images_largescale/sun/images/sun_byqvlnplqamhroqw.jpg,default
images_largescale/sun/images/sun_byrblvuflqtyuphl.jpg,default
images_largescale/sun/images/sun_byrchggpvmoquwhz.jpg,default
images_largescale/sun/images/sun_byrcxurwsobrabxv.jpg,default
images_largescale/sun/images/sun_byrfoqtaviyyidkf.jpg,default
images_largescale/sun/images/sun_byrfqptijnoupdea.jpg,default
images_largescale/sun/images/sun_byrhmeymctatbmyh.jpg,default
images_largescale/sun/images/sun_byrkpelximtduwyl.jpg,default
images_largescale/sun/images/sun_byrnhlsbazlpizkk.jpg,default
images_largescale/sun/images/sun_byrrgiieomdnkkuh.jpg,default
images_largescale/sun/images/sun_byrulgcnrhybjnes.jpg,default
images_largescale/sun/images/sun_byscvmtxxdmqkfrp.jpg,default
images_largescale/sun/images/sun_byshnypuwftlwwcm.jpg,default
images_largescale/sun/images/sun_byssivllnngjpiip.jpg,default
images_largescale/sun/images/sun_bysujsqacsofwzuw.jpg,default
images_largescale/sun/images/sun_bysxtveirarlnhrs.jpg,default
images_largescale/sun/images/sun_bysyuulnfuwlomla.jpg,default
images_largescale/sun/images/sun_bytbgstzmbgwnwpa.jpg,default
images_largescale/sun/images/sun_bytbgzejnpdpbwgo.jpg,default
images_largescale/sun/images/sun_bytcljmkqwqnwsnu.jpg,default
images_largescale/sun/images/sun_bytcnsybubibqnlh.jpg,default
images_largescale/sun/images/sun_bytghjmpqbwhathp.jpg,default
images_largescale/sun/images/sun_bytgrpmsmuynflth.jpg,default
images_largescale/sun/images/sun_bytgrucjnjxfqyjc.jpg,default
images_largescale/sun/images/sun_bytguqqbadccqkyt.jpg,default
images_largescale/sun/images/sun_bytsmkbefxyjjpsf.jpg,default
images_largescale/sun/images/sun_bytunkgrtlrxvmoh.jpg,default
images_largescale/sun/images/sun_byuccohkwkkuixws.jpg,default
images_largescale/sun/images/sun_byujbhtuuhsrdhlh.jpg,default
images_largescale/sun/images/sun_byuwwudbvvsgeuou.jpg,default
images_largescale/sun/images/sun_byvqhqwbeudgamgu.jpg,default
images_largescale/sun/images/sun_byvtvbpmoltezvec.jpg,default
images_largescale/sun/images/sun_byvxaeveuowrceut.jpg,default
images_largescale/sun/images/sun_byvxkhxlettefxfg.jpg,default
images_largescale/sun/images/sun_bywhgkkfuwvedpjp.jpg,default
images_largescale/sun/images/sun_bywsfgqrvzgfcert.jpg,default
images_largescale/sun/images/sun_byxtahzvkvgrtvgb.jpg,default
images_largescale/sun/images/sun_byylfrpfckmhcgdp.jpg,default
images_largescale/sun/images/sun_byyqxezgggqzgnsx.jpg,default
images_largescale/sun/images/sun_byysizsbhqzhlmfm.jpg,default
images_largescale/sun/images/sun_byyuizrwcvlbmqci.jpg,default
images_largescale/sun/images/sun_byyxpyprgokhlrnr.jpg,default
images_largescale/sun/images/sun_byyzmpplwwqqpazb.jpg,default
images_largescale/sun/images/sun_byzaayjpoknjvpds.jpg,default
images_largescale/sun/images/sun_byzweiouhvtofjlh.jpg,default
images_largescale/sun/images/sun_byzyzbvhlgehfgus.jpg,default
images_largescale/sun/images/sun_bzajnqpgucoycnhi.jpg,default
images_largescale/sun/images/sun_bzamddvniyylrnck.jpg,default
images_largescale/sun/images/sun_bzaroqztijorpvik.jpg,default
images_largescale/sun/images/sun_bzayvogardiuufor.jpg,default
images_largescale/sun/images/sun_bzbfcpzuoakpqlcw.jpg,default
images_largescale/sun/images/sun_bzbhlrdgwkqrcxir.jpg,default
images_largescale/sun/images/sun_bzbhzgzbmabouuag.jpg,default
images_largescale/sun/images/sun_bzbklzbmfuerjuvz.jpg,default
images_largescale/sun/images/sun_bzbwppkmmulpqnkr.jpg,default
images_largescale/sun/images/sun_bzbzgwlnigjyljxx.jpg,default
images_largescale/sun/images/sun_bzbzqzqwjqbimetk.jpg,default
images_largescale/sun/images/sun_bzcfplfbpbfldmhj.jpg,default
images_largescale/sun/images/sun_bzchklouwtkuxjrd.jpg,default
images_largescale/sun/images/sun_bzcklvospjoujuty.jpg,default
images_largescale/sun/images/sun_bzcqaylykawfripi.jpg,default
images_largescale/sun/images/sun_bzcytqmkhehasblq.jpg,default
images_largescale/sun/images/sun_bzdedpfczgfhyqhg.jpg,default
images_largescale/sun/images/sun_bzdjpvyypgthdvbp.jpg,default
images_largescale/sun/images/sun_bzdlwlcutlgrlhww.jpg,default
images_largescale/sun/images/sun_bzdlxmcdpeoleprp.jpg,default
images_largescale/sun/images/sun_bzdmvlaklwaltfvd.jpg,default
images_largescale/sun/images/sun_bzdsiiquwuhojhsa.jpg,default
images_largescale/sun/images/sun_bzejczkqsilmnduf.jpg,default
images_largescale/sun/images/sun_bzektfdueagvkqkz.jpg,default
images_largescale/sun/images/sun_bzevytyauscozuew.jpg,default
images_largescale/sun/images/sun_bzffdqugamhqujag.jpg,default
images_largescale/sun/images/sun_bzfgytnlisxluock.jpg,default
images_largescale/sun/images/sun_bzfseyklrfuglrgl.jpg,default
images_largescale/sun/images/sun_bzghpmpoxqnifaua.jpg,default
images_largescale/sun/images/sun_bzgjgabjogpxqnqt.jpg,default
images_largescale/sun/images/sun_bzgsruvnegugrqqj.jpg,default
images_largescale/sun/images/sun_bzgvpjghikhezpfu.jpg,default
images_largescale/sun/images/sun_bzgxiyalxoczvkmj.jpg,default
images_largescale/sun/images/sun_bzhbwzdfaomzhzxa.jpg,default
images_largescale/sun/images/sun_bzhdkdtjqibdweed.jpg,default
images_largescale/sun/images/sun_bzhgzoddddzcfvxm.jpg,default
images_largescale/sun/images/sun_bzhidicaslhiwyuf.jpg,default
images_largescale/sun/images/sun_bzhiyxxiklgjlqok.jpg,default
images_largescale/sun/images/sun_bzhnqzgvpfprcmol.jpg,default
images_largescale/sun/images/sun_bzhpjnftpqantghl.jpg,default
images_largescale/sun/images/sun_bzhqimodkrztuesl.jpg,default
images_largescale/sun/images/sun_bzhrlyayqrxutasp.jpg,default
images_largescale/sun/images/sun_bzhtotiqibbwvqpg.jpg,default
images_largescale/sun/images/sun_bzhutghtpzehkewp.jpg,default
images_largescale/sun/images/sun_bzibdjfmrjqvrnqe.jpg,default
images_largescale/sun/images/sun_bziebzehaxqhxums.jpg,default
images_largescale/sun/images/sun_bzijtppkkyfdmtyg.jpg,default
images_largescale/sun/images/sun_bzimufxcjyzarttl.jpg,default
images_largescale/sun/images/sun_bzjfcfjbvylwcvtk.jpg,default
images_largescale/sun/images/sun_bzjjbzavczmmedyz.jpg,default
images_largescale/sun/images/sun_bzjpbfjibgdyzlbn.jpg,default
images_largescale/sun/images/sun_bzjrqfwialwaagij.jpg,default
images_largescale/sun/images/sun_bzjsudewsgmqnhkf.jpg,default
images_largescale/sun/images/sun_bzjtlttpdwfitovm.jpg,default
images_largescale/sun/images/sun_bzjuhxfjwtgtktjx.jpg,default
images_largescale/sun/images/sun_bzjydfwzmumsfppw.jpg,default
images_largescale/sun/images/sun_bzjzcgczplbknksm.jpg,default
images_largescale/sun/images/sun_bzkaqepnisjomads.jpg,default
images_largescale/sun/images/sun_bzkppaswqqytosrt.jpg,default
images_largescale/sun/images/sun_bzkwepjvsbukybfg.jpg,default
images_largescale/sun/images/sun_bzkwnudrbegyufkp.jpg,default
images_largescale/sun/images/sun_bzkzfuduvrlkfklp.jpg,default
images_largescale/sun/images/sun_bzleahlbbbrawfgc.jpg,default
images_largescale/sun/images/sun_bzlfzvrliddwaibv.jpg,default
images_largescale/sun/images/sun_bzlibeaeevhykhsv.jpg,default
images_largescale/sun/images/sun_bzlirlwzjagaayfq.jpg,default
images_largescale/sun/images/sun_bzlmupmmiqdoxiio.jpg,default
images_largescale/sun/images/sun_bzlptrlqeqgnosiz.jpg,default
images_largescale/sun/images/sun_bzlufueahyemxucf.jpg,default
images_largescale/sun/images/sun_bzlxwztxyvoglozj.jpg,default
images_largescale/sun/images/sun_bzmagnuarsksrbgd.jpg,default
images_largescale/sun/images/sun_bzmcepkelxljkwiy.jpg,default
images_largescale/sun/images/sun_bzmhfxaufoqjxrxg.jpg,default
images_largescale/sun/images/sun_bzmnimimhyvlcerm.jpg,default
images_largescale/sun/images/sun_bzmseudgfbgvvfds.jpg,default
images_largescale/sun/images/sun_bzmtxgckiawxwyrc.jpg,default
images_largescale/sun/images/sun_bzmvgoostynsbihs.jpg,default
images_largescale/sun/images/sun_bzmwfmzjmmtkniml.jpg,default
images_largescale/sun/images/sun_bzmxkymnussmczkc.jpg,default
images_largescale/sun/images/sun_bzneygfxhfzxrkcx.jpg,default
images_largescale/sun/images/sun_bznlkudmzlunfiof.jpg,default
images_largescale/sun/images/sun_bznnhbwfgqmvkbxy.jpg,default
images_largescale/sun/images/sun_bznrubvrxbxvvgmw.jpg,default
images_largescale/sun/images/sun_bznwubrngdbkcudy.jpg,default
images_largescale/sun/images/sun_bzonedpbjxvthsky.jpg,default
images_largescale/sun/images/sun_bzovcesifwbjywhw.jpg,default
images_largescale/sun/images/sun_bzpbyxhoupfblccl.jpg,default
images_largescale/sun/images/sun_bzphkhctbcgkmjfl.jpg,default
images_largescale/sun/images/sun_bzpjfetivojhplyc.jpg,default
images_largescale/sun/images/sun_bzpscmskkkqpdbbr.jpg,default
images_largescale/sun/images/sun_bzptfewoegumayia.jpg,default
images_largescale/sun/images/sun_bzpumfucozurlgtw.jpg,default
images_largescale/sun/images/sun_bzqehotlaflsbupw.jpg,default
images_largescale/sun/images/sun_bzqeteowltwulxxt.jpg,default
images_largescale/sun/images/sun_bzqismyjxjrvmiea.jpg,default
images_largescale/sun/images/sun_bzqrnnukfmkjonht.jpg,default
images_largescale/sun/images/sun_bzrbvxcyxgkcyenk.jpg,default
images_largescale/sun/images/sun_bzrdasjymsqeuhei.jpg,default
images_largescale/sun/images/sun_bzrgeykteppynybl.jpg,default
images_largescale/sun/images/sun_bzrmbfcxyebbxuqu.jpg,default
images_largescale/sun/images/sun_bzroiumpaljlxkjo.jpg,default
images_largescale/sun/images/sun_bzroroeagztymusf.jpg,default
images_largescale/sun/images/sun_bzrotihzjwlapqog.jpg,default
images_largescale/sun/images/sun_bzroxgijgmhteduf.jpg,default
images_largescale/sun/images/sun_bzrqwhrbbwxzxdev.jpg,default
images_largescale/sun/images/sun_bzruwuarcctpdojw.jpg,default
images_largescale/sun/images/sun_bzsebsyncovpckil.jpg,default
images_largescale/sun/images/sun_bzsfvsbjfeaybsii.jpg,default
images_largescale/sun/images/sun_bzshptlbymcbqhto.jpg,default
images_largescale/sun/images/sun_bzslolibvwvwihjm.jpg,default
images_largescale/sun/images/sun_bzsnfndgmgsrizss.jpg,default
images_largescale/sun/images/sun_bzsqbpmexdlypgux.jpg,default
images_largescale/sun/images/sun_bztcbuafhsurmtpt.jpg,default
images_largescale/sun/images/sun_bzthvsuszjqqafiy.jpg,default
images_largescale/sun/images/sun_bztnmhzilnukxdwq.jpg,default
images_largescale/sun/images/sun_bztnmurvoyoehwfv.jpg,default
images_largescale/sun/images/sun_bztohaebzmuxmkka.jpg,default
images_largescale/sun/images/sun_bztynjdfqxufuivk.jpg,default
images_largescale/sun/images/sun_bzucmagypgzygqma.jpg,default
images_largescale/sun/images/sun_bzuqgqtxupglddkp.jpg,default
images_largescale/sun/images/sun_bzuroamlnffhyuqn.jpg,default
images_largescale/sun/images/sun_bzuvxmbxepbefoqz.jpg,default
images_largescale/sun/images/sun_bzuxwqgpzhduudpw.jpg,default
images_largescale/sun/images/sun_bzuyxcpdyibzztsk.jpg,default
images_largescale/sun/images/sun_bzvbkeujpapehoei.jpg,default
images_largescale/sun/images/sun_bzvblptfsvmglbgq.jpg,default
images_largescale/sun/images/sun_bzviyqeyhccqhhgp.jpg,default
images_largescale/sun/images/sun_bzvldfwaopjftans.jpg,default
images_largescale/sun/images/sun_bzvlozynxtzkexzw.jpg,default
images_largescale/sun/images/sun_bzvodryxrbcmzkmu.jpg,default
images_largescale/sun/images/sun_bzvpwvdimryrttus.jpg,default
images_largescale/sun/images/sun_bzvyfxkxptcgverh.jpg,default
images_largescale/sun/images/sun_bzwdhadgdyjhzvfc.jpg,default
images_largescale/sun/images/sun_bzwitahftgbnmnof.jpg,default
images_largescale/sun/images/sun_bzwurdbilkgnkfzw.jpg,default
images_largescale/sun/images/sun_bzwymbcoqqufdyfl.jpg,default
images_largescale/sun/images/sun_bzwzkwiknuoacqaf.jpg,default
images_largescale/sun/images/sun_bzwzokhjavcsyrtk.jpg,default
images_largescale/sun/images/sun_bzwzqeaycotomshm.jpg,default
images_largescale/sun/images/sun_bzxezgqusswpypfv.jpg,default
images_largescale/sun/images/sun_bzxfcnnbvudriscf.jpg,default
images_largescale/sun/images/sun_bzxkbhbflphuzpfk.jpg,default
images_largescale/sun/images/sun_bzxrhjtcisvapyil.jpg,default
images_largescale/sun/images/sun_bzxyhsttxnvinhfh.jpg,default
images_largescale/sun/images/sun_bzyhnyttxejyxrpi.jpg,default
images_largescale/sun/images/sun_bzyuurxfnrimkjtv.jpg,default
images_largescale/sun/images/sun_bzywfacgnzdbvuof.jpg,default
images_largescale/sun/images/sun_bzyyqqczvrnvukdn.jpg,default
images_largescale/sun/images/sun_bzyzgirotshrwpig.jpg,default
images_largescale/sun/images/sun_bzzehsvjkspdvqcs.jpg,default
images_largescale/sun/images/sun_bzzgdoniuqyzrssf.jpg,default
images_largescale/sun/images/sun_bzzhbadxbtrmgszi.jpg,default
images_largescale/sun/images/sun_bzzjgeubiavpqinn.jpg,default
images_largescale/sun/images/sun_bzzkroxulnciietl.jpg,default
images_largescale/sun/images/sun_bzzlbdcameqqlorq.jpg,default
images_largescale/sun/images/sun_bzzloyepzaoinxtp.jpg,default
images_largescale/sun/images/sun_bzzoctvotjbyazvz.jpg,default
images_largescale/sun/images/sun_bzzooubwrohobbvb.jpg,default
images_largescale/sun/images/sun_bzzuvjwzombslplw.jpg,default
images_largescale/sun/images/sun_bzzxszugfzplaxmp.jpg,default
images_largescale/sun/images/sun_bzzzedldpwlsesca.jpg,default
images_largescale/sun/images/sun_cesygrhjsglcpajw.jpg,default
images_largescale/sun/images/sun_cfhandtcdmbvtbto.jpg,default
images_largescale/sun/images/sun_cgdryahmuzesnwgr.jpg,default
images_largescale/sun/images/sun_cilibkbtzqddhyhl.jpg,default
images_largescale/sun/images/sun_ckhkdzmhpitbkdkc.jpg,default
images_largescale/sun/images/sun_cksccrvaepkfntbd.jpg,default
images_largescale/sun/images/sun_cqtzbivonyuyytxw.jpg,default
images_largescale/sun/images/sun_cyedunpagbimpjly.jpg,default
images_largescale/sun/images/sun_dacizpfwylgvhrus.jpg,default
images_largescale/sun/images/sun_dbgpiqcsymofcama.jpg,default
images_largescale/sun/images/sun_ddfwkwujzkcyhhrt.jpg,default
images_largescale/sun/images/sun_deidmacnqjwzujjh.jpg,default
images_largescale/sun/images/sun_dnmxslzrscggdztj.jpg,default
images_largescale/sun/images/sun_dpprcnmkxaovnujl.jpg,default
images_largescale/sun/images/sun_dtxfalhyxljjpbbu.jpg,default
images_largescale/sun/images/sun_dvalsylggbwrudoc.jpg,default
images_largescale/sun/images/sun_dxtnbgvumhbvujzo.jpg,default
images_largescale/sun/images/sun_dypuplvomddsuogp.jpg,default
images_largescale/sun/images/sun_dyzllobcgjpcvijp.jpg,default
